regime,budget,metric,left,right,left_mean,right_mean,mean_delta,median_delta,left_wins,ties,wilcoxon_p,wilcoxon_p_holm
well_joint,1,rmse_p,final_accuracy,POD-E,1.2534508713526589,1.2000812021169156,0.0533696692357435,0.059950063339380855,4,0,0.556640625,1.0
well_joint,1,rmse_so,final_accuracy,POD-E,0.00342567396791163,0.00353800620413057,-0.00011233223621893999,-0.00012474703410329997,9,0,0.00390625,0.703125
well_joint,1,score,final_accuracy,POD-E,2.764823516892457,2.821862360527489,-0.05703884363503233,-0.040891930691340894,6,0,0.193359375,1.0
well_joint,1,rmse_p,final_pareto,POD-E,1.25345036940933,1.2000812021169156,0.05336916729241422,0.060345977073319956,4,0,0.556640625,1.0
well_joint,1,rmse_so,final_pareto,POD-E,0.00342680427036246,0.00353800620413057,-0.00011120193376810998,-0.00012502174290074993,9,0,0.00390625,0.703125
well_joint,1,score,final_pareto,POD-E,2.7654305569242017,2.821862360527489,-0.05643180360328763,-0.03931106801719575,6,0,0.193359375,1.0
well_joint,1,rmse_p,final_accuracy,rank_optimized_joint,1.2534508713526589,1.2944259082764547,-0.040975036923795595,-0.03784204442283268,6,0,0.556640625,1.0
well_joint,1,rmse_so,final_accuracy,rank_optimized_joint,0.00342567396791163,0.0036610523400917904,-0.00023537837218015996,-0.00024989392689915004,10,0,0.001953125,0.703125
well_joint,1,score,final_accuracy,rank_optimized_joint,2.764823516892457,2.948459590952404,-0.18363607405994728,-0.1503317163263611,10,0,0.001953125,0.703125
well_joint,1,rmse_p,final_accuracy,original_basis_optimized_recovery,1.2534508713526589,1.3431594801190387,-0.08970860876637975,-0.05213565816492316,7,0,0.322265625,1.0
well_joint,1,rmse_so,final_accuracy,original_basis_optimized_recovery,0.00342567396791163,0.00564221381674356,-0.0022165398488319297,-0.00222564333746235,10,0,0.001953125,0.703125
well_joint,1,score,final_accuracy,original_basis_optimized_recovery,2.764823516892457,4.20954569351048,-1.4447221766180225,-1.4299683183431193,10,0,0.001953125,0.703125
well_joint,1,rmse_p,final_accuracy,prior+IDW,1.2534508713526589,1.783104731815681,-0.5296538604630221,-0.1926950110331357,6,0,0.193359375,1.0
well_joint,1,rmse_so,final_accuracy,prior+IDW,0.00342567396791163,0.0008926569125170499,0.0025330170553945802,0.00257740813432635,0,0,0.001953125,0.703125
well_joint,1,score,final_accuracy,prior+IDW,2.764823516892457,1.3881809624945067,1.3766425543979506,1.5481311378191598,0,0,0.001953125,0.703125
well_joint,2,rmse_p,final_accuracy,POD-E,0.8717804644140795,0.6792568069861498,0.1925236574279298,0.20908187432951397,2,0,0.01953125,1.0
well_joint,2,rmse_so,final_accuracy,POD-E,0.00134109133070953,0.0011797610970412302,0.00016133023366830004,0.00021221227374055006,3,0,0.16015625,1.0
well_joint,2,score,final_accuracy,POD-E,1.2734665396216274,1.0713745853330179,0.20209195428860932,0.24591328935749585,2,0,0.083984375,1.0
well_joint,2,rmse_p,final_pareto,POD-E,0.8122035785281885,0.6792568069861498,0.13294677154203857,0.2134676499800478,3,0,0.10546875,1.0
well_joint,2,rmse_so,final_pareto,POD-E,0.00168368905507465,0.0011797610970412302,0.0005039279580334201,0.0002729585685894,3,0,0.10546875,1.0
well_joint,2,score,final_pareto,POD-E,1.5015917646360024,1.0713745853330179,0.4302171793029846,0.3233270158654239,2,0,0.037109375,1.0
well_joint,2,rmse_p,final_accuracy,rank_optimized_joint,0.8717804644140795,0.6989693434148627,0.17281112099921692,0.1898267054529103,2,0,0.064453125,1.0
well_joint,2,rmse_so,final_accuracy,rank_optimized_joint,0.00134109133070953,0.00123081131385233,0.00011028001685719998,0.00014069072823854993,3,0,0.431640625,1.0
well_joint,2,score,final_accuracy,rank_optimized_joint,1.2734665396216274,1.1160386759670247,0.1574278636546028,0.1831637102448917,2,0,0.130859375,1.0
well_joint,2,rmse_p,final_accuracy,original_basis_optimized_recovery,0.8717804644140795,0.8771492457894476,-0.005368781375368159,-0.039523073538742126,6,0,0.845703125,1.0
well_joint,2,rmse_so,final_accuracy,original_basis_optimized_recovery,0.00134109133070953,0.00446499302746216,-0.0031239016967526297,-0.0032195126378549,10,0,0.001953125,0.703125
well_joint,2,score,final_accuracy,original_basis_optimized_recovery,1.2734665396216274,3.2508199196158616,-1.9773533799942338,-2.0016544438627903,10,0,0.001953125,0.703125
well_joint,2,rmse_p,final_accuracy,prior+IDW,0.8717804644140795,0.9485292363850117,-0.07674877197093227,-0.07968008158105244,5,0,0.845703125,1.0
well_joint,2,rmse_so,final_accuracy,prior+IDW,0.00134109133070953,0.00228929564786153,-0.0009482043171519999,-0.0007045037505425499,7,0,0.048828125,1.0
well_joint,2,score,final_accuracy,prior+IDW,1.2734665396216274,1.792929341788663,-0.5194628021670356,-0.5024120708867476,8,0,0.037109375,1.0
well_joint,3,rmse_p,final_accuracy,POD-E,0.5251853607605401,0.4196245591038131,0.10556080165672702,0.08765756958270976,2,0,0.009765625,1.0
well_joint,3,rmse_so,final_accuracy,POD-E,0.00107386306508137,0.00087451409974248,0.00019934896533889006,0.00012049269718425004,0,0,0.001953125,0.703125
well_joint,3,score,final_accuracy,POD-E,0.9224187108298907,0.7463548012775038,0.17606390955238704,0.1246482945687043,0,0,0.001953125,0.703125
well_joint,3,rmse_p,final_pareto,POD-E,0.5198574108805252,0.4196245591038131,0.10023285177671215,0.12280011811480901,2,0,0.083984375,1.0
well_joint,3,rmse_so,final_pareto,POD-E,0.0010593647814307401,0.00087451409974248,0.00018485068168826,0.0001408031623784,0,0,0.001953125,0.703125
well_joint,3,score,final_pareto,POD-E,0.9105244304121897,0.7463548012775038,0.16416962913468608,0.15083681468965482,1,0,0.00390625,0.703125
well_joint,3,rmse_p,final_accuracy,rank_optimized_joint,0.5251853607605401,0.4705487071819876,0.054636653578552366,0.05959361853110945,2,0,0.16015625,1.0
well_joint,3,rmse_so,final_accuracy,rank_optimized_joint,0.00107386306508137,0.0009940453973187702,7.981766776260003e-05,5.8296620707800045e-05,2,0,0.064453125,1.0
well_joint,3,score,final_accuracy,rank_optimized_joint,0.9224187108298907,0.8400118755181072,0.0824068353117834,0.05724455647794163,2,0,0.064453125,1.0
well_joint,3,rmse_p,final_accuracy,original_basis_optimized_recovery,0.5251853607605401,0.7554453913857888,-0.23026003062524877,-0.20914129383905866,8,0,0.009765625,1.0
well_joint,3,rmse_so,final_accuracy,original_basis_optimized_recovery,0.00107386306508137,0.0045765731229024,-0.0035027100578210297,-0.0035487847454345497,10,0,0.001953125,0.703125
well_joint,3,score,final_accuracy,original_basis_optimized_recovery,0.9224187108298907,3.237580089194035,-2.3151613783641443,-2.4430964820457763,10,0,0.001953125,0.703125
well_joint,3,rmse_p,final_accuracy,prior+IDW,0.5251853607605401,0.6607164884866519,-0.13553112772611184,-0.16851245456473873,8,0,0.037109375,1.0
well_joint,3,rmse_so,final_accuracy,prior+IDW,0.00107386306508137,0.0023957932900410097,-0.00132193022495964,-0.0013098822569525999,8,0,0.009765625,0.99609375
well_joint,3,score,final_accuracy,prior+IDW,0.9224187108298907,1.740493446691131,-0.8180747358612404,-0.9076207680711478,9,0,0.005859375,0.703125
well_joint,4,rmse_p,final_accuracy,POD-E,0.3769265239271159,0.4362733969038318,-0.05934687297671596,-0.10561637784940689,7,0,0.275390625,1.0
well_joint,4,rmse_so,final_accuracy,POD-E,0.00142676112555884,0.0008259191201311101,0.00060084200542773,0.0005189378891604999,0,0,0.001953125,0.703125
well_joint,4,score,final_accuracy,POD-E,1.0584148286218822,0.7316753978456215,0.32673943077626066,0.26118717509581274,1,0,0.00390625,0.703125
well_joint,4,rmse_p,final_pareto,POD-E,0.34049948775700006,0.4362733969038318,-0.09577390914683173,-0.1087062651638814,8,0,0.02734375,1.0
well_joint,4,rmse_so,final_pareto,POD-E,0.0012063755438259,0.0008259191201311101,0.00038045642369478996,0.00038836586420505,0,0,0.001953125,0.703125
well_joint,4,score,final_pareto,POD-E,0.9152845932494946,0.7316753978456215,0.1836091954038733,0.20198373341130507,2,0,0.009765625,1.0
well_joint,4,rmse_p,final_accuracy,rank_optimized_joint,0.3769265239271159,0.362300538461524,0.014625985465591903,-0.02645565157365845,6,0,0.4921875,1.0
well_joint,4,rmse_so,final_accuracy,rank_optimized_joint,0.00142676112555884,0.00152006979002383,-9.330866446499e-05,-4.04681036148e-05,5,0,0.76953125,1.0
well_joint,4,score,final_accuracy,rank_optimized_joint,1.0584148286218822,1.1261931723830712,-0.06777834376118899,-0.08707027381254895,6,0,0.625,1.0
well_joint,4,rmse_p,final_accuracy,original_basis_optimized_recovery,0.3769265239271159,4.081354541962289,-3.7044280180351747,-5.489777039802623,9,0,0.005859375,1.0
well_joint,4,rmse_so,final_accuracy,original_basis_optimized_recovery,0.00142676112555884,0.0458903775035978,-0.04446361637803896,-0.062024399456777304,10,0,0.001953125,0.703125
well_joint,4,score,final_accuracy,original_basis_optimized_recovery,1.0584148286218822,31.658898944491547,-30.600484115869666,-41.388884376537774,10,0,0.001953125,0.703125
well_joint,4,rmse_p,final_accuracy,prior+IDW,0.3769265239271159,0.5756361450640839,-0.19870962113696797,-0.19182774695598492,9,0,0.064453125,1.0
well_joint,4,rmse_so,final_accuracy,prior+IDW,0.00142676112555884,0.0023345293037416097,-0.0009077681781827698,-0.00100830819922195,7,0,0.048828125,1.0
well_joint,4,score,final_accuracy,prior+IDW,1.0584148286218822,1.6628463106102775,-0.6044314819883954,-0.6321160540331782,8,0,0.013671875,1.0
well_joint,5,rmse_p,final_accuracy,POD-E,0.2880192678166632,0.40620841201959185,-0.11818914420292866,-0.10554379381156337,9,0,0.01953125,1.0
well_joint,5,rmse_so,final_accuracy,POD-E,0.001078533367692,0.00072679542814674,0.00035173793954526003,0.0003418443274298,1,0,0.009765625,0.99609375
well_joint,5,score,final_accuracy,POD-E,0.7968805335373712,0.6691788655652082,0.12770166797216304,0.17330548282898536,3,0,0.083984375,1.0
well_joint,5,rmse_p,final_pareto,POD-E,0.30254522578948684,0.40620841201959185,-0.10366318623010502,-0.10250193602529112,8,0,0.037109375,1.0
well_joint,5,rmse_so,final_pareto,POD-E,0.0011033155483423699,0.00072679542814674,0.00037652012019563,0.00025621072895214993,1,0,0.005859375,0.703125
well_joint,5,score,final_pareto,POD-E,0.8374632518522755,0.6691788655652082,0.16828438628706724,0.19403931892772533,2,0,0.01953125,1.0
well_joint,5,rmse_p,final_accuracy,rank_optimized_joint,0.2880192678166632,0.32243139123123987,-0.03441212341457671,-0.030676590642427337,7,0,0.16015625,1.0
well_joint,5,rmse_so,final_accuracy,rank_optimized_joint,0.001078533367692,0.00108788149182576,-9.348124133760036e-06,2.691479307555001e-05,4,0,1.0,1.0
well_joint,5,score,final_accuracy,rank_optimized_joint,0.7968805335373712,0.8441976804808469,-0.04731714694347575,-0.003983633959827537,5,0,0.76953125,1.0
well_joint,5,rmse_p,final_accuracy,original_basis_optimized_recovery,0.2880192678166632,7.163461376934999,-6.875442109118334,-7.774476259412425,10,0,0.001953125,0.703125
well_joint,5,rmse_so,final_accuracy,original_basis_optimized_recovery,0.001078533367692,0.041306892222849105,-0.04022835885515711,-0.053240189339708005,10,0,0.001953125,0.703125
well_joint,5,score,final_accuracy,original_basis_optimized_recovery,0.7968805335373712,30.929944828718,-30.133064295180624,-36.47850210805835,10,0,0.001953125,0.703125
well_joint,5,rmse_p,final_accuracy,prior+IDW,0.2880192678166632,0.5222130855526135,-0.23419381773595038,-0.1684399843887165,10,0,0.001953125,0.703125
well_joint,5,rmse_so,final_accuracy,prior+IDW,0.001078533367692,0.00228759084386339,-0.00120905747617139,-0.0012253201897626,9,0,0.00390625,0.703125
well_joint,5,score,final_accuracy,prior+IDW,0.7968805335373712,1.6111462594906698,-0.8142657259532984,-0.7819895721571772,9,0,0.00390625,0.703125
well_joint,6,rmse_p,final_accuracy,POD-E,0.2757775986722084,0.3093404418017305,-0.03356284312952205,-0.046453296589779966,8,0,0.322265625,1.0
well_joint,6,rmse_so,final_accuracy,POD-E,0.0008980408673882701,0.00075495895767695,0.00014308190971132,0.00011580817499195003,3,0,0.048828125,1.0
well_joint,6,score,final_accuracy,POD-E,0.6878836517373702,0.634217353620232,0.053666298117138134,0.017104645930655082,5,0,0.375,1.0
well_joint,6,rmse_p,final_pareto,POD-E,0.28529901505753485,0.3093404418017305,-0.024041426744195567,-0.04160087434648366,7,0,0.232421875,1.0
well_joint,6,rmse_so,final_pareto,POD-E,0.0009513179835284701,0.00075495895767695,0.00019635902585152,0.00013700907716844996,2,0,0.013671875,1.0
well_joint,6,score,final_pareto,POD-E,0.7509332796749663,0.634217353620232,0.11671592605473417,0.06506584631171333,2,0,0.01953125,1.0
well_joint,6,rmse_p,final_accuracy,rank_optimized_joint,0.2757775986722084,0.31419528801483015,-0.03841768934262178,-0.05379660191050971,6,0,0.375,1.0
well_joint,6,rmse_so,final_accuracy,rank_optimized_joint,0.0008980408673882701,0.00101132692023409,-0.00011328605284582,-0.00018440977331614996,7,0,0.275390625,1.0
well_joint,6,score,final_accuracy,rank_optimized_joint,0.6878836517373702,0.8045146430097079,-0.11663099127233763,-0.12441284525287377,7,0,0.16015625,1.0
well_joint,6,rmse_p,final_accuracy,original_basis_optimized_recovery,0.2757775986722084,7.776544153920726,-7.500766555248516,-9.117257113847062,10,0,0.001953125,0.703125
well_joint,6,rmse_so,final_accuracy,original_basis_optimized_recovery,0.0008980408673882701,0.044294188011386,-0.04339614714399774,-0.06253512859763445,10,0,0.001953125,0.703125
well_joint,6,score,final_accuracy,original_basis_optimized_recovery,0.6878836517373702,33.18823033482507,-32.5003466830877,-44.022985301095844,10,0,0.001953125,0.703125
well_joint,6,rmse_p,final_accuracy,prior+IDW,0.2757775986722084,0.4810740775471773,-0.20529647887496888,-0.14561458329149515,9,0,0.009765625,1.0
well_joint,6,rmse_so,final_accuracy,prior+IDW,0.0008980408673882701,0.00221947176063234,-0.00132143089324407,-0.0015041840589996001,10,0,0.001953125,0.703125
well_joint,6,score,final_accuracy,prior+IDW,0.6878836517373702,1.5604904234055224,-0.8726067716681521,-1.0139345401487516,10,0,0.001953125,0.703125
well_joint,7,rmse_p,final_accuracy,POD-E,0.2511234336682329,0.30952206948976285,-0.05839863582152997,-0.07012324407856907,9,0,0.037109375,1.0
well_joint,7,rmse_so,final_accuracy,POD-E,0.00090286795038809,0.00072095087189955,0.00018191707848854,0.00011697889160184997,0,0,0.001953125,0.703125
well_joint,7,score,final_accuracy,POD-E,0.6873520719615233,0.6149991312146942,0.07235294074682905,0.05626511427140146,3,0,0.02734375,1.0
well_joint,7,rmse_p,final_pareto,POD-E,0.27262315476928267,0.30952206948976285,-0.03689891472048028,-0.08170446446408391,8,0,0.16015625,1.0
well_joint,7,rmse_so,final_pareto,POD-E,0.0009443421626787799,0.00072095087189955,0.00022339129077923004,0.00015796255664985,1,0,0.013671875,1.0
well_joint,7,score,final_pareto,POD-E,0.7328431862909941,0.6149991312146942,0.11784405507629998,0.14380077075150638,3,0,0.048828125,1.0
well_joint,7,rmse_p,final_accuracy,rank_optimized_joint,0.2511234336682329,0.2986720439639373,-0.04754861029570438,-0.0531883208158144,8,0,0.064453125,1.0
well_joint,7,rmse_so,final_accuracy,rank_optimized_joint,0.00090286795038809,0.00098378684426469,-8.091889387660002e-05,-0.00010913154426514998,8,0,0.322265625,1.0
well_joint,7,score,final_accuracy,rank_optimized_joint,0.6873520719615233,0.7806756298648568,-0.09332355790333366,-0.09925017126558372,7,0,0.193359375,1.0
well_joint,7,rmse_p,final_accuracy,original_basis_optimized_recovery,0.2511234336682329,13.861858857812376,-13.610735424144142,-11.299581184091434,10,0,0.001953125,0.703125
well_joint,7,rmse_so,final_accuracy,original_basis_optimized_recovery,0.00090286795038809,0.05694424484261533,-0.05604137689222725,-0.07070955593374656,10,0,0.001953125,0.703125
well_joint,7,score,final_accuracy,original_basis_optimized_recovery,0.6873520719615233,46.45977949335056,-45.77242742138903,-51.90964992165179,10,0,0.001953125,0.703125
well_joint,7,rmse_p,final_accuracy,prior+IDW,0.2511234336682329,0.4592420019557905,-0.20811856828755765,-0.19004642777024625,9,0,0.005859375,1.0
well_joint,7,rmse_so,final_accuracy,prior+IDW,0.00090286795038809,0.00202397197150802,-0.0011211040211199302,-0.0012074531937824502,9,0,0.00390625,0.703125
well_joint,7,score,final_accuracy,prior+IDW,0.6873520719615233,1.424488230648121,-0.7371361586865979,-0.8114615281487475,9,0,0.00390625,0.703125
well_joint,8,rmse_p,final_accuracy,POD-E,0.33989947027567435,0.22473547591973167,0.11516399435594267,0.04747460800732439,3,0,0.048828125,1.0
well_joint,8,rmse_so,final_accuracy,POD-E,0.0011045215909398502,0.00068395458493732,0.00042056700600253007,0.00015460897189245002,0,0,0.001953125,0.703125
well_joint,8,score,final_accuracy,POD-E,0.833987187569101,0.5208322312758706,0.3131549562932304,0.17011091583404545,0,0,0.001953125,0.703125
well_joint,8,rmse_p,final_pareto,POD-E,0.24072823063966436,0.22473547591973167,0.01599275471993272,0.00152719704207184,5,0,0.556640625,1.0
well_joint,8,rmse_so,final_pareto,POD-E,0.00102623196285407,0.00068395458493732,0.00034227737791675,0.00025404241906375007,1,0,0.01953125,1.0
well_joint,8,score,final_pareto,POD-E,0.7616684610246546,0.5208322312758706,0.2408362297487841,0.14838749588945493,1,0,0.00390625,0.703125
well_joint,8,rmse_p,final_accuracy,rank_optimized_joint,0.33989947027567435,0.2844485182146619,0.05545095206101245,0.004416034868598151,4,0,0.4921875,1.0
well_joint,8,rmse_so,final_accuracy,rank_optimized_joint,0.0011045215909398502,0.0011691784813922298,-6.465689045237998e-05,-0.00022758037865855,7,0,0.625,1.0
well_joint,8,score,final_accuracy,rank_optimized_joint,0.833987187569101,0.8702695996010436,-0.03628241203194251,-0.15443936683209347,7,0,0.6953125,1.0
well_joint,8,rmse_p,final_accuracy,original_basis_optimized_recovery,0.33989947027567435,6.7883598062182084,-6.448460335942533,-1.9915153462904551,9,0,0.00390625,0.87109375
well_joint,8,rmse_so,final_accuracy,original_basis_optimized_recovery,0.0011045215909398502,0.02404633329823868,-0.02294181170729883,-0.00791137563710715,10,0,0.001953125,0.703125
well_joint,8,score,final_accuracy,original_basis_optimized_recovery,0.833987187569101,21.24007609441999,-20.40608890685089,-6.667836051080896,10,0,0.001953125,0.703125
well_joint,8,rmse_p,final_accuracy,prior+IDW,0.33989947027567435,0.4211757635300325,-0.08127629325435808,-0.07685617622288356,7,0,0.322265625,1.0
well_joint,8,rmse_so,final_accuracy,prior+IDW,0.0011045215909398502,0.0009733389080169101,0.00013118268292294002,2.4033183381999817e-06,5,0,0.76953125,1.0
well_joint,8,score,final_accuracy,prior+IDW,0.833987187569101,0.7823166819841636,0.05167050558493739,-0.02649846038487008,5,0,0.921875,1.0
well_joint,9,rmse_p,final_accuracy,POD-E,0.3427683443164154,0.24459717334852651,0.09817117096788885,0.03381066897055779,4,0,0.193359375,1.0
well_joint,9,rmse_so,final_accuracy,POD-E,0.0011482312459905899,0.00069276645675384,0.00045546478923674994,0.00017358527914909997,0,0,0.001953125,0.703125
well_joint,9,score,final_accuracy,POD-E,0.8620025147027398,0.5375530906197845,0.32444942408295524,0.1565798527133476,0,0,0.001953125,0.703125
well_joint,9,rmse_p,final_pareto,POD-E,0.2408244656880269,0.24459717334852651,-0.003772707660499616,-0.007125381708969369,5,0,0.845703125,1.0
well_joint,9,rmse_so,final_pareto,POD-E,0.00102007756950597,0.00069276645675384,0.00032731111275213,0.00021606685121779997,1,0,0.037109375,1.0
well_joint,9,score,final_pareto,POD-E,0.7599346894323199,0.5375530906197845,0.2223815988125354,0.12870169084764538,1,0,0.013671875,1.0
well_joint,9,rmse_p,final_accuracy,rank_optimized_joint,0.3427683443164154,0.31051727608451263,0.03225106823190277,-0.009488939990751066,6,0,0.845703125,1.0
well_joint,9,rmse_so,final_accuracy,rank_optimized_joint,0.0011482312459905899,0.00116903337911632,-2.0802133125730053e-05,-0.00016441287295205,6,0,0.845703125,1.0
well_joint,9,score,final_accuracy,rank_optimized_joint,0.8620025147027398,0.8798458402957066,-0.017843325592966676,-0.10737147329389263,6,0,0.76953125,1.0
well_joint,9,rmse_p,final_accuracy,original_basis_optimized_recovery,0.3427683443164154,1.8199868788836517,-1.4772185345672366,-0.7185134015469175,9,0,0.00390625,0.87109375
well_joint,9,rmse_so,final_accuracy,original_basis_optimized_recovery,0.0011482312459905899,0.00628853367205557,-0.00514030242606498,-0.0035706406511146,10,0,0.001953125,0.703125
well_joint,9,score,final_accuracy,original_basis_optimized_recovery,0.8620025147027398,4.989200061421332,-4.127197546718592,-3.004015254506516,10,0,0.001953125,0.703125
well_joint,9,rmse_p,final_accuracy,prior+IDW,0.3427683443164154,0.4260332721915767,-0.08326492787516131,-0.06681795251167952,6,0,0.375,1.0
well_joint,9,rmse_so,final_accuracy,prior+IDW,0.0011482312459905899,0.00095103859244946,0.00019719265354113002,2.990060413704998e-05,5,0,0.556640625,1.0
well_joint,9,score,final_accuracy,prior+IDW,0.8620025147027398,0.7719530341688093,0.0900494805339305,0.007222887089124275,4,0,0.6953125,1.0
well_joint,10,rmse_p,final_accuracy,POD-E,0.2955917269143956,0.25630332361412567,0.03928840330027002,0.014758880476682848,3,0,0.275390625,1.0
well_joint,10,rmse_so,final_accuracy,POD-E,0.0010613156258115698,0.0006589265814127699,0.00040238904439879997,0.00025444378590294995,0,0,0.001953125,0.703125
well_joint,10,score,final_accuracy,POD-E,0.7797579786783468,0.5327326675791842,0.24702531109916265,0.21879140746243567,0,0,0.001953125,0.703125
well_joint,10,rmse_p,final_pareto,POD-E,0.22745151027976585,0.25630332361412567,-0.028851813334359776,-0.021807181511480936,7,0,0.232421875,1.0
well_joint,10,rmse_so,final_pareto,POD-E,0.00107753634067951,0.0006589265814127699,0.00041860975926674,0.00029205135475959994,1,0,0.005859375,0.703125
well_joint,10,score,final_pareto,POD-E,0.7959031556658854,0.5327326675791842,0.26317048808670124,0.16222512041961756,2,0,0.009765625,1.0
well_joint,10,rmse_p,final_accuracy,rank_optimized_joint,0.2955917269143956,0.3231987156050055,-0.02760698869060988,-0.0516936493672558,7,0,0.4921875,1.0
well_joint,10,rmse_so,final_accuracy,rank_optimized_joint,0.0010613156258115698,0.00106964621926446,-8.330593452890011e-06,-0.00016657038207090004,6,0,0.845703125,1.0
well_joint,10,score,final_accuracy,rank_optimized_joint,0.7797579786783468,0.8495234859064642,-0.06976550722811739,-0.14052280792650929,7,0,0.556640625,1.0
well_joint,10,rmse_p,final_accuracy,original_basis_optimized_recovery,0.2955917269143956,1.2339045385739282,-0.9383128116595326,-0.37489230860332706,10,0,0.001953125,0.703125
well_joint,10,rmse_so,final_accuracy,original_basis_optimized_recovery,0.0010613156258115698,0.006242343333736669,-0.005181027707925101,-0.0036510496057528498,10,0,0.001953125,0.703125
well_joint,10,score,final_accuracy,original_basis_optimized_recovery,0.7797579786783468,4.658800531396944,-3.879042552718596,-2.582591640266867,10,0,0.001953125,0.703125
well_joint,10,rmse_p,final_accuracy,prior+IDW,0.2955917269143956,0.4064661855601588,-0.11087445864576315,-0.08253564544212354,6,0,0.16015625,1.0
well_joint,10,rmse_so,final_accuracy,prior+IDW,0.0010613156258115698,0.0009046360624118601,0.00015667956339970998,0.00011328622805575,4,0,0.193359375,1.0
well_joint,10,score,final_accuracy,prior+IDW,0.7797579786783468,0.7373610523049003,0.042396926373446484,-0.013131884458829901,5,0,0.76953125,1.0
well_joint,11,rmse_p,final_accuracy,POD-E,0.2739687575923921,0.24693670216919825,0.027032055423193847,-0.03416630663874025,6,0,0.921875,1.0
well_joint,11,rmse_so,final_accuracy,POD-E,0.00108610660380628,0.00070855170559095,0.00037755489821532997,0.00019315323760834996,0,0,0.001953125,0.703125
well_joint,11,score,final_accuracy,POD-E,0.7894917048569666,0.5570918646174776,0.23239984023948906,0.1451565963351591,0,0,0.001953125,0.703125
well_joint,11,rmse_p,final_pareto,POD-E,0.2305388068256191,0.24693670216919825,-0.016397895343579116,-0.031857801577439046,7,0,0.375,1.0
well_joint,11,rmse_so,final_pareto,POD-E,0.00100418534095986,0.00070855170559095,0.00029563363536891,0.00015152810434529998,1,0,0.005859375,0.703125
well_joint,11,score,final_pareto,POD-E,0.7508394106483094,0.5570918646174776,0.1937475460308319,0.12130913693643336,3,0,0.02734375,1.0
well_joint,11,rmse_p,final_accuracy,rank_optimized_joint,0.2739687575923921,0.3340009107130183,-0.06003215312062622,-0.07464973257477678,6,0,0.10546875,1.0
well_joint,11,rmse_so,final_accuracy,rank_optimized_joint,0.00108610660380628,0.0010535993352314798,3.2507268574799965e-05,-8.584547203545004e-05,7,0,0.921875,1.0
well_joint,11,score,final_accuracy,rank_optimized_joint,0.7894917048569666,0.835329818508457,-0.04583811365149043,-0.12285797785172148,7,0,0.6953125,1.0
well_joint,11,rmse_p,final_accuracy,original_basis_optimized_recovery,0.2739687575923921,0.9598180055386146,-0.6858492479462225,-0.32028591105546667,10,0,0.001953125,0.703125
well_joint,11,rmse_so,final_accuracy,original_basis_optimized_recovery,0.00108610660380628,0.005233935328731201,-0.00414782872492492,-0.00362710538482755,10,0,0.001953125,0.703125
well_joint,11,score,final_accuracy,original_basis_optimized_recovery,0.7894917048569666,3.834156227307038,-3.044664522450072,-2.5396173234527106,10,0,0.001953125,0.703125
well_joint,11,rmse_p,final_accuracy,prior+IDW,0.2739687575923921,0.4083827669276018,-0.1344140093352097,-0.0799294109296288,7,0,0.130859375,1.0
well_joint,11,rmse_so,final_accuracy,prior+IDW,0.00108610660380628,0.0008814921614455401,0.00020461444236074,0.00011954265357789996,4,0,0.193359375,1.0
well_joint,11,score,final_accuracy,prior+IDW,0.7894917048569666,0.7223461490155674,0.06714555584139918,-0.012125190105353012,5,0,0.845703125,1.0
well_joint,12,rmse_p,final_accuracy,POD-E,0.2473634127095327,0.261323615807185,-0.013960203097652326,-0.029128040353626553,6,0,0.6953125,1.0
well_joint,12,rmse_so,final_accuracy,POD-E,0.0010169101907357599,0.0007063898039992599,0.00031052038673650003,0.00018261418275630005,0,0,0.001953125,0.703125
well_joint,12,score,final_accuracy,POD-E,0.7277191137853707,0.5675315043372487,0.16018760944812213,0.1112762616699951,2,0,0.013671875,1.0
well_joint,12,rmse_p,final_pareto,POD-E,0.22622728976405188,0.261323615807185,-0.035096326043133154,-0.06495930627365044,7,0,0.375,1.0
well_joint,12,rmse_so,final_pareto,POD-E,0.00096716310215147,0.0007063898039992599,0.00026077329815221,0.00020254412863475007,0,0,0.001953125,0.703125
well_joint,12,score,final_pareto,POD-E,0.7111221901609455,0.5675315043372487,0.14359068582369677,0.18279555096438266,3,0,0.048828125,1.0
well_joint,12,rmse_p,final_accuracy,rank_optimized_joint,0.2473634127095327,0.32894494164241894,-0.08158152893288628,-0.09496685412425215,7,0,0.02734375,1.0
well_joint,12,rmse_so,final_accuracy,rank_optimized_joint,0.0010169101907357599,0.0009859030455559,3.100714517986003e-05,-1.8909651415799996e-05,5,0,1.0,1.0
well_joint,12,score,final_accuracy,rank_optimized_joint,0.7277191137853707,0.7905916744352616,-0.06287256064989077,-0.05789315439548384,6,0,0.4921875,1.0
well_joint,12,rmse_p,final_accuracy,original_basis_optimized_recovery,0.2473634127095327,0.7635854164253888,-0.516222003715856,-0.33932364474140125,10,0,0.001953125,0.703125
well_joint,12,rmse_so,final_accuracy,original_basis_optimized_recovery,0.0010169101907357599,0.00468307530792682,-0.00366616511719106,-0.0035784958882517995,10,0,0.001953125,0.703125
well_joint,12,score,final_accuracy,original_basis_optimized_recovery,0.7277191137853707,3.340636723239922,-2.612917609454551,-2.5090660224491037,10,0,0.001953125,0.703125
well_joint,12,rmse_p,final_accuracy,prior+IDW,0.2473634127095327,0.4262292058254868,-0.17886579311595407,-0.12395810921727576,8,0,0.037109375,1.0
well_joint,12,rmse_so,final_accuracy,prior+IDW,0.0010169101907357599,0.0009463724293483401,7.053776138742001e-05,0.00012412782873070003,4,0,0.275390625,1.0
well_joint,12,score,final_accuracy,prior+IDW,0.7277191137853707,0.7664844154669371,-0.038765301681566264,-0.024935505817498538,6,0,0.4921875,1.0
well_joint,13,rmse_p,final_accuracy,POD-E,0.2558173871454159,0.2686118452835746,-0.012794458138158691,-0.04016262483311467,7,0,0.4921875,1.0
well_joint,13,rmse_so,final_accuracy,POD-E,0.0008919030322699899,0.00073352657029649,0.00015837646197349998,0.00012160521040594993,2,0,0.02734375,1.0
well_joint,13,score,final_accuracy,POD-E,0.6820647674009852,0.591554113062144,0.09051065433884138,0.05268516051364419,3,0,0.130859375,1.0
well_joint,13,rmse_p,final_pareto,POD-E,0.19295272960826404,0.2686118452835746,-0.07565911567531053,-0.07632629311574171,8,0,0.083984375,1.0
well_joint,13,rmse_so,final_pareto,POD-E,0.0010407911785423499,0.00073352657029649,0.00030726460824586,0.00017414067841874998,1,0,0.00390625,0.703125
well_joint,13,score,final_pareto,POD-E,0.7622202511283407,0.591554113062144,0.17066613806619674,0.12921019663649633,2,0,0.01953125,1.0
well_joint,13,rmse_p,final_accuracy,rank_optimized_joint,0.2558173871454159,0.28146922683026626,-0.025651839684850408,-0.013202064037191402,6,0,0.625,1.0
well_joint,13,rmse_so,final_accuracy,rank_optimized_joint,0.0008919030322699899,0.0008989166000054099,-7.013567735419989e-06,-1.0001670225500575e-06,5,0,0.845703125,1.0
well_joint,13,score,final_accuracy,rank_optimized_joint,0.6820647674009852,0.7206981703064425,-0.038633402905457116,-0.02530305249649356,5,0,0.6953125,1.0
well_joint,13,rmse_p,final_accuracy,original_basis_optimized_recovery,0.2558173871454159,0.6420180146671113,-0.3862006275216954,-0.29979356198330326,10,0,0.001953125,0.703125
well_joint,13,rmse_so,final_accuracy,original_basis_optimized_recovery,0.0008919030322699899,0.00454729419289272,-0.00365539116062273,-0.0036649341342266,10,0,0.001953125,0.703125
well_joint,13,score,final_accuracy,original_basis_optimized_recovery,0.6820647674009852,3.182663366918338,-2.5005985995173527,-2.5013953350892564,10,0,0.001953125,0.703125
well_joint,13,rmse_p,final_accuracy,prior+IDW,0.2558173871454159,0.43576892342492457,-0.17995153627950863,-0.15482660410719584,9,0,0.037109375,1.0
well_joint,13,rmse_so,final_accuracy,prior+IDW,0.0008919030322699899,0.0009437099109881799,-5.180687871818999e-05,4.064504349610002e-05,5,0,0.921875,1.0
well_joint,13,score,final_accuracy,prior+IDW,0.6820647674009852,0.7677521985020869,-0.08568743110110155,-0.0007842146548273088,5,0,0.431640625,1.0
well_joint,14,rmse_p,final_accuracy,POD-E,0.21056612523832668,0.2237546061605753,-0.013188480922248575,-0.015843812675340893,6,0,0.556640625,1.0
well_joint,14,rmse_so,final_accuracy,POD-E,0.00092070879533617,0.00073404318287511,0.00018666561246106,0.00015295025942894995,2,0,0.048828125,1.0
well_joint,14,score,final_accuracy,POD-E,0.7027879511309312,0.5703847001571558,0.13240325097377528,0.11001683038751406,1,0,0.01953125,1.0
well_joint,14,rmse_p,final_pareto,POD-E,0.20432592573986916,0.2237546061605753,-0.019428680420706126,-0.02348908921630205,7,0,0.322265625,1.0
well_joint,14,rmse_so,final_pareto,POD-E,0.00099338899262241,0.00073404318287511,0.0002593458097473,0.00020482688093264998,1,0,0.009765625,0.99609375
well_joint,14,score,final_pareto,POD-E,0.7380694893550712,0.5703847001571558,0.16768478919791535,0.16902367382403488,1,0,0.009765625,1.0
well_joint,14,rmse_p,final_accuracy,rank_optimized_joint,0.21056612523832668,0.4196091353747017,-0.20904301013637502,-0.04073794353904654,7,0,0.16015625,1.0
well_joint,14,rmse_so,final_accuracy,rank_optimized_joint,0.00092070879533617,0.0008761170194379499,4.459177589822002e-05,0.00010772929898735,3,0,0.431640625,1.0
well_joint,14,score,final_accuracy,rank_optimized_joint,0.7027879511309312,0.8502505646519067,-0.1474626135209755,0.022411294927523695,4,0,1.0,1.0
well_joint,14,rmse_p,final_accuracy,original_basis_optimized_recovery,0.21056612523832668,0.6247879524745643,-0.41422182723623757,-0.35544513112809695,10,0,0.001953125,0.703125
well_joint,14,rmse_so,final_accuracy,original_basis_optimized_recovery,0.00092070879533617,0.004529079869981101,-0.0036083710746449304,-0.0035054392506272004,10,0,0.001953125,0.703125
well_joint,14,score,final_accuracy,original_basis_optimized_recovery,0.7027879511309312,3.162680909170268,-2.4598929580393367,-2.507308400656787,10,0,0.001953125,0.703125
well_joint,14,rmse_p,final_accuracy,prior+IDW,0.21056612523832668,0.42175564600795257,-0.2111895207696258,-0.1631130085298089,8,0,0.02734375,1.0
well_joint,14,rmse_so,final_accuracy,prior+IDW,0.00092070879533617,0.0009736931768017101,-5.298438146554e-05,5.711248083964995e-05,4,0,1.0,1.0
well_joint,14,score,final_accuracy,prior+IDW,0.7027879511309312,0.7610712693012489,-0.058283318170317754,0.06171136846593944,4,0,0.845703125,1.0
well_joint,15,rmse_p,final_accuracy,POD-E,0.298826701844108,0.22303252592033146,0.0757941759237765,0.0480359414572147,3,0,0.275390625,1.0
well_joint,15,rmse_so,final_accuracy,POD-E,0.00071588812724213,0.00059659902612201,0.00011928910112012001,0.00013170577474765,2,0,0.013671875,1.0
well_joint,15,score,final_accuracy,POD-E,0.6053883706788449,0.49210441000311034,0.11328396067573458,0.07811425519546,3,0,0.02734375,1.0
well_joint,15,rmse_p,final_pareto,POD-E,0.2845776400437805,0.22303252592033146,0.06154511412344904,0.06012909169768182,3,0,0.193359375,1.0
well_joint,15,rmse_so,final_pareto,POD-E,0.00075408182915758,0.00059659902612201,0.00015748280303557,0.00010605406126650002,1,0,0.00390625,0.703125
well_joint,15,score,final_pareto,POD-E,0.6160562328854777,0.49210441000311034,0.12395182288236746,0.12142372415916222,0,0,0.001953125,0.703125
well_joint,15,rmse_p,final_accuracy,rank_optimized_joint,0.298826701844108,0.23853385245658618,0.06029284938752183,0.03427911501755761,4,0,0.322265625,1.0
well_joint,15,rmse_so,final_accuracy,rank_optimized_joint,0.00071588812724213,0.00067163179522055,4.425633202158001e-05,3.617436829880002e-05,5,0,0.375,1.0
well_joint,15,score,final_accuracy,rank_optimized_joint,0.6053883706788449,0.5413427818828123,0.06404558879603259,0.03482392655102101,4,0,0.322265625,1.0
well_joint,15,rmse_p,final_accuracy,original_basis_optimized_recovery,0.298826701844108,0.5467878473177146,-0.2479611454736066,-0.31649752420361144,9,0,0.013671875,1.0
well_joint,15,rmse_so,final_accuracy,original_basis_optimized_recovery,0.00071588812724213,0.00437181374260213,-0.00365592561536,-0.0036622211747007498,10,0,0.001953125,0.703125
well_joint,15,score,final_accuracy,original_basis_optimized_recovery,0.6053883706788449,3.005847963328711,-2.4004595926498657,-2.3774978298183314,10,0,0.001953125,0.703125
well_joint,15,rmse_p,final_accuracy,prior+IDW,0.298826701844108,0.5209780829663193,-0.22215138112221142,-0.20874740943506984,8,0,0.048828125,1.0
well_joint,15,rmse_so,final_accuracy,prior+IDW,0.00071588812724213,0.00122786762074475,-0.00051197949350262,-0.0004068796321697999,9,0,0.00390625,0.703125
well_joint,15,score,final_accuracy,prior+IDW,0.6053883706788449,0.962903941213899,-0.3575155705350541,-0.39873233708545025,8,0,0.009765625,1.0
well_joint,16,rmse_p,final_accuracy,POD-E,0.2867957390921859,0.23139304092514382,0.05540269816704215,0.06218630211885855,4,0,0.275390625,1.0
well_joint,16,rmse_so,final_accuracy,POD-E,0.0007238078414401,0.00060679224472987,0.00011701559671022999,9.466673111929995e-05,2,0,0.02734375,1.0
well_joint,16,score,final_accuracy,POD-E,0.6090791144009167,0.49740492812373677,0.11167418627717995,0.077115095932344,0,0,0.001953125,0.703125
well_joint,16,rmse_p,final_pareto,POD-E,1.5556026654016752,0.23139304092514382,1.3242096244765316,0.18178239628992582,1,0,0.01953125,1.0
well_joint,16,rmse_so,final_pareto,POD-E,0.00074233930406142,0.00060679224472987,0.00013554705933155,8.777733896649998e-05,2,0,0.009765625,0.99609375
well_joint,16,score,final_pareto,POD-E,1.1005698366282082,0.49740492812373677,0.6031649085044715,0.10766309965070348,0,0,0.001953125,0.703125
well_joint,16,rmse_p,final_accuracy,rank_optimized_joint,0.2867957390921859,0.2196634464202254,0.06713229267196053,0.0735974377819133,3,0,0.064453125,1.0
well_joint,16,rmse_so,final_accuracy,rank_optimized_joint,0.0007238078414401,0.0006740571293720099,4.975071206809001e-05,1.2145737756099945e-05,4,0,0.322265625,1.0
well_joint,16,score,final_accuracy,rank_optimized_joint,0.6090791144009167,0.5341242981467378,0.07495481625417877,0.013306743402932614,5,0,0.322265625,1.0
well_joint,16,rmse_p,final_accuracy,original_basis_optimized_recovery,0.2867957390921859,0.5442652733054013,-0.25746953421321545,-0.2803828073606381,9,0,0.00390625,0.87109375
well_joint,16,rmse_so,final_accuracy,original_basis_optimized_recovery,0.0007238078414401,0.0043439920315066,-0.0036201841900665,-0.0036260622759937,10,0,0.001953125,0.703125
well_joint,16,score,final_accuracy,original_basis_optimized_recovery,0.6090791144009167,2.984268234332133,-2.3751891199312163,-2.3340411620100214,10,0,0.001953125,0.703125
well_joint,16,rmse_p,final_accuracy,prior+IDW,0.2867957390921859,0.5112250239290193,-0.2244292848368333,-0.2488012070651266,7,0,0.10546875,1.0
well_joint,16,rmse_so,final_accuracy,prior+IDW,0.0007238078414401,0.0012757881410171003,-0.000551980299577,-0.0004023283591593001,9,0,0.005859375,0.703125
well_joint,16,score,final_accuracy,prior+IDW,0.6090791144009167,0.9855958926357419,-0.37651677823482516,-0.41535611922070326,8,0,0.009765625,1.0
well_joint,17,rmse_p,final_accuracy,POD-E,0.263049591672369,0.22184855653950222,0.041201035132866805,-0.008495966566762395,5,0,0.6953125,1.0
well_joint,17,rmse_so,final_accuracy,POD-E,0.0006895751218051901,0.0005980460033167099,9.152911848847998e-05,5.817766905604995e-05,2,0,0.01953125,1.0
well_joint,17,score,final_accuracy,POD-E,0.5788566118149204,0.4814790280947089,0.09737758372021159,0.05529604075982997,2,0,0.064453125,1.0
well_joint,17,rmse_p,final_pareto,POD-E,1.2403029166022903,0.22184855653950222,1.018454360062788,0.14313750706066852,2,0,0.064453125,1.0
well_joint,17,rmse_so,final_pareto,POD-E,0.0007285494920780201,0.0005980460033167099,0.00013050348876130998,9.496058301934997e-05,0,0,0.001953125,0.703125
well_joint,17,score,final_pareto,POD-E,0.9633627494458443,0.4814790280947089,0.48188372135113544,0.10187064720862352,0,0,0.001953125,0.703125
well_joint,17,rmse_p,final_accuracy,rank_optimized_joint,0.263049591672369,0.18221943624331663,0.0808301554290524,0.0712616899310456,1,0,0.064453125,1.0
well_joint,17,rmse_so,final_accuracy,rank_optimized_joint,0.0006895751218051901,0.00065187496266726,3.770015913793002e-05,1.967063248760006e-05,5,0,0.556640625,1.0
well_joint,17,score,final_accuracy,rank_optimized_joint,0.5788566118149204,0.500352762139563,0.07850384967535744,0.019546179502473587,4,0,0.322265625,1.0
well_joint,17,rmse_p,final_accuracy,original_basis_optimized_recovery,0.263049591672369,0.53675517927292,-0.27370558760055097,-0.29857794146088723,9,0,0.00390625,0.87109375
well_joint,17,rmse_so,final_accuracy,original_basis_optimized_recovery,0.0006895751218051901,0.00431437474639719,-0.0036247996245920002,-0.0036154398652137,10,0,0.001953125,0.703125
well_joint,17,score,final_accuracy,original_basis_optimized_recovery,0.5788566118149204,2.963752768917332,-2.3848961571024114,-2.3203048126030783,10,0,0.001953125,0.703125
well_joint,17,rmse_p,final_accuracy,prior+IDW,0.263049591672369,0.48220822015360765,-0.21915862848123863,-0.23965982242233724,7,0,0.083984375,1.0
well_joint,17,rmse_so,final_accuracy,prior+IDW,0.0006895751218051901,0.00123390302501455,-0.0005443279032093601,-0.00041680546980104997,10,0,0.001953125,0.703125
well_joint,17,score,final_accuracy,prior+IDW,0.5788566118149204,0.9471842646883788,-0.36832765287345837,-0.35986211163861903,8,0,0.009765625,1.0
well_joint,18,rmse_p,final_accuracy,POD-E,0.2147260012701903,0.17351155643232088,0.04121444483786937,0.031749748946034946,5,0,0.431640625,1.0
well_joint,18,rmse_so,final_accuracy,POD-E,0.00067648897489259,0.00058221489218837,9.427408270421998e-05,8.222350024730002e-05,1,0,0.005859375,0.703125
well_joint,18,score,final_accuracy,POD-E,0.536352917377257,0.45155544195731345,0.08479747541994355,0.06471074934809176,1,0,0.013671875,1.0
well_joint,18,rmse_p,final_pareto,POD-E,1.22845547777739,0.17351155643232088,1.054943921345069,0.18372402902059048,2,0,0.048828125,1.0
well_joint,18,rmse_so,final_pareto,POD-E,0.0007033502917504201,0.00058221489218837,0.00012113539956205,9.246024213314995e-05,1,0,0.00390625,0.703125
well_joint,18,score,final_pareto,POD-E,0.9402652614824207,0.45155544195731345,0.4887098195251072,0.14668793142532757,1,0,0.00390625,0.703125
well_joint,18,rmse_p,final_accuracy,rank_optimized_joint,0.2147260012701903,0.1858418979640622,0.02888410330612806,0.027763736184213503,3,0,0.4921875,1.0
well_joint,18,rmse_so,final_accuracy,rank_optimized_joint,0.00067648897489259,0.00064581930095231,3.066967394027997e-05,3.525973237749995e-05,4,0,0.431640625,1.0
well_joint,18,score,final_accuracy,rank_optimized_joint,0.536352917377257,0.5048899576722086,0.031462959705048345,0.005301092022169218,5,0,0.6953125,1.0
well_joint,18,rmse_p,final_accuracy,original_basis_optimized_recovery,0.2147260012701903,0.5302703426828181,-0.3155443414126278,-0.2881292569959504,10,0,0.001953125,0.703125
well_joint,18,rmse_so,final_accuracy,original_basis_optimized_recovery,0.00067648897489259,0.00429850798983227,-0.00362201901493968,-0.00366115327160195,10,0,0.001953125,0.703125
well_joint,18,score,final_accuracy,original_basis_optimized_recovery,0.536352917377257,2.953643521108672,-2.4172906037314155,-2.436613653892781,10,0,0.001953125,0.703125
well_joint,18,rmse_p,final_accuracy,prior+IDW,0.2147260012701903,0.4541452549684202,-0.2394192536982299,-0.2737292919300921,7,0,0.037109375,1.0
well_joint,18,rmse_so,final_accuracy,prior+IDW,0.00067648897489259,0.0012027065210838599,-0.00052621754619127,-0.0004854408255258,10,0,0.001953125,0.703125
well_joint,18,score,final_accuracy,prior+IDW,0.536352917377257,0.9193460190165601,-0.3829931016393031,-0.3891856238531088,9,0,0.00390625,0.703125
well_joint,19,rmse_p,final_accuracy,POD-E,0.22831184575536517,0.19229772383939017,0.03601412191597499,0.05023746420802955,4,0,0.625,1.0
well_joint,19,rmse_so,final_accuracy,POD-E,0.0006879098316470501,0.00059560042487555,9.230940677149999e-05,8.367328472444995e-05,2,0,0.013671875,1.0
well_joint,19,score,final_accuracy,POD-E,0.5518607250388227,0.47059391922291605,0.08126680581590665,0.066630859559833,2,0,0.083984375,1.0
well_joint,19,rmse_p,final_pareto,POD-E,0.24369647972974903,0.19229772383939017,0.0513987558903589,0.0753350916720447,3,0,0.232421875,1.0
well_joint,19,rmse_so,final_pareto,POD-E,0.00068269322929439,0.00059560042487555,8.709280441883998e-05,9.673078046715e-05,2,0,0.009765625,0.99609375
well_joint,19,score,final_pareto,POD-E,0.5493673563215783,0.47059391922291605,0.07877343709866216,0.0833180852957505,1,0,0.009765625,1.0
well_joint,19,rmse_p,final_accuracy,rank_optimized_joint,0.22831184575536517,0.15879922867805124,0.0695126170773139,0.05154441728308999,3,0,0.16015625,1.0
well_joint,19,rmse_so,final_accuracy,rank_optimized_joint,0.0006879098316470501,0.00061892290032876,6.898693131829e-05,6.436670873015001e-05,3,0,0.083984375,1.0
well_joint,19,score,final_accuracy,rank_optimized_joint,0.5518607250388227,0.4770438965898801,0.0748168284489426,0.050890462158494104,3,0,0.10546875,1.0
well_joint,19,rmse_p,final_accuracy,original_basis_optimized_recovery,0.22831184575536517,0.5055877307071318,-0.27727588495176664,-0.2725044539488518,10,0,0.001953125,0.703125
well_joint,19,rmse_so,final_accuracy,original_basis_optimized_recovery,0.0006879098316470501,0.0042693144339092,-0.0035814046022621506,-0.0036067519189213002,10,0,0.001953125,0.703125
well_joint,19,score,final_accuracy,original_basis_optimized_recovery,0.5518607250388227,2.9247640712671834,-2.3729033462283615,-2.3692172120302413,10,0,0.001953125,0.703125
well_joint,19,rmse_p,final_accuracy,prior+IDW,0.22831184575536517,0.43807307439264853,-0.20976122863728336,-0.2588276420443985,7,0,0.064453125,1.0
well_joint,19,rmse_so,final_accuracy,prior+IDW,0.0006879098316470501,0.0011634710518013702,-0.00047556122015432006,-0.0004306701745543,10,0,0.001953125,0.703125
well_joint,19,score,final_accuracy,prior+IDW,0.5518607250388227,0.8903433514020161,-0.3384826263631934,-0.36766698360321487,8,0,0.009765625,1.0
well_joint,20,rmse_p,final_accuracy,POD-E,0.23210506146309112,0.145406727918244,0.08669833354484711,0.06078398666206085,3,0,0.083984375,1.0
well_joint,20,rmse_so,final_accuracy,POD-E,0.0006777408703968299,0.0005923806264751599,8.536024392167e-05,8.267539934835e-05,3,0,0.037109375,1.0
well_joint,20,score,final_accuracy,POD-E,0.5430123070769006,0.4439211238768304,0.09909118320007022,0.08507412477083146,2,0,0.013671875,1.0
well_joint,20,rmse_p,final_pareto,POD-E,0.200948460846221,0.145406727918244,0.055541732927977,0.0643737389413252,2,0,0.083984375,1.0
well_joint,20,rmse_so,final_pareto,POD-E,0.0006851844733627901,0.0005923806264751599,9.280384688762998e-05,0.00010449448644149999,2,0,0.009765625,0.99609375
well_joint,20,score,final_pareto,POD-E,0.5337369692210446,0.4439211238768304,0.08981584534421434,0.09652726818707091,1,0,0.00390625,0.703125
well_joint,20,rmse_p,final_accuracy,rank_optimized_joint,0.23210506146309112,0.11537827243821668,0.11672678902487446,0.07814236440574596,0,0,0.001953125,0.703125
well_joint,20,rmse_so,final_accuracy,rank_optimized_joint,0.0006777408703968299,0.0006199090065235099,5.7831863873319974e-05,4.5470898125749996e-05,3,0,0.16015625,1.0
well_joint,20,score,final_accuracy,rank_optimized_joint,0.5430123070769006,0.451428324770481,0.09158398230641948,0.04832242693850747,0,0,0.001953125,0.703125
well_joint,20,rmse_p,final_accuracy,original_basis_optimized_recovery,0.23210506146309112,0.4698026440243631,-0.23769758256127194,-0.26547156582437215,10,0,0.001953125,0.703125
well_joint,20,rmse_so,final_accuracy,original_basis_optimized_recovery,0.0006777408703968299,0.0042739554982641394,-0.0035962146278673097,-0.0036404322454297,10,0,0.001953125,0.703125
well_joint,20,score,final_accuracy,original_basis_optimized_recovery,0.5430123070769006,2.9104048028992273,-2.3673924958223274,-2.374548612045168,10,0,0.001953125,0.703125
well_joint,20,rmse_p,final_accuracy,prior+IDW,0.23210506146309112,0.41860787330618426,-0.18650281184309314,-0.2137738377035818,7,0,0.083984375,1.0
well_joint,20,rmse_so,final_accuracy,prior+IDW,0.0006777408703968299,0.0011000412409483899,-0.00042230037055156005,-0.0003507322920437999,9,0,0.00390625,0.703125
well_joint,20,score,final_accuracy,prior+IDW,0.5430123070769006,0.8431199368295552,-0.3001076297526546,-0.32936967855308485,8,0,0.009765625,1.0
well_joint,21,rmse_p,final_accuracy,POD-E,0.1953354606153002,0.10802743123734475,0.08730802937795545,0.08423238655844675,2,0,0.01953125,1.0
well_joint,21,rmse_so,final_accuracy,POD-E,0.00067410987920875,0.0006058173135519401,6.829256565681001e-05,4.049837282790004e-05,3,0,0.130859375,1.0
well_joint,21,score,final_accuracy,POD-E,0.5219291905959336,0.4354625117157063,0.08646667888022723,0.06826682757575714,2,0,0.01953125,1.0
well_joint,21,rmse_p,final_pareto,POD-E,0.19996556836689316,0.10802743123734475,0.09193813712954843,0.11475302296310316,2,0,0.013671875,1.0
well_joint,21,rmse_so,final_pareto,POD-E,0.0006791953748418,0.0006058173135519401,7.337806128986002e-05,8.099451758335002e-05,2,0,0.01953125,1.0
well_joint,21,score,final_pareto,POD-E,0.5268518471330983,0.4354625117157063,0.09138933541739186,0.10741666427439434,1,0,0.005859375,0.703125
well_joint,21,rmse_p,final_accuracy,rank_optimized_joint,0.1953354606153002,0.09609979322027595,0.09923566739502426,0.0709543317697871,0,0,0.001953125,0.703125
well_joint,21,rmse_so,final_accuracy,rank_optimized_joint,0.00067410987920875,0.0006319769562798401,4.2132922928909996e-05,5.527059324039995e-05,3,0,0.431640625,1.0
well_joint,21,score,final_accuracy,rank_optimized_joint,0.5219291905959336,0.4471511922908607,0.0747779983050729,0.04864861380016114,3,0,0.02734375,1.0
well_joint,21,rmse_p,final_accuracy,original_basis_optimized_recovery,0.1953354606153002,0.4681890361503404,-0.27285357553504025,-0.3012617723417401,10,0,0.001953125,0.703125
well_joint,21,rmse_so,final_accuracy,original_basis_optimized_recovery,0.00067410987920875,0.00426434211264364,-0.0035902322334348895,-0.00363255202156945,10,0,0.001953125,0.703125
well_joint,21,score,final_accuracy,original_basis_optimized_recovery,0.5219291905959336,2.9017794695629497,-2.379850278967016,-2.4009287514068607,10,0,0.001953125,0.703125
well_joint,21,rmse_p,final_accuracy,prior+IDW,0.1953354606153002,0.4012451659099785,-0.20590970529467825,-0.20584338116262074,7,0,0.048828125,1.0
well_joint,21,rmse_so,final_accuracy,prior+IDW,0.00067410987920875,0.0010457116905090498,-0.00037160181130029994,-0.00033755964281469993,9,0,0.005859375,0.703125
well_joint,21,score,final_accuracy,prior+IDW,0.5219291905959336,0.8035866420118193,-0.2816574514158857,-0.29767232046473224,8,0,0.009765625,1.0
well_joint,22,rmse_p,final_accuracy,POD-E,0.1853116430129873,0.10754497604442029,0.07776666696856702,0.0791880324244675,2,0,0.02734375,1.0
well_joint,22,rmse_so,final_accuracy,POD-E,0.0006725132964876298,0.00060494239324761,6.757090324002e-05,3.7544736177750005e-05,4,0,0.193359375,1.0
well_joint,22,score,final_accuracy,POD-E,0.5160691077413485,0.4346281480109263,0.08144095973042223,0.05821292849553025,2,0,0.02734375,1.0
well_joint,22,rmse_p,final_pareto,POD-E,0.1931469724203052,0.10754497604442029,0.0856019963758849,0.11254048882943754,1,0,0.009765625,1.0
well_joint,22,rmse_so,final_pareto,POD-E,0.00067538038558659,0.00060494239324761,7.043799233898e-05,7.198358447740001e-05,2,0,0.01953125,1.0
well_joint,22,score,final_pareto,POD-E,0.5175078871616977,0.4346281480109263,0.08287973915077139,0.10868769041802989,2,0,0.009765625,1.0
well_joint,22,rmse_p,final_accuracy,rank_optimized_joint,0.1853116430129873,0.09893430938069617,0.08637733363229114,0.06513732913550449,1,0,0.00390625,0.87109375
well_joint,22,rmse_so,final_accuracy,rank_optimized_joint,0.0006725132964876298,0.00062961777896136,4.289551752627001e-05,5.3996042593099975e-05,4,0,0.556640625,1.0
well_joint,22,score,final_accuracy,rank_optimized_joint,0.5160691077413485,0.44557661090671125,0.0704924968346374,0.04315350797853315,3,0,0.02734375,1.0
well_joint,22,rmse_p,final_accuracy,original_basis_optimized_recovery,0.1853116430129873,0.46841244282050665,-0.2831007998075194,-0.30693383936937363,10,0,0.001953125,0.703125
well_joint,22,rmse_so,final_accuracy,original_basis_optimized_recovery,0.0006725132964876298,0.004259706059537499,-0.00358719276304987,-0.00361045432828855,10,0,0.001953125,0.703125
well_joint,22,score,final_accuracy,original_basis_optimized_recovery,0.5160691077413485,2.899169412130649,-2.3831003043893006,-2.419383222458155,10,0,0.001953125,0.703125
well_joint,22,rmse_p,final_accuracy,prior+IDW,0.1853116430129873,0.3900291203485546,-0.20471747733556725,-0.1951096360586282,7,0,0.048828125,1.0
well_joint,22,rmse_so,final_accuracy,prior+IDW,0.0006725132964876298,0.0010177450217911301,-0.0003452317253035001,-0.00026057941506255,9,0,0.005859375,0.703125
well_joint,22,score,final_accuracy,prior+IDW,0.5160691077413485,0.7826971836419959,-0.26662807590064735,-0.24718095684955282,8,0,0.009765625,1.0
well_joint,23,rmse_p,final_accuracy,POD-E,0.18487012687439183,0.10211509148634072,0.08275503538805114,0.08797355976728466,1,0,0.013671875,1.0
well_joint,23,rmse_so,final_accuracy,POD-E,0.00065401191190738,0.00060876845300534,4.524345890204001e-05,6.335396396945004e-05,4,0,0.16015625,1.0
well_joint,23,score,final_accuracy,POD-E,0.5059208330280344,0.43520288471946705,0.0707179483085673,0.06737217114695568,3,0,0.064453125,1.0
well_joint,23,rmse_p,final_pareto,POD-E,0.18316168253400714,0.10211509148634072,0.0810465910476664,0.08703223048975745,1,0,0.009765625,1.0
well_joint,23,rmse_so,final_pareto,POD-E,0.0006788444331739701,0.00060876845300534,7.007598016863001e-05,7.387774029970004e-05,2,0,0.064453125,1.0
well_joint,23,score,final_pareto,POD-E,0.5124048719067639,0.43520288471946705,0.07720198718729665,0.11211648842929542,3,0,0.037109375,1.0
well_joint,23,rmse_p,final_accuracy,rank_optimized_joint,0.18487012687439183,0.10564921595849304,0.07922091091589883,0.058211400561217305,1,0,0.005859375,1.0
well_joint,23,rmse_so,final_accuracy,rank_optimized_joint,0.00065401191190738,0.00064610724281463,7.904669092750004e-06,4.207282388410006e-05,4,0,0.76953125,1.0
well_joint,23,score,final_accuracy,rank_optimized_joint,0.5059208330280344,0.4633207668498045,0.04260006617822992,0.0457294492582159,4,0,0.375,1.0
well_joint,23,rmse_p,final_accuracy,original_basis_optimized_recovery,0.18487012687439183,0.4660259382740789,-0.2811558113996871,-0.28711283196821313,10,0,0.001953125,0.703125
well_joint,23,rmse_so,final_accuracy,original_basis_optimized_recovery,0.00065401191190738,0.004257565114602541,-0.0036035532026951604,-0.00361413543338175,10,0,0.001953125,0.703125
well_joint,23,score,final_accuracy,original_basis_optimized_recovery,0.5059208330280344,2.896528882926962,-2.390608049898928,-2.4385038310822074,10,0,0.001953125,0.703125
well_joint,23,rmse_p,final_accuracy,prior+IDW,0.18487012687439183,0.3848532844588911,-0.1999831575844992,-0.1986655118502405,8,0,0.037109375,1.0
well_joint,23,rmse_so,final_accuracy,prior+IDW,0.00065401191190738,0.0010179688007671199,-0.00036395688885973996,-0.00029129135547155,8,0,0.009765625,0.99609375
well_joint,23,score,final_accuracy,prior+IDW,0.5059208330280344,0.779395553580214,-0.2734747205521795,-0.22672996938036066,8,0,0.009765625,1.0
well_joint,24,rmse_p,final_accuracy,POD-E,0.18058565207003238,0.09873909464129202,0.08184655742874038,0.08247471217733611,1,0,0.005859375,1.0
well_joint,24,rmse_so,final_accuracy,POD-E,0.0006466453494365799,0.00060494196300081,4.1703386435769984e-05,7.728573597550002e-05,4,0,0.232421875,1.0
well_joint,24,score,final_accuracy,POD-E,0.500217688056513,0.4303916411027212,0.06982604695379177,0.06514532310273302,4,0,0.10546875,1.0
well_joint,24,rmse_p,final_pareto,POD-E,0.1868145125727145,0.09873909464129202,0.08807541793142246,0.07996012305846056,1,0,0.009765625,1.0
well_joint,24,rmse_so,final_pareto,POD-E,0.0006499570916512,0.00060494196300081,4.5015128650390005e-05,4.882646376205005e-05,3,0,0.193359375,1.0
well_joint,24,score,final_pareto,POD-E,0.5029360786708139,0.4303916411027212,0.07254443756809265,0.08030784939961294,3,0,0.048828125,1.0
well_joint,24,rmse_p,final_accuracy,rank_optimized_joint,0.18058565207003238,0.09902033917811359,0.0815653128919188,0.0644080039217011,1,0,0.005859375,1.0
well_joint,24,rmse_so,final_accuracy,rank_optimized_joint,0.0006466453494365799,0.0006432757703124,3.3695791241799708e-06,4.561107909209998e-05,4,0,0.845703125,1.0
well_joint,24,score,final_accuracy,rank_optimized_joint,0.500217688056513,0.4572387994137649,0.042978888642748195,0.046849151384037224,4,0,0.375,1.0
well_joint,24,rmse_p,final_accuracy,original_basis_optimized_recovery,0.18058565207003238,0.46646568290070123,-0.28588003083066893,-0.28649431011162557,10,0,0.001953125,0.703125
well_joint,24,rmse_so,final_accuracy,original_basis_optimized_recovery,0.0006466453494365799,0.00424942921402693,-0.00360278386459035,-0.0036057443833212,10,0,0.001953125,0.703125
well_joint,24,score,final_accuracy,original_basis_optimized_recovery,0.500217688056513,2.894338836636963,-2.3941211485804503,-2.4393102420538058,10,0,0.001953125,0.703125
well_joint,24,rmse_p,final_accuracy,prior+IDW,0.18058565207003238,0.3769973993175938,-0.19641174724756139,-0.1879592416693846,8,0,0.02734375,1.0
well_joint,24,rmse_so,final_accuracy,prior+IDW,0.0006466453494365799,0.00098158681420477,-0.00033494146476819003,-0.0002925554328161,8,0,0.009765625,0.99609375
well_joint,24,score,final_accuracy,prior+IDW,0.500217688056513,0.756099659015894,-0.25588197095938103,-0.23338345312109932,8,0,0.009765625,1.0
well_joint,25,rmse_p,final_accuracy,POD-E,0.18654333864313316,0.09059453645981817,0.09594880218331495,0.08959912408758045,0,0,0.001953125,0.703125
well_joint,25,rmse_so,final_accuracy,POD-E,0.0007006537004782601,0.0006059274045983299,9.472629587993e-05,6.288675999984995e-05,0,0,0.001953125,0.703125
well_joint,25,score,final_accuracy,POD-E,0.537754988477081,0.42993694820534,0.10781804027174105,0.10469916099803872,0,0,0.001953125,0.703125
well_joint,25,rmse_p,final_pareto,POD-E,0.20460446121892933,0.09059453645981817,0.11400992475911113,0.1122386497400415,0,0,0.001953125,0.703125
well_joint,25,rmse_so,final_pareto,POD-E,0.00067635422471811,0.0006059274045983299,7.042682011978001e-05,5.317681378169995e-05,2,0,0.10546875,1.0
well_joint,25,score,final_pareto,POD-E,0.5241253119234992,0.42993694820534,0.09418836371815922,0.07728616915191819,1,0,0.005859375,0.703125
well_joint,25,rmse_p,final_accuracy,rank_optimized_joint,0.18654333864313316,0.10098280012259131,0.08556053852054184,0.06642495371568105,0,0,0.001953125,0.703125
well_joint,25,rmse_so,final_accuracy,rank_optimized_joint,0.0007006537004782601,0.00065399282949462,4.666087098364e-05,4.057645703600004e-05,3,0,0.322265625,1.0
well_joint,25,score,final_accuracy,rank_optimized_joint,0.537754988477081,0.46751164309221993,0.07024334538486116,0.08662993842793593,2,0,0.009765625,1.0
well_joint,25,rmse_p,final_accuracy,original_basis_optimized_recovery,0.18654333864313316,0.4361533571730415,-0.24961001852990838,-0.2657436740111071,10,0,0.001953125,0.703125
well_joint,25,rmse_so,final_accuracy,original_basis_optimized_recovery,0.0007006537004782601,0.00425454485707399,-0.0035538911565957303,-0.00356184686777175,10,0,0.001953125,0.703125
well_joint,25,score,final_accuracy,original_basis_optimized_recovery,0.537754988477081,2.8838512959538916,-2.346096307476811,-2.460443601938242,10,0,0.001953125,0.703125
well_joint,25,rmse_p,final_accuracy,prior+IDW,0.18654333864313316,0.3487188129679216,-0.16217547432478846,-0.14674684294651325,8,0,0.02734375,1.0
well_joint,25,rmse_so,final_accuracy,prior+IDW,0.0007006537004782601,0.00088330366640013,-0.00018264996592187,-7.933563506785002e-05,7,0,0.130859375,1.0
well_joint,25,score,final_accuracy,prior+IDW,0.537754988477081,0.6926838168980427,-0.1549288284209617,-0.13175077035485627,7,0,0.064453125,1.0
well_joint,26,rmse_p,final_accuracy,POD-E,0.18436332898384739,0.08937583093161913,0.09498749805222821,0.09052968599549036,0,0,0.001953125,0.703125
well_joint,26,rmse_so,final_accuracy,POD-E,0.00070027382827169,0.00061382677081993,8.644705745176e-05,5.208387681789994e-05,0,0,0.001953125,0.703125
well_joint,26,score,final_accuracy,POD-E,0.5383146777835786,0.4335371122408098,0.1047775655427686,0.08361907171765878,0,0,0.001953125,0.703125
well_joint,26,rmse_p,final_pareto,POD-E,0.20993797768034123,0.08937583093161913,0.12056214674872208,0.1309289670932962,0,0,0.001953125,0.703125
well_joint,26,rmse_so,final_pareto,POD-E,0.00067552855807411,0.00061382677081993,6.170178725418e-05,5.637733493075e-05,3,0,0.130859375,1.0
well_joint,26,score,final_pareto,POD-E,0.5251784376092623,0.4335371122408098,0.09164132536845246,0.07897104247243569,1,0,0.00390625,0.703125
well_joint,26,rmse_p,final_accuracy,rank_optimized_joint,0.18436332898384739,0.09985562236628433,0.08450770661756303,0.0714659865623496,0,0,0.001953125,0.703125
well_joint,26,rmse_so,final_accuracy,rank_optimized_joint,0.00070027382827169,0.00065754293137782,4.273089689387e-05,3.709921312799997e-05,3,0,0.322265625,1.0
well_joint,26,score,final_accuracy,rank_optimized_joint,0.5383146777835786,0.4689854615175169,0.06932921626606155,0.0864078850341298,2,0,0.013671875,1.0
well_joint,26,rmse_p,final_accuracy,original_basis_optimized_recovery,0.18436332898384739,0.4377161544289231,-0.2533528254450757,-0.26738696036093623,10,0,0.001953125,0.703125
well_joint,26,rmse_so,final_accuracy,original_basis_optimized_recovery,0.00070027382827169,0.0042464694320703995,-0.00354619560379871,-0.00355349149616855,10,0,0.001953125,0.703125
well_joint,26,score,final_accuracy,original_basis_optimized_recovery,0.5383146777835786,2.8777676480367913,-2.339452970253213,-2.4418864237768965,10,0,0.001953125,0.703125
well_joint,26,rmse_p,final_accuracy,prior+IDW,0.18436332898384739,0.3412262669131819,-0.15686293792933453,-0.140433274423107,8,0,0.037109375,1.0
well_joint,26,rmse_so,final_accuracy,prior+IDW,0.00070027382827169,0.0008613749398519499,-0.00016110111158026,-7.78741826542e-05,7,0,0.130859375,1.0
well_joint,26,score,final_accuracy,prior+IDW,0.5383146777835786,0.67619218560517,-0.13787750782159156,-0.1288285616622572,7,0,0.10546875,1.0
well_joint,27,rmse_p,final_accuracy,POD-E,0.18945339695592756,0.08660891006041672,0.10284448689551087,0.10708085167787935,0,0,0.001953125,0.703125
well_joint,27,rmse_so,final_accuracy,POD-E,0.00067154371425149,0.00059444177647784,7.710193777365e-05,6.520589446514999e-05,0,0,0.001953125,0.703125
well_joint,27,score,final_accuracy,POD-E,0.5261980030991122,0.42024169144201295,0.10595631165709925,0.08972073597663655,0,0,0.001953125,0.703125
well_joint,27,rmse_p,final_pareto,POD-E,0.21845813525896976,0.08660891006041672,0.13184922519855302,0.13544925606181923,1,0,0.00390625,0.87109375
well_joint,27,rmse_so,final_pareto,POD-E,0.00065382664254505,0.00059444177647784,5.9384866067210026e-05,5.571840196714998e-05,3,0,0.130859375,1.0
well_joint,27,score,final_pareto,POD-E,0.5170941301804273,0.42024169144201295,0.09685243873841418,0.08827105934255661,1,0,0.00390625,0.703125
well_joint,27,rmse_p,final_accuracy,rank_optimized_joint,0.18945339695592756,0.10188147653745891,0.08757192041846866,0.099970342077711,0,0,0.001953125,0.703125
well_joint,27,rmse_so,final_accuracy,rank_optimized_joint,0.00067154371425149,0.0006628253591367501,8.718355114739992e-06,1.1639210695649948e-05,5,0,0.921875,1.0
well_joint,27,score,final_accuracy,rank_optimized_joint,0.5261980030991122,0.47449002202215196,0.051707981076960195,0.06711711672706189,2,0,0.013671875,1.0
well_joint,27,rmse_p,final_accuracy,original_basis_optimized_recovery,0.18945339695592756,0.4347276138576478,-0.24527421690172022,-0.2588461291026282,10,0,0.001953125,0.703125
well_joint,27,rmse_so,final_accuracy,original_basis_optimized_recovery,0.00067154371425149,0.00424259352828551,-0.0035710498140340196,-0.0035778033713918496,10,0,0.001953125,0.703125
well_joint,27,score,final_accuracy,original_basis_optimized_recovery,0.5261980030991122,2.873242796423032,-2.3470447933239194,-2.435767694095897,10,0,0.001953125,0.703125
well_joint,27,rmse_p,final_accuracy,prior+IDW,0.18945339695592756,0.33602014109733264,-0.14656674414140508,-0.14003418519794744,7,0,0.083984375,1.0
well_joint,27,rmse_so,final_accuracy,prior+IDW,0.00067154371425149,0.00084631428383838,-0.00017477056958689003,-9.235208441164995e-05,7,0,0.10546875,1.0
well_joint,27,score,final_accuracy,prior+IDW,0.5261980030991122,0.6637304653502231,-0.1375324622511108,-0.12037907122727853,7,0,0.10546875,1.0
well_joint,28,rmse_p,final_accuracy,POD-E,0.18304391897202615,0.08203659373641903,0.10100732523560714,0.103129685927139,0,0,0.001953125,0.703125
well_joint,28,rmse_so,final_accuracy,POD-E,0.00067026095305294,0.00059428101699042,7.597993606252e-05,6.38011989327e-05,0,0,0.001953125,0.703125
well_joint,28,score,final_accuracy,POD-E,0.5192984211914824,0.41705314950128847,0.10224527169019396,0.0899080880644296,0,0,0.001953125,0.703125
well_joint,28,rmse_p,final_pareto,POD-E,0.20576899683264122,0.08203659373641903,0.1237324030962222,0.1336446344553831,1,0,0.00390625,0.87109375
well_joint,28,rmse_so,final_pareto,POD-E,0.00065316423714669,0.00059428101699042,5.8883220156269996e-05,5.549382760330001e-05,3,0,0.130859375,1.0
well_joint,28,score,final_pareto,POD-E,0.5100108260420353,0.41705314950128847,0.0929576765407468,0.09110923340162169,1,0,0.00390625,0.703125
well_joint,28,rmse_p,final_accuracy,rank_optimized_joint,0.18304391897202615,0.09629168439633992,0.08675223457568623,0.0837435500722256,0,0,0.001953125,0.703125
well_joint,28,rmse_so,final_accuracy,rank_optimized_joint,0.00067026095305294,0.0006620696781999801,8.191274852960012e-06,1.1512830606200011e-05,5,0,0.845703125,1.0
well_joint,28,score,final_accuracy,rank_optimized_joint,0.5192984211914824,0.4691815517402599,0.05011686945122259,0.06241779904862263,2,0,0.013671875,1.0
well_joint,28,rmse_p,final_accuracy,original_basis_optimized_recovery,0.18304391897202615,0.4389893484120921,-0.2559454294400659,-0.27712929337759207,10,0,0.001953125,0.703125
well_joint,28,rmse_so,final_accuracy,original_basis_optimized_recovery,0.00067026095305294,0.00424517977691236,-0.00357491882385942,-0.00358679764773155,10,0,0.001953125,0.703125
well_joint,28,score,final_accuracy,original_basis_optimized_recovery,0.5192984211914824,2.8795015476981964,-2.360203126506714,-2.4522330867504483,10,0,0.001953125,0.703125
well_joint,28,rmse_p,final_accuracy,prior+IDW,0.18304391897202615,0.32359199016355455,-0.14054807119152843,-0.1245596229177278,8,0,0.048828125,1.0
well_joint,28,rmse_so,final_accuracy,prior+IDW,0.00067026095305294,0.0008090497081394701,-0.00013878875508653,-5.869514075980002e-05,6,0,0.232421875,1.0
well_joint,28,score,final_accuracy,prior+IDW,0.5192984211914824,0.637555206321469,-0.11825678512998664,-0.1012322643520931,7,0,0.16015625,1.0
well_joint,29,rmse_p,final_accuracy,POD-E,0.18502906573848094,0.07742369269849514,0.10760537303998582,0.106388012002756,0,0,0.001953125,0.703125
well_joint,29,rmse_so,final_accuracy,POD-E,0.0006646194661001799,0.0005761186612754201,8.850080482476002e-05,9.133867145115e-05,0,0,0.001953125,0.703125
well_joint,29,score,final_accuracy,POD-E,0.5175206680705569,0.40339356937186466,0.11412709869869217,0.1007389008018719,0,0,0.001953125,0.703125
well_joint,29,rmse_p,final_pareto,POD-E,0.1801760896855446,0.07742369269849514,0.1027523969870495,0.07845291753082775,1,0,0.00390625,0.87109375
well_joint,29,rmse_so,final_pareto,POD-E,0.00064935952709864,0.0005761186612754201,7.324086582322e-05,7.047725012865e-05,2,0,0.037109375,1.0
well_joint,29,score,final_pareto,POD-E,0.4971593693295171,0.40339356937186466,0.09376579995765238,0.10262453366321506,1,0,0.00390625,0.703125
well_joint,29,rmse_p,final_accuracy,rank_optimized_joint,0.18502906573848094,0.09384664257627104,0.09118242316220991,0.088991729118921,0,0,0.001953125,0.703125
well_joint,29,rmse_so,final_accuracy,rank_optimized_joint,0.0006646194661001799,0.0006645619658461999,5.750025398001848e-08,1.581065049009999e-05,4,0,1.0,1.0
well_joint,29,score,final_accuracy,rank_optimized_joint,0.5175206680705569,0.46950756571562346,0.048013102354933446,0.06046672046698556,3,0,0.048828125,1.0
well_joint,29,rmse_p,final_accuracy,original_basis_optimized_recovery,0.18502906573848094,0.43826279215014247,-0.2532337264116615,-0.27779601791572595,10,0,0.001953125,0.703125
well_joint,29,rmse_so,final_accuracy,original_basis_optimized_recovery,0.0006646194661001799,0.0042444055520240295,-0.0035797860859238502,-0.0035907846491615497,10,0,0.001953125,0.703125
well_joint,29,score,final_accuracy,original_basis_optimized_recovery,0.5175206680705569,2.878629925226621,-2.361109257156064,-2.4568953328607956,10,0,0.001953125,0.703125
well_joint,29,rmse_p,final_accuracy,prior+IDW,0.18502906573848094,0.3188162231230171,-0.13378715738453614,-0.11947973539224993,8,0,0.10546875,1.0
well_joint,29,rmse_so,final_accuracy,prior+IDW,0.0006646194661001799,0.0007835087900778199,-0.00011888932397763998,-4.903220599454999e-05,6,0,0.275390625,1.0
well_joint,29,score,final_accuracy,prior+IDW,0.5175206680705569,0.6185076386711954,-0.10098697060063858,-0.09717704882573905,7,0,0.16015625,1.0
well_joint,30,rmse_p,final_accuracy,POD-E,0.1787447173101422,0.08397055428490806,0.09477416302523414,0.09464106189677365,0,0,0.001953125,0.703125
well_joint,30,rmse_so,final_accuracy,POD-E,0.00064433977860039,0.0005749407677216499,6.939901087873998e-05,7.577207099780002e-05,2,0,0.02734375,1.0
well_joint,30,score,final_accuracy,POD-E,0.49896007232591516,0.40377597305604657,0.09518409926986847,0.07539270609139537,1,0,0.00390625,0.703125
well_joint,30,rmse_p,final_pareto,POD-E,0.17535106919925286,0.08397055428490806,0.09138051491434476,0.06049427213536884,2,0,0.009765625,1.0
well_joint,30,rmse_so,final_pareto,POD-E,0.0006512128397160499,0.0005749407677216499,7.62720719944e-05,7.015764658949999e-05,1,0,0.02734375,1.0
well_joint,30,score,final_pareto,POD-E,0.4948910055088732,0.40377597305604657,0.09111503245282657,0.08449318314267978,1,0,0.005859375,0.703125
well_joint,30,rmse_p,final_accuracy,rank_optimized_joint,0.1787447173101422,0.0891685620779109,0.08957615523223128,0.10251135471975711,0,0,0.001953125,0.703125
well_joint,30,rmse_so,final_accuracy,rank_optimized_joint,0.00064433977860039,0.0006427652950720799,1.5744835283100002e-06,2.9695823866949942e-05,3,0,0.76953125,1.0
well_joint,30,score,final_accuracy,rank_optimized_joint,0.49896007232591516,0.4507531686270109,0.048206903698904235,0.053769447182238056,3,0,0.232421875,1.0
well_joint,30,rmse_p,final_accuracy,original_basis_optimized_recovery,0.1787447173101422,0.42887296224693056,-0.2501282449367883,-0.25059749400690606,10,0,0.001953125,0.703125
well_joint,30,rmse_so,final_accuracy,original_basis_optimized_recovery,0.00064433977860039,0.004234502831590799,-0.00359016305299041,-0.0035981905871946994,10,0,0.001953125,0.703125
well_joint,30,score,final_accuracy,original_basis_optimized_recovery,0.49896007232591516,2.8639657490242163,-2.3650056766983005,-2.4281300001683075,10,0,0.001953125,0.703125
well_joint,30,rmse_p,final_accuracy,prior+IDW,0.1787447173101422,0.31269414005666224,-0.13394942274652008,-0.09984497332533854,7,0,0.10546875,1.0
well_joint,30,rmse_so,final_accuracy,prior+IDW,0.00064433977860039,0.0007800290695027798,-0.00013568929090239002,-6.332098779019996e-05,7,0,0.130859375,1.0
well_joint,30,score,final_accuracy,prior+IDW,0.49896007232591516,0.6127871642670137,-0.11382709194109863,-0.10760555967445917,8,0,0.10546875,1.0
well_pressure,1,rmse_p,final_accuracy,POD-E,1.047757243707896,1.2061385535539286,-0.15838130984603266,-0.11739080231197868,10,0,0.001953125,0.703125
well_pressure,1,rmse_so,final_accuracy,POD-E,0.2689698690988922,0.017535098956139722,0.2514347701427525,0.2535818786574138,0,0,0.001953125,0.703125
well_pressure,1,score,final_accuracy,POD-E,167.6825126446012,11.308229571094987,156.3742830735062,163.47162443437165,0,0,0.001953125,0.703125
well_pressure,1,rmse_p,final_pareto,POD-E,1.0361739420442444,1.2061385535539286,-0.16996461150968445,-0.15080020523351323,10,0,0.001953125,0.703125
well_pressure,1,rmse_so,final_pareto,POD-E,0.2689698690988922,0.017535098956139722,0.2514347701427525,0.2535818786574138,0,0,0.001953125,0.703125
well_pressure,1,score,final_pareto,POD-E,167.671463673381,11.308229571094987,156.36323410228601,163.47163607593262,0,0,0.001953125,0.703125
well_pressure,1,rmse_p,final_accuracy,rank_optimized_joint,1.047757243707896,1.2095254152765471,-0.1617681715686508,-0.12120480651647275,10,0,0.001953125,0.703125
well_pressure,1,rmse_so,final_accuracy,rank_optimized_joint,0.2689698690988922,0.017564888340888728,0.2514049807580035,0.25316717565607644,0,0,0.001953125,0.703125
well_pressure,1,score,final_accuracy,rank_optimized_joint,167.6825126446012,11.337291216681777,156.3452214279194,163.49780976352162,0,0,0.001953125,0.703125
well_pressure,1,rmse_p,final_accuracy,original_basis_optimized_recovery,1.047757243707896,1.2891153758245188,-0.24135813211662271,-0.30349267763614435,10,0,0.001953125,0.703125
well_pressure,1,rmse_so,final_accuracy,original_basis_optimized_recovery,0.2689698690988922,0.01865347208217803,0.25031639701671415,0.2535940686160153,0,0,0.001953125,0.703125
well_pressure,1,score,final_accuracy,original_basis_optimized_recovery,167.6825126446012,11.997596554868498,155.68491608973267,162.08672247753952,0,0,0.001953125,0.703125
well_pressure,1,rmse_p,final_accuracy,prior+IDW,1.047757243707896,0.6164761474148996,0.4312810962929964,0.46767577812872757,0,0,0.001953125,0.703125
well_pressure,1,rmse_so,final_accuracy,prior+IDW,0.2689698690988922,0.0008386444083656299,0.26813122469052664,0.2682722085929291,0,0,0.001953125,0.703125
well_pressure,1,score,final_accuracy,prior+IDW,167.6825126446012,0.8133527143858881,166.8691599302153,173.49161760388006,0,0,0.001953125,0.703125
well_pressure,2,rmse_p,final_accuracy,POD-E,0.4947529958345074,0.6106959344879356,-0.11594293865342822,-0.01067116123353437,6,0,0.232421875,1.0
well_pressure,2,rmse_so,final_accuracy,POD-E,0.2689698690988922,0.01243529075537953,0.25653457834351273,0.2570627139282696,0,0,0.001953125,0.703125
well_pressure,2,score,final_accuracy,POD-E,167.42049975959247,8.120217736332986,159.3002820232595,165.3159498712531,0,0,0.001953125,0.703125
well_pressure,2,rmse_p,final_pareto,POD-E,0.49923136964880943,0.6106959344879356,-0.11146456483912623,-0.00925495679518526,7,0,0.16015625,1.0
well_pressure,2,rmse_so,final_pareto,POD-E,0.2689698690988922,0.01243529075537953,0.25653457834351273,0.2570627139282696,0,0,0.001953125,0.703125
well_pressure,2,score,final_pareto,POD-E,167.4353604480254,8.120217736332986,159.31514271169243,165.51757116675412,0,0,0.001953125,0.703125
well_pressure,2,rmse_p,final_accuracy,rank_optimized_joint,0.4947529958345074,0.4996540089579353,-0.004901013123427911,-0.0035140200991972403,9,0,0.009765625,1.0
well_pressure,2,rmse_so,final_accuracy,rank_optimized_joint,0.2689698690988922,0.012386792215582922,0.25658307688330934,0.25684323565853373,0,0,0.001953125,0.703125
well_pressure,2,score,final_accuracy,rank_optimized_joint,167.42049975959247,8.04647170839835,159.3740280511942,166.13283089411516,0,0,0.001953125,0.703125
well_pressure,2,rmse_p,final_accuracy,original_basis_optimized_recovery,0.4947529958345074,0.6903548035635712,-0.1956018077290637,-0.2098077400489275,10,0,0.001953125,0.703125
well_pressure,2,rmse_so,final_accuracy,original_basis_optimized_recovery,0.2689698690988922,0.01264595634227296,0.25632391275661925,0.25684321920680303,0,0,0.001953125,0.703125
well_pressure,2,score,final_accuracy,original_basis_optimized_recovery,167.42049975959247,8.258109169490838,159.16239059010167,166.62903866440297,0,0,0.001953125,0.703125
well_pressure,2,rmse_p,final_accuracy,prior+IDW,0.4947529958345074,1.0077355618577712,-0.5129825660232639,-0.22588574741561512,9,0,0.01953125,1.0
well_pressure,2,rmse_so,final_accuracy,prior+IDW,0.2689698690988922,0.0008386444083656299,0.26813122469052664,0.2682722085929291,0,0,0.001953125,0.703125
well_pressure,2,score,final_accuracy,prior+IDW,167.42049975959247,0.9852752646146913,166.4352244949778,173.12854959142874,0,0,0.001953125,0.703125
well_pressure,3,rmse_p,final_accuracy,POD-E,0.3831551178642354,0.493159319708614,-0.11000420184437858,-0.0517482562107765,8,0,0.10546875,1.0
well_pressure,3,rmse_so,final_accuracy,POD-E,0.2689698690988922,0.012582580865657899,0.2563872882332343,0.25624150244919475,0,0,0.001953125,0.703125
well_pressure,3,score,final_accuracy,POD-E,167.3478558210699,8.103094639860275,159.24476118120964,165.02978557301623,0,0,0.001953125,0.703125
well_pressure,3,rmse_p,final_pareto,POD-E,0.40871114881353554,0.493159319708614,-0.08444817089507842,-0.01577513839039879,7,0,0.431640625,1.0
well_pressure,3,rmse_so,final_pareto,POD-E,0.2689698690988922,0.012582580865657899,0.2563872882332343,0.25624150244919475,0,0,0.001953125,0.703125
well_pressure,3,score,final_pareto,POD-E,167.38505366487692,8.103094639860275,159.28195902501665,165.36808683318594,0,0,0.001953125,0.703125
well_pressure,3,rmse_p,final_accuracy,rank_optimized_joint,0.3831551178642354,0.42303671993938013,-0.039881602075144774,-0.011167043151734807,10,0,0.001953125,0.703125
well_pressure,3,rmse_so,final_accuracy,rank_optimized_joint,0.2689698690988922,0.01299063865039857,0.25597923044849363,0.25649088231818873,0,0,0.001953125,0.703125
well_pressure,3,score,final_accuracy,rank_optimized_joint,167.3478558210699,8.098286809859822,159.2495690112101,166.94787945197874,0,0,0.001953125,0.703125
well_pressure,3,rmse_p,final_accuracy,original_basis_optimized_recovery,0.3831551178642354,0.632255961833091,-0.24910084396885562,-0.2870681149808566,10,0,0.001953125,0.703125
well_pressure,3,rmse_so,final_accuracy,original_basis_optimized_recovery,0.2689698690988922,0.01452384656271232,0.25444602253617987,0.25536695987741176,0,0,0.001953125,0.703125
well_pressure,3,score,final_accuracy,original_basis_optimized_recovery,167.3478558210699,9.070179937205248,158.27767588386465,165.12537929923795,0,0,0.001953125,0.703125
well_pressure,3,rmse_p,final_accuracy,prior+IDW,0.3831551178642354,0.5923546954998586,-0.2091995776356233,-0.1032417795574826,9,0,0.009765625,1.0
well_pressure,3,rmse_so,final_accuracy,prior+IDW,0.2689698690988922,0.0008386444083656299,0.26813122469052664,0.2682722085929291,0,0,0.001953125,0.703125
well_pressure,3,score,final_accuracy,prior+IDW,167.3478558210699,0.8053891904831254,166.54246663058674,172.8473005280599,0,0,0.001953125,0.703125
well_pressure,4,rmse_p,final_accuracy,POD-E,0.3246150159259239,0.3505519938633864,-0.025936977937462524,-0.035861623770722495,8,0,0.275390625,1.0
well_pressure,4,rmse_so,final_accuracy,POD-E,0.2689698690988922,0.010573191411876048,0.2583966776870162,0.25781309305546013,0,0,0.001953125,0.703125
well_pressure,4,score,final_accuracy,POD-E,167.31430861452662,6.755569455346266,160.5587391591804,165.9448403340818,0,0,0.001953125,0.703125
well_pressure,4,rmse_p,final_pareto,POD-E,0.32099789707527393,0.3505519938633864,-0.02955409678811254,-0.03327384664639402,8,0,0.275390625,1.0
well_pressure,4,rmse_so,final_pareto,POD-E,0.2689698690988922,0.010573191411876048,0.2583966776870162,0.25781309305546013,0,0,0.001953125,0.703125
well_pressure,4,score,final_pareto,POD-E,167.31223753352566,6.755569455346266,160.5566680781794,166.01660653870266,0,0,0.001953125,0.703125
well_pressure,4,rmse_p,final_accuracy,rank_optimized_joint,0.3246150159259239,0.3634195124588576,-0.03880449653293374,-0.013512279111355344,9,0,0.00390625,0.87109375
well_pressure,4,rmse_so,final_accuracy,rank_optimized_joint,0.2689698690988922,0.01158838190274023,0.257381487196152,0.25939731496493446,0,0,0.001953125,0.703125
well_pressure,4,score,final_accuracy,rank_optimized_joint,167.31430861452662,7.031400417156824,160.2829081973698,168.17521225124756,0,0,0.001953125,0.703125
well_pressure,4,rmse_p,final_accuracy,original_basis_optimized_recovery,0.3246150159259239,0.6008232011393745,-0.27620818521345053,-0.2866289572161057,10,0,0.001953125,0.703125
well_pressure,4,rmse_so,final_accuracy,original_basis_optimized_recovery,0.2689698690988922,0.014021302420279231,0.254948566678613,0.25598307716384994,0,0,0.001953125,0.703125
well_pressure,4,score,final_accuracy,original_basis_optimized_recovery,167.31430861452662,8.741404442105773,158.57290417242083,165.83693796116935,0,0,0.001953125,0.703125
well_pressure,4,rmse_p,final_accuracy,prior+IDW,0.3246150159259239,0.6372643488713117,-0.31264933294538777,-0.19195634826976415,10,0,0.001953125,0.703125
well_pressure,4,rmse_so,final_accuracy,prior+IDW,0.2689698690988922,0.0008386444083656299,0.26813122469052664,0.2682722085929291,0,0,0.001953125,0.703125
well_pressure,4,score,final_accuracy,prior+IDW,167.31430861452662,0.8192410595530168,166.49506755497362,172.8965997889435,0,0,0.001953125,0.703125
well_pressure,5,rmse_p,final_accuracy,POD-E,0.2840371483908556,0.35183941310362066,-0.06780226471276507,-0.060914753150676196,9,0,0.02734375,1.0
well_pressure,5,rmse_so,final_accuracy,POD-E,0.2689698690988922,0.01047081634319231,0.25849905275569995,0.25835176233149815,0,0,0.001953125,0.703125
well_pressure,5,score,final_accuracy,POD-E,167.29641363694913,6.706236236117687,160.59017740083146,166.61668930381427,0,0,0.001953125,0.703125
well_pressure,5,rmse_p,final_pareto,POD-E,0.27911117910426003,0.35183941310362066,-0.07272823399936065,-0.0749655608800252,9,0,0.037109375,1.0
well_pressure,5,rmse_so,final_pareto,POD-E,0.2689698690988922,0.01047081634319231,0.25849905275569995,0.25835176233149815,0,0,0.001953125,0.703125
well_pressure,5,score,final_pareto,POD-E,167.2991855708188,6.706236236117687,160.59294933470113,166.70417339425254,0,0,0.001953125,0.703125
well_pressure,5,rmse_p,final_accuracy,rank_optimized_joint,0.2840371483908556,0.2997185458267329,-0.015681397435877237,-0.013515803553272795,9,0,0.005859375,1.0
well_pressure,5,rmse_so,final_accuracy,rank_optimized_joint,0.2689698690988922,0.01202090777097348,0.2569489613279187,0.2586113299669906,0,0,0.001953125,0.703125
well_pressure,5,score,final_accuracy,rank_optimized_joint,167.29641363694913,7.097448502849005,160.19896513410015,168.0654200390129,0,0,0.001953125,0.703125
well_pressure,5,rmse_p,final_accuracy,original_basis_optimized_recovery,0.2840371483908556,0.5502893519802237,-0.2662522035893681,-0.27571995424598117,10,0,0.001953125,0.703125
well_pressure,5,rmse_so,final_accuracy,original_basis_optimized_recovery,0.2689698690988922,0.01419076404739875,0.2547791050514935,0.2563081386933356,0,0,0.001953125,0.703125
well_pressure,5,score,final_accuracy,original_basis_optimized_recovery,167.29641363694913,8.695580236392715,158.60083340055644,165.6785590550109,0,0,0.001953125,0.703125
well_pressure,5,rmse_p,final_accuracy,prior+IDW,0.2840371483908556,0.5301010322457088,-0.24606388385485328,-0.1376274768506248,10,0,0.001953125,0.703125
well_pressure,5,rmse_so,final_accuracy,prior+IDW,0.2689698690988922,0.0008386444083656299,0.26813122469052664,0.2682722085929291,0,0,0.001953125,0.703125
well_pressure,5,score,final_accuracy,prior+IDW,167.29641363694913,0.7548497304269858,166.54156390652216,172.94652120900417,0,0,0.001953125,0.703125
well_pressure,6,rmse_p,final_accuracy,POD-E,0.23737417170908776,0.34662972080646115,-0.10925554909737338,-0.09814089449707165,9,0,0.00390625,0.87109375
well_pressure,6,rmse_so,final_accuracy,POD-E,0.2689698690988922,0.01082283563463921,0.258147033464253,0.25889005225168943,0,0,0.001953125,0.703125
well_pressure,6,score,final_accuracy,POD-E,167.2723307971467,6.930135361709127,160.3421954354376,166.58935804929249,0,0,0.001953125,0.703125
well_pressure,6,rmse_p,final_pareto,POD-E,0.2560714734759496,0.34662972080646115,-0.09055824733051163,-0.08972190997832252,8,0,0.037109375,1.0
well_pressure,6,rmse_so,final_pareto,POD-E,0.2689698690988922,0.01082283563463921,0.258147033464253,0.25889005225168943,0,0,0.001953125,0.703125
well_pressure,6,score,final_pareto,POD-E,167.28795133408602,6.930135361709127,160.3578159723769,166.65321450279296,0,0,0.001953125,0.703125
well_pressure,6,rmse_p,final_accuracy,rank_optimized_joint,0.23737417170908776,0.24280622198601337,-0.00543205027692561,-0.0028410018682915456,7,0,0.232421875,1.0
well_pressure,6,rmse_so,final_accuracy,rank_optimized_joint,0.2689698690988922,0.01382253893904154,0.25514733015985064,0.2578156508677518,0,0,0.001953125,0.703125
well_pressure,6,score,final_accuracy,rank_optimized_joint,167.2723307971467,8.439479133471366,158.83285166367534,167.9939038711759,0,0,0.001953125,0.703125
well_pressure,6,rmse_p,final_accuracy,original_basis_optimized_recovery,0.23737417170908776,0.5262852202998405,-0.2889110485907527,-0.3080480174091904,10,0,0.001953125,0.703125
well_pressure,6,rmse_so,final_accuracy,original_basis_optimized_recovery,0.2689698690988922,0.01569194969123392,0.2532779194076583,0.2568746097305006,0,0,0.001953125,0.703125
well_pressure,6,score,final_accuracy,original_basis_optimized_recovery,167.2723307971467,9.851845517599276,157.42048527954745,165.5466868504106,0,0,0.001953125,0.703125
well_pressure,6,rmse_p,final_accuracy,prior+IDW,0.23737417170908776,0.5400892494309717,-0.3027150777218837,-0.25747130195928725,10,0,0.001953125,0.703125
well_pressure,6,rmse_so,final_accuracy,prior+IDW,0.2689698690988922,0.0008386444083656299,0.26813122469052664,0.2682722085929291,0,0,0.001953125,0.703125
well_pressure,6,score,final_accuracy,prior+IDW,167.2723307971467,0.7506093876503345,166.52172140949637,173.03169121773016,0,0,0.001953125,0.703125
well_pressure,7,rmse_p,final_accuracy,POD-E,0.23697297327599473,0.3346583860746375,-0.09768541279864273,-0.08932300239662215,8,0,0.01953125,1.0
well_pressure,7,rmse_so,final_accuracy,POD-E,0.2689698690988922,0.011191464861590169,0.25777840423730203,0.2585083643751974,0,0,0.001953125,0.703125
well_pressure,7,score,final_accuracy,POD-E,167.27221166013106,7.136676223403316,160.13553543672774,166.2659684894085,0,0,0.001953125,0.703125
well_pressure,7,rmse_p,final_pareto,POD-E,0.23915390916654977,0.3346583860746375,-0.09550447690808771,-0.08284335767888369,8,0,0.013671875,1.0
well_pressure,7,rmse_so,final_pareto,POD-E,0.2689698690988922,0.011191464861590169,0.25777840423730203,0.2585083643751974,0,0,0.001953125,0.703125
well_pressure,7,score,final_pareto,POD-E,167.27438929800218,7.136676223403316,160.13771307459885,166.26394606678866,0,0,0.001953125,0.703125
well_pressure,7,rmse_p,final_accuracy,rank_optimized_joint,0.23697297327599473,0.22995817902553228,0.007014794250462461,-0.0010580492242141387,5,0,0.921875,1.0
well_pressure,7,rmse_so,final_accuracy,rank_optimized_joint,0.2689698690988922,0.01332628128828899,0.25564358781060326,0.25756246602484645,0,0,0.001953125,0.703125
well_pressure,7,score,final_accuracy,rank_optimized_joint,167.27221166013106,8.120517289961573,159.15169437016948,167.74059372067617,0,0,0.001953125,0.703125
well_pressure,7,rmse_p,final_accuracy,original_basis_optimized_recovery,0.23697297327599473,0.5249701177981726,-0.28799714452217784,-0.302402816590016,10,0,0.001953125,0.703125
well_pressure,7,rmse_so,final_accuracy,original_basis_optimized_recovery,0.2689698690988922,0.01622392427407042,0.2527459448248218,0.2557408903150633,0,0,0.001953125,0.703125
well_pressure,7,score,final_accuracy,original_basis_optimized_recovery,167.27221166013106,10.339108389056978,156.93310327107406,163.99822675561094,0,0,0.001953125,0.703125
well_pressure,7,rmse_p,final_accuracy,prior+IDW,0.23697297327599473,0.5470903793447126,-0.310117406068718,-0.24032331797371392,9,0,0.009765625,1.0
well_pressure,7,rmse_so,final_accuracy,prior+IDW,0.2689698690988922,0.0008386444083656299,0.26813122469052664,0.2682722085929291,0,0,0.001953125,0.703125
well_pressure,7,score,final_accuracy,prior+IDW,167.27221166013106,0.752172558970192,166.52003910116088,173.0809402934678,0,0,0.001953125,0.703125
well_pressure,8,rmse_p,final_accuracy,POD-E,0.27929802921844693,0.3735229954298799,-0.09422496621143292,-0.15945356621186246,8,0,0.10546875,1.0
well_pressure,8,rmse_so,final_accuracy,POD-E,0.2689698690988922,0.01167757058341594,0.2572922985154763,0.25765101177104166,0,0,0.001953125,0.703125
well_pressure,8,score,final_accuracy,POD-E,167.277980929099,7.357333509504203,159.9206474195948,166.92076377404672,0,0,0.001953125,0.703125
well_pressure,8,rmse_p,final_pareto,POD-E,0.23513331625221312,0.3735229954298799,-0.13838967917766679,-0.1494883185957433,10,0,0.001953125,0.703125
well_pressure,8,rmse_so,final_pareto,POD-E,0.2689698690988922,0.01167757058341594,0.2572922985154763,0.25765101177104166,0,0,0.001953125,0.703125
well_pressure,8,score,final_pareto,POD-E,167.26400622957664,7.357333509504203,159.90667272007244,166.9045976157645,0,0,0.001953125,0.703125
well_pressure,8,rmse_p,final_accuracy,rank_optimized_joint,0.27929802921844693,0.2830312743206731,-0.003733245102226121,-0.014536301000975305,6,0,0.4921875,1.0
well_pressure,8,rmse_so,final_accuracy,rank_optimized_joint,0.2689698690988922,0.013559890642800198,0.25540997845609203,0.2582183295751796,0,0,0.001953125,0.703125
well_pressure,8,score,final_accuracy,rank_optimized_joint,167.277980929099,7.918105867256588,159.35987506184242,165.92004602316433,0,0,0.001953125,0.703125
well_pressure,8,rmse_p,final_accuracy,original_basis_optimized_recovery,0.27929802921844693,0.5341910622021233,-0.25489303298367627,-0.24303131193680932,10,0,0.001953125,0.703125
well_pressure,8,rmse_so,final_accuracy,original_basis_optimized_recovery,0.2689698690988922,0.016741443764748423,0.2522284253341438,0.25372363529467257,0,0,0.001953125,0.703125
well_pressure,8,score,final_accuracy,original_basis_optimized_recovery,167.277980929099,10.319762988921235,156.95821794017778,162.14779789528046,0,0,0.001953125,0.703125
well_pressure,8,rmse_p,final_accuracy,prior+IDW,0.27929802921844693,0.40377974929883587,-0.12448172008038885,-0.10983442280262265,8,0,0.01953125,1.0
well_pressure,8,rmse_so,final_accuracy,prior+IDW,0.2689698690988922,0.0008386444083656299,0.26813122469052664,0.2682722085929291,0,0,0.001953125,0.703125
well_pressure,8,score,final_accuracy,prior+IDW,167.277980929099,0.6970370058411388,166.58094392325788,173.06230115419044,0,0,0.001953125,0.703125
well_pressure,9,rmse_p,final_accuracy,POD-E,0.2911817494393776,0.3794314133414273,-0.08824966390204977,-0.14473264681059544,8,0,0.10546875,1.0
well_pressure,9,rmse_so,final_accuracy,POD-E,0.2689698690988922,0.0117523311967363,0.2572175379021559,0.257454982878624,0,0,0.001953125,0.703125
well_pressure,9,score,final_accuracy,POD-E,167.282991336448,7.4027465667999675,159.880244769648,166.92442318963796,0,0,0.001953125,0.703125
well_pressure,9,rmse_p,final_pareto,POD-E,0.23468986473458356,0.3794314133414273,-0.14474154860684385,-0.1510030892136576,10,0,0.001953125,0.703125
well_pressure,9,rmse_so,final_pareto,POD-E,0.2689698690988922,0.0117523311967363,0.2572175379021559,0.257454982878624,0,0,0.001953125,0.703125
well_pressure,9,score,final_pareto,POD-E,167.26475997939752,7.4027465667999675,159.86201341259752,166.9090139514506,0,0,0.001953125,0.703125
well_pressure,9,rmse_p,final_accuracy,rank_optimized_joint,0.2911817494393776,0.28418878339028286,0.006992966049094723,-0.007866194562461598,5,0,0.921875,1.0
well_pressure,9,rmse_so,final_accuracy,rank_optimized_joint,0.2689698690988922,0.013319732691265448,0.25565013640762674,0.2580821272147499,0,0,0.001953125,0.703125
well_pressure,9,score,final_accuracy,rank_optimized_joint,167.282991336448,7.92532838335503,159.35766295309296,164.46487178118485,0,0,0.001953125,0.703125
well_pressure,9,rmse_p,final_accuracy,original_basis_optimized_recovery,0.2911817494393776,0.5236608236060702,-0.23247907416669272,-0.23817636804137687,9,0,0.00390625,0.87109375
well_pressure,9,rmse_so,final_accuracy,original_basis_optimized_recovery,0.2689698690988922,0.015855889696260277,0.2531139794026319,0.2550100801751112,0,0,0.001953125,0.703125
well_pressure,9,score,final_accuracy,original_basis_optimized_recovery,167.282991336448,9.789766754179935,157.49322458226806,163.36327232355615,0,0,0.001953125,0.703125
well_pressure,9,rmse_p,final_accuracy,prior+IDW,0.2911817494393776,0.40688137855201384,-0.1156996291126362,-0.07754802322630551,8,0,0.037109375,1.0
well_pressure,9,rmse_so,final_accuracy,prior+IDW,0.2689698690988922,0.0008386444083656299,0.26813122469052664,0.2682722085929291,0,0,0.001953125,0.703125
well_pressure,9,score,final_accuracy,prior+IDW,167.282991336448,0.6976702082270391,166.5853211282209,173.07075659016124,0,0,0.001953125,0.703125
well_pressure,10,rmse_p,final_accuracy,POD-E,0.2277038042272519,0.38109864922979525,-0.15339484500254344,-0.1495158537446757,10,0,0.001953125,0.703125
well_pressure,10,rmse_so,final_accuracy,POD-E,0.2689698690988922,0.01172659006851762,0.2572432790303746,0.2576999916667636,0,0,0.001953125,0.703125
well_pressure,10,score,final_accuracy,POD-E,167.26198806390983,7.407990210442728,159.8539978534671,166.93891048093636,0,0,0.001953125,0.703125
well_pressure,10,rmse_p,final_pareto,POD-E,0.22259218757700414,0.38109864922979525,-0.15850646165279114,-0.16707345030120865,10,0,0.001953125,0.703125
well_pressure,10,rmse_so,final_pareto,POD-E,0.2689698690988922,0.01172659006851762,0.2572432790303746,0.2576999916667636,0,0,0.001953125,0.703125
well_pressure,10,score,final_pareto,POD-E,167.2609633060129,7.407990210442728,159.85297309557018,166.94646504356882,0,0,0.001953125,0.703125
well_pressure,10,rmse_p,final_accuracy,rank_optimized_joint,0.2277038042272519,0.26201092586736385,-0.03430712164011193,-0.00881884171438456,7,0,0.130859375,1.0
well_pressure,10,rmse_so,final_accuracy,rank_optimized_joint,0.2689698690988922,0.01243201205699312,0.25653785704189913,0.25781661967674957,0,0,0.001953125,0.703125
well_pressure,10,score,final_accuracy,rank_optimized_joint,167.26198806390983,7.584106101419802,159.67788196249006,164.4599820250457,0,0,0.001953125,0.703125
well_pressure,10,rmse_p,final_accuracy,original_basis_optimized_recovery,0.2277038042272519,0.513886280706131,-0.286182476478879,-0.2817499788405123,10,0,0.001953125,0.703125
well_pressure,10,rmse_so,final_accuracy,original_basis_optimized_recovery,0.2689698690988922,0.017096646423781774,0.2518732226751104,0.25377944295978283,0,0,0.001953125,0.703125
well_pressure,10,score,final_accuracy,original_basis_optimized_recovery,167.26198806390983,10.599038204464026,156.66294985944583,163.55000305504842,0,0,0.001953125,0.703125
well_pressure,10,rmse_p,final_accuracy,prior+IDW,0.2277038042272519,0.39737648740527,-0.16967268317801806,-0.1757564555314437,8,0,0.009765625,1.0
well_pressure,10,rmse_so,final_accuracy,prior+IDW,0.2689698690988922,0.0008386444083656299,0.26813122469052664,0.2682722085929291,0,0,0.001953125,0.703125
well_pressure,10,score,final_accuracy,prior+IDW,167.26198806390983,0.6943298223226761,166.56765824158717,173.05199215835603,0,0,0.001953125,0.703125
well_pressure,11,rmse_p,final_accuracy,POD-E,0.22931389786179693,0.36356720577755797,-0.13425330791576098,-0.15106604062670959,10,0,0.001953125,0.703125
well_pressure,11,rmse_so,final_accuracy,POD-E,0.2689698690988922,0.01175261113534138,0.2572172579635508,0.2575357069560984,0,0,0.001953125,0.703125
well_pressure,11,score,final_accuracy,POD-E,167.26249673871968,7.403058894078972,159.8594378446407,166.96844788063333,0,0,0.001953125,0.703125
well_pressure,11,rmse_p,final_pareto,POD-E,0.21903124612427255,0.36356720577755797,-0.1445359596532854,-0.16069729686468398,9,0,0.00390625,0.87109375
well_pressure,11,rmse_so,final_pareto,POD-E,0.2689698690988922,0.01175261113534138,0.2572172579635508,0.2575357069560984,0,0,0.001953125,0.703125
well_pressure,11,score,final_pareto,POD-E,167.25571034682818,7.403058894078972,159.8526514527492,166.95065972392655,0,0,0.001953125,0.703125
well_pressure,11,rmse_p,final_accuracy,rank_optimized_joint,0.22931389786179693,0.2701106411065982,-0.04079674324480131,-0.018168455379428433,8,0,0.083984375,1.0
well_pressure,11,rmse_so,final_accuracy,rank_optimized_joint,0.2689698690988922,0.012333224843617391,0.2566366442552748,0.25788106110551845,0,0,0.001953125,0.703125
well_pressure,11,score,final_accuracy,rank_optimized_joint,167.26249673871968,7.60476201848391,159.6577347202358,165.0189255197143,0,0,0.001953125,0.703125
well_pressure,11,rmse_p,final_accuracy,original_basis_optimized_recovery,0.22931389786179693,0.5156662828338182,-0.2863523849720213,-0.27416870802250337,10,0,0.001953125,0.703125
well_pressure,11,rmse_so,final_accuracy,original_basis_optimized_recovery,0.2689698690988922,0.01686388503076799,0.2521059840681242,0.2542728463310916,0,0,0.001953125,0.703125
well_pressure,11,score,final_accuracy,original_basis_optimized_recovery,167.26249673871968,10.468973738817729,156.79352299990197,164.84206669520643,0,0,0.001953125,0.703125
well_pressure,11,rmse_p,final_accuracy,prior+IDW,0.22931389786179693,0.3910495353088397,-0.16173563744704272,-0.1551919491454979,8,0,0.009765625,1.0
well_pressure,11,rmse_so,final_accuracy,prior+IDW,0.2689698690988922,0.0008386444083656299,0.26813122469052664,0.2682722085929291,0,0,0.001953125,0.703125
well_pressure,11,score,final_accuracy,prior+IDW,167.26249673871968,0.6875279303033588,166.57496880841632,173.07348876055454,0,0,0.001953125,0.703125
well_pressure,12,rmse_p,final_accuracy,POD-E,0.22884108454429813,0.37251582941112626,-0.1436747448668281,-0.13778793528352695,10,0,0.001953125,0.703125
well_pressure,12,rmse_so,final_accuracy,POD-E,0.2689698690988922,0.0114090806814307,0.2575607884174615,0.2579274828980285,0,0,0.001953125,0.703125
well_pressure,12,score,final_accuracy,POD-E,167.26605390596075,7.231205684057781,160.03484822190296,166.83325040361518,0,0,0.001953125,0.703125
well_pressure,12,rmse_p,final_pareto,POD-E,0.22334941719104773,0.37251582941112626,-0.1491664122200785,-0.14657748546016058,10,0,0.001953125,0.703125
well_pressure,12,rmse_so,final_pareto,POD-E,0.2689698690988922,0.0114090806814307,0.2575607884174615,0.2579274828980285,0,0,0.001953125,0.703125
well_pressure,12,score,final_pareto,POD-E,167.26377966172748,7.231205684057781,160.03257397766976,166.8222949889457,0,0,0.001953125,0.703125
well_pressure,12,rmse_p,final_accuracy,rank_optimized_joint,0.22884108454429813,0.29187646509820053,-0.06303538055390238,-0.014874338879225096,7,0,0.16015625,1.0
well_pressure,12,rmse_so,final_accuracy,rank_optimized_joint,0.2689698690988922,0.013383615904573192,0.25558625319431905,0.2585806019972934,0,0,0.001953125,0.703125
well_pressure,12,score,final_accuracy,rank_optimized_joint,167.26605390596075,8.186132513467786,159.07992139249296,165.80421424916096,0,0,0.001953125,0.703125
well_pressure,12,rmse_p,final_accuracy,original_basis_optimized_recovery,0.22884108454429813,0.5329185252419055,-0.30407744069760745,-0.2994192327803036,10,0,0.001953125,0.703125
well_pressure,12,rmse_so,final_accuracy,original_basis_optimized_recovery,0.2689698690988922,0.01782954880203731,0.2511403202968549,0.25488272475002505,0,0,0.001953125,0.703125
well_pressure,12,score,final_accuracy,original_basis_optimized_recovery,167.26605390596075,11.105908068395715,156.160145837565,164.52261447614163,0,0,0.001953125,0.703125
well_pressure,12,rmse_p,final_accuracy,prior+IDW,0.22884108454429813,0.40743899797492017,-0.17859791343062204,-0.1721293265462509,9,0,0.013671875,1.0
well_pressure,12,rmse_so,final_accuracy,prior+IDW,0.2689698690988922,0.0008386444083656299,0.26813122469052664,0.2682722085929291,0,0,0.001953125,0.703125
well_pressure,12,score,final_accuracy,prior+IDW,167.26605390596075,0.696844360560959,166.56920954539976,173.08520284732032,0,0,0.001953125,0.703125
well_pressure,13,rmse_p,final_accuracy,POD-E,0.2055099223558671,0.3762283556850202,-0.17071843332915304,-0.15955377246463953,10,0,0.001953125,0.703125
well_pressure,13,rmse_so,final_accuracy,POD-E,0.2689698690988922,0.01153961628331173,0.2574302528155805,0.25765056802289277,0,0,0.001953125,0.703125
well_pressure,13,score,final_accuracy,POD-E,167.25370313887282,7.320302035437696,159.93340110343513,166.41442099020014,0,0,0.001953125,0.703125
well_pressure,13,rmse_p,final_pareto,POD-E,0.17496950862764285,0.3762283556850202,-0.20125884705737734,-0.1930008427011131,10,0,0.001953125,0.703125
well_pressure,13,rmse_so,final_pareto,POD-E,0.2689698690988922,0.01153961628331173,0.2574302528155805,0.25765056802289277,0,0,0.001953125,0.703125
well_pressure,13,score,final_pareto,POD-E,167.23178298859085,7.320302035437696,159.91148095315316,166.34098731127278,0,0,0.001953125,0.703125
well_pressure,13,rmse_p,final_accuracy,rank_optimized_joint,0.2055099223558671,0.26739583213746193,-0.061885909781594806,-0.014309454586325349,8,0,0.083984375,1.0
well_pressure,13,rmse_so,final_accuracy,rank_optimized_joint,0.2689698690988922,0.01459084673701207,0.25437902236188015,0.25681874990530285,0,0,0.001953125,0.703125
well_pressure,13,score,final_accuracy,rank_optimized_joint,167.25370313887282,8.912341164763909,158.34136197410893,164.9896286373972,0,0,0.001953125,0.703125
well_pressure,13,rmse_p,final_accuracy,original_basis_optimized_recovery,0.2055099223558671,0.5405876956955012,-0.33507777333963407,-0.31864402979798623,10,0,0.001953125,0.703125
well_pressure,13,rmse_so,final_accuracy,original_basis_optimized_recovery,0.2689698690988922,0.022964633540067468,0.24600523555882475,0.24528445762752205,0,0,0.001953125,0.703125
well_pressure,13,score,final_accuracy,original_basis_optimized_recovery,167.25370313887282,14.368383156425503,152.88531998244736,161.78206135608218,0,0,0.001953125,0.703125
well_pressure,13,rmse_p,final_accuracy,prior+IDW,0.2055099223558671,0.42749460292137326,-0.22198468056550613,-0.1979509259372534,9,0,0.00390625,0.87109375
well_pressure,13,rmse_so,final_accuracy,prior+IDW,0.2689698690988922,0.0008386444083656299,0.26813122469052664,0.2682722085929291,0,0,0.001953125,0.703125
well_pressure,13,score,final_accuracy,prior+IDW,167.25370313887282,0.7038832432794353,166.54981989559343,173.04011739574554,0,0,0.001953125,0.703125
well_pressure,14,rmse_p,final_accuracy,POD-E,0.2117937909848521,0.3641177590280705,-0.1523239680432184,-0.1359765003797342,10,0,0.001953125,0.703125
well_pressure,14,rmse_so,final_accuracy,POD-E,0.2689698690988922,0.011719166621985438,0.2572507024769068,0.2573677566430386,0,0,0.001953125,0.703125
well_pressure,14,score,final_accuracy,POD-E,167.25442120720217,7.431606912142056,159.8228142950601,166.39289792767192,0,0,0.001953125,0.703125
well_pressure,14,rmse_p,final_pareto,POD-E,0.17279373747247412,0.3641177590280705,-0.19132402155559636,-0.1732671126691282,10,0,0.001953125,0.703125
well_pressure,14,rmse_so,final_pareto,POD-E,0.2689698690988922,0.011719166621985438,0.2572507024769068,0.2573677566430386,0,0,0.001953125,0.703125
well_pressure,14,score,final_pareto,POD-E,167.23069429178616,7.431606912142056,159.79908737964413,166.334214956759,0,0,0.001953125,0.703125
well_pressure,14,rmse_p,final_accuracy,rank_optimized_joint,0.2117937909848521,0.2842787613160006,-0.07248497033114853,-0.01407656660784401,7,0,0.275390625,1.0
well_pressure,14,rmse_so,final_accuracy,rank_optimized_joint,0.2689698690988922,0.01544170256960709,0.2535281665292851,0.2545974396834956,0,0,0.001953125,0.703125
well_pressure,14,score,final_accuracy,rank_optimized_joint,167.25442120720217,9.351163548406705,157.90325765879547,164.43945054184672,0,0,0.001953125,0.703125
well_pressure,14,rmse_p,final_accuracy,original_basis_optimized_recovery,0.2117937909848521,0.6042168009599002,-0.3924230099750481,-0.4221658132433691,10,0,0.001953125,0.703125
well_pressure,14,rmse_so,final_accuracy,original_basis_optimized_recovery,0.2689698690988922,0.029624509385749804,0.23934535971314244,0.2412120087300315,0,0,0.001953125,0.703125
well_pressure,14,score,final_accuracy,original_basis_optimized_recovery,167.25442120720217,18.38576130097157,148.8686599062306,150.4702224831622,0,0,0.001953125,0.703125
well_pressure,14,rmse_p,final_accuracy,prior+IDW,0.2117937909848521,0.4186922131629524,-0.20689842217810034,-0.16415267995505173,10,0,0.001953125,0.703125
well_pressure,14,rmse_so,final_accuracy,prior+IDW,0.2689698690988922,0.0008386444083656299,0.26813122469052664,0.2682722085929291,0,0,0.001953125,0.703125
well_pressure,14,score,final_accuracy,prior+IDW,167.25442120720217,0.696678262207646,166.55774294499457,173.04139878548804,0,0,0.001953125,0.703125
well_pressure,15,rmse_p,final_accuracy,POD-E,0.18772999643282812,0.35294228999141264,-0.16521229355858447,-0.1465717607614909,10,0,0.001953125,0.703125
well_pressure,15,rmse_so,final_accuracy,POD-E,0.2689698690988922,0.011576042036818831,0.25739382706207337,0.25776043786197855,0,0,0.001953125,0.703125
well_pressure,15,score,final_accuracy,POD-E,167.24482320310844,7.366676377365858,159.8781468257426,166.41476255025046,0,0,0.001953125,0.703125
well_pressure,15,rmse_p,final_pareto,POD-E,0.194830099990766,0.35294228999141264,-0.1581121900006466,-0.13009013767331679,10,0,0.001953125,0.703125
well_pressure,15,rmse_so,final_pareto,POD-E,0.2689698690988922,0.011576042036818831,0.25739382706207337,0.25776043786197855,0,0,0.001953125,0.703125
well_pressure,15,score,final_pareto,POD-E,167.2445702184557,7.366676377365858,159.87789384108981,166.40088419980486,0,0,0.001953125,0.703125
well_pressure,15,rmse_p,final_accuracy,rank_optimized_joint,0.18772999643282812,0.2733717361567415,-0.08564173972391334,-0.0326140471632165,6,0,0.10546875,1.0
well_pressure,15,rmse_so,final_accuracy,rank_optimized_joint,0.2689698690988922,0.0156540895376018,0.2533157795612904,0.2520711369369034,0,0,0.001953125,0.703125
well_pressure,15,score,final_accuracy,rank_optimized_joint,167.24482320310844,9.575843461542117,157.66897974156632,162.6620089552897,0,0,0.001953125,0.703125
well_pressure,15,rmse_p,final_accuracy,original_basis_optimized_recovery,0.18772999643282812,0.5761389184188802,-0.388408921986052,-0.3338059376103469,10,0,0.001953125,0.703125
well_pressure,15,rmse_so,final_accuracy,original_basis_optimized_recovery,0.2689698690988922,0.036364977517602856,0.2326048915812894,0.2437190281957774,0,0,0.001953125,0.703125
well_pressure,15,score,final_accuracy,original_basis_optimized_recovery,167.24482320310844,22.40093850796916,144.84388469513925,152.86287741268978,0,0,0.001953125,0.703125
well_pressure,15,rmse_p,final_accuracy,prior+IDW,0.18772999643282812,0.3958946112099381,-0.20816461477710996,-0.15132285723571653,10,0,0.001953125,0.703125
well_pressure,15,rmse_so,final_accuracy,prior+IDW,0.2689698690988922,0.0008386444083656299,0.26813122469052664,0.2682722085929291,0,0,0.001953125,0.703125
well_pressure,15,score,final_accuracy,prior+IDW,167.24482320310844,0.6862134386469482,166.55860976446147,173.05522113331747,0,0,0.001953125,0.703125
well_pressure,16,rmse_p,final_accuracy,POD-E,0.17722250614243912,0.3536702756314226,-0.17644776948898352,-0.1549791577142199,10,0,0.001953125,0.703125
well_pressure,16,rmse_so,final_accuracy,POD-E,0.2689698690988922,0.011574615287464752,0.25739525381142747,0.25770419245557075,0,0,0.001953125,0.703125
well_pressure,16,score,final_accuracy,POD-E,167.23652612943533,7.3657327434866655,159.8707933859487,166.42379507446702,0,0,0.001953125,0.703125
well_pressure,16,rmse_p,final_pareto,POD-E,0.18976970296847914,0.3536702756314226,-0.1639005726629435,-0.14707123487440232,10,0,0.001953125,0.703125
well_pressure,16,rmse_so,final_pareto,POD-E,0.2689698690988922,0.011574615287464752,0.25739525381142747,0.25770419245557075,0,0,0.001953125,0.703125
well_pressure,16,score,final_pareto,POD-E,167.23979336433712,7.3657327434866655,159.87406062085046,166.4020085954,0,0,0.001953125,0.703125
well_pressure,16,rmse_p,final_accuracy,rank_optimized_joint,0.17722250614243912,0.262986544280953,-0.08576403813851392,-0.04195002612673494,8,0,0.064453125,1.0
well_pressure,16,rmse_so,final_accuracy,rank_optimized_joint,0.2689698690988922,0.01476480030398018,0.25420506879491206,0.25379445351529695,0,0,0.001953125,0.703125
well_pressure,16,score,final_accuracy,rank_optimized_joint,167.23652612943533,9.088467321612688,158.14805880782265,164.3872404807699,0,0,0.001953125,0.703125
well_pressure,16,rmse_p,final_accuracy,original_basis_optimized_recovery,0.17722250614243912,0.6018583644983319,-0.4246358583558928,-0.3362965361426657,10,0,0.001953125,0.703125
well_pressure,16,rmse_so,final_accuracy,original_basis_optimized_recovery,0.2689698690988922,0.03838276785960685,0.23058710123928536,0.23916653076592384,0,0,0.001953125,0.703125
well_pressure,16,score,final_accuracy,original_basis_optimized_recovery,167.23652612943533,24.298914826173366,142.93761130326197,144.12001157799887,0,0,0.001953125,0.703125
well_pressure,16,rmse_p,final_accuracy,prior+IDW,0.17722250614243912,0.3809889579994182,-0.203766451856979,-0.16692893316792595,10,0,0.001953125,0.703125
well_pressure,16,rmse_so,final_accuracy,prior+IDW,0.2689698690988922,0.0008386444083656299,0.26813122469052664,0.2682722085929291,0,0,0.001953125,0.703125
well_pressure,16,score,final_accuracy,prior+IDW,167.23652612943533,0.6807039839260296,166.55582214550932,173.03091131814733,0,0,0.001953125,0.703125
well_pressure,17,rmse_p,final_accuracy,POD-E,0.18544835208177218,0.3353744567438336,-0.14992610466206138,-0.12867162025925005,10,0,0.001953125,0.703125
well_pressure,17,rmse_so,final_accuracy,POD-E,0.2689698690988922,0.011355769367453892,0.2576140997314383,0.25816775717281,0,0,0.001953125,0.703125
well_pressure,17,score,final_accuracy,POD-E,167.24020430703283,7.16475845295807,160.07544585407476,166.8413967572294,0,0,0.001953125,0.703125
well_pressure,17,rmse_p,final_pareto,POD-E,0.2022259580153185,0.3353744567438336,-0.13314849872851509,-0.12379159520447651,9,0,0.00390625,0.87109375
well_pressure,17,rmse_so,final_pareto,POD-E,0.2689698690988922,0.011355769367453892,0.2576140997314383,0.25816775717281,0,0,0.001953125,0.703125
well_pressure,17,score,final_pareto,POD-E,167.2438815977694,7.16475845295807,160.0791231448113,166.82103047069103,0,0,0.001953125,0.703125
well_pressure,17,rmse_p,final_accuracy,rank_optimized_joint,0.18544835208177218,0.20616224466270014,-0.020713892580927994,0.016553285984835603,4,0,0.76953125,1.0
well_pressure,17,rmse_so,final_accuracy,rank_optimized_joint,0.2689698690988922,0.01425206193513508,0.2547178071637571,0.2556353956825068,0,0,0.001953125,0.703125
well_pressure,17,score,final_accuracy,rank_optimized_joint,167.24020430703283,8.659858111358746,158.5803461956741,163.45686856486552,0,0,0.001953125,0.703125
well_pressure,17,rmse_p,final_accuracy,original_basis_optimized_recovery,0.18544835208177218,0.5460912064703045,-0.3606428543885324,-0.3285646564399484,10,0,0.001953125,0.703125
well_pressure,17,rmse_so,final_accuracy,original_basis_optimized_recovery,0.2689698690988922,0.04115679732830123,0.22781307177059099,0.23977474298856294,0,0,0.001953125,0.703125
well_pressure,17,score,final_accuracy,original_basis_optimized_recovery,167.24020430703283,25.595832117151396,141.64437218988147,148.7861818903626,0,0,0.001953125,0.703125
well_pressure,17,rmse_p,final_accuracy,prior+IDW,0.18544835208177218,0.3815581324933516,-0.1961097804115794,-0.18740612166756693,10,0,0.001953125,0.703125
well_pressure,17,rmse_so,final_accuracy,prior+IDW,0.2689698690988922,0.0008386444083656299,0.26813122469052664,0.2682722085929291,0,0,0.001953125,0.703125
well_pressure,17,score,final_accuracy,prior+IDW,167.24020430703283,0.6781970883186259,166.5620072187142,173.0496868070806,0,0,0.001953125,0.703125
well_pressure,18,rmse_p,final_accuracy,POD-E,0.17316978738216926,0.31337366316482906,-0.14020387578265986,-0.15207038817602644,10,0,0.001953125,0.703125
well_pressure,18,rmse_so,final_accuracy,POD-E,0.2689698690988922,0.011226730268276221,0.257743138830616,0.25807261309608265,0,0,0.001953125,0.703125
well_pressure,18,score,final_accuracy,POD-E,167.23214129326578,7.089717594300941,160.14242369896482,166.9797044156247,0,0,0.001953125,0.703125
well_pressure,18,rmse_p,final_pareto,POD-E,0.16954568850308438,0.31337366316482906,-0.14382797466174477,-0.1451794413965531,10,0,0.001953125,0.703125
well_pressure,18,rmse_so,final_pareto,POD-E,0.2689698690988922,0.011226730268276221,0.257743138830616,0.25807261309608265,0,0,0.001953125,0.703125
well_pressure,18,score,final_pareto,POD-E,167.24116973007244,7.089717594300941,160.15145213577148,167.06734893563493,0,0,0.001953125,0.703125
well_pressure,18,rmse_p,final_accuracy,rank_optimized_joint,0.17316978738216926,0.20742037157771978,-0.03425058419555048,-0.014363999668666264,6,0,0.4921875,1.0
well_pressure,18,rmse_so,final_accuracy,rank_optimized_joint,0.2689698690988922,0.01335008785520673,0.25561978124368545,0.2573847789129369,0,0,0.001953125,0.703125
well_pressure,18,score,final_accuracy,rank_optimized_joint,167.23214129326578,8.220886075190432,159.01125521807532,166.99052168256264,0,0,0.001953125,0.703125
well_pressure,18,rmse_p,final_accuracy,original_basis_optimized_recovery,0.17316978738216926,0.4841115711726542,-0.3109417837904849,-0.2888476963220846,10,0,0.001953125,0.703125
well_pressure,18,rmse_so,final_accuracy,original_basis_optimized_recovery,0.2689698690988922,0.030063781947086803,0.2389060871518054,0.250068859990225,0,0,0.001953125,0.703125
well_pressure,18,score,final_accuracy,original_basis_optimized_recovery,167.23214129326578,18.083549157866,149.14859213539975,166.18274672886025,0,0,0.001953125,0.703125
well_pressure,18,rmse_p,final_accuracy,prior+IDW,0.17316978738216926,0.4130837158088543,-0.23991392842668505,-0.22624203264987525,10,0,0.001953125,0.703125
well_pressure,18,rmse_so,final_accuracy,prior+IDW,0.2689698690988922,0.0008386444083656299,0.26813122469052664,0.2682722085929291,0,0,0.001953125,0.703125
well_pressure,18,score,final_accuracy,prior+IDW,167.23214129326578,0.6906038772852477,166.54153741598054,173.0275626629296,0,0,0.001953125,0.703125
well_pressure,19,rmse_p,final_accuracy,POD-E,0.16224737912029535,0.31354129483695015,-0.1512939157166548,-0.15286017797030763,10,0,0.001953125,0.703125
well_pressure,19,rmse_so,final_accuracy,POD-E,0.2689698690988922,0.01126406515881311,0.25770580394007914,0.25789361090733565,0,0,0.001953125,0.703125
well_pressure,19,score,final_accuracy,POD-E,167.22883604189957,7.127600460107912,160.10123558179163,166.8312549399507,0,0,0.001953125,0.703125
well_pressure,19,rmse_p,final_pareto,POD-E,0.15600506176591666,0.31354129483695015,-0.1575362330710335,-0.1539178969044381,10,0,0.001953125,0.703125
well_pressure,19,rmse_so,final_pareto,POD-E,0.2689698690988922,0.01126406515881311,0.25770580394007914,0.25789361090733565,0,0,0.001953125,0.703125
well_pressure,19,score,final_pareto,POD-E,167.23328653880978,7.127600460107912,160.10568607870186,166.89736230913135,0,0,0.001953125,0.703125
well_pressure,19,rmse_p,final_accuracy,rank_optimized_joint,0.16224737912029535,0.18648413786126466,-0.024236758740969293,-0.012219231335463807,5,0,0.76953125,1.0
well_pressure,19,rmse_so,final_accuracy,rank_optimized_joint,0.2689698690988922,0.01238179990897512,0.25658806918991706,0.2579745411307611,0,0,0.001953125,0.703125
well_pressure,19,score,final_accuracy,rank_optimized_joint,167.22883604189957,7.717649382296374,159.5111866596032,167.4458904338996,0,0,0.001953125,0.703125
well_pressure,19,rmse_p,final_accuracy,original_basis_optimized_recovery,0.16224737912029535,0.483142003418845,-0.32089462429854965,-0.30615193792405554,10,0,0.001953125,0.703125
well_pressure,19,rmse_so,final_accuracy,original_basis_optimized_recovery,0.2689698690988922,0.028835653742809237,0.24013421535608304,0.25048380165732137,0,0,0.001953125,0.703125
well_pressure,19,score,final_accuracy,original_basis_optimized_recovery,167.22883604189957,17.41470422743379,149.81413181446578,166.08276568392546,0,0,0.001953125,0.703125
well_pressure,19,rmse_p,final_accuracy,prior+IDW,0.16224737912029535,0.40622714789446723,-0.2439797687741719,-0.265638123359888,10,0,0.001953125,0.703125
well_pressure,19,rmse_so,final_accuracy,prior+IDW,0.2689698690988922,0.0008386444083656299,0.26813122469052664,0.2682722085929291,0,0,0.001953125,0.703125
well_pressure,19,score,final_accuracy,prior+IDW,167.22883604189957,0.6879030404771627,166.5409330014224,173.0324287405552,0,0,0.001953125,0.703125
well_pressure,20,rmse_p,final_accuracy,POD-E,0.1534033984480044,0.3048113045827855,-0.15140790613478114,-0.1505298586908534,9,0,0.00390625,0.87109375
well_pressure,20,rmse_so,final_accuracy,POD-E,0.2689698690988922,0.01104546625581968,0.25792440284307255,0.25792041128288185,0,0,0.001953125,0.703125
well_pressure,20,score,final_accuracy,POD-E,167.22367650776954,6.988259501725435,160.2354170060441,166.95567063867912,0,0,0.001953125,0.703125
well_pressure,20,rmse_p,final_pareto,POD-E,0.15338962161373024,0.3048113045827855,-0.15142168296905534,-0.1376972163974749,9,0,0.00390625,0.87109375
well_pressure,20,rmse_so,final_pareto,POD-E,0.2689698690988922,0.01104546625581968,0.25792440284307255,0.25792041128288185,0,0,0.001953125,0.703125
well_pressure,20,score,final_pareto,POD-E,167.2296231746928,6.988259501725435,160.24136367296737,167.01337772577227,0,0,0.001953125,0.703125
well_pressure,20,rmse_p,final_accuracy,rank_optimized_joint,0.1534033984480044,0.16030510376337392,-0.006901705315369526,4.567162122395829e-05,5,0,0.845703125,1.0
well_pressure,20,rmse_so,final_accuracy,rank_optimized_joint,0.2689698690988922,0.01270688654914508,0.25626298254974716,0.2574305415015571,0,0,0.001953125,0.703125
well_pressure,20,score,final_accuracy,rank_optimized_joint,167.22367650776954,8.028686387297256,159.19499012047226,165.7690079083938,0,0,0.001953125,0.703125
well_pressure,20,rmse_p,final_accuracy,original_basis_optimized_recovery,0.1534033984480044,0.4616326226924379,-0.30822922424443344,-0.2954899316456434,10,0,0.001953125,0.703125
well_pressure,20,rmse_so,final_accuracy,original_basis_optimized_recovery,0.2689698690988922,0.025724081124010877,0.24324578797488133,0.25215006883173374,0,0,0.001953125,0.703125
well_pressure,20,score,final_accuracy,original_basis_optimized_recovery,167.22367650776954,15.621892824298737,151.60178368347084,164.75451476040558,0,0,0.001953125,0.703125
well_pressure,20,rmse_p,final_accuracy,prior+IDW,0.1534033984480044,0.40319082271904705,-0.24978742427104267,-0.277513654317022,10,0,0.001953125,0.703125
well_pressure,20,rmse_so,final_accuracy,prior+IDW,0.2689698690988922,0.0008386444083656299,0.26813122469052664,0.2682722085929291,0,0,0.001953125,0.703125
well_pressure,20,score,final_accuracy,prior+IDW,167.22367650776954,0.6868439462676319,166.53683256150188,173.03902250267026,0,0,0.001953125,0.703125
well_pressure,21,rmse_p,final_accuracy,POD-E,0.1435600560158766,0.286878376268653,-0.14331832025277633,-0.1507889921810176,9,0,0.00390625,0.87109375
well_pressure,21,rmse_so,final_accuracy,POD-E,0.2689698690988922,0.01094729251106632,0.2580225765878259,0.25816515924124406,0,0,0.001953125,0.703125
well_pressure,21,score,final_accuracy,POD-E,167.21908419566452,6.938569385349719,160.2805148103148,166.80302000194982,0,0,0.001953125,0.703125
well_pressure,21,rmse_p,final_pareto,POD-E,0.1546972887137895,0.286878376268653,-0.13218108755486346,-0.1393781967634235,9,0,0.005859375,1.0
well_pressure,21,rmse_so,final_pareto,POD-E,0.2689698690988922,0.01094729251106632,0.2580225765878259,0.25816515924124406,0,0,0.001953125,0.703125
well_pressure,21,score,final_pareto,POD-E,167.2311744040767,6.938569385349719,160.292605018727,166.87932795262788,0,0,0.001953125,0.703125
well_pressure,21,rmse_p,final_accuracy,rank_optimized_joint,0.1435600560158766,0.13739398233649142,0.006166073679385188,0.009345481333632603,4,0,0.4921875,1.0
well_pressure,21,rmse_so,final_accuracy,rank_optimized_joint,0.2689698690988922,0.01354409503183129,0.25542577406706096,0.2577716404516007,0,0,0.001953125,0.703125
well_pressure,21,score,final_accuracy,rank_optimized_joint,167.21908419566452,8.484388871971792,158.73469532369273,166.3185829407971,0,0,0.001953125,0.703125
well_pressure,21,rmse_p,final_accuracy,original_basis_optimized_recovery,0.1435600560158766,0.45066697138580514,-0.3071069153699285,-0.2961510480790132,10,0,0.001953125,0.703125
well_pressure,21,rmse_so,final_accuracy,original_basis_optimized_recovery,0.2689698690988922,0.02624584037056325,0.242724028728329,0.25230455866235263,0,0,0.001953125,0.703125
well_pressure,21,score,final_accuracy,original_basis_optimized_recovery,167.21908419566452,16.51178949485989,150.70729470080465,156.70714797972414,0,0,0.001953125,0.703125
well_pressure,21,rmse_p,final_accuracy,prior+IDW,0.1435600560158766,0.37588183215799886,-0.2323217761421223,-0.2701411973248131,9,0,0.005859375,1.0
well_pressure,21,rmse_so,final_accuracy,prior+IDW,0.2689698690988922,0.0008386444083656299,0.26813122469052664,0.2682722085929291,0,0,0.001953125,0.703125
well_pressure,21,score,final_accuracy,prior+IDW,167.21908419566452,0.6707942738492028,166.5482899218153,173.06676223914997,0,0,0.001953125,0.703125
well_pressure,22,rmse_p,final_accuracy,POD-E,0.13788400898859612,0.28712909804639514,-0.1492450890577991,-0.15380114350903512,9,0,0.00390625,0.87109375
well_pressure,22,rmse_so,final_accuracy,POD-E,0.2689698690988922,0.010981108462775419,0.2579887606361168,0.2580427267984473,0,0,0.001953125,0.703125
well_pressure,22,score,final_accuracy,POD-E,167.2148822642142,6.951942107489728,160.26294015672448,166.86188106476726,0,0,0.001953125,0.703125
well_pressure,22,rmse_p,final_pareto,POD-E,0.14345866574496324,0.28712909804639514,-0.14367043230143192,-0.14208301975195703,9,0,0.00390625,0.87109375
well_pressure,22,rmse_so,final_pareto,POD-E,0.2689698690988922,0.010981108462775419,0.2579887606361168,0.2580427267984473,0,0,0.001953125,0.703125
well_pressure,22,score,final_pareto,POD-E,167.22088563130401,6.951942107489728,160.26894352381427,166.9000323001987,0,0,0.001953125,0.703125
well_pressure,22,rmse_p,final_accuracy,rank_optimized_joint,0.13788400898859612,0.13238583812985455,0.005498170858741528,0.009799548502363607,5,0,0.375,1.0
well_pressure,22,rmse_so,final_accuracy,rank_optimized_joint,0.2689698690988922,0.014037255844454921,0.2549326132544373,0.2578378394782272,0,0,0.001953125,0.703125
well_pressure,22,score,final_accuracy,rank_optimized_joint,167.2148822642142,8.754837340044068,158.46004492417012,166.35563354557428,0,0,0.001953125,0.703125
well_pressure,22,rmse_p,final_accuracy,original_basis_optimized_recovery,0.13788400898859612,0.4498000871738513,-0.3119160781852552,-0.31607537542974884,10,0,0.001953125,0.703125
well_pressure,22,rmse_so,final_accuracy,original_basis_optimized_recovery,0.2689698690988922,0.02179983403468286,0.24717003506420934,0.2519436610114528,0,0,0.001953125,0.703125
well_pressure,22,score,final_accuracy,original_basis_optimized_recovery,167.2148822642142,13.924341133610818,153.2905411306034,157.02852578986904,0,0,0.001953125,0.703125
well_pressure,22,rmse_p,final_accuracy,prior+IDW,0.13788400898859612,0.36002456940145794,-0.22214056041286181,-0.25048955013714147,9,0,0.005859375,1.0
well_pressure,22,rmse_so,final_accuracy,prior+IDW,0.2689698690988922,0.0008386444083656299,0.26813122469052664,0.2682722085929291,0,0,0.001953125,0.703125
well_pressure,22,score,final_accuracy,prior+IDW,167.2148822642142,0.663848069786235,166.55103419442796,173.06393786733432,0,0,0.001953125,0.703125
well_pressure,23,rmse_p,final_accuracy,POD-E,0.13903021375967972,0.2902936668423222,-0.1512634530826425,-0.14971203685558382,9,0,0.00390625,0.87109375
well_pressure,23,rmse_so,final_accuracy,POD-E,0.2689698690988922,0.01102670310363571,0.2579431659952566,0.25796538927093077,0,0,0.001953125,0.703125
well_pressure,23,score,final_accuracy,POD-E,167.21592759875654,6.983722422789969,160.23220517596658,166.8468185543101,0,0,0.001953125,0.703125
well_pressure,23,rmse_p,final_pareto,POD-E,0.13430668657335595,0.2902936668423222,-0.15598698026896624,-0.1531752171159903,9,0,0.00390625,0.87109375
well_pressure,23,rmse_so,final_pareto,POD-E,0.2689698690988922,0.01102670310363571,0.2579431659952566,0.25796538927093077,0,0,0.001953125,0.703125
well_pressure,23,score,final_pareto,POD-E,167.21533233753235,6.983722422789969,160.23160991474236,166.86650175214479,0,0,0.001953125,0.703125
well_pressure,23,rmse_p,final_accuracy,rank_optimized_joint,0.13903021375967972,0.1310163137576636,0.008013900002016102,0.023129193742357716,4,0,0.322265625,1.0
well_pressure,23,rmse_so,final_accuracy,rank_optimized_joint,0.2689698690988922,0.013864682174468398,0.2551051869244238,0.25807056299112274,0,0,0.001953125,0.703125
well_pressure,23,score,final_accuracy,rank_optimized_joint,167.21592759875654,8.581349787755158,158.6345778110014,166.61346754279643,0,0,0.001953125,0.703125
well_pressure,23,rmse_p,final_accuracy,original_basis_optimized_recovery,0.13903021375967972,0.45274477867609664,-0.3137145649164169,-0.32096972214867964,10,0,0.001953125,0.703125
well_pressure,23,rmse_so,final_accuracy,original_basis_optimized_recovery,0.2689698690988922,0.02173543529247987,0.24723443380641238,0.25106690296745193,0,0,0.001953125,0.703125
well_pressure,23,score,final_accuracy,original_basis_optimized_recovery,167.21592759875654,13.692930280544001,153.52299731821256,159.08612155042726,0,0,0.001953125,0.703125
well_pressure,23,rmse_p,final_accuracy,prior+IDW,0.13903021375967972,0.3554055922359271,-0.21637537847624738,-0.23545517693981624,9,0,0.005859375,1.0
well_pressure,23,rmse_so,final_accuracy,prior+IDW,0.2689698690988922,0.0008386444083656299,0.26813122469052664,0.2682722085929291,0,0,0.001953125,0.703125
well_pressure,23,score,final_accuracy,prior+IDW,167.21592759875654,0.6617375673730994,166.55419003138346,173.06843794122398,0,0,0.001953125,0.703125
well_pressure,24,rmse_p,final_accuracy,POD-E,0.13711401786335103,0.2887811549164986,-0.15166713705314755,-0.14631925705931825,9,0,0.00390625,0.87109375
well_pressure,24,rmse_so,final_accuracy,POD-E,0.2689698690988922,0.011095148300806549,0.2578747207980857,0.2580600388675275,0,0,0.001953125,0.703125
well_pressure,24,score,final_accuracy,POD-E,167.21543098590394,7.0194776178000495,160.19595336810386,166.8054980454621,0,0,0.001953125,0.703125
well_pressure,24,rmse_p,final_pareto,POD-E,0.1319717706304047,0.2887811549164986,-0.15680938428609395,-0.15502971348047812,9,0,0.00390625,0.87109375
well_pressure,24,rmse_so,final_pareto,POD-E,0.2689698690988922,0.011095148300806549,0.2578747207980857,0.2580600388675275,0,0,0.001953125,0.703125
well_pressure,24,score,final_pareto,POD-E,167.21432115582178,7.0194776178000495,160.19484353802173,166.82168576378254,0,0,0.001953125,0.703125
well_pressure,24,rmse_p,final_accuracy,rank_optimized_joint,0.13711401786335103,0.12488791791033324,0.01222609995301781,0.023981088525210102,4,0,0.275390625,1.0
well_pressure,24,rmse_so,final_accuracy,rank_optimized_joint,0.2689698690988922,0.013642921448279999,0.2553269476506122,0.25822285583706617,0,0,0.001953125,0.703125
well_pressure,24,score,final_accuracy,rank_optimized_joint,167.21543098590394,8.423913524762659,158.7915174611413,166.68685767704017,0,0,0.001953125,0.703125
well_pressure,24,rmse_p,final_accuracy,original_basis_optimized_recovery,0.13711401786335103,0.45514823484497946,-0.3180342169816284,-0.3314415836516672,10,0,0.001953125,0.703125
well_pressure,24,rmse_so,final_accuracy,original_basis_optimized_recovery,0.2689698690988922,0.02251480143229056,0.24645506766660166,0.25179630441561063,0,0,0.001953125,0.703125
well_pressure,24,score,final_accuracy,original_basis_optimized_recovery,167.21543098590394,14.193234293923704,153.0221966919802,157.38055865550325,0,0,0.001953125,0.703125
well_pressure,24,rmse_p,final_accuracy,prior+IDW,0.13711401786335103,0.3472282374047303,-0.2101142195413792,-0.22477946493372525,9,0,0.005859375,1.0
well_pressure,24,rmse_so,final_accuracy,prior+IDW,0.2689698690988922,0.0008386444083656299,0.26813122469052664,0.2682722085929291,0,0,0.001953125,0.703125
well_pressure,24,score,final_accuracy,prior+IDW,167.21543098590394,0.6589282710170054,166.55650271488693,173.06759390642878,0,0,0.001953125,0.703125
well_pressure,25,rmse_p,final_accuracy,POD-E,0.1387607946578741,0.2880071558341567,-0.14924636117628257,-0.1538743690935226,9,0,0.00390625,0.87109375
well_pressure,25,rmse_so,final_accuracy,POD-E,0.2689698690988922,0.011049311118171121,0.25792055798072105,0.25806388685156245,0,0,0.001953125,0.703125
well_pressure,25,score,final_accuracy,POD-E,167.21684327203602,6.997571061353033,160.21927221068302,166.80035551782197,0,0,0.001953125,0.703125
well_pressure,25,rmse_p,final_pareto,POD-E,0.13783451658401344,0.2880071558341567,-0.15017263925014324,-0.1662164473039251,9,0,0.00390625,0.87109375
well_pressure,25,rmse_so,final_pareto,POD-E,0.2689698690988922,0.011049311118171121,0.25792055798072105,0.25806388685156245,0,0,0.001953125,0.703125
well_pressure,25,score,final_pareto,POD-E,167.21675683660078,6.997571061353033,160.21918577524775,166.79958448210894,0,0,0.001953125,0.703125
well_pressure,25,rmse_p,final_accuracy,rank_optimized_joint,0.1387607946578741,0.10899788718168872,0.02976290747618539,0.030246876048881356,0,0,0.001953125,0.703125
well_pressure,25,rmse_so,final_accuracy,rank_optimized_joint,0.2689698690988922,0.012793598650980339,0.25617627044791186,0.2581082587838503,0,0,0.001953125,0.703125
well_pressure,25,score,final_accuracy,rank_optimized_joint,167.21684327203602,7.945212606718234,159.2716306653178,166.56781133949647,0,0,0.001953125,0.703125
well_pressure,25,rmse_p,final_accuracy,original_basis_optimized_recovery,0.1387607946578741,0.4469666381830013,-0.30820584352512725,-0.3272496365599773,10,0,0.001953125,0.703125
well_pressure,25,rmse_so,final_accuracy,original_basis_optimized_recovery,0.2689698690988922,0.02620630370260449,0.2427635653962877,0.253094605518101,0,0,0.001953125,0.703125
well_pressure,25,score,final_accuracy,original_basis_optimized_recovery,167.21684327203602,16.431684620088376,150.78515865194765,155.96828342658412,0,0,0.001953125,0.703125
well_pressure,25,rmse_p,final_accuracy,prior+IDW,0.1387607946578741,0.34341857505484785,-0.20465778039697374,-0.20109773607533799,9,0,0.009765625,1.0
well_pressure,25,rmse_so,final_accuracy,prior+IDW,0.2689698690988922,0.0008386444083656299,0.26813122469052664,0.2682722085929291,0,0,0.001953125,0.703125
well_pressure,25,score,final_accuracy,prior+IDW,167.21684327203602,0.6560544175144386,166.5607888545216,173.08028509691675,0,0,0.001953125,0.703125
well_pressure,26,rmse_p,final_accuracy,POD-E,0.13618101635848348,0.28746390266262073,-0.15128288630413725,-0.15987666620890373,9,0,0.00390625,0.87109375
well_pressure,26,rmse_so,final_accuracy,POD-E,0.2689698690988922,0.01100875100089893,0.2579611180979933,0.25812344294299283,0,0,0.001953125,0.703125
well_pressure,26,score,final_accuracy,POD-E,167.21634515120746,6.955651102553913,160.26069404865356,166.96063303810138,0,0,0.001953125,0.703125
well_pressure,26,rmse_p,final_pareto,POD-E,0.13425369217769806,0.28746390266262073,-0.15321021048492267,-0.17330705929080922,9,0,0.00390625,0.87109375
well_pressure,26,rmse_so,final_pareto,POD-E,0.2689698690988922,0.01100875100089893,0.2579611180979933,0.25812344294299283,0,0,0.001953125,0.703125
well_pressure,26,score,final_pareto,POD-E,167.2150839089016,6.955651102553913,160.25943280634763,166.96404397276507,0,0,0.001953125,0.703125
well_pressure,26,rmse_p,final_accuracy,rank_optimized_joint,0.13618101635848348,0.10943800724280861,0.026743009115674878,0.02581501109126895,0,0,0.001953125,0.703125
well_pressure,26,rmse_so,final_accuracy,rank_optimized_joint,0.2689698690988922,0.01301246554389747,0.25595740355499474,0.2564394158002301,0,0,0.001953125,0.703125
well_pressure,26,score,final_accuracy,rank_optimized_joint,167.21634515120746,8.103316680854618,159.11302847035284,165.43809319349552,0,0,0.001953125,0.703125
well_pressure,26,rmse_p,final_accuracy,original_basis_optimized_recovery,0.13618101635848348,0.4445642310458767,-0.30838321468739327,-0.3197728548749798,10,0,0.001953125,0.703125
well_pressure,26,rmse_so,final_accuracy,original_basis_optimized_recovery,0.2689698690988922,0.027417870646053062,0.2415519984528392,0.2521051564904377,0,0,0.001953125,0.703125
well_pressure,26,score,final_accuracy,original_basis_optimized_recovery,167.21634515120746,17.21930589928487,149.9970392519226,157.02858962697655,0,0,0.001953125,0.703125
well_pressure,26,rmse_p,final_accuracy,prior+IDW,0.13618101635848348,0.33783568488114385,-0.2016546685226604,-0.1969612962908753,9,0,0.009765625,1.0
well_pressure,26,rmse_so,final_accuracy,prior+IDW,0.2689698690988922,0.0008386444083656299,0.26813122469052664,0.2682722085929291,0,0,0.001953125,0.703125
well_pressure,26,score,final_accuracy,prior+IDW,167.21634515120746,0.6539030871442666,166.5624420640632,173.0807013834903,0,0,0.001953125,0.703125
well_pressure,27,rmse_p,final_accuracy,POD-E,0.13708928414458954,0.2896432888367556,-0.1525540046921661,-0.16257350628557515,9,0,0.00390625,0.87109375
well_pressure,27,rmse_so,final_accuracy,POD-E,0.2689698690988922,0.011025953835005289,0.25794391526388694,0.2581421802020462,0,0,0.001953125,0.703125
well_pressure,27,score,final_accuracy,POD-E,167.21729374293102,6.966303274365501,160.25099046856548,166.9827529995102,0,0,0.001953125,0.703125
well_pressure,27,rmse_p,final_pareto,POD-E,0.13414998697642785,0.2896432888367556,-0.15549330186032775,-0.1814300425637439,9,0,0.00390625,0.87109375
well_pressure,27,rmse_so,final_pareto,POD-E,0.2689698690988922,0.011025953835005289,0.25794391526388694,0.2581421802020462,0,0,0.001953125,0.703125
well_pressure,27,score,final_pareto,POD-E,167.21496143578787,6.966303274365501,160.24865816142236,166.97832562492778,0,0,0.001953125,0.703125
well_pressure,27,rmse_p,final_accuracy,rank_optimized_joint,0.13708928414458954,0.10867484090042848,0.02841444324416107,0.02298219003038944,0,0,0.001953125,0.703125
well_pressure,27,rmse_so,final_accuracy,rank_optimized_joint,0.2689698690988922,0.01263309089951171,0.2563367781993805,0.2581297208049562,0,0,0.001953125,0.703125
well_pressure,27,score,final_accuracy,rank_optimized_joint,167.21729374293102,7.843635781910133,159.37365796102085,166.66422463382997,0,0,0.001953125,0.703125
well_pressure,27,rmse_p,final_accuracy,original_basis_optimized_recovery,0.13708928414458954,0.4423403543300224,-0.30525107018543285,-0.3177301293399664,10,0,0.001953125,0.703125
well_pressure,27,rmse_so,final_accuracy,original_basis_optimized_recovery,0.2689698690988922,0.02790621190682984,0.24106365719206235,0.25167063878739226,0,0,0.001953125,0.703125
well_pressure,27,score,final_accuracy,original_basis_optimized_recovery,167.21729374293102,17.585126192813682,149.63216755011732,156.75585108375515,0,0,0.001953125,0.703125
well_pressure,27,rmse_p,final_accuracy,prior+IDW,0.13708928414458954,0.3277789555949494,-0.19068967145035987,-0.19104154580515373,9,0,0.009765625,1.0
well_pressure,27,rmse_so,final_accuracy,prior+IDW,0.2689698690988922,0.0008386444083656299,0.26813122469052664,0.2682722085929291,0,0,0.001953125,0.703125
well_pressure,27,score,final_accuracy,prior+IDW,167.21729374293102,0.6505082636396404,166.56678547929133,173.0901784447152,0,0,0.001953125,0.703125
well_pressure,28,rmse_p,final_accuracy,POD-E,0.13482889949630658,0.29188542183914745,-0.15705652234284084,-0.17289075440723373,9,0,0.00390625,0.87109375
well_pressure,28,rmse_so,final_accuracy,POD-E,0.2689698690988922,0.01104498276996992,0.2579248863289223,0.2581369482920905,0,0,0.001953125,0.703125
well_pressure,28,score,final_accuracy,POD-E,167.2153732552714,6.972641640816072,160.2427316144553,167.01558009815926,0,0,0.001953125,0.703125
well_pressure,28,rmse_p,final_pareto,POD-E,0.13092880607259733,0.29188542183914745,-0.16095661576655013,-0.18412309512266462,9,0,0.00390625,0.87109375
well_pressure,28,rmse_so,final_pareto,POD-E,0.2689698690988922,0.01104498276996992,0.2579248863289223,0.2581369482920905,0,0,0.001953125,0.703125
well_pressure,28,score,final_pareto,POD-E,167.21310928661038,6.972641640816072,160.2404676457943,167.01742309261653,0,0,0.001953125,0.703125
well_pressure,28,rmse_p,final_accuracy,rank_optimized_joint,0.13482889949630658,0.10729843952243012,0.02753045997387647,0.0225589469192317,0,0,0.001953125,0.703125
well_pressure,28,rmse_so,final_accuracy,rank_optimized_joint,0.2689698690988922,0.012574367132216801,0.2563955019666754,0.2581377613395211,0,0,0.001953125,0.703125
well_pressure,28,score,final_accuracy,rank_optimized_joint,167.2153732552714,7.805346352449556,159.41002690282184,166.60483737060866,0,0,0.001953125,0.703125
well_pressure,28,rmse_p,final_accuracy,original_basis_optimized_recovery,0.13482889949630658,0.4414270675102143,-0.30659816801390777,-0.3110418173796286,10,0,0.001953125,0.703125
well_pressure,28,rmse_so,final_accuracy,original_basis_optimized_recovery,0.2689698690988922,0.028225792586014202,0.24074407651287802,0.25150983327867393,0,0,0.001953125,0.703125
well_pressure,28,score,final_accuracy,original_basis_optimized_recovery,167.2153732552714,17.808354127675592,149.4070191275958,156.7252826887922,0,0,0.001953125,0.703125
well_pressure,28,rmse_p,final_accuracy,prior+IDW,0.13482889949630658,0.318113429664291,-0.18328453016798435,-0.17710190682065396,9,0,0.009765625,1.0
well_pressure,28,rmse_so,final_accuracy,prior+IDW,0.2689698690988922,0.0008386444083656299,0.26813122469052664,0.2682722085929291,0,0,0.001953125,0.703125
well_pressure,28,score,final_accuracy,prior+IDW,167.2153732552714,0.6467995375513561,166.56857371772003,173.0835966800684,0,0,0.001953125,0.703125
well_pressure,29,rmse_p,final_accuracy,POD-E,0.13759962208982274,0.29121861823539147,-0.15361899614556876,-0.168858424941249,9,0,0.00390625,0.87109375
well_pressure,29,rmse_so,final_accuracy,POD-E,0.2689698690988922,0.011023689824643412,0.25794617927424884,0.25818387239232743,0,0,0.001953125,0.703125
well_pressure,29,score,final_accuracy,POD-E,167.21744918639192,6.95987602405358,160.25757316233833,167.04093531977992,0,0,0.001953125,0.703125
well_pressure,29,rmse_p,final_pareto,POD-E,0.13171377630946074,0.29121861823539147,-0.15950484192593073,-0.18635880923968914,9,0,0.00390625,0.87109375
well_pressure,29,rmse_so,final_pareto,POD-E,0.2689698690988922,0.011023689824643412,0.25794617927424884,0.25818387239232743,0,0,0.001953125,0.703125
well_pressure,29,score,final_pareto,POD-E,167.2135837442773,6.95987602405358,160.2537077202237,167.03549970833606,0,0,0.001953125,0.703125
well_pressure,29,rmse_p,final_accuracy,rank_optimized_joint,0.13759962208982274,0.11713543600600924,0.020464186083813483,0.017493060125560296,1,0,0.01953125,1.0
well_pressure,29,rmse_so,final_accuracy,rank_optimized_joint,0.2689698690988922,0.012928002832510272,0.2560418662663819,0.256973640190299,0,0,0.001953125,0.703125
well_pressure,29,score,final_accuracy,rank_optimized_joint,167.21744918639192,8.025979193657873,159.19146999273403,166.4072231322732,0,0,0.001953125,0.703125
well_pressure,29,rmse_p,final_accuracy,original_basis_optimized_recovery,0.13759962208982274,0.4403826789329872,-0.30278305684316453,-0.3085311833389854,10,0,0.001953125,0.703125
well_pressure,29,rmse_so,final_accuracy,original_basis_optimized_recovery,0.2689698690988922,0.028471306156965796,0.24049856294192642,0.2514452243854823,0,0,0.001953125,0.703125
well_pressure,29,score,final_accuracy,original_basis_optimized_recovery,167.21744918639192,17.945521572086232,149.2719276143057,156.69759622152245,0,0,0.001953125,0.703125
well_pressure,29,rmse_p,final_accuracy,prior+IDW,0.13759962208982274,0.31591503526995834,-0.17831541318013555,-0.17538253723317085,9,0,0.009765625,1.0
well_pressure,29,rmse_so,final_accuracy,prior+IDW,0.2689698690988922,0.0008386444083656299,0.26813122469052664,0.2682722085929291,0,0,0.001953125,0.703125
well_pressure,29,score,final_accuracy,prior+IDW,167.21744918639192,0.6458016979826924,166.57164748840924,173.09632517477698,0,0,0.001953125,0.703125
well_pressure,30,rmse_p,final_accuracy,POD-E,0.13691199173890362,0.2904084218322215,-0.15349643009331787,-0.17011027806709778,9,0,0.00390625,0.87109375
well_pressure,30,rmse_so,final_accuracy,POD-E,0.2689698690988922,0.01108761672097704,0.2578822523779151,0.25820148222170913,0,0,0.001953125,0.703125
well_pressure,30,score,final_accuracy,POD-E,167.21694597468496,7.006399737972069,160.21054623671284,166.96743022610707,0,0,0.001953125,0.703125
well_pressure,30,rmse_p,final_pareto,POD-E,0.1343478268586811,0.2904084218322215,-0.1560605949735404,-0.18448283626851758,9,0,0.00390625,0.87109375
well_pressure,30,rmse_so,final_pareto,POD-E,0.2689698690988922,0.01108761672097704,0.2578822523779151,0.25820148222170913,0,0,0.001953125,0.703125
well_pressure,30,score,final_pareto,POD-E,167.21415434759734,7.006399737972069,160.20775460962528,166.9605490799022,0,0,0.001953125,0.703125
well_pressure,30,rmse_p,final_accuracy,rank_optimized_joint,0.13691199173890362,0.11636258829199704,0.0205494034469066,0.020608126407994802,1,0,0.009765625,1.0
well_pressure,30,rmse_so,final_accuracy,rank_optimized_joint,0.2689698690988922,0.01235312084971231,0.2566167482491799,0.25808176403716865,0,0,0.001953125,0.703125
well_pressure,30,score,final_accuracy,rank_optimized_joint,167.21694597468496,7.683809888512009,159.53313608617296,166.86456373659374,0,0,0.001953125,0.703125
well_pressure,30,rmse_p,final_accuracy,original_basis_optimized_recovery,0.13691199173890362,0.4428992859166486,-0.305987294177745,-0.3103922090692628,10,0,0.001953125,0.703125
well_pressure,30,rmse_so,final_accuracy,original_basis_optimized_recovery,0.2689698690988922,0.02882654902725725,0.24014332007163497,0.2513656288695466,0,0,0.001953125,0.703125
well_pressure,30,score,final_accuracy,original_basis_optimized_recovery,167.21694597468496,18.176396442265847,149.0405495324191,156.7306090769759,0,0,0.001953125,0.703125
well_pressure,30,rmse_p,final_accuracy,prior+IDW,0.13691199173890362,0.3126941400566623,-0.17578214831775868,-0.17294887515582286,9,0,0.013671875,1.0
well_pressure,30,rmse_so,final_accuracy,prior+IDW,0.2689698690988922,0.0008386444083656299,0.26813122469052664,0.2682722085929291,0,0,0.001953125,0.703125
well_pressure,30,score,final_accuracy,prior+IDW,167.21694597468496,0.6448958366730111,166.57205013801192,173.0983595522536,0,0,0.001953125,0.703125
grid,2,rmse_p,final_accuracy,POD-E,111.82525401365153,1.2381490571642704,110.58710495648727,157.06181816705936,3,0,0.02734375,1.0
grid,2,rmse_so,final_accuracy,POD-E,0.00448060174356316,0.0036096286625862104,0.00087097308097695,0.00032726780203480013,4,0,0.76953125,1.0
grid,2,score,final_accuracy,POD-E,66.85656887838783,2.881897487963563,63.97467139042427,51.35393176083028,1,0,0.00390625,0.703125
grid,2,rmse_p,final_pareto,POD-E,128.03195664338756,1.2381490571642704,126.79380758622331,158.56770509075133,2,0,0.009765625,1.0
grid,2,rmse_so,final_pareto,POD-E,0.0036281049194862997,0.0036096286625862104,1.8476256900089913e-05,-0.0008209789227825001,6,0,0.275390625,1.0
grid,2,score,final_pareto,POD-E,68.64645198647959,2.881897487963563,65.76455449851603,62.66299497528293,0,0,0.001953125,0.703125
grid,2,rmse_p,final_accuracy,rank_optimized_joint,111.82525401365153,1.043892297259866,110.78136171639167,157.35788332621337,3,0,0.02734375,1.0
grid,2,rmse_so,final_accuracy,rank_optimized_joint,0.00448060174356316,0.01198785083478424,-0.007507249091221082,-0.0073335552889673,7,0,0.02734375,1.0
grid,2,score,final_accuracy,rank_optimized_joint,66.85656887838783,7.9136504056355985,58.94291847275222,44.96057646124569,1,0,0.00390625,0.703125
grid,2,rmse_p,final_accuracy,original_basis_optimized_recovery,111.82525401365153,1.6493010973894564,110.17595291626208,156.73005665032724,3,0,0.02734375,1.0
grid,2,rmse_so,final_accuracy,original_basis_optimized_recovery,0.00448060174356316,0.02063594113178683,-0.01615533938822367,-0.0175126292233037,10,0,0.001953125,0.703125
grid,2,score,final_accuracy,original_basis_optimized_recovery,66.85656887838783,13.13034184999251,53.726227028395314,35.451780091270855,3,0,0.02734375,1.0
grid,2,rmse_p,final_accuracy,prior+IDW,111.82525401365153,1.8132535812976616,110.01200043235387,156.59600475467465,3,0,0.02734375,1.0
grid,2,rmse_so,final_accuracy,prior+IDW,0.00448060174356316,0.0008445809245372799,0.00363602081902588,0.0030162104297310997,0,0,0.001953125,0.703125
grid,2,score,final_accuracy,prior+IDW,66.85656887838783,1.3781107071021161,65.4784581712857,52.836849821102774,0,0,0.001953125,0.703125
grid,5,rmse_p,final_accuracy,POD-E,33.622670496690866,0.6333181723418251,32.98935232434904,1.9523985255551362,3,0,0.02734375,1.0
grid,5,rmse_so,final_accuracy,POD-E,0.0020619483718590298,0.001094416354623,0.0009675320172360299,0.00010122176798995003,5,0,0.322265625,1.0
grid,5,score,final_accuracy,POD-E,30.31336385415229,0.972765474500466,29.340598379651823,1.3153876336503236,3,0,0.02734375,1.0
grid,5,rmse_p,final_pareto,POD-E,17.88186619933601,0.6333181723418251,17.24854802699419,1.3040837284105682,1,0,0.005859375,1.0
grid,5,rmse_so,final_pareto,POD-E,0.00230044912862414,0.001094416354623,0.0012060327740011398,0.0006273522544324001,3,0,0.064453125,1.0
grid,5,score,final_pareto,POD-E,15.45723291245452,0.972765474500466,14.484467437954052,1.620703296186281,2,0,0.009765625,1.0
grid,5,rmse_p,final_accuracy,rank_optimized_joint,33.622670496690866,0.649879126795429,32.97279136989543,1.7386037348752055,3,0,0.02734375,1.0
grid,5,rmse_so,final_accuracy,rank_optimized_joint,0.0020619483718590298,0.01227537875471851,-0.01021343038285948,-0.011017492684822251,10,0,0.001953125,0.703125
grid,5,score,final_accuracy,rank_optimized_joint,30.31336385415229,7.997690076203395,22.315673777948895,-1.1557638709728753,8,0,0.431640625,1.0
grid,5,rmse_p,final_accuracy,original_basis_optimized_recovery,33.622670496690866,1.0384719992508273,32.58419849744004,1.2223542748334546,3,0,0.048828125,1.0
grid,5,rmse_so,final_accuracy,original_basis_optimized_recovery,0.0020619483718590298,0.01642826203524235,-0.01436631366338332,-0.0117106435777222,10,0,0.001953125,0.703125
grid,5,score,final_accuracy,original_basis_optimized_recovery,30.31336385415229,10.68999621202129,19.623367642130994,-4.770235713003345,8,0,0.431640625,1.0
grid,5,rmse_p,final_accuracy,prior+IDW,33.622670496690866,0.8324775751938853,32.79019292149698,1.8199919775027533,3,0,0.037109375,1.0
grid,5,rmse_so,final_accuracy,prior+IDW,0.0020619483718590298,0.0022410036131519104,-0.00017905524129288014,-8.735711640414992e-05,6,0,0.625,1.0
grid,5,score,final_accuracy,prior+IDW,30.31336385415229,1.7009750342920562,28.61238881986023,0.2525075951586037,5,0,0.322265625,1.0
grid,10,rmse_p,final_accuracy,POD-E,0.4794084263562187,0.26034656587054156,0.21906186048567716,0.19114086809924963,3,0,0.16015625,1.0
grid,10,rmse_so,final_accuracy,POD-E,0.00203674133743994,0.00107899393887767,0.0009577473985622701,0.00063029043275715,4,0,0.16015625,1.0
grid,10,score,final_accuracy,POD-E,1.455527300788669,0.7900990765279514,0.6654282242607173,0.8217440049955864,3,0,0.064453125,1.0
grid,10,rmse_p,final_pareto,POD-E,0.665548682001722,0.26034656587054156,0.40520211613118057,0.34399749230848925,0,0,0.001953125,0.703125
grid,10,rmse_so,final_pareto,POD-E,0.00205065859752306,0.00107899393887767,0.0009716646586453902,0.0007117828484665001,2,0,0.064453125,1.0
grid,10,score,final_pareto,POD-E,1.6793380977576504,0.7900990765279514,0.889239021229699,0.8131651973771962,1,0,0.005859375,0.703125
grid,10,rmse_p,final_accuracy,rank_optimized_joint,0.4794084263562187,0.4749893233371855,0.004419103019033135,0.029404631747148108,5,0,0.76953125,1.0
grid,10,rmse_so,final_accuracy,rank_optimized_joint,0.00203674133743994,0.0066374129326066105,-0.00460067159516667,-0.00071711860661305,7,0,0.375,1.0
grid,10,score,final_accuracy,rank_optimized_joint,1.455527300788669,4.303493383235216,-2.8479660824465465,-0.5108499868739942,7,0,0.322265625,1.0
grid,10,rmse_p,final_accuracy,original_basis_optimized_recovery,0.4794084263562187,0.599918465162381,-0.12051003880616232,-0.11818556247290521,8,0,0.16015625,1.0
grid,10,rmse_so,final_accuracy,original_basis_optimized_recovery,0.00203674133743994,0.006901236106917641,-0.0048644947694777,-0.00605129749661275,10,0,0.001953125,0.703125
grid,10,score,final_accuracy,original_basis_optimized_recovery,1.455527300788669,4.626227366880893,-3.170700066092224,-3.670420379040806,10,0,0.001953125,0.703125
grid,10,rmse_p,final_accuracy,prior+IDW,0.4794084263562187,0.4951317531784514,-0.015723326822232743,-0.1266072441228932,6,0,0.625,1.0
grid,10,rmse_so,final_accuracy,prior+IDW,0.00203674133743994,0.0022410036131519104,-0.00020426227571196994,-0.0007218243025298,8,0,0.431640625,1.0
grid,10,score,final_accuracy,prior+IDW,1.455527300788669,1.565187051014715,-0.10965975022604642,-0.47921136386753166,7,0,0.4921875,1.0
grid,16,rmse_p,final_accuracy,POD-E,0.509679902608445,0.13928630654319585,0.3703935960652491,0.21484182195987456,1,0,0.005859375,1.0
grid,16,rmse_so,final_accuracy,POD-E,0.00213570362061784,0.00108798977212809,0.00104771384848975,0.0010735471502309,3,0,0.10546875,1.0
grid,16,score,final_accuracy,POD-E,1.5521525520365842,0.7280867961234818,0.8240657559131023,1.058183480348029,3,0,0.064453125,1.0
grid,16,rmse_p,final_pareto,POD-E,0.7484483841049496,0.13928630654319585,0.6091620775617538,0.36733388622611873,0,0,0.001953125,0.703125
grid,16,rmse_so,final_pareto,POD-E,0.00196035410334401,0.00108798977212809,0.00087236433121592,0.0007702097948151001,2,0,0.064453125,1.0
grid,16,score,final_pareto,POD-E,1.6096001133423143,0.7280867961234818,0.8815133172188325,0.8272785856170757,1,0,0.005859375,0.703125
grid,16,rmse_p,final_accuracy,rank_optimized_joint,0.509679902608445,0.236842431828547,0.27283747077989795,0.1566874836508158,1,0,0.009765625,1.0
grid,16,rmse_so,final_accuracy,rank_optimized_joint,0.00213570362061784,0.0015122791556677199,0.0006234244649501199,-0.00023088003975820003,6,0,1.0,1.0
grid,16,score,final_accuracy,rank_optimized_joint,1.5521525520365842,1.0599619268611433,0.49219062517544065,0.120207160832205,5,0,0.322265625,1.0
grid,16,rmse_p,final_accuracy,original_basis_optimized_recovery,0.509679902608445,0.5305373214400857,-0.020857418831640752,-0.11104343995905949,6,0,0.76953125,1.0
grid,16,rmse_so,final_accuracy,original_basis_optimized_recovery,0.00213570362061784,0.00619229137648819,-0.00405658775587035,-0.00509055452850085,10,0,0.001953125,0.703125
grid,16,score,final_accuracy,original_basis_optimized_recovery,1.5521525520365842,4.115004368365225,-2.56285181632864,-3.0262630143766716,10,0,0.001953125,0.703125
grid,16,rmse_p,final_accuracy,prior+IDW,0.509679902608445,0.3988241811780145,0.11085572143043047,0.034387462854725395,4,0,0.76953125,1.0
grid,16,rmse_so,final_accuracy,prior+IDW,0.00213570362061784,0.0022410036131519104,-0.00010529999253407001,-0.00047073102302130004,8,0,0.431640625,1.0
grid,16,score,final_accuracy,prior+IDW,1.5521525520365842,1.5030470876961695,0.04910546434041478,-0.17669375909343454,8,0,0.431640625,1.0
grid,20,rmse_p,final_accuracy,POD-E,0.21781310481609695,0.12401721496669031,0.09379588984940665,0.09483184381984104,3,0,0.10546875,1.0
grid,20,rmse_so,final_accuracy,POD-E,0.00061695790461794,0.00074840100939589,-0.00013144310477794998,-0.0001790499728036,8,0,0.064453125,1.0
grid,20,score,final_accuracy,POD-E,0.49007822194124884,0.5093525798522804,-0.019274357911031603,-0.06124435829080835,6,0,0.76953125,1.0
grid,20,rmse_p,final_pareto,POD-E,0.15501372009668768,0.12401721496669031,0.0309965051299974,0.058798702338854,3,0,0.232421875,1.0
grid,20,rmse_so,final_pareto,POD-E,0.00062592046091411,0.00074840100939589,-0.00012248054848178,-0.00013599701118285,7,0,0.048828125,1.0
grid,20,score,final_pareto,POD-E,0.4778092393154555,0.5093525798522804,-0.03154334053682499,-0.02371551472206962,6,0,0.322265625,1.0
grid,20,rmse_p,final_accuracy,rank_optimized_joint,0.21781310481609695,0.10191493175616892,0.115898173059928,0.12112607585551,2,0,0.013671875,1.0
grid,20,rmse_so,final_accuracy,rank_optimized_joint,0.00061695790461794,0.0007587217922229299,-0.00014176388760499,-0.00013726563865209995,7,0,0.064453125,1.0
grid,20,score,final_accuracy,rank_optimized_joint,0.49007822194124884,0.5187909341646885,-0.028712712223439553,-0.029918861034797406,6,0,0.6953125,1.0
grid,20,rmse_p,final_accuracy,original_basis_optimized_recovery,0.21781310481609695,0.5027120516179832,-0.2848989468018862,-0.29241634031075925,10,0,0.001953125,0.703125
grid,20,rmse_so,final_accuracy,original_basis_optimized_recovery,0.00061695790461794,0.00585735315770613,-0.00524039525308819,-0.0052627031354999,10,0,0.001953125,0.703125
grid,20,score,final_accuracy,original_basis_optimized_recovery,0.49007822194124884,3.89828429684746,-3.408206074906211,-3.3992024592856445,10,0,0.001953125,0.703125
grid,20,rmse_p,final_accuracy,prior+IDW,0.21781310481609695,0.5572276286346982,-0.33941452381860115,-0.3438853492018381,9,0,0.005859375,1.0
grid,20,rmse_so,final_accuracy,prior+IDW,0.00061695790461794,0.00225225990058709,-0.00163530199596915,-0.0015497733884327499,10,0,0.001953125,0.703125
grid,20,score,final_accuracy,prior+IDW,0.49007822194124884,1.5833969154869771,-1.0933186935457282,-1.084459772104081,10,0,0.001953125,0.703125
grid,30,rmse_p,final_accuracy,POD-E,0.19011584355430514,0.032728113479335325,0.1573877300749698,0.14051666468108032,0,0,0.001953125,0.703125
grid,30,rmse_so,final_accuracy,POD-E,0.0004500345141966,0.00053783041405881,-8.779589986221e-05,-0.00010645250014804997,9,0,0.01953125,1.0
grid,30,score,final_accuracy,POD-E,0.3845703066886201,0.34725238483978205,0.03731792184883805,0.003726389381026679,5,0,0.6953125,1.0
grid,30,rmse_p,final_pareto,POD-E,0.14304824383309905,0.032728113479335325,0.11032013035376373,0.09202993664275824,0,0,0.001953125,0.703125
grid,30,rmse_so,final_pareto,POD-E,0.00046230475953264996,0.00053783041405881,-7.552565452616002e-05,-8.59141079361e-05,9,0,0.02734375,1.0
grid,30,score,final_pareto,POD-E,0.3661947984700205,0.34725238483978205,0.0189424136302385,0.00574281106059199,2,0,0.322265625,1.0
grid,30,rmse_p,final_accuracy,rank_optimized_joint,0.19011584355430514,0.04656009320026691,0.1435557503540382,0.12526849355019537,0,0,0.001953125,0.703125
grid,30,rmse_so,final_accuracy,rank_optimized_joint,0.0004500345141966,0.00065847830260614,-0.00020844378840954,-0.0002017616221688,10,0,0.001953125,0.703125
grid,30,score,final_accuracy,rank_optimized_joint,0.3845703066886201,0.43280778246715296,-0.048237475778532865,-0.06873812468161589,8,0,0.130859375,1.0
grid,30,rmse_p,final_accuracy,original_basis_optimized_recovery,0.19011584355430514,0.41778766434443915,-0.22767182079013398,-0.22931381053131789,10,0,0.001953125,0.703125
grid,30,rmse_so,final_accuracy,original_basis_optimized_recovery,0.0004500345141966,0.00472597410461806,-0.00427593959042146,-0.004172537731371,10,0,0.001953125,0.703125
grid,30,score,final_accuracy,original_basis_optimized_recovery,0.3845703066886201,3.1614499000540786,-2.776879593365458,-2.954312128680029,10,0,0.001953125,0.703125
grid,30,rmse_p,final_accuracy,prior+IDW,0.19011584355430514,0.48356495000875394,-0.2934491064544488,-0.3187545097686225,8,0,0.009765625,1.0
grid,30,rmse_so,final_accuracy,prior+IDW,0.0004500345141966,0.00200734530962956,-0.0015573107954329599,-0.0013780580554775498,10,0,0.001953125,0.703125
grid,30,score,final_accuracy,prior+IDW,0.3845703066886201,1.4197073444497155,-1.0351370377610953,-1.0135768918854176,10,0,0.001953125,0.703125
grid,50,rmse_p,final_accuracy,POD-E,0.11801592083842152,0.02756788915335655,0.09044803168506496,0.09971026919216786,0,0,0.001953125,0.703125
grid,50,rmse_so,final_accuracy,POD-E,0.00039856469961305,0.00050938599061414,-0.00011082129100109003,-0.00013908581775865,9,0,0.005859375,0.703125
grid,50,score,final_accuracy,POD-E,0.31503415419295205,0.3321542158694114,-0.01712006167645937,-0.0006773520965834556,5,0,0.556640625,1.0
grid,50,rmse_p,final_pareto,POD-E,0.12461197571079177,0.02756788915335655,0.09704408655743521,0.08619264097866644,0,0,0.001953125,0.703125
grid,50,rmse_so,final_pareto,POD-E,0.00040225166500703,0.00050938599061414,-0.00010713432560711001,-0.0001027420474416,9,0,0.00390625,0.703125
grid,50,score,final_pareto,POD-E,0.31542855462291464,0.3321542158694114,-0.016725661246496708,-0.003684288321065765,5,0,0.4921875,1.0
grid,50,rmse_p,final_accuracy,rank_optimized_joint,0.11801592083842152,0.050283750249813006,0.0677321705886085,0.07241175801172675,0,0,0.001953125,0.703125
grid,50,rmse_so,final_accuracy,rank_optimized_joint,0.00039856469961305,0.00062989668909964,-0.00023133198948658995,-0.00021556294153205,10,0,0.001953125,0.703125
grid,50,score,final_accuracy,rank_optimized_joint,0.31503415419295205,0.42231738079116454,-0.1072832265982125,-0.08424035241743996,10,0,0.001953125,0.703125
grid,50,rmse_p,final_accuracy,original_basis_optimized_recovery,0.11801592083842152,0.40390945266136685,-0.28589353182294536,-0.26663961072507575,10,0,0.001953125,0.703125
grid,50,rmse_so,final_accuracy,original_basis_optimized_recovery,0.00039856469961305,0.004516268797240991,-0.00411770409762794,-0.0041613311804347495,10,0,0.001953125,0.703125
grid,50,score,final_accuracy,original_basis_optimized_recovery,0.31503415419295205,3.0160134240736256,-2.7009792698806736,-2.84928143947499,10,0,0.001953125,0.703125
grid,50,rmse_p,final_accuracy,prior+IDW,0.11801592083842152,0.46162487987278167,-0.3436089590343602,-0.31487538165729495,9,0,0.00390625,0.87109375
grid,50,rmse_so,final_accuracy,prior+IDW,0.00039856469961305,0.0020115682298433,-0.0016130035302302497,-0.00128395606523515,10,0,0.001953125,0.703125
grid,50,score,final_accuracy,prior+IDW,0.31503415419295205,1.3965756910963496,-1.0815415369033974,-0.9894597498062645,10,0,0.001953125,0.703125
grid,75,rmse_p,final_accuracy,POD-E,0.07145987795215752,0.027891009624746298,0.04356886832741122,0.0407445549336576,0,0,0.001953125,0.703125
grid,75,rmse_so,final_accuracy,POD-E,0.00043819249716751,0.00053189239548805,-9.369989832053998e-05,-0.0001299788826637,8,0,0.10546875,1.0
grid,75,score,final_accuracy,POD-E,0.30838681995484046,0.3506424532825219,-0.042255633327681424,-0.0555006323111743,8,0,0.10546875,1.0
grid,75,rmse_p,final_pareto,POD-E,0.07587558094205286,0.027891009624746298,0.047984571317306574,0.0473196170020327,0,0,0.001953125,0.703125
grid,75,rmse_so,final_pareto,POD-E,0.0004605521362211,0.00053189239548805,-7.134025926694998e-05,-0.00013701058197834997,7,0,0.375,1.0
grid,75,score,final_pareto,POD-E,0.32236935981475817,0.3506424532825219,-0.028273093467763792,-0.06544407580666439,7,0,0.322265625,1.0
grid,75,rmse_p,final_accuracy,rank_optimized_joint,0.07145987795215752,0.045218928200207655,0.02624094975194987,0.0268758653964043,1,0,0.00390625,0.87109375
grid,75,rmse_so,final_accuracy,rank_optimized_joint,0.00043819249716751,0.00080352817015698,-0.00036533567298947003,-0.00021535875601375,10,0,0.001953125,0.703125
grid,75,score,final_accuracy,rank_optimized_joint,0.30838681995484046,0.5246787110378397,-0.21629189108299912,-0.1127874863317002,10,0,0.001953125,0.703125
grid,75,rmse_p,final_accuracy,original_basis_optimized_recovery,0.07145987795215752,0.37925371316679757,-0.3077938352146401,-0.2822078347973379,10,0,0.001953125,0.703125
grid,75,rmse_so,final_accuracy,original_basis_optimized_recovery,0.00043819249716751,0.00454488574447605,-0.00410669324730854,-0.0041539730636465,10,0,0.001953125,0.703125
grid,75,score,final_accuracy,original_basis_optimized_recovery,0.30838681995484046,3.0223646890625275,-2.7139778691076866,-2.8675511099282094,10,0,0.001953125,0.703125
grid,75,rmse_p,final_accuracy,prior+IDW,0.07145987795215752,0.41971799069113824,-0.3482581127389807,-0.31301438883257193,10,0,0.001953125,0.703125
grid,75,rmse_so,final_accuracy,prior+IDW,0.00043819249716751,0.0019355659550238196,-0.0014973734578563101,-0.0014159157413390498,10,0,0.001953125,0.703125
grid,75,score,final_accuracy,prior+IDW,0.30838681995484046,1.342407548545935,-1.034020728591095,-1.0630240605864807,10,0,0.001953125,0.703125
grid,100,rmse_p,final_accuracy,POD-E,0.0680070062175679,0.027230065648375313,0.040776940569192587,0.03681082471395835,0,0,0.001953125,0.703125
grid,100,rmse_so,final_accuracy,POD-E,0.00038453908949545996,0.00052956534920263,-0.00014502625970717,-0.0001638292339249,10,0,0.001953125,0.703125
grid,100,score,final_accuracy,POD-E,0.27545561645116423,0.3479441913538521,-0.07248857490268783,-0.0727314983569847,9,0,0.00390625,0.703125
grid,100,rmse_p,final_pareto,POD-E,0.07171265683598205,0.027230065648375313,0.04448259118760674,0.0445553851150985,0,0,0.001953125,0.703125
grid,100,rmse_so,final_pareto,POD-E,0.00039265523824653004,0.00052956534920263,-0.00013691011095609998,-0.0001391300296179,10,0,0.001953125,0.703125
grid,100,score,final_pareto,POD-E,0.2833243656349418,0.3479441913538521,-0.06461982571891026,-0.05643554567875271,10,0,0.001953125,0.703125
grid,100,rmse_p,final_accuracy,rank_optimized_joint,0.0680070062175679,0.03918044457595003,0.028826561641617864,0.03188772671346886,1,0,0.00390625,0.87109375
grid,100,rmse_so,final_accuracy,rank_optimized_joint,0.00038453908949545996,0.00058041217550226,-0.00019587308600679996,-0.00020266930089964997,10,0,0.001953125,0.703125
grid,100,score,final_accuracy,rank_optimized_joint,0.27545561645116423,0.3850240460716966,-0.10956842962053234,-0.10816991977244718,9,0,0.00390625,0.703125
grid,100,rmse_p,final_accuracy,original_basis_optimized_recovery,0.0680070062175679,0.37578623846516335,-0.3077792322475955,-0.281924016882359,10,0,0.001953125,0.703125
grid,100,rmse_so,final_accuracy,original_basis_optimized_recovery,0.00038453908949545996,0.00452494581464723,-0.0041404067251517695,-0.004199091231830401,10,0,0.001953125,0.703125
grid,100,score,final_accuracy,original_basis_optimized_recovery,0.27545561645116423,3.0084304589728736,-2.732974842521709,-2.883700837816789,10,0,0.001953125,0.703125
grid,100,rmse_p,final_accuracy,prior+IDW,0.0680070062175679,0.4324271357239562,-0.36442012950638825,-0.32527690516751806,10,0,0.001953125,0.703125
grid,100,rmse_so,final_accuracy,prior+IDW,0.00038453908949545996,0.0018973981838181601,-0.0015128590943227,-0.0013020170235787001,10,0,0.001953125,0.703125
grid,100,score,final_accuracy,prior+IDW,0.27545561645116423,1.326894078641729,-1.0514384621905646,-0.9971043397958494,10,0,0.001953125,0.703125
grid,150,rmse_p,final_accuracy,POD-E,0.0655609168421989,0.024707851002481063,0.040853065839717845,0.0384922269710134,0,0,0.001953125,0.703125
grid,150,rmse_so,final_accuracy,POD-E,0.00035171071020945,0.00050733410565525,-0.0001556233954458,-0.00014856157562999995,10,0,0.001953125,0.703125
grid,150,score,final_accuracy,POD-E,0.2559092958384549,0.33309672623827874,-0.07718743039982387,-0.07001583409351389,10,0,0.001953125,0.703125
grid,150,rmse_p,final_pareto,POD-E,0.0682120386121495,0.024707851002481063,0.04350418760966843,0.0424139583386077,0,0,0.001953125,0.703125
grid,150,rmse_so,final_pareto,POD-E,0.00034610076196064005,0.00050733410565525,-0.00016123334369460998,-0.00015556820608069995,10,0,0.001953125,0.703125
grid,150,score,final_pareto,POD-E,0.25267137556168734,0.33309672623827874,-0.0804253506765914,-0.07432313028323974,10,0,0.001953125,0.703125
grid,150,rmse_p,final_accuracy,rank_optimized_joint,0.0655609168421989,0.03688257347172398,0.028678343370474924,0.03251511741005135,1,0,0.00390625,0.87109375
grid,150,rmse_so,final_accuracy,rank_optimized_joint,0.00035171071020945,0.00056163159582632,-0.00020992088561687,-0.00019449796729585,10,0,0.001953125,0.703125
grid,150,score,final_accuracy,rank_optimized_joint,0.2559092958384549,0.3721537087046046,-0.11624441286614973,-0.10026851294718209,10,0,0.001953125,0.703125
grid,150,rmse_p,final_accuracy,original_basis_optimized_recovery,0.0655609168421989,0.368597775972916,-0.3030368591307171,-0.2782410019396483,10,0,0.001953125,0.703125
grid,150,rmse_so,final_accuracy,original_basis_optimized_recovery,0.00035171071020945,0.00448401342506498,-0.004132302714855531,-0.00419004015675705,10,0,0.001953125,0.703125
grid,150,score,final_accuracy,original_basis_optimized_recovery,0.2559092958384549,2.981547954844,-2.7256386590055457,-2.8915541679281924,10,0,0.001953125,0.703125
grid,150,rmse_p,final_accuracy,prior+IDW,0.0655609168421989,0.4113610987964952,-0.3458001819542963,-0.3097451215403657,10,0,0.001953125,0.703125
grid,150,rmse_so,final_accuracy,prior+IDW,0.00035171071020945,0.0019066794103076,-0.0015549687000981503,-0.0014203377114509002,10,0,0.001953125,0.703125
grid,150,score,final_accuracy,prior+IDW,0.2559092958384549,1.3202823951626104,-1.0643730993241556,-1.045619142001607,10,0,0.001953125,0.703125
grid,200,rmse_p,final_accuracy,POD-E,0.07402427759158385,0.022490771071358974,0.05153350652022487,0.050353528003273,0,0,0.001953125,0.703125
grid,200,rmse_so,final_accuracy,POD-E,0.00033085940153761,0.00047840659820994004,-0.00014754719667233,-0.00013678403596484998,10,0,0.001953125,0.703125
grid,200,score,final_accuracy,POD-E,0.24823285674774204,0.31239766531450075,-0.06416480856675869,-0.0597157772393551,10,0,0.001953125,0.703125
grid,200,rmse_p,final_pareto,POD-E,0.0710219653988705,0.022490771071358974,0.04853119432751154,0.04472480856522935,0,0,0.001953125,0.703125
grid,200,rmse_so,final_pareto,POD-E,0.00033642047791083003,0.00047840659820994004,-0.00014198612029911,-0.0001225766692522,10,0,0.001953125,0.703125
grid,200,score,final_pareto,POD-E,0.2486868540319022,0.31239766531450075,-0.06371081128259852,-0.05999332510068181,10,0,0.001953125,0.703125
grid,200,rmse_p,final_accuracy,rank_optimized_joint,0.07402427759158385,0.03840223220644567,0.03562204538513817,0.0386699230430515,0,0,0.001953125,0.703125
grid,200,rmse_so,final_accuracy,rank_optimized_joint,0.00033085940153761,0.0005406621929369901,-0.00020980279139938,-0.00017305566166544997,10,0,0.001953125,0.703125
grid,200,score,final_accuracy,rank_optimized_joint,0.24823285674774204,0.36018353496560906,-0.11195067821786694,-0.09377305747628376,10,0,0.001953125,0.703125
grid,200,rmse_p,final_accuracy,original_basis_optimized_recovery,0.07402427759158385,0.3666686716478445,-0.29264439405626064,-0.2717178006043905,10,0,0.001953125,0.703125
grid,200,rmse_so,final_accuracy,original_basis_optimized_recovery,0.00033085940153761,0.004394955172905631,-0.00406409577136802,-0.004082892518752049,10,0,0.001953125,0.703125
grid,200,score,final_accuracy,original_basis_optimized_recovery,0.24823285674774204,2.9226684715957125,-2.67443561484797,-2.802764920453814,10,0,0.001953125,0.703125
grid,200,rmse_p,final_accuracy,prior+IDW,0.07402427759158385,0.4278999365967812,-0.3538756590051974,-0.3142372818315792,10,0,0.001953125,0.703125
grid,200,rmse_so,final_accuracy,prior+IDW,0.00033085940153761,0.00185223449672074,-0.0015213750951831298,-0.0013466498023418,10,0,0.001953125,0.703125
grid,200,score,final_accuracy,prior+IDW,0.24823285674774204,1.297054680477026,-1.048821823729284,-1.0208153680504326,10,0,0.001953125,0.703125
grid,300,rmse_p,final_accuracy,POD-E,0.06757588273858058,0.02227572252687456,0.045300160211706006,0.045638191406908196,0,0,0.001953125,0.703125
grid,300,rmse_so,final_accuracy,POD-E,0.00032255331717109,0.0004433162747443299,-0.00012076295757323999,-9.015837326229999e-05,10,0,0.001953125,0.703125
grid,300,score,final_accuracy,POD-E,0.23891078260651968,0.29019665669610667,-0.05128587408958696,-0.041669606524973896,10,0,0.001953125,0.703125
grid,300,rmse_p,final_pareto,POD-E,0.06628937309009338,0.02227572252687456,0.04401365056321882,0.0431917176784454,0,0,0.001953125,0.703125
grid,300,rmse_so,final_pareto,POD-E,0.0003236815754827,0.0004433162747443299,-0.00011963469926162999,-8.718116751165e-05,10,0,0.001953125,0.703125
grid,300,score,final_pareto,POD-E,0.2381148726255502,0.29019665669610667,-0.052081784070556456,-0.04039645128194025,10,0,0.001953125,0.703125
grid,300,rmse_p,final_accuracy,rank_optimized_joint,0.06757588273858058,0.036357812136748345,0.031218070601832237,0.03450739667426819,1,0,0.00390625,0.87109375
grid,300,rmse_so,final_accuracy,rank_optimized_joint,0.00032255331717109,0.00051543073983124,-0.00019287742266015,-0.0001642313494038,10,0,0.001953125,0.703125
grid,300,score,final_accuracy,rank_optimized_joint,0.23891078260651968,0.3426075486342744,-0.10369676602775472,-0.0930280458935795,10,0,0.001953125,0.703125
grid,300,rmse_p,final_accuracy,original_basis_optimized_recovery,0.06757588273858058,0.3628227088133788,-0.29524682607479824,-0.27670081800288976,10,0,0.001953125,0.703125
grid,300,rmse_so,final_accuracy,original_basis_optimized_recovery,0.00032255331717109,0.00432906699496949,-0.0040065136777984005,-0.0040480123224288,10,0,0.001953125,0.703125
grid,300,score,final_accuracy,original_basis_optimized_recovery,0.23891078260651968,2.882943853555429,-2.6440330709489097,-2.782032739119508,10,0,0.001953125,0.703125
grid,300,rmse_p,final_accuracy,prior+IDW,0.06757588273858058,0.40762853999791754,-0.3400526572593369,-0.30462195751570004,9,0,0.00390625,0.87109375
grid,300,rmse_so,final_accuracy,prior+IDW,0.00032255331717109,0.0018093559530094703,-0.0014868026358383802,-0.00140403269807165,10,0,0.001953125,0.703125
grid,300,score,final_accuracy,prior+IDW,0.23891078260651968,1.2590660170299854,-1.0201552344234657,-1.0123546754088817,10,0,0.001953125,0.703125
