method,regime,budget,n_folds,rmse_p_mean,rmse_p_median,rmse_p_sd,rmse_p_q25,rmse_p_q75,rmse_so_mean,rmse_so_median,rmse_so_sd,rmse_so_q25,rmse_so_q75,mae_p_mean,mae_p_median,mae_p_sd,mae_p_q25,mae_p_q75,mae_so_mean,mae_so_median,mae_so_sd,mae_so_q25,mae_so_q75,score_mean,score_median,score_sd,score_q25,score_q75,condition_mean,condition_median,condition_sd,condition_q25,condition_q75,online_seconds_per_snapshot_mean,online_seconds_per_snapshot_median,online_seconds_per_snapshot_sd,online_seconds_per_snapshot_q25,online_seconds_per_snapshot_q75,storage_floats_mean,storage_floats_median,storage_floats_sd,storage_floats_q25,storage_floats_q75,memory_bytes_mean,memory_bytes_median,memory_bytes_sd,memory_bytes_q25,memory_bytes_q75,basis_seconds_mean,basis_seconds_median,basis_seconds_sd,basis_seconds_q25,basis_seconds_q75,measurements_mean,measurements_median,measurements_sd,measurements_q25,measurements_q75,pareto_accuracy_storage,pareto_pressure_storage,pareto_accuracy_measurements
POD,grid,2,10,28.956201610450467,29.50236819674327,1.3987931634823252,28.16669943666021,29.79080495904393,0.2656026681534063,0.2690517620245173,0.006811985857792289,0.265978688240263,0.2691237934939003,28.286280240392312,29.163705948988802,1.732569704882154,26.828306649061258,29.40793857373622,0.1284488884969524,0.13079292517843177,0.003911411440764811,0.1244288026420125,0.1308477300514892,181.23633555259255,188.1097773694337,35.438809137778904,161.0899627036856,209.20244322601664,1.2564130212460598,1.2204261144211874,0.19670448392353887,1.1677929462781718,1.236197243447505,0.0005411544150350635,1.1450488512453282e-06,0.000870508103567646,9.511278406541824e-07,0.0017042653458989,316800.0,316800.0,0.0,316800.0,316800.0,2534400.0,2534400.0,0.0,2534400.0,2534400.0,1.292954733499937,1.29505272949973,0.10029715001858687,1.2014440409984672,1.352346416999353,2.0,2.0,0.0,2.0,2.0,False,False,False
POD-E,grid,2,10,1.2381490571642704,1.178890210205612,0.29229437206918624,1.0426222153208884,1.3669548645971297,0.0036096286625862104,0.0035414304167112,0.00020993638392692815,0.0035071791347456,0.0036950709717805,1.158966113422108,1.1093645843814977,0.2602323393479249,0.969545874730495,1.3038352858328544,0.00118160205923989,0.00115395298526115,6.849111082180947e-05,0.0011399247301123,0.0012194734186714,2.881897487963563,2.9336375178043745,0.5032816870955659,2.357346735545367,3.4441981169358797,5.846257508861226,5.836404075431883,0.09549582068482726,5.794801170176545,5.851445928856648,3.436682255096497e-05,7.548533860135376e-07,7.075374880011425e-05,6.744962604016178e-07,1.434210505812688e-06,316800.0,316800.0,0.0,316800.0,316800.0,2534400.0,2534400.0,0.0,2534400.0,2534400.0,1.25942648339842,1.241910395994637,0.08394504072825856,1.2020911250001518,1.3391447919930215,2.0,2.0,0.0,2.0,2.0,False,False,True
final_accuracy,grid,2,10,111.82525401365153,158.56112849344268,76.6083236016231,0.839464045077163,159.9609317327229,0.00448060174356316,0.0037983160748665,0.0026456653662105074,0.0028697125593327,0.0040479958024633,111.66424754928975,158.4724128169514,76.75244873655579,0.4604718270600023,159.89462848839963,0.0018318103770479503,0.00128397927208235,0.0012562360767912706,0.0012138019939731,0.0016322387724809,66.85656887838783,54.02367135366846,61.61119080446621,3.504319942979553,133.32445669737456,76.97620293490166,69.83635863795682,74.90167971048037,2.393590227662221,70.76925660282463,1.761983082558279e-05,9.328007428465706e-07,5.2777128364731435e-05,7.337142947073886e-07,1.0708045420986145e-06,149728.0,149728.0,0.0,149728.0,149728.0,1197824.0,1197824.0,0.0,1197824.0,1197824.0,0.6617432206992817,0.623701541499031,0.1423143578430971,0.5486494580036378,0.6849100419931347,2.0,2.0,0.0,2.0,2.0,False,False,False
final_pareto,grid,2,10,128.03195664338756,159.73605543703516,66.78863832277095,158.01411899173206,160.63938497570527,0.0036281049194862997,0.00278717912165735,0.0021930440992643453,0.0023198059751714,0.0040474712255223,127.87674344716758,159.67962016102706,66.98053007761358,157.94106933511105,160.58401521200355,0.0014834360760947799,0.0011856644456113498,0.0010078067526439883,0.0009875932702153,0.0014256568707589,68.64645198647959,65.12281712085272,51.302533732676316,39.29963122825386,111.6221968038106,69.40262988332822,70.15357064179176,53.05286731332897,69.5796591169425,70.75720697244496,3.269376542091991e-05,8.833007620038339e-07,6.762641498407002e-05,7.600225162468291e-07,1.029135351667979e-06,120704.0,120704.0,0.0,120704.0,120704.0,965632.0,965632.0,0.0,965632.0,965632.0,0.5578846539989172,0.5259898334988975,0.12132465539589683,0.5040131669957191,0.586913375002041,2.0,2.0,0.0,2.0,2.0,False,False,False
hybrid,grid,2,10,3.3792807518140924,2.9160677640683255,2.5006312156700896,1.2087600594799262,5.234358585656926,0.039823008957157395,0.03661888565653905,0.03569791345282296,0.003803851937871,0.0646167896367054,3.249253832040091,2.7994544622022506,2.4487001825393526,1.1397620862755695,5.097229576308621,0.019242726191911908,0.01777946668961305,0.017485970563710238,0.0014733340373442,0.0314540065911665,25.47375149013112,22.170696887420743,23.89768455697253,3.640126238924659,36.23295805428138,17.57344630898313,14.599357986806343,10.599086678924888,5.829703173374277,30.825854411774273,0.00015286804511451142,9.093045148056672e-07,0.00048057775928750363,7.396616515199324e-07,1.0328947240836862e-06,188708.0,188708.0,0.0,188708.0,188708.0,1509664.0,1509664.0,0.0,1509664.0,1509664.0,0.9716671417983889,0.939834520999284,0.13759173929647145,0.8862405830004718,1.0541672090039356,2.0,2.0,0.0,2.0,2.0,False,False,False
original_basis_optimized_recovery,grid,2,10,1.6493010973894564,1.7068878647443801,0.4958363728134108,1.223536705840205,2.0788828782825077,0.02063594113178683,0.020227445177676398,0.01060544350812936,0.0081511827699284,0.0298268966424716,1.5496133711238869,1.6371974207132411,0.5028297400964639,1.1315825616775628,2.007296584072538,0.01027446157872774,0.010052760077602849,0.005257414814619616,0.0041041435809259,0.0148008814526005,13.13034184999251,12.756572639316538,6.0248918351748,6.665289081570891,16.97239090090849,7.793947359233934,8.540676088979442,1.5742847612382946,5.552186407994652,8.774583043107048,1.678781354575432e-05,7.9385716887366e-07,5.049474063666835e-05,7.152255393452662e-07,1.0147218437536263e-06,101860.0,101860.0,0.0,101860.0,101860.0,814880.0,814880.0,0.0,814880.0,814880.0,10.209926687399275,10.074531104499329,0.8754358776760668,9.508314083002915,10.710296749995903,2.0,2.0,0.0,2.0,2.0,False,False,False
rank_optimized_joint,grid,2,10,1.043892297259866,0.9626277799436855,0.41956834679409843,0.718597677216156,1.3590846328040205,0.01198785083478424,0.0132427491243492,0.006801310743827801,0.0035717603445054,0.0150329108796462,0.9668941834616003,0.8778041483072014,0.3977195987793665,0.6715723923622547,1.2953519665160995,0.0055390836734736095,0.00619045809907815,0.00346958683963355,0.0011744081773381,0.0071243926417883,7.9136504056355985,7.940518069403748,4.6460007764323485,3.5181154295070063,10.559625422714731,7.784039269808359,8.440498704900032,1.345652210747261,5.858430150303459,8.699980186842359,1.9109084962817875e-05,9.022556436580738e-07,5.745375450858725e-05,7.327669431434426e-07,1.3104586663333826e-06,259188.0,259188.0,0.0,259188.0,259188.0,2073504.0,2073504.0,0.0,2073504.0,2073504.0,1.1137917291998747,1.0975723335031944,0.17525642300395397,0.9818984160010586,1.2366713330047787,2.0,2.0,0.0,2.0,2.0,False,False,False
POD,grid,5,10,25.90130739940625,29.46927433220128,5.900550053352074,19.18687519662992,29.757405333927956,0.23784282407525031,0.26902840030348496,0.05053208437594172,0.1719270053100095,0.2691365090075438,25.381807042412294,29.08053891443462,6.0421013318021926,18.513166904005736,29.329316847058784,0.11485720350236209,0.13079840453300015,0.0258079295754481,0.081983275963523,0.1308745008859869,165.462299027323,179.420583305337,53.41923348723036,123.40966133707808,209.16645138966223,5.182414671900035,1.459482241691385,6.024937333635134,1.4009164033988448,13.639524560970624,0.0005415578962293034,8.937969873396721e-07,0.0008714329052977784,7.810150216249539e-07,0.0017121400375792,316800.0,316800.0,0.0,316800.0,316800.0,2534400.0,2534400.0,0.0,2534400.0,2534400.0,1.292954733499937,1.29505272949973,0.10029715001858687,1.2014440409984672,1.352346416999353,5.0,5.0,0.0,5.0,5.0,False,False,False
POD-E,grid,5,10,0.6333181723418251,0.6046214157877102,0.1726431858221893,0.552869657808184,0.6245682045116334,0.001094416354623,0.0009044509410176,0.0004718833813282904,0.0008533426335926,0.001102732805306,0.5836500299528942,0.5527368043975067,0.16323880929105067,0.4997679388408392,0.5770904813371669,0.00034801826848893,0.0002890364680436,0.00014946452422332196,0.0002667217516106,0.0003439360017652,0.972765474500466,1.0978457262225279,0.23911667883224713,0.7493326847315404,1.1633384936290716,70.0063781509225,69.49377089834528,2.5386208130732326,69.27148176971221,72.01845905741271,0.00021083856614645754,7.86812017764546e-07,0.0005858712664470524,6.337744215349281e-07,1.1713683970195514e-06,316800.0,316800.0,0.0,316800.0,316800.0,2534400.0,2534400.0,0.0,2534400.0,2534400.0,1.25942648339842,1.241910395994637,0.08394504072825856,1.2020911250001518,1.3391447919930215,5.0,5.0,0.0,5.0,5.0,False,False,True
final_accuracy,grid,5,10,33.622670496690866,2.485697186727896,66.59717187969338,0.4313752352231878,4.854697564815675,0.0020619483718590298,0.0013552250170051,0.0014569874829234815,0.0010014758679153,0.0029831920375168,33.526927521245184,2.390924329019187,66.6139975890357,0.3124048069732033,4.745118675623439,0.0008385297904653701,0.0005019340547127,0.0006841059600574031,0.0002947414173173,0.0012689424485811,30.31336385415229,2.439709273110485,60.116865942738286,0.8534842312025472,3.571438260164886,21248.469311997567,19489.209137896665,22438.716973754472,185.1557772037424,39936.32903865801,0.00018675134736515354,8.645075379041044e-07,0.0005878925791985862,7.568947297759018e-07,9.577067834115065e-07,149728.0,149728.0,0.0,149728.0,149728.0,1197824.0,1197824.0,0.0,1197824.0,1197824.0,0.6617432206992817,0.623701541499031,0.1423143578430971,0.5486494580036378,0.6849100419931347,5.0,5.0,0.0,5.0,5.0,False,False,False
final_pareto,grid,5,10,17.88186619933601,1.998818350050789,49.94494664989936,1.6679801555759934,3.123533505807281,0.00230044912862414,0.00181873449113535,0.0015036208724620258,0.001144158315881,0.0024567837003367,17.787591733037356,1.9054507789934716,49.955114819244606,1.5715277166276558,3.019021645891115,0.0009516955189041801,0.0007712000321728,0.0006984887867019642,0.0004353302182139,0.0010476993191567,15.45723291245452,2.4918521424308624,41.11345154844626,1.7751870317043397,3.5715140901967226,26146.124317654612,33544.14888447897,18328.282826805156,351.2066977087199,38634.91674048683,0.0002348454894727178,8.023157978388376e-07,0.0005987474526859245,6.842105391197242e-07,1.0025112550964762e-06,120704.0,120704.0,0.0,120704.0,120704.0,965632.0,965632.0,0.0,965632.0,965632.0,0.5578846539989172,0.5259898334988975,0.12132465539589683,0.5040131669957191,0.586913375002041,5.0,5.0,0.0,5.0,5.0,False,False,False
hybrid,grid,5,10,0.891690561112007,0.8395665525134024,0.4776354349348778,0.4733245357892018,1.011302652831142,0.01466400143476293,0.015107610036687601,0.011475574594176415,0.0016241327412045,0.0201160799420436,0.8215600944376688,0.7881295040229118,0.4445385473109806,0.4141789387368086,0.9323510130030592,0.007089967666027449,0.0072583875129565,0.0055937690390234695,0.000773416575239,0.0097680571739347,8.768540837309798,10.112264773150963,5.612176997853609,1.5000598954905529,13.031791714393576,87.48088883423794,93.3347034565756,12.978615392344304,72.84995202803543,96.1728134593377,0.0001569262842071714,7.307330668112614e-07,0.0004931182089168988,6.920376094933459e-07,8.580826758582117e-07,188708.0,188708.0,0.0,188708.0,188708.0,1509664.0,1509664.0,0.0,1509664.0,1509664.0,0.9716671417983889,0.939834520999284,0.13759173929647145,0.8862405830004718,1.0541672090039356,5.0,5.0,0.0,5.0,5.0,False,False,False
original_basis_optimized_recovery,grid,5,10,1.0384719992508273,0.8162896772786257,0.5421131485336325,0.6669779742227637,1.389271165194551,0.01642826203524235,0.0146493213196724,0.009831209817279774,0.0074741117652959,0.0211701036221822,0.9147109466033457,0.677346085008246,0.5585416380454845,0.5728929966729601,1.3100901768411584,0.00818371776891082,0.0073160540306841,0.0048298110196464935,0.0038480232889037,0.0105103966268129,10.68999621202129,8.042138927601389,6.976425901050733,5.773911170890342,14.716043049392736,100.01724125488745,93.10032209526636,20.895795462197412,82.29297993213176,119.76517630925927,0.00011793743759148839,8.294172902307929e-07,0.00037041468121019996,6.350225491512259e-07,9.520676974347212e-07,101860.0,101860.0,0.0,101860.0,101860.0,814880.0,814880.0,0.0,814880.0,814880.0,10.209926687399275,10.074531104499329,0.8754358776760668,9.508314083002915,10.710296749995903,5.0,5.0,0.0,5.0,5.0,False,False,False
rank_optimized_joint,grid,5,10,0.649879126795429,0.5552281012482572,0.20589137095438556,0.5010306625148212,0.765711447685113,0.01227537875471851,0.012372717701827352,0.008836883874338687,0.0013396351381951,0.0191323834348861,0.5862089443534642,0.47611612965419436,0.20940662716695732,0.4292224126437596,0.7284299804028495,0.00582897302324484,0.0058037449244448,0.004312049077244935,0.0004791738679286,0.0091891780681839,7.997690076203395,7.01256983504523,6.184517310665646,1.0757892728350746,14.112872236129173,119.80709038332157,135.16740649673352,33.897995734983134,77.06556482663675,137.67437596228112,0.0001877640338445621,7.598646607904703e-07,0.0005912497483223821,7.208646800284995e-07,9.533158250510188e-07,259188.0,259188.0,0.0,259188.0,259188.0,2073504.0,2073504.0,0.0,2073504.0,2073504.0,1.1137917291998747,1.0975723335031944,0.17525642300395397,0.9818984160010586,1.2366713330047787,5.0,5.0,0.0,5.0,5.0,False,False,False
POD,grid,10,10,8.049250649033224,6.292738910368367,3.1788671148098286,5.874342057811553,9.702942136389016,0.07652264447497546,0.0641786100102915,0.031978737022339415,0.0503772083023545,0.0898256974592012,7.6981127011915405,6.094718344590461,2.8846257602807976,5.708534631016219,9.184573299807369,0.03589443103173919,0.03072413013050685,0.014149350674719336,0.0240712965730421,0.0421331040780296,51.818863782176244,42.31707314498787,24.045703895452473,35.44755724186795,69.61394419732436,14395.014595253591,2121.5504711590256,17356.719792607877,409.81415087719614,33995.26878070338,0.0018458875939748299,0.00185405921051035,3.652031910482547e-05,0.0018380278797165,0.0018627183609011,316800.0,316800.0,0.0,316800.0,316800.0,2534400.0,2534400.0,0.0,2534400.0,2534400.0,1.292954733499937,1.29505272949973,0.10029715001858687,1.2014440409984672,1.352346416999353,10.0,10.0,0.0,10.0,10.0,False,False,False
POD-E,grid,10,10,0.26034656587054156,0.19010794166163347,0.1826222869589064,0.1581085616298861,0.3092348998900452,0.00107899393887767,0.00104173010141375,0.00036186548338035257,0.0007654811558383,0.0012073291836828,0.1880206478473943,0.09159722053700566,0.19883296956218602,0.067262658836123,0.2792048536849135,0.00034690522361839995,0.0003293186162793,0.00011482274207638413,0.0002534966468242,0.0003906357428234,0.7900990765279514,0.747676327483061,0.2790398814572462,0.6942601610406923,0.8157243898961791,1639191.364482407,58499.30805863289,3382805.814718183,188.78992695652548,72113.1841099813,8.312345892050885e-07,8.001278407952252e-07,2.483242498471366e-07,6.644737108477525e-07,8.273759464684286e-07,316800.0,316800.0,0.0,316800.0,316800.0,2534400.0,2534400.0,0.0,2534400.0,2534400.0,1.25942648339842,1.241910395994637,0.08394504072825856,1.2020911250001518,1.3391447919930215,10.0,10.0,0.0,10.0,10.0,False,False,True
final_accuracy,grid,10,10,0.4794084263562187,0.39881661553196884,0.29613112525527957,0.3211746246798626,0.5016983494856839,0.00203674133743994,0.0015571781383123,0.0015719977678987772,0.0008186740959307,0.0038942483924401,0.4145775560760464,0.2975356988043616,0.2987017612228575,0.2599233821103733,0.4436912248168413,0.0007207648592473233,0.0006673732587524,0.0005169967897209291,0.0002311058881258,0.001269566380532,1.455527300788669,1.5338148915421783,0.9029237986431904,0.5956219377220919,2.057090236413649,45759.78206571235,1156.8285024790232,58494.92450475608,977.5091956486508,100765.24893508216,9.074232913466185e-07,8.453984661255368e-07,2.0634707327434443e-07,7.327669431434426e-07,1.0535714091361969e-06,149728.0,149728.0,0.0,149728.0,149728.0,1197824.0,1197824.0,0.0,1197824.0,1197824.0,0.6617432206992817,0.623701541499031,0.1423143578430971,0.5486494580036378,0.6849100419931347,10.0,10.0,0.0,10.0,10.0,False,False,False
final_pareto,grid,10,10,0.665548682001722,0.5821375110347543,0.48041152847341323,0.4480217710900525,0.7716764863797496,0.00205065859752306,0.00168477758786025,0.0012501799657738118,0.0011135701810136,0.002876589964442,0.5908535294622614,0.5198789178902478,0.4728572231657149,0.384083182287017,0.6691266713247714,0.0007806511538889699,0.00071690221664585,0.0004323195778616604,0.0004671266745475,0.001265197562746,1.6793380977576504,1.4899884982638554,0.8798289376356092,0.8902337212237901,2.3815837934061417,73482.70857596405,113404.393296334,62687.7681606004,1240.226351291789,124868.40186378316,8.773496195050728e-07,8.338007538078732e-07,2.1982546967221083e-07,6.710526536050764e-07,1.0817668937265705e-06,120704.0,120704.0,0.0,120704.0,120704.0,965632.0,965632.0,0.0,965632.0,965632.0,0.5578846539989172,0.5259898334988975,0.12132465539589683,0.5040131669957191,0.586913375002041,10.0,10.0,0.0,10.0,10.0,False,False,False
hybrid,grid,10,10,0.46990661335817274,0.3402865651433773,0.26484784250674387,0.2766744160318914,0.7212885515308668,0.00263580733894858,0.0014885192752877,0.0019630805688576384,0.0011787950944583,0.0041080557244114,0.4178256256620855,0.2989652844225362,0.26038096034773917,0.2210725591317738,0.6699990269040211,0.0011526629054157999,0.0005276709439762,0.0009539049960914771,0.0004200898062284,0.0019636276338051,1.8543782619734297,1.380392353354277,1.2154299720518642,0.7567122396754629,3.0013156711319406,219.32604685343617,198.09919513160935,45.07031133406714,183.4902811535574,263.97809644142154,9.487150236964225e-07,8.8831578417247e-07,2.8463890552308857e-07,7.186691461418076e-07,1.200187972771298e-06,188708.0,188708.0,0.0,188708.0,188708.0,1509664.0,1509664.0,0.0,1509664.0,1509664.0,0.9716671417983889,0.939834520999284,0.13759173929647145,0.8862405830004718,1.0541672090039356,10.0,10.0,0.0,10.0,10.0,False,False,False
original_basis_optimized_recovery,grid,10,10,0.599918465162381,0.6041216487757286,0.1152307118149959,0.5314835763408907,0.6906739511577873,0.006901236106917641,0.006923710677522,0.0016323685328230707,0.0064524418058881,0.0079146035083993,0.447337337820407,0.45786379021631607,0.11257073890773588,0.3854742844802599,0.480318729617973,0.0033856267660572897,0.00345609645945165,0.0008474402397690627,0.0031854700502785,0.003883214509223,4.626227366880893,4.5518456943602565,1.4102032296874925,3.691752842270939,5.895897841663058,346.56272216132857,337.66120216294877,72.9506912939956,275.351736630727,390.66741589277257,9.677638964993615e-07,9.735301038498914e-07,2.76760519289362e-07,8.167293057531902e-07,1.0570150159327384e-06,101860.0,101860.0,0.0,101860.0,101860.0,814880.0,814880.0,0.0,814880.0,814880.0,10.209926687399275,10.074531104499329,0.8754358776760668,9.508314083002915,10.710296749995903,10.0,10.0,0.0,10.0,10.0,False,False,False
rank_optimized_joint,grid,10,10,0.4749893233371855,0.3764635459788026,0.2560961949140776,0.2704766772592434,0.7841616248590453,0.0066374129326066105,0.0015161976347634,0.008785561093138081,0.0009990788103179,0.0108672831626503,0.41244760638173644,0.33126248305468003,0.24789653125342487,0.2145321272781603,0.7064070103272245,0.00306528062000436,0.00052659111349305,0.004283703882098304,0.0003556261733287,0.0050288809923516,4.303493383235216,1.1241023036354056,5.361664985225179,0.8353743907986855,7.153335668899226,266.2935133815486,216.7839063065128,83.88509151141096,197.70795202617725,352.5668681186731,9.305451084558566e-07,9.763496194850597e-07,2.0784205979033216e-07,6.967443334729992e-07,1.021932317749282e-06,259188.0,259188.0,0.0,259188.0,259188.0,2073504.0,2073504.0,0.0,2073504.0,2073504.0,1.1137917291998747,1.0975723335031944,0.17525642300395397,0.9818984160010586,1.2366713330047787,10.0,10.0,0.0,10.0,10.0,False,False,False
POD,grid,16,10,5.163189164935187,3.7396574878210296,3.4938714497475414,3.509088023902184,4.230802786474912,0.052868088773474174,0.0406191620998719,0.03308100727775531,0.0322050097811409,0.05716720417976,4.819200496968836,3.5510175737282053,3.109876172722845,3.2937686179672476,4.035952270511375,0.02460733887534448,0.0193316036070238,0.014424251429761625,0.0153128490323849,0.027556109265146,34.70339411772157,31.64724519717933,22.200014778555012,23.000810645367096,33.50296191375688,135281.666646996,48916.22313200458,155797.56863621649,32843.24219208298,212913.85691637007,0.0018711595240559,0.00187535369545535,4.493638975176694e-05,0.0018351716842284,0.0019137108421344,316800.0,316800.0,0.0,316800.0,316800.0,2534400.0,2534400.0,0.0,2534400.0,2534400.0,1.292954733499937,1.29505272949973,0.10029715001858687,1.2014440409984672,1.352346416999353,16.0,16.0,0.0,16.0,16.0,False,False,False
POD-E,grid,16,10,0.13928630654319585,0.12316605728324495,0.05686484838147618,0.1052484074560371,0.1520888429935383,0.00108798977212809,0.00099353500581115,0.000297287853117008,0.0008376813300965,0.0013089284674431,0.07587074180311175,0.06967313722467225,0.035834344030104985,0.0506547066199107,0.0838410748751992,0.00035611002383305996,0.00032050652354525004,9.22364561467943e-05,0.000279455595091,0.0004288198699351,0.7280867961234818,0.6798472894494088,0.16258608716491246,0.6334168398048854,0.8571834494750977,43876910.43660518,29261467.06446673,56159810.54296002,443.4003586957031,54661347.3986115,7.734646674077539e-07,7.288533806034076e-07,1.8536209862658786e-07,6.566391456907237e-07,7.825789695668658e-07,316800.0,316800.0,0.0,316800.0,316800.0,2534400.0,2534400.0,0.0,2534400.0,2534400.0,1.25942648339842,1.241910395994637,0.08394504072825856,1.2020911250001518,1.3391447919930215,16.0,16.0,0.0,16.0,16.0,False,False,True
final_accuracy,grid,16,10,0.509679902608445,0.34437885229152887,0.38857488352190944,0.2563788321162827,0.5954235967360213,0.00213570362061784,0.0021247326796822,0.001606639335405937,0.0004540956795482,0.0038942483924401,0.4427039685012735,0.24964305710488088,0.3827486974958327,0.1762033189672941,0.5530123397322969,0.00077925301718003,0.00092558539904115,0.0005355028861290524,0.0001612699878577,0.001269566380532,1.5521525520365842,1.8497077209967372,1.0081275142652641,0.5028462465537857,2.211642519237353,95426.51942324715,6566.363408692536,119637.26864406493,2704.020994071956,245606.4005239062,1.0374684129225413e-06,9.296654068857879e-07,2.8910564231120614e-07,8.010676702225399e-07,1.2371578792992391e-06,149728.0,149728.0,0.0,149728.0,149728.0,1197824.0,1197824.0,0.0,1197824.0,1197824.0,0.6617432206992817,0.623701541499031,0.1423143578430971,0.5486494580036378,0.6849100419931347,16.0,16.0,0.0,16.0,16.0,False,False,False
final_pareto,grid,16,10,0.7484483841049496,0.5604004337094454,0.532110649304584,0.352766585322861,1.250870517267474,0.00196035410334401,0.0018700577222678502,0.0012587014107952345,0.0011935859228975,0.0021811142414949,0.6708330209688229,0.45911406891360634,0.5233960186819858,0.2743669336111464,1.1792884413618716,0.0007459177260968799,0.00080406314488255,0.00041198439768233683,0.0004999056342834,0.0009448244599551,1.6096001133423143,1.5725787302570673,0.8003626700825313,1.1182216433164458,1.9334592108863151,146527.827620791,232101.90636998246,122406.22026533997,5056.318294679062,246501.05793185625,1.0397571337731429e-06,9.075827387606207e-07,4.066302345325409e-07,6.851503959002631e-07,1.3624736667204564e-06,120704.0,120704.0,0.0,120704.0,120704.0,965632.0,965632.0,0.0,965632.0,965632.0,0.5578846539989172,0.5259898334988975,0.12132465539589683,0.5040131669957191,0.586913375002041,16.0,16.0,0.0,16.0,16.0,False,False,False
hybrid,grid,16,10,0.23387407160579765,0.222079458401683,0.06670538330620508,0.1835866716184768,0.2906584489415624,0.00219589626137249,0.00129103047247875,0.0014961366453231702,0.001034517724718,0.0039076492811506,0.17279564418246823,0.1654890763605399,0.04683760946527248,0.1375204546182798,0.2112118109364918,0.0009016853679627301,0.00043962391186445004,0.0007040435370221226,0.0003550122744841,0.0017105314296455,1.502056355502096,1.0456257047598156,0.9981650247820475,0.6450336787459505,2.5615671654715992,455.81473516079495,433.3311186368454,96.97432713996649,379.8219881672251,531.2762023833177,9.784767046637302e-07,9.791654150817487e-07,2.9404699957285466e-07,6.929849610572919e-07,1.21303009266678e-06,188708.0,188708.0,0.0,188708.0,188708.0,1509664.0,1509664.0,0.0,1509664.0,1509664.0,0.9716671417983889,0.939834520999284,0.13759173929647145,0.8862405830004718,1.0541672090039356,16.0,16.0,0.0,16.0,16.0,False,False,False
original_basis_optimized_recovery,grid,16,10,0.5305373214400857,0.45392757039042675,0.1537143159378375,0.4445012569732195,0.5355359899619625,0.00619229137648819,0.0062545022699901,0.001057427862709181,0.0058955190551486,0.0071182086456229,0.35272112088754504,0.30537956421132284,0.15189454792611784,0.2963496205936048,0.3239305437279424,0.00302300023419543,0.0030766082226826,0.0006005543770362716,0.0029099018881014,0.003525853045276,4.115004368365225,4.253779407688844,0.9149282708746305,3.605968066116214,4.796364486241244,1189.56574069488,1148.8836392876196,270.24810901130496,1019.4580034188406,1321.5486860931592,8.643503717489931e-07,8.610601563626353e-07,2.7143486073857624e-07,6.10278220847249e-07,1.0166089973916628e-06,101860.0,101860.0,0.0,101860.0,101860.0,814880.0,814880.0,0.0,814880.0,814880.0,10.209926687399275,10.074531104499329,0.8754358776760668,9.508314083002915,10.710296749995903,16.0,16.0,0.0,16.0,16.0,False,False,False
rank_optimized_joint,grid,16,10,0.236842431828547,0.22458822675767964,0.12684744222916733,0.1092791514149735,0.328067078953611,0.0015122791556677199,0.00110007187571205,0.000930242632509308,0.0007235720466049,0.002554059012404,0.1917788722715477,0.15933234097113258,0.12224656395654071,0.0840456378309542,0.2998803687722455,0.0006192348721125101,0.0003921542009815,0.0004271921640105654,0.0002672146675522,0.0011011601789473,1.0599619268611433,0.6263933374375485,0.6861627708388491,0.5540748957905145,1.5931888531720748,552.8094416541123,513.4065690993566,109.57683967495274,466.0295996918554,657.3674933891841,1.0229631568238672e-06,9.827706794328008e-07,3.340210408302843e-07,7.120902033844837e-07,1.2167894650824872e-06,259188.0,259188.0,0.0,259188.0,259188.0,2073504.0,2073504.0,0.0,2073504.0,2073504.0,1.1137917291998747,1.0975723335031944,0.17525642300395397,0.9818984160010586,1.2366713330047787,16.0,16.0,0.0,16.0,16.0,False,False,False
POD,grid,20,10,27.415295404237934,30.50430964387978,8.77152185454499,28.43414778674763,31.06349314399415,0.24290834738304282,0.2666536976350037,0.07542310354558109,0.262067588302386,0.269989473272171,26.393467875888888,29.393570039136165,8.482635078199067,27.4499551343257,29.75258236435634,0.11481998734320467,0.1262717329519843,0.03560218340321371,0.1230003067104222,0.1274262095980597,163.96665090067685,180.20515092449259,60.39315444094544,149.8969682387624,207.39083495206648,29531.57332799891,2.9856742349837586,93377.60927767129,2.9127389889389184,3.1142624626112076,0.0018779406330757403,0.00185475908643235,0.0001242490624380715,0.001840574872171,0.0018734849624084,316800.0,316800.0,0.0,316800.0,316800.0,2534400.0,2534400.0,0.0,2534400.0,2534400.0,1.292954733499937,1.29505272949973,0.10029715001858687,1.2014440409984672,1.352346416999353,20.0,20.0,0.0,20.0,20.0,False,False,False
POD-E,grid,20,10,0.12401721496669031,0.0902675560559741,0.10214674502302006,0.0716300807238055,0.1058179105763061,0.00074840100939589,0.0007033189772304,0.00019094920338467625,0.0005898720600063,0.0009493983884489,0.09297613383618013,0.0642291976196548,0.09495431249279619,0.0485510783005682,0.0743499218167282,0.00022559500272670003,0.00021134666709,5.447802511677811e-05,0.0001867009068928,0.0002850266191081,0.5093525798522804,0.46914434132079963,0.11441922322059205,0.4303686911374509,0.6142991695274431,699.7922851902343,711.0923924642872,52.91749606236292,679.6835894931547,741.7166016935253,0.00036981372329880695,7.689548757004279e-07,0.0007780035540260905,6.967443334729992e-07,1.1093383418620193e-06,316800.0,316800.0,0.0,316800.0,316800.0,2534400.0,2534400.0,0.0,2534400.0,2534400.0,1.25942648339842,1.241910395994637,0.08394504072825856,1.2020911250001518,1.3391447919930215,20.0,20.0,0.0,20.0,20.0,False,False,False
final_accuracy,grid,20,10,0.21781310481609695,0.2275270003625705,0.09587025937994116,0.1614524725210945,0.2383620401392342,0.00061695790461794,0.00055167579693455,0.00023427080447520007,0.0004156390610985,0.0008323301417373,0.153694596389503,0.15749212963522446,0.08751488672723932,0.0688525187328262,0.1850171519093525,0.00019669131470298002,0.00018453442499085,6.608304552813179e-05,0.00014421540652,0.000246745967401,0.49007822194124884,0.48046631048902577,0.16567920110129059,0.3293979844026999,0.6172413004921644,86660.79905849774,113422.32425181652,59639.24910939001,4149.646580150866,115212.34458049075,1.37086391262535e-06,1.5147218215489353e-06,3.8787051213383147e-07,9.13218022639254e-07,1.682022565019954e-06,149728.0,149728.0,0.0,149728.0,149728.0,1197824.0,1197824.0,0.0,1197824.0,1197824.0,0.6617432206992817,0.623701541499031,0.1423143578430971,0.5486494580036378,0.6849100419931347,20.0,20.0,0.0,20.0,20.0,False,False,False
final_pareto,grid,20,10,0.15501372009668768,0.14514753795952806,0.06172598299550528,0.11729772933482,0.1825089776271713,0.00062592046091411,0.00062080765073235,0.00018983996879031405,0.0004618609091578,0.0008340422166838,0.10221892797296575,0.08848160671093855,0.051646192893011623,0.0657498809186039,0.1382900760992136,0.0001976652252097,0.00020270335855895,4.972146065285641e-05,0.0001477221031195,0.0002321949910758,0.4778092393154555,0.48715301901982755,0.14334301300561006,0.3261540574395341,0.5625533528522975,96017.49136558597,113434.95105610412,49414.14130120337,111100.48564004066,115224.34693777889,3.8368892487209e-05,1.5823947374281802e-06,7.804393201513988e-05,1.3887894924562005e-06,1.7825864746473394e-06,120704.0,120704.0,0.0,120704.0,120704.0,965632.0,965632.0,0.0,965632.0,965632.0,0.5578846539989172,0.5259898334988975,0.12132465539589683,0.5040131669957191,0.586913375002041,20.0,20.0,0.0,20.0,20.0,False,False,True
hybrid,grid,20,10,0.14050042582055178,0.13528734340048504,0.028452512821436075,0.1172746337637775,0.1659635377471307,0.00099499614304497,0.0009389250750861001,0.00018269487189607553,0.0008925347873629,0.0011622789925836,0.09822662694451548,0.08704496691648819,0.028952707138176933,0.0820256592578008,0.1094496445921266,0.00035183350773542,0.00034268439000100003,6.836875964392607e-05,0.0002953150756933,0.0003938782409744,0.6876778807117775,0.6766477657978783,0.16584609799962774,0.58850052080882,0.7175993524325424,710.8651503702715,699.056541250909,69.93531168758479,672.5034297728005,789.9304491184795,1.5090864720225643e-06,1.5109661691717076e-06,6.050713997021043e-07,1.1707443605646267e-06,1.6102781764378672e-06,188708.0,188708.0,0.0,188708.0,188708.0,1509664.0,1509664.0,0.0,1509664.0,1509664.0,0.9716671417983889,0.939834520999284,0.13759173929647145,0.8862405830004718,1.0541672090039356,20.0,20.0,0.0,20.0,20.0,False,False,False
original_basis_optimized_recovery,grid,20,10,0.5027120516179832,0.4763342362421161,0.09319679423050557,0.4281087593195339,0.5317571547484481,0.00585735315770613,0.006006704353782651,0.00042349394612160255,0.0058616357223959,0.0060349254688117,0.3743692449242161,0.3581370547011375,0.08010800656213828,0.3144178520205574,0.4360201729584769,0.0028956436453146705,0.0029609972159215002,0.0002338350859812824,0.0028942439405641,0.003007638320669,3.89828429684746,3.976663671459689,0.7327578581790317,3.439440308337178,4.464736762272872,872.3426318337449,862.2395570049539,61.58438624686035,819.9960885038934,910.0302083504504,1.118953383083042e-06,1.1347105087190727e-06,3.703803288351943e-07,7.89165461814045e-07,1.44705262570817e-06,101860.0,101860.0,0.0,101860.0,101860.0,814880.0,814880.0,0.0,814880.0,814880.0,10.209926687399275,10.074531104499329,0.8754358776760668,9.508314083002915,10.710296749995903,20.0,20.0,0.0,20.0,20.0,False,False,False
rank_optimized_joint,grid,20,10,0.10191493175616892,0.09150848167004905,0.043283573363977576,0.0759717035188135,0.1079282224919209,0.0007587217922229299,0.00069354629893525,0.0001798553856324951,0.0006222403139393,0.0009367154619831,0.07264304274400034,0.06402030972020155,0.034363268452398406,0.054028005245086,0.084080365252799,0.00028310801128685005,0.00026155331731034996,5.489104773729959e-05,0.00024290344096,0.0003221688528372,0.5187909341646885,0.494493251495693,0.13610091033475144,0.4121119328547857,0.6831097140777194,907.4564899045447,912.4210800628173,61.898312474044964,863.1207673873424,944.5965650491004,1.461999253431139e-06,1.6130977467794841e-06,4.4518534463460156e-07,1.41040603428925e-06,1.7691127688070774e-06,259188.0,259188.0,0.0,259188.0,259188.0,2073504.0,2073504.0,0.0,2073504.0,2073504.0,1.1137917291998747,1.0975723335031944,0.17525642300395397,0.9818984160010586,1.2366713330047787,20.0,20.0,0.0,20.0,20.0,False,False,False
POD,grid,30,10,11.1183337124345,9.501772148886456,7.967683516784736,8.467180750681152,10.748064955799576,0.03436153141482397,0.04337773634333915,0.01492692405191297,0.0203905832536784,0.045274727997242,10.274678694125909,8.933852162570627,7.145697412683073,7.932864806258515,10.07151337820754,0.015484206041979462,0.019451289985179247,0.006691215563597403,0.0094570220794933,0.0203859249283492,26.22526072070188,24.25526555239672,10.729279856152235,16.76188145098887,36.40347902707633,467039.6946064189,16.347510006872653,1476857.7650746326,15.184302778700491,17.582077458194604,0.0018926952684092397,0.0018666895375918499,0.0001332439034759775,0.0018439595864366,0.0018857073909633,316800.0,316800.0,0.0,316800.0,316800.0,2534400.0,2534400.0,0.0,2534400.0,2534400.0,1.292954733499937,1.29505272949973,0.10029715001858687,1.2014440409984672,1.352346416999353,30.0,30.0,0.0,30.0,30.0,False,False,False
POD-E,grid,30,10,0.032728113479335325,0.026741437389183602,0.01841389235902729,0.0235355100305696,0.0398562034913708,0.00053783041405881,0.00055573543029105,0.0001378541950525651,0.0004252722675632,0.0006490533536965,0.02408909820920747,0.021133356644309098,0.01529763584303885,0.0139855384963254,0.0277859455733022,0.00017492443022748002,0.00018532972691565,4.5672652590187956e-05,0.0001377007864475,0.0002246418595402,0.34725238483978205,0.3447270384039163,0.09624175023067495,0.2761470261750199,0.423764857332808,4061.673125670323,3951.9436549192933,497.37620254736726,3770.5809747707503,4180.310423730104,0.00037065711127013854,7.982443524892196e-07,0.0007795838327859484,6.801353463784028e-07,1.8192330660662591e-06,316800.0,316800.0,0.0,316800.0,316800.0,2534400.0,2534400.0,0.0,2534400.0,2534400.0,1.25942648339842,1.241910395994637,0.08394504072825856,1.2020911250001518,1.3391447919930215,30.0,30.0,0.0,30.0,30.0,False,False,True
final_accuracy,grid,30,10,0.19011584355430514,0.16718273973303643,0.10138321237468881,0.1184288209424599,0.2262866839348677,0.0004500345141966,0.000451792478339,0.00014611068132474724,0.0003030904107444,0.0005311970704961,0.13544228881846132,0.10222395095257406,0.08803729841932571,0.0688525187328241,0.1603917175737507,0.0001496416986429511,0.0001430619946582,4.6675215617378874e-05,0.0001013822758751,0.0001844684851476,0.3845703066886201,0.3563349044630259,0.18073317198023103,0.2498294097316684,0.3941837109620418,1080711.490795274,1370697.6570246145,778686.5225508909,10308.279994076747,1703428.6916856554,1.5809203001768574e-06,1.8287894346215585e-06,5.042116503272757e-07,9.21052642502731e-07,1.921676689254722e-06,149728.0,149728.0,0.0,149728.0,149728.0,1197824.0,1197824.0,0.0,1197824.0,1197824.0,0.6617432206992817,0.623701541499031,0.1423143578430971,0.5486494580036378,0.6849100419931347,30.0,30.0,0.0,30.0,30.0,False,False,False
final_pareto,grid,30,10,0.14304824383309905,0.13570162413747705,0.05375712556331286,0.1148601479849271,0.1765293537993181,0.00046230475953264996,0.00047233133643015,0.00013785526796186368,0.0003512689559637,0.0005527417909103,0.0950910146803067,0.08645075436463126,0.049006599801141075,0.0657498809185959,0.1009274716904495,0.00016185433427339,0.0001507861434595,5.4878442031207236e-05,0.0001312070526893,0.00019247583002,0.3661947984700205,0.36210955790401855,0.14008758650319772,0.28095976146975,0.3979599870447161,1163848.6624944448,1428743.4454654474,634999.1176752939,1138162.9649653311,1594481.767104332,0.0003092900375956693,1.9069548831513864e-06,0.0006653585127795608,1.7286917606991876e-06,2.0260000260042627e-06,120704.0,120704.0,0.0,120704.0,120704.0,965632.0,965632.0,0.0,965632.0,965632.0,0.5578846539989172,0.5259898334988975,0.12132465539589683,0.5040131669957191,0.586913375002041,30.0,30.0,0.0,30.0,30.0,False,False,False
hybrid,grid,30,10,0.10770934435222208,0.09106495654083871,0.0371962885442933,0.0856771092782054,0.1317028914277793,0.00086570363724758,0.0008323436439784499,0.00017733767866461134,0.0007278498324181,0.001018399047866,0.0811242236231702,0.06807113486023365,0.03089390891549208,0.0605023863225036,0.0922293937203331,0.00033910945494493,0.00033770870372485,7.626042693505764e-05,0.0002721101455192,0.000413203347579,0.5907214010066759,0.5971775397138701,0.14966631475918069,0.4898438549833905,0.6466679699837615,903.9144533053686,910.7806388988621,69.49202516301047,843.7571562592541,978.019339500618,1.5058887269456446e-06,1.5082969868562668e-06,7.34694901155848e-07,8.815789859587873e-07,1.6177969759757302e-06,188708.0,188708.0,0.0,188708.0,188708.0,1509664.0,1509664.0,0.0,1509664.0,1509664.0,0.9716671417983889,0.939834520999284,0.13759173929647145,0.8862405830004718,1.0541672090039356,30.0,30.0,0.0,30.0,30.0,False,False,False
original_basis_optimized_recovery,grid,30,10,0.41778766434443915,0.39996714619485596,0.058590199314413574,0.38658501044472,0.4307142271742381,0.00472597410461806,0.00462435130402815,0.00029582490921780286,0.004602177537471,0.0046956527634849,0.25641920069093416,0.24501488663129373,0.04485264112928988,0.2212186736571302,0.2912201960579393,0.00225240735691178,0.0021952199799679002,0.00017224101444361062,0.0021790547199048,0.0022309366184793,3.1614499000540786,3.3635561080175327,0.5749564203780682,2.8028997464548566,3.5264077636184235,879.0827357817498,875.7719519289553,32.533654067867076,854.0242891076672,897.9988774494657,1.0820173015520397e-06,1.194706769604096e-06,2.725625837376395e-07,8.928571579123574e-07,1.2835262989261208e-06,101860.0,101860.0,0.0,101860.0,101860.0,814880.0,814880.0,0.0,814880.0,814880.0,10.209926687399275,10.074531104499329,0.8754358776760668,9.508314083002915,10.710296749995903,30.0,30.0,0.0,30.0,30.0,False,False,False
rank_optimized_joint,grid,30,10,0.04656009320026691,0.04038516107892415,0.01404977321294554,0.035098245830823,0.061246598339439,0.00065847830260614,0.0007044163326434,0.00015239206343239595,0.0005207132995891,0.0007770464213853,0.03345115246517359,0.02866445541980125,0.010612892311940524,0.0256595000848921,0.0423877573535604,0.00026407131412023,0.00027892606594545003,5.068115484614701e-05,0.0002159901866071,0.0003012289112056,0.43280778246715296,0.45792523099411686,0.12282608639276768,0.3478562745178493,0.5254783337864646,4052.2424441976495,4169.3473061106,663.6532914344037,3428.717347947222,4524.397234412254,1.8946428523272891e-06,2.0744060420018056e-06,6.508569220676533e-07,1.9536390957506582e-06,2.141917245620091e-06,259188.0,259188.0,0.0,259188.0,259188.0,2073504.0,2073504.0,0.0,2073504.0,2073504.0,1.1137917291998747,1.0975723335031944,0.17525642300395397,0.9818984160010586,1.2366713330047787,30.0,30.0,0.0,30.0,30.0,False,False,False
POD,grid,50,10,1.0347211393017066,1.102637901979055,0.45993846072493266,0.9864428975535576,1.2626123991181517,0.00944514783012875,0.010708891037949201,0.0050069524576674095,0.0070584616289468,0.01324640301527,0.9854742377554079,1.0470959874508194,0.4487831439290631,0.8950905841092157,1.2119209770712795,0.0043160577560280595,0.00485533683896345,0.0023128822752424482,0.0032037629035581,0.0060893592431504,6.6480358991732675,7.004805681148815,3.8834680295068753,4.33938894646247,9.993667701934584,358.5630922504675,16.825457278162837,1079.7727352711827,16.448295599985272,17.943323609231957,0.0018857093676659502,0.0018606196767117999,9.972885556936429e-05,0.0018470943007133,0.0018924232406009,316800.0,316800.0,0.0,316800.0,316800.0,2534400.0,2534400.0,0.0,2534400.0,2534400.0,1.292954733499937,1.29505272949973,0.10029715001858687,1.2014440409984672,1.352346416999353,50.0,50.0,0.0,50.0,50.0,False,False,False
POD-E,grid,50,10,0.02756788915335655,0.024470895432470198,0.011060079020873458,0.0204488441032003,0.0295808461497284,0.00050938599061414,0.00051788297940515,0.00010871781820319055,0.0004509628015398,0.0005960386663984,0.02090897221457906,0.0180796489716644,0.009058439605055002,0.0150341823868171,0.0239528544472647,0.00018851166196071,0.00019320482514955002,4.0601993477662e-05,0.0001744897189132,0.0002165979608459,0.3321542158694114,0.3612398468758494,0.09679597400922943,0.2683063688391348,0.3752423489040111,7525.876774443325,7205.0131565743195,750.5825179261917,7021.919606821964,8140.8455315697665,0.0003717180127798622,7.958947378910966e-07,0.0007818953607882045,7.011277970500794e-07,1.3063909683754685e-06,316800.0,316800.0,0.0,316800.0,316800.0,2534400.0,2534400.0,0.0,2534400.0,2534400.0,1.25942648339842,1.241910395994637,0.08394504072825856,1.2020911250001518,1.3391447919930215,50.0,50.0,0.0,50.0,50.0,False,False,False
final_accuracy,grid,50,10,0.11801592083842152,0.12211295145188575,0.024306506576916544,0.102833243699395,0.1399229910074226,0.00039856469961305,0.0003957642426378,0.000141777994774782,0.0002858621191048,0.0004520743205616,0.09493967433991626,0.0979074666527752,0.022331183205428543,0.0837750991025651,0.114908240399575,0.0001430223944896087,0.00013228955907750001,5.7275250919038364e-05,0.0001012327926145,0.0001642126428607,0.31503415419295205,0.2889417001234448,0.13240309182561083,0.1951534320427232,0.3969952889778966,887502.3098703623,1163253.5370294673,611158.4920202824,13637.7370066642,1278339.423427045,1.6893488799197309e-06,1.7940188093720129e-06,4.6582484506063504e-07,1.194864707120127e-06,1.967105252101065e-06,149728.0,149728.0,0.0,149728.0,149728.0,1197824.0,1197824.0,0.0,1197824.0,1197824.0,0.6617432206992817,0.623701541499031,0.1423143578430971,0.5486494580036378,0.6849100419931347,50.0,50.0,0.0,50.0,50.0,False,False,True
final_pareto,grid,50,10,0.12461197571079177,0.1198325158099528,0.03755509843357336,0.1013286434159308,0.1379053331097212,0.00040225166500703,0.00037381601224464997,0.00011597889842255423,0.0003135665653317,0.0004602298057725,0.09954435337884,0.09950045028657065,0.03137997538640097,0.0830043560699566,0.1111541336805586,0.00014937471013576998,0.0001437451434325,4.661502517261187e-05,0.0001089307109369,0.0001494916091607,0.31542855462291464,0.30774128691737623,0.10467916308298136,0.2287178967410285,0.3984384986918576,1012248.9894530413,1219956.6447228475,533505.2127129833,1093867.8492786563,1279444.2011014835,0.00025991221805166977,1.960996265087235e-06,0.0006006282716766888,1.8377218214283817e-06,3.180766930712625e-06,120704.0,120704.0,0.0,120704.0,120704.0,965632.0,965632.0,0.0,965632.0,965632.0,0.5578846539989172,0.5259898334988975,0.12132465539589683,0.5040131669957191,0.586913375002041,50.0,50.0,0.0,50.0,50.0,False,False,False
hybrid,grid,50,10,0.0961844497462043,0.08913553583190201,0.024385854922654247,0.0813833738917001,0.1159535404467033,0.00078448368410843,0.00078749376316995,0.00019265664050709626,0.0006134831548066,0.0008461826925223,0.07285306968065028,0.06927162269198235,0.021428825601038013,0.0542863643805525,0.0879651632992148,0.00031331138278585996,0.00029907768409365,9.431519774362114e-05,0.0002455417812598,0.0003469451395228,0.5278611774497506,0.49654984001928526,0.1146833956937517,0.4480534916786945,0.643708536089169,880.3749780793636,874.6398591220002,67.51708813427835,827.293800257653,921.8038127234496,2.1748127800034344e-06,1.8452368188680928e-06,1.943189703797928e-06,9.489323614739384e-07,2.006578963351457e-06,188708.0,188708.0,0.0,188708.0,188708.0,1509664.0,1509664.0,0.0,1509664.0,1509664.0,0.9716671417983889,0.939834520999284,0.13759173929647145,0.8862405830004718,1.0541672090039356,50.0,50.0,0.0,50.0,50.0,False,False,False
original_basis_optimized_recovery,grid,50,10,0.40390945266136685,0.37891009150960386,0.06129549105351573,0.3643014490421322,0.4269736713425191,0.004516268797240991,0.0045231957154772,6.796811575416843e-05,0.0044538132209218,0.0045533056653099,0.24241454953877523,0.23192169336295065,0.04807078070908694,0.2038211095280407,0.2694143142683528,0.00212003479878837,0.00212176742635395,3.9707515007937796e-05,0.0020806195769144,0.0021520797232843,3.0160134240736256,3.1519072457312483,0.5182276325554607,2.7642053362735246,3.4032323697017017,833.6464498854863,833.5921944415865,45.03915820074918,810.0153565558767,839.7193643694698,1.280918798131056e-06,1.3655977331529043e-06,4.4579927273842293e-07,7.897894982689698e-07,1.5670375979883611e-06,101860.0,101860.0,0.0,101860.0,101860.0,814880.0,814880.0,0.0,814880.0,814880.0,10.209926687399275,10.074531104499329,0.8754358776760668,9.508314083002915,10.710296749995903,50.0,50.0,0.0,50.0,50.0,False,False,False
rank_optimized_joint,grid,50,10,0.050283750249813006,0.044943051914023396,0.01681728340531952,0.038316902307689,0.0559988745171859,0.00062989668909964,0.0006302007877855499,0.00011156748658231053,0.0005875125631592,0.0006628898705322,0.03868946123869054,0.0344084343937138,0.01457974540800152,0.0278836049060768,0.0409050215785107,0.00027533133341980004,0.0002861265464068,4.32012249089553e-05,0.0002412347790626,0.0003077425698509,0.42231738079116454,0.4203094044970169,0.1168287292080918,0.3792338287034476,0.4892408939094994,8341.688353081303,8200.927816133908,646.7345964656432,7998.285244259852,8733.42098322353,1.8879691689429257e-06,2.184052644402517e-06,8.173588362944533e-07,8.461729179598615e-07,2.2239999493752097e-06,259188.0,259188.0,0.0,259188.0,259188.0,2073504.0,2073504.0,0.0,2073504.0,2073504.0,1.1137917291998747,1.0975723335031944,0.17525642300395397,0.9818984160010586,1.2366713330047787,50.0,50.0,0.0,50.0,50.0,False,False,False
POD,grid,75,10,0.02980727396073129,0.0282945888614335,0.010973319884268421,0.022478444433034,0.029541569726849,0.0006164567766901999,0.00054911167283315,0.00022398440102237328,0.0005114694618986,0.0006536125727807,0.02290644423081015,0.0220624768339771,0.009621899007364862,0.016731341928175,0.0242700315986963,0.00023576906623721996,0.00021306222718005,8.2262928741931e-05,0.0001897405817328,0.0002703310851132,0.40345613407398984,0.39253769305523284,0.16563469466917657,0.2746655044852152,0.4537323355188455,26.936615195725267,14.761006939132162,39.50204680727502,14.051793249435669,15.19664802480006,2.9226210586730165e-06,3.120928552637185e-06,6.122226222446894e-07,2.838345868180373e-06,3.1958045297883507e-06,316800.0,316800.0,0.0,316800.0,316800.0,2534400.0,2534400.0,0.0,2534400.0,2534400.0,1.292954733499937,1.29505272949973,0.10029715001858687,1.2014440409984672,1.352346416999353,75.0,75.0,0.0,75.0,75.0,False,False,False
POD-E,grid,75,10,0.027891009624746298,0.0246571296432872,0.010988289025434401,0.0195268686781397,0.0307268552531471,0.00053189239548805,0.00051083888241655,0.0001488637068183053,0.0003927994832607,0.0005891268455485,0.02195204760546102,0.020478256986214152,0.00839527332094532,0.0151201901716485,0.0219432305913153,0.00020577746489498002,0.00019415650223785,6.559125326372022e-05,0.0001596896030866,0.0002335393950585,0.3506424532825219,0.3359500321333714,0.13574393381060101,0.2587066776571581,0.4427678170834302,7164.453475947419,7113.890230226553,578.8946333927646,6792.539305465594,7356.82533536283,9.086150603799526e-07,8.734323752210721e-07,1.9848787309413423e-07,7.481203078383342e-07,9.90601551904574e-07,316800.0,316800.0,0.0,316800.0,316800.0,2534400.0,2534400.0,0.0,2534400.0,2534400.0,1.25942648339842,1.241910395994637,0.08394504072825856,1.2020911250001518,1.3391447919930215,75.0,75.0,0.0,75.0,75.0,False,False,False
final_accuracy,grid,75,10,0.07145987795215752,0.0667804348802517,0.017198195900355106,0.0585720478684022,0.0879721464966665,0.00043819249716751,0.00037449127668670004,0.00018690919572289817,0.0003002458850241,0.0005409233625239,0.048306630708857205,0.042649576636441144,0.016927551179392198,0.0354090903129418,0.0639912066906189,0.00015896739104753307,0.0001325101392596,7.572092197394916e-05,0.0001005223014799,0.0001995665473316,0.30838681995484046,0.2631544469281914,0.13591699291835574,0.2113579207339815,0.3793029842973726,2370836.1153296204,2168379.6413791664,2439646.8066410376,11572.884051166098,3579112.9185905214,0.00018125375864840406,2.1766879529293097e-06,0.0005669581928409565,2.061398489806885e-06,2.3292631976117375e-06,149728.0,149728.0,0.0,149728.0,149728.0,1197824.0,1197824.0,0.0,1197824.0,1197824.0,0.6617432206992817,0.623701541499031,0.1423143578430971,0.5486494580036378,0.6849100419931347,75.0,75.0,0.0,75.0,75.0,False,False,True
final_pareto,grid,75,10,0.07587558094205286,0.075654140509501,0.010525082775572481,0.0716812676475722,0.0860324389420341,0.0004605521362211,0.00037663718755185,0.00023167300434744707,0.0002462026299797,0.0006451858470253,0.05070560118899392,0.04504575272183205,0.013473565406373098,0.0410946133875038,0.060228433351839,0.00017062787756795064,0.0001384596080351,9.283794848995672e-05,9.370191050338246e-05,0.0002589778207896,0.32236935981475817,0.27994635735356244,0.16437411752994163,0.2030477757010033,0.3702750868700569,1813210.4075655625,1910538.6747136365,1252565.2906529373,1107650.32960373,3073031.9954959797,0.0002670784150388018,2.3560488970313027e-06,0.0008376977069214379,2.152571381118737e-06,2.536338373679051e-06,120704.0,120704.0,0.0,120704.0,120704.0,965632.0,965632.0,0.0,965632.0,965632.0,0.5578846539989172,0.5259898334988975,0.12132465539589683,0.5040131669957191,0.586913375002041,75.0,75.0,0.0,75.0,75.0,False,False,False
hybrid,grid,75,10,0.07049906202592382,0.06931218352109189,0.012345136719313546,0.0621352748616921,0.0837117470624193,0.0007567935447932301,0.0007846071073087501,0.0001769833567687905,0.0005997011499225,0.0008304075547658,0.04586552527337933,0.04153123284699725,0.011778685553638382,0.0367500899355488,0.0582185924074235,0.00029556485451783,0.00029824838725769996,8.013860505224494e-05,0.0002317519601026,0.0003199847562172,0.49865209977117386,0.49201640176202005,0.1150565534149586,0.3864243249420963,0.5782775411617909,1014.537484253766,1009.1591962574123,90.2937814806853,966.8806101644868,1076.6489070587836,1.085357067303879e-05,2.0698646682619183e-06,2.7639467346346194e-05,1.8966165406251311e-06,2.7841428286900143e-06,188708.0,188708.0,0.0,188708.0,188708.0,1509664.0,1509664.0,0.0,1509664.0,1509664.0,0.9716671417983889,0.939834520999284,0.13759173929647145,0.8862405830004718,1.0541672090039356,75.0,75.0,0.0,75.0,75.0,False,False,False
original_basis_optimized_recovery,grid,75,10,0.37925371316679757,0.34988905516501556,0.06492194094374917,0.3435138935763732,0.3847519689300488,0.00454488574447605,0.0045467609501801,6.909708562380272e-05,0.0044949621353795,0.0045931914867809,0.1977945199224077,0.19087705139539815,0.045807170648865164,0.1712327716717154,0.1976982362469579,0.00213633277837915,0.0021374313759184,3.689182935584265e-05,0.0021099190022591,0.0021703983485104,3.0223646890625275,3.172454303608887,0.5141797199476816,2.7882535257086745,3.4208736913867974,1019.7235563601267,1025.763417253554,139.23654762055932,863.9424275960347,1158.5660661768768,8.834115797618782e-06,1.53101507037759e-06,2.3340996566042982e-05,1.454263154410274e-06,1.8142255660342544e-06,101860.0,101860.0,0.0,101860.0,101860.0,814880.0,814880.0,0.0,814880.0,814880.0,10.209926687399275,10.074531104499329,0.8754358776760668,9.508314083002915,10.710296749995903,75.0,75.0,0.0,75.0,75.0,False,False,False
rank_optimized_joint,grid,75,10,0.045218928200207655,0.044369051448730254,0.014509612585449739,0.0341901940208681,0.0586978848069746,0.00080352817015698,0.0006682414173407,0.0005054724155808116,0.000547975437043,0.0008319096764576,0.030809977748164342,0.03124515187109985,0.012191818682070928,0.0210171130158925,0.0384983485535076,0.00031954403757432,0.00027852287212945,0.00015819697304240312,0.0002305200534451,0.0003242964580686,0.5246787110378397,0.44019508479558056,0.3349730571788891,0.3212754969505638,0.5476688159265937,24770.058262389124,15918.258249491277,22172.776769961372,8822.039572386646,32789.85435134987,0.00018548574662417637,2.5106541612413116e-06,0.0005792402255476964,2.440789513573527e-06,2.7763158130228407e-06,259188.0,259188.0,0.0,259188.0,259188.0,2073504.0,2073504.0,0.0,2073504.0,2073504.0,1.1137917291998747,1.0975723335031944,0.17525642300395397,0.9818984160010586,1.2366713330047787,75.0,75.0,0.0,75.0,75.0,False,False,False
POD,grid,100,10,0.02859321131599087,0.0275546436083897,0.009381361115605712,0.0248261399769548,0.0302299657566491,0.00054867825685038,0.00054519147972225,0.00013577751517800538,0.0004612189335005,0.000609139003076,0.02194035440154299,0.0213947980397202,0.007332717331125401,0.01986469071705,0.0234976408099948,0.00021300792193767998,0.0002138353514436,5.949222413490604e-05,0.0001691982361096,0.0002287410232035,0.3618756101957207,0.3724880840970922,0.12690855861129458,0.2980714968962964,0.4133727084991321,12.3535930878477,12.743022352941562,1.8488451968082322,12.41623803111964,13.221728566419028,2.9770360911208993e-06,3.0847405927269755e-06,7.70914530902713e-07,2.940165400207463e-06,3.1958045297883507e-06,316800.0,316800.0,0.0,316800.0,316800.0,2534400.0,2534400.0,0.0,2534400.0,2534400.0,1.292954733499937,1.29505272949973,0.10029715001858687,1.2014440409984672,1.352346416999353,100.0,100.0,0.0,100.0,100.0,False,False,False
POD-E,grid,100,10,0.027230065648375313,0.0246283949732682,0.01013626674372355,0.0193413340872618,0.0301105490511832,0.00052956534920263,0.00049809419835735,0.000126115343613763,0.0004258601120395,0.0006085614085183,0.02142577427854732,0.020459044869373548,0.0074792730709964126,0.0152240342433034,0.0238183912402746,0.00020510458872649,0.0001893649715439,5.466966274143947e-05,0.0001738767288789,0.000216911064468,0.3479441913538521,0.32863146733697685,0.11693728047300135,0.2995493655171925,0.4149552899083619,7211.79643152423,7099.22122606415,324.9188383204084,6971.647414122225,7381.28337494142,8.885646711586786e-07,8.834586721666409e-07,1.2892516322721329e-07,7.835188263474046e-07,8.95045142309194e-07,316800.0,316800.0,0.0,316800.0,316800.0,2534400.0,2534400.0,0.0,2534400.0,2534400.0,1.25942648339842,1.241910395994637,0.08394504072825856,1.2020911250001518,1.3391447919930215,100.0,100.0,0.0,100.0,100.0,False,False,False
final_accuracy,grid,100,10,0.0680070062175679,0.06589495903832676,0.016845086202328458,0.0532884525766953,0.0807214329357318,0.00038453908949545996,0.00034291174745695,0.00015728404145033881,0.0002690328432691,0.0004419674944456,0.0476916597417893,0.04350262535432945,0.015475514569543153,0.0361150337444211,0.0600930253193688,0.00014094861663985106,0.0001140129935087,6.725568548574884e-05,9.176984406513609e-05,0.0001734309148285,0.27545561645116423,0.2541524657512443,0.12536833443325435,0.1762287557412027,0.3290019089328099,1254536.9099284387,1594415.2423943025,911724.1903108346,11325.160080233749,1985382.3368323375,0.00012922490527568297,2.4649135254610584e-06,0.0004017318873893071,2.318293241787478e-06,2.7224285938580963e-06,149728.0,149728.0,0.0,149728.0,149728.0,1197824.0,1197824.0,0.0,1197824.0,1197824.0,0.6617432206992817,0.623701541499031,0.1423143578430971,0.5486494580036378,0.6849100419931347,100.0,100.0,0.0,100.0,100.0,False,False,True
final_pareto,grid,100,10,0.07171265683598205,0.07106237351408651,0.010229020801840702,0.066511881080654,0.0775038969848457,0.00039265523824653004,0.00035482577631245,0.00015045373707579741,0.0002666154373899,0.000439427975916,0.04987315611288636,0.04759761594702144,0.011114215719934798,0.0400561405737525,0.0550027882508641,0.00014727933825396477,0.00013002274223335001,6.490280785323782e-05,9.78573880971502e-05,0.0001733412055967,0.2833243656349418,0.2752859192046032,0.12159202996872275,0.1934678818862054,0.3328700191384728,1302206.444889611,1400341.783208917,761048.2389982928,1160506.7755758895,1928123.983881224,0.00014477111579704337,2.528507528560502e-06,0.00045024369269315573,2.321744343367426e-06,2.862150339703811e-06,120704.0,120704.0,0.0,120704.0,120704.0,965632.0,965632.0,0.0,965632.0,965632.0,0.5578846539989172,0.5259898334988975,0.12132465539589683,0.5040131669957191,0.586913375002041,100.0,100.0,0.0,100.0,100.0,False,False,False
hybrid,grid,100,10,0.06769793952713136,0.07046848370956915,0.011246843086659969,0.0637245622870916,0.0756021712979019,0.00070320485759967,0.0007285040976396,0.0001487216278026389,0.0005430114004784,0.0008054296681407,0.044978303300202103,0.0469570833101685,0.010775737964095193,0.0363290834348686,0.0544373646807647,0.00026315666286282004,0.0002699156588045,5.716529879426291e-05,0.000206805666816,0.0002920037872538,0.46518159920079605,0.4716622180129211,0.09994037833198709,0.3815339172841238,0.5469087198044802,974.180980197911,980.457575826952,59.81351208130545,952.6291925865949,1010.7763074238078,8.478634593582929e-06,2.1755939880841152e-06,1.9703620865722794e-05,2.0870902243812563e-06,3.1497443809972277e-06,188708.0,188708.0,0.0,188708.0,188708.0,1509664.0,1509664.0,0.0,1509664.0,1509664.0,0.9716671417983889,0.939834520999284,0.13759173929647145,0.8862405830004718,1.0541672090039356,100.0,100.0,0.0,100.0,100.0,False,False,False
original_basis_optimized_recovery,grid,100,10,0.37578623846516335,0.34847916411163904,0.06295142832933033,0.3409883094617431,0.3876699874874542,0.00452494581464723,0.0045190879163414,7.560885834298738e-05,0.0044476604442563,0.004601975381331,0.19552359448352769,0.18808040503314194,0.04204923124277784,0.168795157612423,0.20064537823243,0.0021255225010817897,0.00212017957178295,4.4717604535134075e-05,0.002081602526928,0.0021503662833422,3.0084304589728736,3.164773699084066,0.5128185484291437,2.799912653285946,3.4028034252382673,934.2815216667468,930.054881268848,63.07625074173188,879.8614051357096,989.5922855210724,6.1455503748589785e-06,1.7637857284109785e-06,1.4444726070121076e-05,1.6691729503410652e-06,2.000308291429892e-06,101860.0,101860.0,0.0,101860.0,101860.0,814880.0,814880.0,0.0,814880.0,814880.0,10.209926687399275,10.074531104499329,0.8754358776760668,9.508314083002915,10.710296749995903,100.0,100.0,0.0,100.0,100.0,False,False,False
rank_optimized_joint,grid,100,10,0.03918044457595003,0.03465888507970215,0.012186180755720137,0.0304491364660594,0.0480953217329735,0.00058041217550226,0.00057073738159325,0.00010843505293645114,0.0004996888365667,0.0006573692540251,0.028418816653868344,0.02457796762747365,0.010404789074690675,0.0198175982848396,0.0368187702770681,0.00025432075530095003,0.00024221306219855001,4.1834588881390536e-05,0.0002270149523263,0.0002764296451211,0.3850240460716966,0.3956809277909228,0.1121545078543506,0.3387768411347363,0.4193988571717266,6851.050975119007,6089.852960182139,1210.1043147376888,6028.818696008992,7876.833789285333,0.00018022105263421745,2.738567679915647e-06,0.0005622219792652437,2.654135361562406e-06,2.9501880044677763e-06,259188.0,259188.0,0.0,259188.0,259188.0,2073504.0,2073504.0,0.0,2073504.0,2073504.0,1.1137917291998747,1.0975723335031944,0.17525642300395397,0.9818984160010586,1.2366713330047787,100.0,100.0,0.0,100.0,100.0,False,False,False
POD,grid,150,10,0.026844196944001076,0.02691866203864795,0.007208377908789692,0.0206983421030745,0.0292409504882479,0.00051655385744987,0.0005264469849048,0.00011799613588502137,0.0004336801213127,0.000575024924603,0.02060046780269307,0.0209396790361421,0.005635160871055553,0.0157783019824153,0.0239462753777096,0.00019876640956131,0.0001919729963786,5.3943612493992294e-05,0.0001575080760592,0.0002247527705286,0.34015162399558113,0.3499214404427926,0.1140185067320553,0.2795165148806379,0.3963622886543322,11.1774197647441,11.397021206574458,1.2309657487271548,11.17907769559517,11.855841248768382,4.173622563344783e-06,4.356045115527284e-06,1.0880672734133936e-06,4.286345900158937e-06,4.5382256026176695e-06,316800.0,316800.0,0.0,316800.0,316800.0,2534400.0,2534400.0,0.0,2534400.0,2534400.0,1.292954733499937,1.29505272949973,0.10029715001858687,1.2014440409984672,1.352346416999353,150.0,150.0,0.0,150.0,150.0,False,False,False
POD-E,grid,150,10,0.024707851002481063,0.0226017578076481,0.008536545743836846,0.0173104215635242,0.02996473283333,0.00050733410565525,0.0005147818406832,0.00010425710657950721,0.000417073999069,0.0005463083615567,0.019169461971870493,0.01823347983136135,0.006374759756828658,0.0131348621249507,0.0239481612968232,0.00019496679271095,0.0001822167428787,4.7280551910548975e-05,0.0001611680583528,0.000218770306221,0.33309672623827874,0.3374781884825553,0.10641815896007663,0.28423999670703,0.3848981087177056,7427.226530714224,7344.350057424581,474.9184870628075,7061.176847336945,7736.565828641546,1.012060911170578e-06,9.979624139264058e-07,1.4461720976316956e-07,9.038270590301688e-07,1.1394135400134706e-06,316800.0,316800.0,0.0,316800.0,316800.0,2534400.0,2534400.0,0.0,2534400.0,2534400.0,1.25942648339842,1.241910395994637,0.08394504072825856,1.2020911250001518,1.3391447919930215,150.0,150.0,0.0,150.0,150.0,False,False,False
final_accuracy,grid,150,10,0.0655609168421989,0.06744435461539465,0.01383562033182427,0.0514506001569468,0.0802325717343646,0.00035171071020945,0.0003367259360235,0.00011887713590629259,0.0002417725861454,0.0004373953820016,0.04792816865350232,0.04764218819320945,0.011796418174156782,0.0365890006016156,0.0597287502302195,0.00012973306600375618,0.00012351387676595,5.100057866377158e-05,9.104297721220552e-05,0.0001606026048881,0.2559092958384549,0.2637052180055483,0.10656801929748345,0.1706032038840064,0.2979337341748277,1080431.1904035308,1412742.1865154523,763738.9732473188,11581.656066157202,1654917.068023563,0.00010707929248012962,3.745300741034693e-06,0.0003284691290427098,3.5585864570474995e-06,3.957075173651478e-06,149728.0,149728.0,0.0,149728.0,149728.0,1197824.0,1197824.0,0.0,1197824.0,1197824.0,0.6617432206992817,0.623701541499031,0.1423143578430971,0.5486494580036378,0.6849100419931347,150.0,150.0,0.0,150.0,150.0,False,True,False
final_pareto,grid,150,10,0.0682120386121495,0.0694428128291244,0.009195005615949648,0.0607470804634112,0.0758441399965561,0.00034610076196064005,0.00032808139801735,0.00011270536078498987,0.000241519403053,0.0004289002714902,0.048859042412076295,0.049833363465885905,0.010190723668017211,0.0395223237704338,0.0544013339655044,0.00012868529270490485,0.0001209966485807,4.823156195402917e-05,8.92354060261979e-05,0.0001542170971054,0.25267137556168734,0.25837616225417975,0.09944954726601886,0.1821248821047703,0.2871815019276263,1161258.9878550887,1344710.915818893,632028.2595719948,1231759.728024803,1582667.5469963443,0.00011180673759383352,3.801849620378247e-06,0.00034254777729409916,3.5999398271525208e-06,3.962406043498952e-06,120704.0,120704.0,0.0,120704.0,120704.0,965632.0,965632.0,0.0,965632.0,965632.0,0.5578846539989172,0.5259898334988975,0.12132465539589683,0.5040131669957191,0.586913375002041,150.0,150.0,0.0,150.0,150.0,False,False,True
hybrid,grid,150,10,0.06350514877082254,0.06559703102821329,0.012292559259762952,0.0578597591045701,0.0721538600599082,0.00068649037465222,0.0006801632824917001,0.00014278756058158561,0.0005718426139218,0.0008185661322611,0.04424267493753751,0.047293166902649855,0.010384211600249297,0.0369369755557953,0.0517595237995022,0.00025424003857279,0.00025312182007775,4.8733580064638056e-05,0.0002199511766594,0.0002895274319672,0.45235856398099034,0.46580704373774334,0.0909822571926579,0.356584864438443,0.5248906288425021,908.5772954218537,898.1987121507502,58.260650879867335,858.845703877347,978.5576140848624,6.473936093270891e-06,3.301067668611982e-06,1.083105128014882e-05,3.1071428285694605e-06,4.083646638178848e-06,188708.0,188708.0,0.0,188708.0,188708.0,1509664.0,1509664.0,0.0,1509664.0,1509664.0,0.9716671417983889,0.939834520999284,0.13759173929647145,0.8862405830004718,1.0541672090039356,150.0,150.0,0.0,150.0,150.0,False,True,False
original_basis_optimized_recovery,grid,150,10,0.368597775972916,0.3416895339486648,0.06186917766436281,0.3320807045555072,0.3822882320108791,0.00448401342506498,0.004464143140158651,6.635545996370243e-05,0.0044260851988407,0.0045561022740324,0.18680522422338858,0.1770011460024332,0.04113972309799243,0.166496810473907,0.1864989772232115,0.0020904751883005102,0.0020876854635965,4.232850596887989e-05,0.0020523654496873,0.0021291276349015,2.981547954844,3.1373229495199553,0.5236171201706291,2.6823042294869635,3.429597785170427,890.2725698227941,885.8046647237353,31.832068485520786,879.7166198126324,892.5337989822472,5.356672182075217e-06,2.8958308569127623e-06,8.907718936634456e-06,2.4962405712672866e-06,3.156015052918793e-06,101860.0,101860.0,0.0,101860.0,101860.0,814880.0,814880.0,0.0,814880.0,814880.0,10.209926687399275,10.074531104499329,0.8754358776760668,9.508314083002915,10.710296749995903,150.0,150.0,0.0,150.0,150.0,False,False,False
rank_optimized_joint,grid,150,10,0.03688257347172398,0.0347731130144979,0.01164234117119296,0.0283581829692196,0.041500291441467,0.00056163159582632,0.0005701383683558499,0.00011309365047399629,0.0004898061136399,0.0006198005367966,0.02722024236217912,0.02622291182553575,0.009312071151910328,0.0200398461676204,0.032987500047562,0.00025038263613713,0.0002448344349632,4.851466283636979e-05,0.0002261012360397,0.0002628303892126,0.3721537087046046,0.37478734301222694,0.11456318606408737,0.3037579678197958,0.414879989254334,7232.073492109454,6718.5277199030625,1055.1615999372946,6443.778293044156,8123.98527387098,0.00014187760000213548,3.948936085050394e-06,0.0004377480725010134,3.906015019611757e-06,4.197684198940047e-06,259188.0,259188.0,0.0,259188.0,259188.0,2073504.0,2073504.0,0.0,2073504.0,2073504.0,1.1137917291998747,1.0975723335031944,0.17525642300395397,0.9818984160010586,1.2366713330047787,150.0,150.0,0.0,150.0,150.0,False,False,False
POD,grid,200,10,0.025427766740043812,0.024160645074166452,0.006782925286733971,0.020257952940566,0.0276507009998932,0.00048715101866600994,0.0004719431385932,0.00011558579758785424,0.0003982100366511,0.0005395014858558,0.019330788566420867,0.0182948035164844,0.0050119461014674705,0.0158067606018747,0.0221034269591676,0.00018394066867839,0.0001755293818294,5.1768453671716286e-05,0.0001492807365774,0.0001970906145675,0.3213628358746301,0.31684652722729734,0.11324227741012077,0.2623316045152811,0.3360193600356012,9.424337571079736,9.275624514298851,1.0087756179093945,8.509379856062639,10.067518861330544,0.00047477042555558465,0.00065320472933125,0.00042198443945232975,5.587090233067765e-06,0.0007224191729455,316800.0,316800.0,0.0,316800.0,316800.0,2534400.0,2534400.0,0.0,2534400.0,2534400.0,1.292954733499937,1.29505272949973,0.10029715001858687,1.2014440409984672,1.352346416999353,200.0,200.0,0.0,200.0,200.0,False,False,False
POD-E,grid,200,10,0.022490771071358974,0.02376855424221045,0.00519517093898964,0.0175320207942481,0.0271043160013185,0.00047840659820994004,0.00048231827569090004,0.00010032772180015082,0.0004111380135163,0.0005304479996036,0.01694192426537921,0.0181440782756811,0.003814374399858455,0.013050766801804,0.0199099682369159,0.00018091906542843,0.00018263769283524998,4.24388568114263e-05,0.0001475362390025,0.0001992626004481,0.31239766531450075,0.31561035534634635,0.09831166924287987,0.2550362803709194,0.3603876057938851,7271.44881729119,7310.2052099944,410.14529801930263,6983.289252732268,7559.510654221128,0.0005079515037521472,1.0916390826074841e-06,0.0008195339452879886,9.257518716989772e-07,0.0015503286315772,316800.0,316800.0,0.0,316800.0,316800.0,2534400.0,2534400.0,0.0,2534400.0,2534400.0,1.25942648339842,1.241910395994637,0.08394504072825856,1.2020911250001518,1.3391447919930215,200.0,200.0,0.0,200.0,200.0,False,False,False
final_accuracy,grid,200,10,0.07402427759158385,0.07539580205768875,0.015555409659917209,0.0665032534819518,0.0811055892958945,0.00033085940153761,0.0002994532144465,0.00011873135749793128,0.0002526726673009,0.0003821480949723,0.05783575549481466,0.059048819813888695,0.013255045273950529,0.0528783805574442,0.0681442572915743,0.00012139226768156412,0.00010449791946553997,5.277860592328122e-05,9.085811301833338e-05,0.0001408846768705,0.24823285674774204,0.23952425014878048,0.10711869319786535,0.1662717015705524,0.2730456370069721,893689.7499005332,1258410.1069353307,610468.9865634107,12419.836003483404,1277232.0974392549,0.00024399034961984593,4.827849636085443e-06,0.00039373036930866206,4.566097717392574e-06,0.0006429733759049,149728.0,149728.0,0.0,149728.0,149728.0,1197824.0,1197824.0,0.0,1197824.0,1197824.0,0.6617432206992817,0.623701541499031,0.1423143578430971,0.5486494580036378,0.6849100419931347,200.0,200.0,0.0,200.0,200.0,False,False,True
final_pareto,grid,200,10,0.0710219653988705,0.07079119250859969,0.011209385859203069,0.0601692726789195,0.0778233959162988,0.00033642047791083003,0.0003092944182069,0.00011465486655887491,0.0002565202175725,0.000390951707538,0.05330216439711999,0.0523222529623066,0.011729672993651276,0.0433195265365476,0.0667967168387619,0.00012614052821776657,0.00011147140514559999,5.079793442331255e-05,0.0001001320346016,0.000152628827882,0.2486868540319022,0.24581268694347283,0.10137345481515812,0.1733881033512669,0.2721387932180303,1116802.4060610554,1313415.4041185053,596656.3496797953,1264912.39241976,1370276.026546431,0.00019882578420591258,4.838191726003402e-06,0.00040947233646669524,4.5733082460946775e-06,5.095548856884409e-06,120704.0,120704.0,0.0,120704.0,120704.0,965632.0,965632.0,0.0,965632.0,965632.0,0.5578846539989172,0.5259898334988975,0.12132465539589683,0.5040131669957191,0.586913375002041,200.0,200.0,0.0,200.0,200.0,False,False,False
hybrid,grid,200,10,0.07053794812377868,0.070386066200796,0.016274359937719196,0.0593376133503494,0.0853138703286961,0.000641414275821,0.0006472815858728,0.0001420366919358053,0.0005139403425477,0.000720628797138,0.05157472186723533,0.0450705423993907,0.01583279087910536,0.0412913121246787,0.0675145402048347,0.00023268881465979,0.00023702323467815,4.401384904766901e-05,0.0001956052951365,0.0002635336962006,0.4289190616032572,0.4423209075482457,0.09202154316150475,0.3541155633957748,0.5115692122016136,934.6334931905137,910.818610055821,65.88066922771935,886.8750485864501,1017.6178084652148,1.3151064659976507e-05,4.254541349119359e-06,1.4493121258894e-05,3.860270691146248e-06,3.328978198254831e-05,188708.0,188708.0,0.0,188708.0,188708.0,1509664.0,1509664.0,0.0,1509664.0,1509664.0,0.9716671417983889,0.939834520999284,0.13759173929647145,0.8862405830004718,1.0541672090039356,200.0,200.0,0.0,200.0,200.0,False,False,False
original_basis_optimized_recovery,grid,200,10,0.3666686716478445,0.3413736270019511,0.06118653411068387,0.3376017021132801,0.3784961688305134,0.004394955172905631,0.00439019881539025,7.44922887975515e-05,0.0043267217527688,0.004432029758927,0.1849618752961543,0.17825129787468041,0.04263619283124011,0.164828915179654,0.183656851876902,0.00202451278724282,0.00202000334106015,4.3719310492683985e-05,0.0019847484842762,0.0020603236901573,2.9226684715957125,3.0588710514019875,0.5053628753993117,2.646243241190525,3.3283161429500927,902.2827018348671,904.6636734382307,17.150573148082646,889.7131462371289,908.0657055228284,1.0260683457022256e-05,3.807800751935718e-06,1.1023041511660941e-05,3.0886616774036417e-06,2.5270676657844587e-05,101860.0,101860.0,0.0,101860.0,101860.0,814880.0,814880.0,0.0,814880.0,814880.0,10.209926687399275,10.074531104499329,0.8754358776760668,9.508314083002915,10.710296749995903,200.0,200.0,0.0,200.0,200.0,False,False,False
rank_optimized_joint,grid,200,10,0.03840223220644567,0.0385387992713516,0.0110047544078422,0.0311374552725999,0.0417314876108014,0.0005406621929369901,0.0005497459227958999,0.00010236940895646575,0.0004891548973105,0.0005753374053543,0.028669980831821373,0.02598340354675445,0.008768119942542604,0.0234506109724594,0.0335311886737214,0.00024202195937003999,0.00024063070924385,4.283527921519258e-05,0.0002174340525507,0.0002654372527111,0.36018353496560906,0.3704022000324248,0.1056904568738106,0.305330135022904,0.4150282999205687,7884.739241616255,7793.729892769402,514.4427897105257,7532.810815979041,8305.684293460103,0.0004677087406151177,5.003601541091457e-06,0.000746693497434291,4.791977469147624e-06,0.0014671040150727,259188.0,259188.0,0.0,259188.0,259188.0,2073504.0,2073504.0,0.0,2073504.0,2073504.0,1.1137917291998747,1.0975723335031944,0.17525642300395397,0.9818984160010586,1.2366713330047787,200.0,200.0,0.0,200.0,200.0,False,False,False
POD,grid,300,10,0.024953531690831234,0.024709881153575648,0.005388829504401995,0.02197169952141,0.027978581371836,0.00044656313328627,0.00045364025471715,0.00010007197262067502,0.0003472357338316,0.0004933616934284,0.0188019956956969,0.01862933334304865,0.004233653361912873,0.0165387781132124,0.0213958223508341,0.00016665759833711,0.00016818026243115,4.356683641958003e-05,0.0001393004737131,0.0001798377024926,0.2939747594858392,0.30406913160566496,0.09635347454632895,0.2461963676326006,0.322188465734691,8.65673072946738,8.611543883690619,0.2465336055479153,8.484057246536695,8.700245002481733,0.00038415106540018435,0.00059668045109455,0.0003252501051968268,7.589285732842141e-06,0.0006496046390887,316800.0,316800.0,0.0,316800.0,316800.0,2534400.0,2534400.0,0.0,2534400.0,2534400.0,1.292954733499937,1.29505272949973,0.10029715001858687,1.2014440409984672,1.352346416999353,300.0,300.0,0.0,300.0,300.0,False,False,False
POD-E,grid,300,10,0.02227572252687456,0.02156360404362615,0.00642692162743467,0.0170199864434478,0.0253934397005504,0.0004433162747443299,0.0004573458963704,9.298687254777522e-05,0.0003464752534089,0.0004835163234276,0.01660499115380484,0.01634380866911005,0.004967764470363786,0.0128225496549539,0.0186719216243578,0.00016510300641136,0.00016275139648795,4.0978366576325176e-05,0.0001391516417972,0.0001858325041477,0.29019665669610667,0.3012888415415247,0.09093988200210111,0.2406891198520701,0.3360131467521887,7708.204206565155,7636.981123740135,416.98778003371666,7510.94520474447,7876.848370541862,0.0003490630022538356,1.3059248147301264e-06,0.0005612219414989281,1.0949248339476669e-06,0.0010765062631291,316800.0,316800.0,0.0,316800.0,316800.0,2534400.0,2534400.0,0.0,2534400.0,2534400.0,1.25942648339842,1.241910395994637,0.08394504072825856,1.2020911250001518,1.3391447919930215,300.0,300.0,0.0,300.0,300.0,False,True,False
final_accuracy,grid,300,10,0.06757588273858058,0.06952611012113274,0.012627869829464101,0.0602819577284139,0.0740452936208424,0.00032255331717109,0.00029689073103660003,0.00011032736687919176,0.0002491215154552,0.0003749847819109,0.0524732016381337,0.052702188606185155,0.009853287817295992,0.0496445972582659,0.0595995158547169,0.00011733420243733405,0.0001066245009194,4.8498511787469285e-05,9.090857802843166e-05,0.0001291090187124,0.23891078260651968,0.22769595662834005,0.09793297847063982,0.1659524322236273,0.2700647650779485,954927.4906854822,1331833.8083019285,652475.6315409609,12655.492026132217,1361808.5692931192,0.0001982589300708139,6.059992465862822e-06,0.0003122850559137658,5.721496262752164e-06,0.0005529978120204,149728.0,149728.0,0.0,149728.0,149728.0,1197824.0,1197824.0,0.0,1197824.0,1197824.0,0.6617432206992817,0.623701541499031,0.1423143578430971,0.5486494580036378,0.6849100419931347,300.0,300.0,0.0,300.0,300.0,False,False,False
final_pareto,grid,300,10,0.06628937309009338,0.06626279983284425,0.007344134794982732,0.062085296360004,0.0709267902554641,0.0003236815754827,0.00029894666546905,0.00011062660187787323,0.0002494011932201,0.0003741681943812,0.04969345654230338,0.04946794591210265,0.0072167543098371366,0.0448926840535842,0.055722789605586,0.00011988605615632916,0.00010900386966995,4.8589927805732225e-05,9.109777513947936e-05,0.0001350293095639,0.2381148726255502,0.23154686875256608,0.09647664301590109,0.1690058745289582,0.2606700688174667,1101463.0725631043,1353261.395089115,574826.0420476196,1320998.3667288588,1403121.4858585133,0.0001595928263128283,6.299342094006759e-06,0.00032328406244439673,5.973992506882414e-06,6.8339623910851105e-06,120704.0,120704.0,0.0,120704.0,120704.0,965632.0,965632.0,0.0,965632.0,965632.0,0.5578846539989172,0.5259898334988975,0.12132465539589683,0.5040131669957191,0.586913375002041,300.0,300.0,0.0,300.0,300.0,True,True,True
hybrid,grid,300,10,0.06388933337618692,0.06554394020196741,0.011555157993179074,0.0564652656254819,0.0731649708934729,0.0006225963728384701,0.000619218462647,0.0001388993496186873,0.0005200620229832,0.0006853203485353,0.045603735753753705,0.040461575964953894,0.01119995854045125,0.0378863365645771,0.0570819368714714,0.00022387934779974998,0.00022367455845865,4.209451734690658e-05,0.0001968394444342,0.000243031574444,0.4123988195805676,0.42512739746184236,0.08096815312962201,0.3505351021573923,0.4767572241523125,984.9065959018619,950.4237289541037,73.2217612661208,926.753901352826,1070.9785299528398,1.2738157889352326e-05,5.998120293514873e-06,1.0747066872290907e-05,4.885338344856312e-06,2.5464285677561497e-05,188708.0,188708.0,0.0,188708.0,188708.0,1509664.0,1509664.0,0.0,1509664.0,1509664.0,0.9716671417983889,0.939834520999284,0.13759173929647145,0.8862405830004718,1.0541672090039356,300.0,300.0,0.0,300.0,300.0,False,False,False
original_basis_optimized_recovery,grid,300,10,0.3628227088133788,0.3367445794003942,0.06069022290866484,0.3266834008569457,0.3764208921155013,0.00432906699496949,0.00432335139226615,4.600033298484659e-05,0.0042960736310686,0.0043678974899536,0.17959722747658263,0.1704009737293622,0.03973740552202661,0.1613495454899742,0.1778128543423932,0.00197659237291153,0.0019769089387683004,2.3791646375143222e-05,0.0019618764607353,0.0019921961306206,2.882943853555429,3.030923388011374,0.5099760399501856,2.603370034786169,3.2913588724775185,940.8915559192346,943.4031782041106,11.808388242131498,930.3370304124828,950.8283276990028,9.2817037539203e-06,4.404293194008796e-06,8.10550216275678e-06,3.913217998824005e-06,1.93443007529118e-05,101860.0,101860.0,0.0,101860.0,101860.0,814880.0,814880.0,0.0,814880.0,814880.0,10.209926687399275,10.074531104499329,0.8754358776760668,9.508314083002915,10.710296749995903,300.0,300.0,0.0,300.0,300.0,True,True,False
rank_optimized_joint,grid,300,10,0.036357812136748345,0.036134629922325204,0.010303813743466245,0.0300652018202935,0.0384330906776475,0.00051543073983124,0.0005122026914997,9.36267666738827e-05,0.000437895039658,0.0005538623293938,0.026812674269947177,0.02462596499969775,0.007777875977993016,0.0221096599626593,0.0303438965193584,0.00023092184281911003,0.00022318407138,4.0409240116034835e-05,0.0002096285711384,0.0002395185885519,0.3426075486342744,0.34092652339161067,0.0990053857051232,0.3049181632450955,0.3904856366763326,8273.968068834522,8264.641829846196,463.5442327048635,7958.822903901901,8533.740278430694,0.0004306087706772239,6.683736843060478e-06,0.0007045301543394364,6.070488718551885e-06,0.0011015278796548,259188.0,259188.0,0.0,259188.0,259188.0,2073504.0,2073504.0,0.0,2073504.0,2073504.0,1.1137917291998747,1.0975723335031944,0.17525642300395397,0.9818984160010586,1.2366713330047787,300.0,300.0,0.0,300.0,300.0,False,True,False
POD,well_joint,1,10,29.20300158723299,29.314588601400963,1.1562227479494354,28.335421446950978,29.932697495764742,0.26439279804612426,0.26463177248645897,0.0016369914775021695,0.2632778537589898,0.2656641313593229,28.120332112437428,28.19073846243777,1.3102282924851774,27.114204078947303,28.88515846126421,0.12784263958536995,0.12833648022835625,0.001424666242815069,0.1269879294415155,0.1290088243655114,180.39738708919694,189.8140589261816,33.842294348535354,164.10777776468328,206.246706643026,inf,inf,,inf,inf,0.0017187328646635237,0.0018453151653949,0.0006162469726860403,0.0018397208646879,0.0018885350901908,316800.0,316800.0,0.0,316800.0,316800.0,2534400.0,2534400.0,0.0,2534400.0,2534400.0,1.292954733499937,1.29505272949973,0.10029715001858687,1.2014440409984672,1.352346416999353,2.0,2.0,0.0,2.0,2.0,False,False,False
POD-E,well_joint,1,10,1.2000812021169156,1.1474962991815598,0.2296361937009758,1.0285849015018915,1.342541389864474,0.00353800620413057,0.0034992319311590997,0.00021144450717504705,0.0034418187532753,0.0036253859595348,1.1190374205401432,1.0783013403414943,0.20106495807567645,0.9677028523234856,1.2770263308375038,0.00115637080649541,0.0011360033679518,6.966959781686752e-05,0.0011228410861879,0.0012096283570651,2.821862360527489,2.8156161972635765,0.5100237299197956,2.337179310741802,3.3882270557020835,5.85915682738875,5.847559286667195,0.09541335502527654,5.806471221367312,5.866822200659955,1.15977369355654e-06,1.0974323313553726e-06,2.849562217859567e-07,9.448646635160242e-07,1.314533859074704e-06,316800.0,316800.0,0.0,316800.0,316800.0,2534400.0,2534400.0,0.0,2534400.0,2534400.0,1.25942648339842,1.241910395994637,0.08394504072825856,1.2020911250001518,1.3391447919930215,2.0,2.0,0.0,2.0,2.0,False,False,False
final_accuracy,well_joint,1,10,1.2534508713526589,1.1203941451325279,0.321415578484277,1.041296699335321,1.3672497895352824,0.00342567396791163,0.00341006330917205,0.00017008528909907738,0.0033262801679018,0.0035012842907954,0.9616866131510877,0.9164241062789228,0.1838783188452792,0.8222751954630831,1.0222939030497082,0.00136673611467083,0.0013646067022602,6.731882637894954e-05,0.0013407951245203,0.0014028478441483,2.764823516892457,2.766214253307168,0.4530648415959119,2.383807890650366,3.135274343364449,185.2545175272753,263.59623384706407,126.28373004651709,2.252820383878803,263.67874616016456,9.90582706627289e-06,7.3571390839104535e-06,6.664103013493327e-06,7.050120314632199e-06,7.921368425494915e-06,149728.0,149728.0,0.0,149728.0,149728.0,1197824.0,1197824.0,0.0,1197824.0,1197824.0,0.6617432206992817,0.623701541499031,0.1423143578430971,0.5486494580036378,0.6849100419931347,2.0,2.0,0.0,2.0,2.0,False,False,True
final_pareto,well_joint,1,10,1.25345036940933,1.1203051864833404,0.3213597885388312,1.040967652138071,1.3675543964766683,0.00342680427036246,0.00340992815555905,0.0001713831815760367,0.0033262678814555,0.0035012724905081,0.9616783373659429,0.9160195170105969,0.18387061025035067,0.8224334048051584,1.0222673010889536,0.00136719878590135,0.0013646361798673,6.769307336530693e-05,0.0013408138827573,0.0014028746458991,2.7654305569242017,2.767775118081847,0.4528182349312439,2.3836200463844417,3.13530817637644,211.3643053432708,263.5485126854551,110.21186636191585,263.41861788546834,263.70257396084463,5.223684214647243e-06,5.145206775243177e-06,2.7949479497878315e-07,5.020045095886615e-06,5.54072930822429e-06,120704.0,120704.0,0.0,120704.0,120704.0,965632.0,965632.0,0.0,965632.0,965632.0,0.5578846539989172,0.5259898334988975,0.12132465539589683,0.5040131669957191,0.586913375002041,2.0,2.0,0.0,2.0,2.0,False,False,False
hybrid,well_joint,1,10,1.3183758494577316,1.22158371893295,0.3855163569087976,1.0988508731749913,1.49010306620534,0.00382982075979284,0.0038004643165871,0.00019179411499573013,0.0037204485509718,0.0039356063541651,1.2388113424039462,1.1449890853867344,0.36226266904014076,1.0207783030667872,1.424797726613787,0.00144633742323816,0.0014324016866647002,6.404524600733179e-05,0.0014070768256375,0.0015177607375905,3.066746556792424,3.0466567773995505,0.5577043396170815,2.5982934012481813,3.7169697164815902,5.927691993968373,5.915182695993385,0.09819630992792197,5.87391583720499,5.93544798562868,0.00012217581504514108,0.00012940507519679998,3.6457313964973215e-05,0.0001273884737113,0.0001389598947117,188708.0,188708.0,0.0,188708.0,188708.0,1509664.0,1509664.0,0.0,1509664.0,1509664.0,0.9716671417983889,0.939834520999284,0.13759173929647145,0.8862405830004718,1.0541672090039356,2.0,2.0,0.0,2.0,2.0,False,False,False
original_basis_optimized_recovery,well_joint,1,10,1.3431594801190387,1.2338206480183738,0.373216246281818,1.103590843419763,1.6731432586878143,0.00564221381674356,0.00561883676017635,0.00013717607481011264,0.0055554247027077,0.0057370718037507,1.2293234289556014,1.1154183163122706,0.36247290670512755,1.006259875417181,1.5937108664487134,0.0024990039348756,0.0024902499806467,5.618127277644761e-05,0.0024587737710954,0.0025572253499367,4.20954569351048,4.282595161887846,0.7583128230381901,3.64666408746677,4.969016312205152,5.902814998491526,5.891610243780162,0.09828467314688423,5.853374886813334,5.907537654902564,0.00010501177970770339,0.0001144592744439,3.3425573455104135e-05,0.0001048258120299,0.0001233928571884,101860.0,101860.0,0.0,101860.0,101860.0,814880.0,814880.0,0.0,814880.0,814880.0,10.209926687399275,10.074531104499329,0.8754358776760668,9.508314083002915,10.710296749995903,2.0,2.0,0.0,2.0,2.0,False,False,False
rank_optimized_joint,well_joint,1,10,1.2944259082764547,1.1957103465891465,0.3710393984060392,1.0736834276042535,1.509386900073558,0.0036610523400917904,0.00363251605270425,0.0001999816838754195,0.0035516550285338,0.0037425929001507,1.2145125590183592,1.114048762532196,0.34691217449600037,0.9963118555902788,1.4456492114148247,0.00121834564616469,0.0012000649219805499,6.832862757723199e-05,0.0011766167590605,0.0012887788176922,2.948459590952404,2.916545969633529,0.5419749974609388,2.478073243366866,3.581577427697656,5.8678342449107594,5.857332979202503,0.09557259808135124,5.815745044654669,5.874517286444652,0.00014598038872194898,0.0001578953646581,4.3257481910547955e-05,0.0001536284435953,0.0001636848346128,259188.0,259188.0,0.0,259188.0,259188.0,2073504.0,2073504.0,0.0,2073504.0,2073504.0,1.1137917291998747,1.0975723335031944,0.17525642300395397,0.9818984160010586,1.2366713330047787,2.0,2.0,0.0,2.0,2.0,False,False,False
POD,well_joint,2,10,28.72833350153537,29.015475756174077,1.09778400661851,28.319232392424876,29.66590194545878,0.2270517010149175,0.23004962523295786,0.007596455422279527,0.2264779214002573,0.2310324035372038,27.500372034183364,27.796805944749444,1.1261283272486027,26.997208316879128,28.481921448477472,0.09968007587025132,0.10165042279677455,0.004790066075166215,0.098211341746305,0.1022983485438289,156.75325909405623,163.84136787648555,29.49020244665618,144.03881550656936,181.21090841426675,inf,inf,,4.654947813746709e+32,inf,8.257210490563393e-07,7.703646608712362e-07,1.3979873857618646e-07,7.459248286580905e-07,9.163533586000366e-07,316800.0,316800.0,0.0,316800.0,316800.0,2534400.0,2534400.0,0.0,2534400.0,2534400.0,1.292954733499937,1.29505272949973,0.10029715001858687,1.2014440409984672,1.352346416999353,4.0,4.0,0.0,4.0,4.0,False,False,False
POD-E,well_joint,2,10,0.6792568069861498,0.5827673680777079,0.2794148316349865,0.5131910849805514,0.6242762241061308,0.0011797610970412302,0.00103818617099135,0.0004704489937437697,0.0009537595799109,0.0011781230422687,0.6174788044421872,0.5321335131093871,0.2648634663089081,0.4668656863513656,0.5436802033598802,0.00037846881517834,0.0003233864127324,0.00015721371806197735,0.0002983277445761,0.0003767957651276,1.0713745853330179,0.9581901489677467,0.386116574603958,0.8140986174721775,1.4010312872115092,60.1755636501961,59.97248691644193,1.4084175590150292,59.35138060432619,60.67463746819731,1.1793541325049656e-06,1.0596804508564755e-06,4.535467399788794e-07,8.875338375547383e-07,1.4103984847993946e-06,316800.0,316800.0,0.0,316800.0,316800.0,2534400.0,2534400.0,0.0,2534400.0,2534400.0,1.25942648339842,1.241910395994637,0.08394504072825856,1.2020911250001518,1.3391447919930215,4.0,4.0,0.0,4.0,4.0,False,False,True
final_accuracy,well_joint,2,10,0.8717804644140795,0.8044443808055854,0.21502787379842964,0.7561331331260812,0.8846490657562109,0.00134109133070953,0.0011804678489202,0.00034860793279807556,0.001103313465361,0.0016638000547068,0.7933690657357106,0.7388232438388744,0.19561297481510423,0.6433250349011569,0.8300443151829402,0.00042681601481627,0.00038950227277505,0.00010186025768925895,0.00035419301731,0.0005117335051092,1.2734665396216274,1.257849466402368,0.28796583510770535,1.1543775268519387,1.544182293888182,28068.870708422823,39779.56299778972,19265.41909562413,156.81809357471397,40015.75417637177,1.5599404500408772e-05,1.0952405995668324e-06,3.880349191225977e-05,9.351503847979176e-07,1.1522556052025044e-06,149728.0,149728.0,0.0,149728.0,149728.0,1197824.0,1197824.0,0.0,1197824.0,1197824.0,0.6617432206992817,0.623701541499031,0.1423143578430971,0.5486494580036378,0.6849100419931347,4.0,4.0,0.0,4.0,4.0,False,False,False
final_pareto,well_joint,2,10,0.8122035785281885,0.8165893791716605,0.225125349566508,0.7467532751651572,0.871676629448522,0.00168368905507465,0.00133186084682035,0.0009503931452179796,0.0011530746280255,0.0017559835377284,0.7357120514461332,0.7550706224384501,0.2113175482275652,0.6924488245470138,0.8027395044321038,0.00052760980876144,0.0004038630924936,0.0003242301711095161,0.0003645422766425,0.0005191621024667,1.5015917646360024,1.3674084576614967,0.6026143321835429,1.1546364284460764,1.6499004834828974,398469.92518403684,39865.609125782976,1162116.0988002215,39085.78522457498,40138.48465270978,8.080827218438393e-07,7.600225709532773e-07,1.4656025085647304e-07,7.296391019660672e-07,8.540075378233385e-07,120704.0,120704.0,0.0,120704.0,120704.0,965632.0,965632.0,0.0,965632.0,965632.0,0.5578846539989172,0.5259898334988975,0.12132465539589683,0.5040131669957191,0.586913375002041,4.0,4.0,0.0,4.0,4.0,False,False,False
hybrid,well_joint,2,10,0.7194375632306738,0.661384682883631,0.28260982987587674,0.5344964818412534,0.7301389789860006,0.0017088252723886702,0.00154899590250745,0.000338988957974945,0.0015166493619907,0.0017994873769255,0.6564198749476139,0.6131259773435822,0.2700216477923388,0.4709643046564107,0.6524313898115048,0.00075765318776504,0.0007057291745376,0.00011237014117617745,0.0006986576059182,0.0007767404692617,1.4420878642933743,1.3358563793151599,0.4357602897876858,1.1889138443012688,1.491200860604384,63.11582867106544,62.92151187285357,1.2986422918569334,62.2579358676141,63.74433319619012,8.843396015134375e-05,7.443646828143304e-07,0.00019501718604094255,6.265638928328241e-07,8.154736833534855e-07,188708.0,188708.0,0.0,188708.0,188708.0,1509664.0,1509664.0,0.0,1509664.0,1509664.0,0.9716671417983889,0.939834520999284,0.13759173929647145,0.8862405830004718,1.0541672090039356,4.0,4.0,0.0,4.0,4.0,False,False,False
original_basis_optimized_recovery,well_joint,2,10,0.8771492457894476,0.8322570487500645,0.25525031232182877,0.7116035950598076,0.9631674445841756,0.00446499302746216,0.00441036637014905,0.00024594341293151243,0.0043230467509568,0.0044677283725237,0.7627545617367623,0.745238266284006,0.25595215652110964,0.5566579142014131,0.8463990731096722,0.00203066492945912,0.00200771834235375,0.00011177181544148292,0.001967935465334,0.0020320020756581,3.2508199196158616,3.2308491075021504,0.6261032175486463,2.847899030345177,3.9001339002505166,67.8311502160247,67.57020125563275,1.3655522347565856,66.66977810224532,68.56234626218067,0.00018811682254491852,8.787593882639465e-07,0.0004098110455600436,7.916692118300475e-07,1.3496240520415673e-06,101860.0,101860.0,0.0,101860.0,101860.0,814880.0,814880.0,0.0,814880.0,814880.0,10.209926687399275,10.074531104499329,0.8754358776760668,9.508314083002915,10.710296749995903,4.0,4.0,0.0,4.0,4.0,False,False,False
rank_optimized_joint,well_joint,2,10,0.6989693434148627,0.5982753440903643,0.2869779582261166,0.5483111912465077,0.6998961339467984,0.00123081131385233,0.0010983300466741999,0.0004536246377376874,0.0010194618504333,0.001229866734621,0.6361822812694397,0.5525313761687423,0.2742937996558871,0.4729934398684547,0.6225398940244969,0.00043812247188301,0.00039073565513305004,0.0001430664838081687,0.0003669882598388,0.0004352712731672,1.1160386759670247,1.0120181190254627,0.39218894381389013,0.8701163827838819,1.411417858545425,61.736888153238546,61.4988899377683,1.600298675030437,60.75271878503296,61.89324804905546,0.00027287515639406014,7.990300738518791e-07,0.0006237818752729777,7.271353519500647e-07,9.160375929808706e-07,259188.0,259188.0,0.0,259188.0,259188.0,2073504.0,2073504.0,0.0,2073504.0,2073504.0,1.1137917291998747,1.0975723335031944,0.17525642300395397,0.9818984160010586,1.2366713330047787,4.0,4.0,0.0,4.0,4.0,False,False,False
POD,well_joint,3,10,28.563839271119814,28.82557673264046,1.1033135477837448,28.11293724921036,29.50345561493709,0.2283634109700558,0.23029689581060048,0.0072744206041599055,0.2280019585034839,0.2327114427354078,27.238814378621424,27.496341695341272,1.1348408014226874,26.688644287235377,28.197774118248898,0.09991078737190619,0.10136759077477761,0.004487296483757843,0.0989225509831021,0.1024070512200005,157.43899285539055,164.75567652887872,29.484124739195117,144.04029866694952,182.12492076193152,inf,inf,,inf,inf,7.979007522291961e-07,7.443609354226269e-07,1.1183977070675139e-07,6.983082267084628e-07,9.166691789256508e-07,316800.0,316800.0,0.0,316800.0,316800.0,2534400.0,2534400.0,0.0,2534400.0,2534400.0,1.292954733499937,1.29505272949973,0.10029715001858687,1.2014440409984672,1.352346416999353,6.0,6.0,0.0,6.0,6.0,False,False,False
POD-E,well_joint,3,10,0.4196245591038131,0.392052829786813,0.09388349590354161,0.3435470664216896,0.5262807644833302,0.00087451409974248,0.00084760663469265,0.00018275064096918273,0.000822573812096,0.0009171872073628,0.3700619432658577,0.33922515506251283,0.09035420991619209,0.2883378429910709,0.448820831706292,0.00027946081476262996,0.00027183958806765,6.138189489797945e-05,0.0002482579541769,0.000304895272572,0.7463548012775038,0.7180085411590692,0.14356492239391286,0.591225352595761,0.8828692899884365,372.1745298428984,381.0716639265164,54.16170972617812,376.8777259864802,388.9786325019509,1.015851121611151e-06,9.55515024269742e-07,3.116365891417409e-07,8.117143109377782e-07,1.0993082428182989e-06,316800.0,316800.0,0.0,316800.0,316800.0,2534400.0,2534400.0,0.0,2534400.0,2534400.0,1.25942648339842,1.241910395994637,0.08394504072825856,1.2020911250001518,1.3391447919930215,6.0,6.0,0.0,6.0,6.0,False,False,True
final_accuracy,well_joint,3,10,0.5251853607605401,0.5201103965605445,0.13311040482676853,0.402774089278519,0.6023999429979444,0.00107386306508137,0.0009936394346795499,0.00023018011696826883,0.0009100736466458,0.0012061893839971,0.4537950585867466,0.45128458032724794,0.14399233327814606,0.314438147350243,0.5233172616503439,0.00033599333220073,0.0003159499078473,7.928573741772177e-05,0.0002875210337871,0.0003613917394943,0.9224187108298907,0.9708028321581065,0.21222955472158442,0.7038659633404687,1.0394811977527771,84478.45598133496,117169.2780255971,57986.84896025003,712.8726885761411,120901.21516487811,4.607854060118012e-05,8.200188318383005e-07,0.00011429569097228261,7.568947297759018e-07,9.671052418039985e-07,149728.0,149728.0,0.0,149728.0,149728.0,1197824.0,1197824.0,0.0,1197824.0,1197824.0,0.6617432206992817,0.623701541499031,0.1423143578430971,0.5486494580036378,0.6849100419931347,6.0,6.0,0.0,6.0,6.0,False,False,False
final_pareto,well_joint,3,10,0.5198574108805252,0.518872868648301,0.17645302970318627,0.3963264291164317,0.7147245541460752,0.0010593647814307401,0.0009929288008083,0.00024327703374308615,0.0008941417221995,0.0012529535936314,0.4498846070915922,0.4563886687352636,0.16736510939375665,0.3255403061417015,0.5979180284133753,0.0003190390953939499,0.00030259424127135,6.350785676145552e-05,0.000281655140484,0.0003623158766965,0.9105244304121897,0.9471550240366258,0.22090738850997968,0.7359188952643725,1.007605619092976,543554.8433180554,117647.94508578011,1426247.3631496942,115026.23815637722,120655.83609764856,8.007518881914394e-07,7.543872323681958e-07,1.724702952366773e-07,6.97676695470131e-07,8.596541185835306e-07,120704.0,120704.0,0.0,120704.0,120704.0,965632.0,965632.0,0.0,965632.0,965632.0,0.5578846539989172,0.5259898334988975,0.12132465539589683,0.5040131669957191,0.586913375002041,6.0,6.0,0.0,6.0,6.0,False,False,False
hybrid,well_joint,3,10,0.2790698784411032,0.25272969259918104,0.0718938961105713,0.2422421794557814,0.3081190214231263,0.00120448751831145,0.0011611669372682,0.00025378297759052045,0.0009874860684891,0.0014253723491316,0.2094146158960542,0.1914520164398919,0.06231283665053121,0.1611925914646193,0.2409244308940272,0.00045696544981358003,0.00043476183782485,8.01694601334798e-05,0.0003883894587021,0.0005364122196112,0.8828267458661717,0.8634575006756328,0.1942735994716645,0.7371610088184435,1.0751268471825064,114.67607060566468,112.15078861028755,6.8593724034219195,111.6055153855314,113.27945122133956,2.027312179858428e-05,7.17105252906344e-07,4.366138945706911e-05,6.575864425482214e-07,8.220601208942165e-07,188708.0,188708.0,0.0,188708.0,188708.0,1509664.0,1509664.0,0.0,1509664.0,1509664.0,0.9716671417983889,0.939834520999284,0.13759173929647145,0.8862405830004718,1.0541672090039356,6.0,6.0,0.0,6.0,6.0,False,False,False
original_basis_optimized_recovery,well_joint,3,10,0.7554453913857888,0.6591447546809595,0.28984275755642186,0.5967446419043804,0.8369433546582692,0.0045765731229024,0.00454220271812235,0.0002429026998352707,0.0044605052773801,0.0046527451216858,0.6374101760591634,0.5178126237587187,0.30966359753322553,0.4804635079076187,0.7411467917129457,0.00209356401008503,0.0020920749211001998,0.00012762620402345738,0.0020114478103567,0.002130557138248,3.237580089194035,3.3746751506848756,0.6059714086024239,3.051914959990857,3.571710251376719,433.91625192099434,428.92993196865257,48.48368563023895,422.6447003286567,435.1277994298084,0.00015741879698934772,7.376240551492717e-07,0.0004101626923663273,6.857744323551879e-07,3.634398488881052e-06,101860.0,101860.0,0.0,101860.0,101860.0,814880.0,814880.0,0.0,814880.0,814880.0,10.209926687399275,10.074531104499329,0.8754358776760668,9.508314083002915,10.710296749995903,6.0,6.0,0.0,6.0,6.0,False,False,False
rank_optimized_joint,well_joint,3,10,0.4705487071819876,0.4163628666136058,0.19093599894814675,0.3403086352885939,0.5569503783453256,0.0009940453973187702,0.0009353341228182,0.0002512789962527132,0.0008543947334743,0.0010347984150181,0.4285174689706427,0.3747365756431108,0.19006169731706804,0.2766591201709187,0.5185274599112816,0.00036732692742447,0.0003451573797992,8.604278838758182e-05,0.0003201687428774,0.0003947482769605,0.8400118755181072,0.8147560132250318,0.2118220030020022,0.6403669981677534,0.9641740992177756,383.53962415386013,382.6010893680839,37.92689865729874,376.37934385726464,394.1223509591328,0.00018884790149872706,8.6936090251823e-07,0.0005852319126004445,7.308871748759166e-07,9.370300436525472e-07,259188.0,259188.0,0.0,259188.0,259188.0,2073504.0,2073504.0,0.0,2073504.0,2073504.0,1.1137917291998747,1.0975723335031944,0.17525642300395397,0.9818984160010586,1.2366713330047787,6.0,6.0,0.0,6.0,6.0,False,False,False
POD,well_joint,4,10,28.559977633152677,28.797667545948205,1.1166693773287077,28.16318778939446,29.507435265168212,0.2125912962006784,0.21676849819410776,0.010578746838229345,0.2097999223118998,0.2185175994024066,27.092750100018606,27.332784441294883,1.148364200437186,26.58847339202149,28.07210832578729,0.09192153084975503,0.0934819084645548,0.0047779436701667535,0.0903538530006238,0.0955283079038196,147.68212884619837,152.29308414414504,28.69001369079973,135.32512621087963,172.48606393960023,inf,inf,,inf,inf,8.906015071097088e-07,8.676390991199594e-07,1.0777529601209429e-07,8.038872405641565e-07,9.176014862163342e-07,316800.0,316800.0,0.0,316800.0,316800.0,2534400.0,2534400.0,0.0,2534400.0,2534400.0,1.292954733499937,1.29505272949973,0.10029715001858687,1.2014440409984672,1.352346416999353,8.0,8.0,0.0,8.0,8.0,False,False,False
POD-E,well_joint,4,10,0.4362733969038318,0.45031629154575764,0.14993968231060664,0.3049239656035032,0.5081411747236521,0.0008259191201311101,0.00085164240012635,0.0002467075433789211,0.0005981540173358,0.0008823905313295,0.3848673282453779,0.4104001957309956,0.14707483696956924,0.2461487836563612,0.4375679042486927,0.0002599707233974,0.000249523871426,7.485646191846797e-05,0.0002048466656763,0.0002896403493065,0.7316753978456215,0.7471657729410139,0.2204646561426059,0.5228221483914712,0.8600358127694807,578.5473354592168,573.3225076030074,92.28703080677805,491.5965925969201,665.7565827647467,9.414172929158449e-07,9.293533886583256e-07,1.8755977738411412e-07,8.314586339931571e-07,9.984360623551548e-07,316800.0,316800.0,0.0,316800.0,316800.0,2534400.0,2534400.0,0.0,2534400.0,2534400.0,1.25942648339842,1.241910395994637,0.08394504072825856,1.2020911250001518,1.3391447919930215,8.0,8.0,0.0,8.0,8.0,False,False,True
final_accuracy,well_joint,4,10,0.3769265239271159,0.25900884900348364,0.31526652992627746,0.2233618122776887,0.3788763742280552,0.00142676112555884,0.00145497059318815,0.0005091838876125808,0.0011021458830784,0.0016603310482446,0.30414800793751173,0.1838294198962811,0.289923639974383,0.1649295096159016,0.3279998764935604,0.00044973492478998,0.0004521106419104,0.00016349800621831618,0.0003568852610198,0.0005223151821354,1.0584148286218822,1.0567174786387346,0.38719780677741317,0.7164911699430474,1.2874809176562834,169252819.7703286,201575152.73027632,157882054.7436056,647623.5625369216,303697157.36045283,2.8737165465779405e-06,9.506579122639129e-07,4.3434111965983595e-06,8.126616625017241e-07,1.3439849660647822e-06,149728.0,149728.0,0.0,149728.0,149728.0,1197824.0,1197824.0,0.0,1197824.0,1197824.0,0.6617432206992817,0.623701541499031,0.1423143578430971,0.5486494580036378,0.6849100419931347,8.0,8.0,0.0,8.0,8.0,False,False,False
final_pareto,well_joint,4,10,0.34049948775700006,0.25973430421180665,0.18186864192085,0.2454081005580026,0.3453781203311929,0.0012063755438259,0.0010471257565803,0.0004350297296289845,0.0009168946401243,0.0015848294784209,0.27293937367178267,0.1946074885036954,0.17589642997429958,0.1750786867133488,0.2632437373860165,0.00036526543438196,0.0003289305035095,0.00013096769606093587,0.0002573799892713,0.0004505563082064,0.9152845932494946,0.9882928308367576,0.2793360755460134,0.6651645023412631,1.1046480402390788,4181696.8899842994,4913644.1609576065,2265783.357735301,4482351.66926909,5574267.574785167,9.005007647412052e-07,7.988684436505926e-07,2.1191178566786363e-07,7.359022791042252e-07,1.0560752138586476e-06,120704.0,120704.0,0.0,120704.0,120704.0,965632.0,965632.0,0.0,965632.0,965632.0,0.5578846539989172,0.5259898334988975,0.12132465539589683,0.5040131669957191,0.586913375002041,8.0,8.0,0.0,8.0,8.0,False,False,False
hybrid,well_joint,4,10,0.30632488263986896,0.2771421045117568,0.08552549213544709,0.2474085979961579,0.406429963592257,0.00106697984202339,0.00105341320101285,0.00024061695632242647,0.0008454785249452,0.0013162923257676,0.24080850536799173,0.21373669554477226,0.0779149653691143,0.1933966585511034,0.3287291679418014,0.00038582962656015003,0.0004029135799622,8.392994866212412e-05,0.0002924278936955,0.0004288767459485,0.8199255569438627,0.8239544568996624,0.2313001261898941,0.6063723741971333,0.9870083740899056,1380.453432835397,1625.1838227115568,492.96648340625234,763.011394729856,1704.0505894301602,8.229007456483165e-07,8.228383474734688e-07,1.0369236704969079e-07,7.68488722055086e-07,8.471127747404004e-07,188708.0,188708.0,0.0,188708.0,188708.0,1509664.0,1509664.0,0.0,1509664.0,1509664.0,0.9716671417983889,0.939834520999284,0.13759173929647145,0.8862405830004718,1.0541672090039356,8.0,8.0,0.0,8.0,8.0,False,False,False
original_basis_optimized_recovery,well_joint,4,10,4.081354541962289,5.71944558080545,2.8362190647385384,0.9542894586697304,6.308883318948179,0.0458903775035978,0.0639779844878414,0.03558103279049867,0.0047185266239914,0.0679341589195536,2.787857316592864,3.6883891201040444,1.8897661064023625,0.7127442457233832,4.205642413838343,0.01703673801396084,0.02347216645926485,0.012857623609437136,0.0021343660703344,0.0250976942134361,31.658898944491547,42.61485781821674,24.31780358702837,3.3316675008035195,51.031762807894474,7485.886341866705,9442.482684856408,4796.3132646843815,821.9772286520799,10191.589393398352,9.20959400832373e-07,8.029473564303936e-07,3.222334905887101e-07,7.481203078383342e-07,9.46112791132322e-07,101860.0,101860.0,0.0,101860.0,101860.0,814880.0,814880.0,0.0,814880.0,814880.0,10.209926687399275,10.074531104499329,0.8754358776760668,9.508314083002915,10.710296749995903,8.0,8.0,0.0,8.0,8.0,False,False,False
rank_optimized_joint,well_joint,4,10,0.362300538461524,0.285957994538128,0.19679308665926507,0.2441760739134477,0.307574090567385,0.00152006979002383,0.0015025607016749,0.0005374093438569431,0.0013561693191047,0.0018019113678877,0.3008044611991679,0.2181345875748117,0.20559890426193833,0.1723464292180478,0.2784608853221023,0.00051741047695995,0.0005169824359624,0.00015917823791620057,0.000468249881967,0.000619374432895,1.1261931723830712,1.1330349964878317,0.36472925962184377,0.7978899811676798,1.4050729203017926,10564.70204134505,14412.844245999731,6943.669668179864,701.2440939527211,15470.801300587464,9.118729169021844e-07,8.577669102390457e-07,2.3676138564983135e-07,7.816390580798787e-07,9.125939861843292e-07,259188.0,259188.0,0.0,259188.0,259188.0,2073504.0,2073504.0,0.0,2073504.0,2073504.0,1.1137917291998747,1.0975723335031944,0.17525642300395397,0.9818984160010586,1.2366713330047787,8.0,8.0,0.0,8.0,8.0,False,False,False
POD,well_joint,5,10,28.604410764804754,28.83165837574347,1.0903585361825898,28.24516664889491,29.562390813279993,0.19186630232459995,0.1935290300339257,0.003863363936015453,0.1889335572319033,0.1944980000462468,27.144663244761478,27.41935414576877,1.129082312821264,26.642926868171557,28.109954964189573,0.08137237577293638,0.08212517208580306,0.0014900323066007431,0.0796711245507479,0.082442631572935,135.02619521994808,142.66046730242476,26.344149999837352,124.03185003385462,158.4553780966126,1.9200169739740606e+31,6.706414071545354e+30,3.2578302056803054e+31,3.3023816586270267e+30,1.906877745075012e+31,1.0488406088486789e-06,1.00736467441705e-06,1.7893063604334607e-07,9.000676866144614e-07,1.148496232786797e-06,316800.0,316800.0,0.0,316800.0,316800.0,2534400.0,2534400.0,0.0,2534400.0,2534400.0,1.292954733499937,1.29505272949973,0.10029715001858687,1.2014440409984672,1.352346416999353,10.0,10.0,0.0,10.0,10.0,False,False,False
POD-E,well_joint,5,10,0.40620841201959185,0.42955815284926435,0.10259259202825041,0.3243496460900263,0.4846893002094514,0.00072679542814674,0.0007480214104313499,0.00012939771499933023,0.0006787801745368,0.0008012320449392,0.36576121359631847,0.38363959131025993,0.10250219177799538,0.2642817337980253,0.4461260716437371,0.00024109117036432,0.0002460022164955,4.682338078315983e-05,0.0002200469271339,0.0002780759560054,0.6691788655652082,0.6054239846946572,0.19589358952299007,0.4890165386884497,0.8565567126954596,810.9784333858058,780.4817322433544,81.68412794586787,761.8677094895462,818.3295566549652,1.0481842135296279e-06,8.703007592987689e-07,3.9800811036346626e-07,8.154812328433408e-07,1.192977444069194e-06,316800.0,316800.0,0.0,316800.0,316800.0,2534400.0,2534400.0,0.0,2534400.0,2534400.0,1.25942648339842,1.241910395994637,0.08394504072825856,1.2020911250001518,1.3391447919930215,10.0,10.0,0.0,10.0,10.0,False,False,True
final_accuracy,well_joint,5,10,0.2880192678166632,0.2385662721365617,0.11889878429292094,0.2074510684316833,0.3513633021610633,0.001078533367692,0.0011193452107870002,0.0004465559065687214,0.0006211381449602,0.0012506614009831,0.2276433145721418,0.17500972688128755,0.1099653726748647,0.1441704486794831,0.3134677058796818,0.00033714448462821,0.00032352468811985,0.000140436237849181,0.0001944487197679,0.0004567412604528,0.7968805335373712,0.8449117416235963,0.27533844238622857,0.5896588463847531,0.908278857418962,195015434.28639293,235085181.01322716,179690143.02236938,890307.2538568852,339505104.06055653,1.1213015041951288e-06,9.212067779206102e-07,6.54350011846957e-07,8.634059962158309e-07,1.0106466510123049e-06,149728.0,149728.0,0.0,149728.0,149728.0,1197824.0,1197824.0,0.0,1197824.0,1197824.0,0.6617432206992817,0.623701541499031,0.1423143578430971,0.5486494580036378,0.6849100419931347,10.0,10.0,0.0,10.0,10.0,False,False,False
final_pareto,well_joint,5,10,0.30254522578948684,0.25431549705686823,0.13053352003411428,0.2179124610813328,0.3670489047374949,0.0011033155483423699,0.0010455859205718999,0.0005223977240378105,0.0007101929465792,0.0011762847727874,0.23893856826676418,0.19403839631343875,0.13684802217205896,0.1603443364855344,0.2791872052064666,0.00033471009368191997,0.00029922040278175,0.00016004493530100218,0.0002249764194291,0.0003577492727303,0.8374632518522755,0.8412985923724754,0.31448543807714585,0.6151413480746563,1.0903749603037969,5031282.92222866,6118862.271827116,2695246.316019321,5316105.544188186,6531468.305781694,9.016293150029685e-07,8.781353244557977e-07,1.4051759200539024e-07,8.089022353795687e-07,1.009714289015173e-06,120704.0,120704.0,0.0,120704.0,120704.0,965632.0,965632.0,0.0,965632.0,965632.0,0.5578846539989172,0.5259898334988975,0.12132465539589683,0.5040131669957191,0.586913375002041,10.0,10.0,0.0,10.0,10.0,False,False,False
hybrid,well_joint,5,10,0.27911479549785795,0.2647680269872492,0.09682088616536966,0.2027798391698221,0.3628952237145055,0.00104370428645244,0.00098557419401065,0.00030985569407405056,0.0007901998580471,0.001240704646722,0.21568454328965686,0.21524094319670084,0.08546471889135092,0.1418698862616105,0.2869960291780958,0.00038995945523356,0.0003659637893748,0.00011531379675738014,0.0002800650953564,0.0004725355832735,0.7857097462327124,0.7675327267348704,0.22546837476592235,0.5912353782012733,0.9546693541091472,2010.3202037010997,2445.292522398322,720.4367550115727,1178.091548039998,2517.73636848263,1.059054899032935e-06,8.803270835975619e-07,5.578490165457589e-07,8.63097725380072e-07,9.357819707426978e-07,188708.0,188708.0,0.0,188708.0,188708.0,1509664.0,1509664.0,0.0,1509664.0,1509664.0,0.9716671417983889,0.939834520999284,0.13759173929647145,0.8862405830004718,1.0541672090039356,10.0,10.0,0.0,10.0,10.0,False,False,False
original_basis_optimized_recovery,well_joint,5,10,7.163461376934999,7.996882324105953,6.477348042041292,0.916996957654918,10.621923477039786,0.041306892222849105,0.05407615718191,0.034405326665880316,0.0044248775532775,0.0628145851747749,5.308142773792783,4.969515590985173,5.113137692940779,0.756960062625042,8.169415195069424,0.01466724352711142,0.0196634108720018,0.011526574490559443,0.0020195320985282,0.0223858050964366,30.929944828718,37.08564439857607,25.907290844608692,3.3399665457419836,52.280874104439704,24874.782446823672,30101.18183979808,16768.948130975383,1927.189724961683,34709.78871227844,9.688293155198708e-07,8.942669157299416e-07,4.307689188220399e-07,7.434210239356398e-07,1.0053233306546856e-06,101860.0,101860.0,0.0,101860.0,101860.0,814880.0,814880.0,0.0,814880.0,814880.0,10.209926687399275,10.074531104499329,0.8754358776760668,9.508314083002915,10.710296749995903,10.0,10.0,0.0,10.0,10.0,False,False,False
rank_optimized_joint,well_joint,5,10,0.32243139123123987,0.27526544165801725,0.12432869422277307,0.2513873104722726,0.3019215580785947,0.00108788149182576,0.00098288947761265,0.0003532326634910888,0.0009478340361501,0.0012093046647853,0.26377986670205833,0.21503464271831735,0.12837684004787484,0.1786269277275632,0.2360984116243853,0.00037504175927360997,0.00035252471387565,8.83142700452576e-05,0.0003452287951321,0.0004103327324697,0.8441976804808469,0.7778563588757794,0.29027512886265394,0.5857914956998337,1.066530423140991,20186.37610698911,26656.384649983884,13731.388014053908,815.0980117887487,30685.671916924966,9.71460154085749e-07,9.553609435583106e-07,1.8117570442871288e-07,8.731202749339374e-07,1.1043233470466072e-06,259188.0,259188.0,0.0,259188.0,259188.0,2073504.0,2073504.0,0.0,2073504.0,2073504.0,1.1137917291998747,1.0975723335031944,0.17525642300395397,0.9818984160010586,1.2366713330047787,10.0,10.0,0.0,10.0,10.0,False,False,False
POD,well_joint,6,10,28.41983713458506,28.736356098628804,1.116748284427789,27.879564800982365,29.45328047215052,0.13016459490035154,0.129512344053426,0.005977742956848584,0.1252723352996773,0.1327138194094101,26.982910447917256,27.255960310362735,1.1502882925132134,26.24360444357851,28.018955328996963,0.04329038093166997,0.043260180205015555,0.003605332430974881,0.0410615997216621,0.0448451939635277,96.38454831425231,98.58969739313775,19.584680405665438,86.46157274557231,109.23488489774962,2.7624750817983616e+18,2.0914932736652634e+18,2.503725364599141e+18,1.5673830455657382e+18,2.6445358120744714e+18,1.1128744353799333e-06,1.0678270615941908e-06,1.6075646017258822e-07,9.953007811008204e-07,1.2155338426827825e-06,316800.0,316800.0,0.0,316800.0,316800.0,2534400.0,2534400.0,0.0,2534400.0,2534400.0,1.292954733499937,1.29505272949973,0.10029715001858687,1.2014440409984672,1.352346416999353,12.0,12.0,0.0,12.0,12.0,False,False,False
POD-E,well_joint,6,10,0.3093404418017305,0.294946178116391,0.07257811046207266,0.2612656565864055,0.3396587001500879,0.00075495895767695,0.0007855763722301,9.200651440145673e-05,0.0007247907915018,0.0008143408940383,0.25690786742385996,0.2372214550316547,0.07635227834979236,0.2021525859612276,0.2981502566939621,0.00024760847762106,0.00025299461601360003,3.856175018001316e-05,0.0002203633710538,0.0002739137080038,0.634217353620232,0.6045187760601345,0.15292220463510334,0.4741839946630437,0.8145596723469639,1057.6486256011306,1028.5613702719593,95.89359565960604,981.3840873800976,1114.6783621777267,8.745932296405134e-07,8.233082758637383e-07,2.0071762540556708e-07,7.48744344293259e-07,9.636616350074571e-07,316800.0,316800.0,0.0,316800.0,316800.0,2534400.0,2534400.0,0.0,2534400.0,2534400.0,1.25942648339842,1.241910395994637,0.08394504072825856,1.2020911250001518,1.3391447919930215,12.0,12.0,0.0,12.0,12.0,False,False,True
final_accuracy,well_joint,6,10,0.2757775986722084,0.23357814210968894,0.11347274466965573,0.2083974773908625,0.3490373084616405,0.0008980408673882701,0.00092803784351625,0.00023108600208364907,0.0007566979372301,0.000985317481618,0.22610515435062517,0.18657018170481482,0.11135211400422916,0.1453453129959699,0.3122135175894277,0.00028148988052118,0.00027696926110135,8.240604317099304e-05,0.0002206719999539,0.0003070353163741,0.6878836517373702,0.6694569022951387,0.1555370398697397,0.5908604409590044,0.7999627360116291,217510979.80696884,258120779.80055133,200946506.04331285,1012122.5617984916,388333000.98578113,1.0294789464573581e-06,9.924811834059796e-07,2.2348275468133657e-07,8.57766964945494e-07,1.1124661830393948e-06,149728.0,149728.0,0.0,149728.0,149728.0,1197824.0,1197824.0,0.0,1197824.0,1197824.0,0.6617432206992817,0.623701541499031,0.1423143578430971,0.5486494580036378,0.6849100419931347,12.0,12.0,0.0,12.0,12.0,False,False,False
final_pareto,well_joint,6,10,0.28529901505753485,0.25343345186084026,0.14833628659641568,0.1940669892900063,0.29726320506583,0.0009513179835284701,0.00090854982948775,0.00027595486818752976,0.0007693565257691,0.0011876329272611,0.22990157301543154,0.20320176241098709,0.14875207583826078,0.1459752570097265,0.2315250162825495,0.00028816870301017,0.00026755590427979996,7.619653720793256e-05,0.0002408594323569,0.0003402176792813,0.7509332796749663,0.7078734925980208,0.23017508755616753,0.6103512821870333,0.8233816281397139,5655430.132091362,6900235.178323319,3012949.014059957,6372801.540578738,7173244.592524452,1.018609770852022e-06,9.219924719300457e-07,2.3117772399364607e-07,8.803233088526343e-07,9.874661612373431e-07,120704.0,120704.0,0.0,120704.0,120704.0,965632.0,965632.0,0.0,965632.0,965632.0,0.5578846539989172,0.5259898334988975,0.12132465539589683,0.5040131669957191,0.586913375002041,12.0,12.0,0.0,12.0,12.0,False,False,False
hybrid,well_joint,6,10,0.2681533214338963,0.2912594844591625,0.06218302234321068,0.2176189404766194,0.3160194713751928,0.0009714944224011,0.0009190034164275999,0.00024294219925105894,0.0008616691313913,0.0009760307113624,0.20999570156445885,0.22942239029412814,0.055746621296968286,0.17079494090276,0.2503540709612234,0.00035411836220469,0.0003439151939092,8.110667277562612e-05,0.0003099031169726,0.0003642303433722,0.7414532015861959,0.708955556838555,0.19260728111389377,0.5723177509803639,0.9099660828201132,2506.711327711526,2928.463468849587,896.6970401341197,1468.8774238167762,3166.388461386349,9.221488721948817e-07,9.378120449767273e-07,1.5502049790537472e-07,9.191729289416532e-07,9.658496194042935e-07,188708.0,188708.0,0.0,188708.0,188708.0,1509664.0,1509664.0,0.0,1509664.0,1509664.0,0.9716671417983889,0.939834520999284,0.13759173929647145,0.8862405830004718,1.0541672090039356,12.0,12.0,0.0,12.0,12.0,False,False,False
original_basis_optimized_recovery,well_joint,6,10,7.776544153920726,9.338956531298482,6.647137723203928,0.8908460829552304,11.986197164634628,0.044294188011386,0.0634003070258862,0.03470166124120923,0.0043393337746195,0.0712110485234293,6.080103540402932,7.2546115179590815,5.270602139828163,0.635395876068033,9.43953404730668,0.01579972946982261,0.02199335869448325,0.012072757019229552,0.0019479947178675,0.0252800936881368,33.18823033482507,44.60729537827353,27.011165039297254,3.3319635421378107,52.75602620339451,34088.13876074304,41029.02514077023,21487.068963530914,5275.912573092907,49132.13264665048,1.0237781953721317e-06,1.002661643122652e-06,3.7313998305165377e-07,8.010676702225399e-07,1.072684200953244e-06,101860.0,101860.0,0.0,101860.0,101860.0,814880.0,814880.0,0.0,814880.0,814880.0,10.209926687399275,10.074531104499329,0.8754358776760668,9.508314083002915,10.710296749995903,12.0,12.0,0.0,12.0,12.0,False,False,False
rank_optimized_joint,well_joint,6,10,0.31419528801483015,0.2875395609347725,0.08978516554551748,0.2366463598547799,0.4019052923750709,0.00101132692023409,0.00102264193858125,0.0001432655268906962,0.0008767780003312,0.001113142194911,0.2564494690399963,0.23445009391290128,0.08135963707167135,0.1808557881696943,0.3224457148290912,0.0003564058935035501,0.00036233019232935005,3.6709847516672616e-05,0.0003141149682034,0.0003810235627495,0.8045146430097079,0.7893052617551255,0.20555265090996208,0.6632991388631677,0.9016983817165948,25167.161513650004,34096.850147923564,16624.837870726067,1366.7286685586555,36150.10048231945,1.0669496303417237e-06,9.981240714809165e-07,2.6142418985730563e-07,9.558270698504283e-07,1.2390375928603169e-06,259188.0,259188.0,0.0,259188.0,259188.0,2073504.0,2073504.0,0.0,2073504.0,2073504.0,1.1137917291998747,1.0975723335031944,0.17525642300395397,0.9818984160010586,1.2366713330047787,12.0,12.0,0.0,12.0,12.0,False,False,False
POD,well_joint,7,10,28.358905670668854,28.686297685243023,1.1138712641016366,27.794806357035167,29.38440920370108,0.12748552363843546,0.12768431952276527,0.0064386665700581,0.123230055754418,0.1307988811070768,26.827161009289874,27.133227322443677,1.1360478167042665,26.091123624112793,27.836345064444817,0.04318684314898579,0.0433235330213134,0.003943873413558137,0.0414273909599326,0.0448681063663777,94.63401880628996,97.39620641296182,19.132250932484524,85.36998031772865,104.8691487837964,2.865561450243959e+19,9.827095720943647e+18,4.185767694676316e+19,2.556284829783737e+18,2.4721145550040502e+19,1.1539481242390392e-06,1.1021315879048429e-06,1.4417460975337764e-07,1.046052609598334e-06,1.2418571632019336e-06,316800.0,316800.0,0.0,316800.0,316800.0,2534400.0,2534400.0,0.0,2534400.0,2534400.0,1.292954733499937,1.29505272949973,0.10029715001858687,1.2014440409984672,1.352346416999353,14.0,14.0,0.0,14.0,14.0,False,False,False
POD-E,well_joint,7,10,0.30952206948976285,0.29492539831190867,0.05571287369559977,0.2833305189868429,0.324247582669517,0.00072095087189955,0.0007313042809533,9.871179042640588e-05,0.0006810086627269,0.0007855988601598,0.25347977784267695,0.22772175238901954,0.06398735275719938,0.2109268112346171,0.288528905754678,0.00023793175775839998,0.00023514396674975,3.76355339326187e-05,0.0002179836164459,0.000266869634029,0.6149991312146942,0.5675758973709513,0.16574318563043763,0.4636918548426954,0.7417828147839083,1438.7235677597955,1375.785118459348,203.37639332832563,1297.4183615315796,1478.9426743787833,9.163842075661918e-07,8.811090028620696e-07,1.877599811427191e-07,7.778796856641713e-07,1.0134737161373285e-06,316800.0,316800.0,0.0,316800.0,316800.0,2534400.0,2534400.0,0.0,2534400.0,2534400.0,1.25942648339842,1.241910395994637,0.08394504072825856,1.2020911250001518,1.3391447919930215,14.0,14.0,0.0,14.0,14.0,False,False,True
final_accuracy,well_joint,7,10,0.2511234336682329,0.2307842458313368,0.06406144318510025,0.2141718614829688,0.2925478206638175,0.00090286795038809,0.00089694493331585,0.0001990081666405181,0.0007736008717465,0.0010671853818003,0.19468171914271676,0.17607685876354073,0.0642996422368965,0.1554420701967235,0.2303503911795007,0.00028136428369435,0.00027062410269395004,7.236635163802576e-05,0.0002373661042515,0.0003044263875655,0.6873520719615233,0.7058905443907849,0.1603629998456751,0.5510729440293003,0.8330242248414118,246625422.19459492,282453154.91971564,231690327.35520175,1129094.924324256,417667009.1906501,1.1324248186057027e-06,1.1533534268522986e-06,1.6941755943641224e-07,1.0560751591521997e-06,1.263157884709369e-06,149728.0,149728.0,0.0,149728.0,149728.0,1197824.0,1197824.0,0.0,1197824.0,1197824.0,0.6617432206992817,0.623701541499031,0.1423143578430971,0.5486494580036378,0.6849100419931347,14.0,14.0,0.0,14.0,14.0,False,False,False
final_pareto,well_joint,7,10,0.27262315476928267,0.23390711217683235,0.14770410264633949,0.1815957944819638,0.3025525349334315,0.0009443421626787799,0.00092194818694185,0.00029083513295218564,0.0007065873077292,0.0011057699840676,0.21837059517080792,0.18258557915058948,0.14728271688523734,0.1326916648057729,0.2280862372782068,0.00028086679969064005,0.00026019715223594996,7.61497583860812e-05,0.0002403065183764,0.0003335931555052,0.7328431862909941,0.6846974727137733,0.2063354576640009,0.6512003445473127,0.7878730055810934,6412290.093965691,7875344.57800753,3390889.4088034825,7422707.9956761,8206704.868719945,9.837699200628898e-07,9.504962273561782e-07,1.6056320854838162e-07,8.925413922931915e-07,9.978045311168228e-07,120704.0,120704.0,0.0,120704.0,120704.0,965632.0,965632.0,0.0,965632.0,965632.0,0.5578846539989172,0.5259898334988975,0.12132465539589683,0.5040131669957191,0.586913375002041,14.0,14.0,0.0,14.0,14.0,False,False,False
hybrid,well_joint,7,10,0.24752019701696487,0.25078973911301095,0.05598028519273111,0.2218568038699579,0.2746021248022433,0.00093643164901252,0.0008922589197916,0.00022216602267472846,0.0008333371023174,0.0009934607138749,0.19141806472379153,0.18889186942325326,0.04964521865164831,0.165148146340939,0.2228002261060045,0.00034219140820324995,0.00032053479199435,8.171522623315352e-05,0.0002999224723835,0.0003496777435167,0.7102045689060748,0.6616796073475931,0.1841180811573021,0.546475450598598,0.8559416220844803,5979.737309853064,6835.32383622069,2237.7989391310916,4578.769723360844,7849.099001269768,9.836466117285866e-07,1.0108045064686637e-06,3.0077500315846033e-07,7.255639092247457e-07,1.0422931824761786e-06,188708.0,188708.0,0.0,188708.0,188708.0,1509664.0,1509664.0,0.0,1509664.0,1509664.0,0.9716671417983889,0.939834520999284,0.13759173929647145,0.8862405830004718,1.0541672090039356,14.0,14.0,0.0,14.0,14.0,False,False,False
original_basis_optimized_recovery,well_joint,7,10,13.861858857812376,11.505399052250091,14.403392394812268,0.881660596564257,20.406409929086976,0.05694424484261533,0.07170417615286885,0.04804323023109507,0.0043678065154166,0.0921638302607328,11.100097061705661,8.992823869869582,11.870052972917202,0.6327710986984453,14.896320513905923,0.019440922823130657,0.024856927452736148,0.015883980114479203,0.0019460146050704,0.0312443103188204,46.45977949335056,52.48452105649639,41.51681207219734,3.4024857714104564,74.98507678305953,55647.27329316103,59117.91061579253,38531.84761063592,6019.471304686417,84689.31768121496,1.057486448750334e-06,1.02756390894266e-06,3.844810886640959e-07,6.892180391517292e-07,1.1362781493462398e-06,101860.0,101860.0,0.0,101860.0,101860.0,814880.0,814880.0,0.0,814880.0,814880.0,10.209926687399275,10.074531104499329,0.8754358776760668,9.508314083002915,10.710296749995903,14.0,14.0,0.0,14.0,14.0,False,False,False
rank_optimized_joint,well_joint,7,10,0.2986720439639373,0.2900237129903806,0.05903556708038886,0.2466509526028046,0.3296940926778563,0.00098378684426469,0.0010116605312280001,0.00017572415692402923,0.000806118301403,0.0011050117680621,0.23915907994494398,0.23216628669315995,0.051403474003910245,0.1971218944318386,0.2816466080791359,0.00034242488906553005,0.0003540428892938,4.8052581375858086e-05,0.0002911483000791,0.0003640941942927,0.7806756298648568,0.7758415799964467,0.2125793764305484,0.6044094691481086,0.9615576923057848,28971.889935982683,40024.456573086296,18775.912948726305,2216.8636414830753,40716.449625829504,1.0951142823778767e-06,1.11325187704883e-06,2.527220066358086e-07,1.0429248231274068e-06,1.3148496246938698e-06,259188.0,259188.0,0.0,259188.0,259188.0,2073504.0,2073504.0,0.0,2073504.0,2073504.0,1.1137917291998747,1.0975723335031944,0.17525642300395397,0.9818984160010586,1.2366713330047787,14.0,14.0,0.0,14.0,14.0,False,False,False
POD,well_joint,8,10,11.156959560616766,6.9043202798769565,9.670719565871806,6.197595301875441,8.138570056535475,0.07459593847116004,0.06085354734064595,0.03644917613448817,0.0556932606838759,0.0644380373869834,10.777154453472672,6.653590696178547,9.407573903921204,5.939557427611516,7.8318800270408895,0.03330960938796633,0.02836344423581615,0.014103977736823975,0.0264175435213852,0.0300472792360361,49.82979159583793,46.55240954223296,20.380122940525094,41.03268487280535,51.40676184696043,1.4564588752560922e+18,7.820060064166761e+17,1.895490241098726e+18,4.134902850779206e+17,1.3534899775330463e+18,0.0018567381902199899,0.00185077334209835,2.257951588112991e-05,0.0018415332104856,0.0018764326466082,316800.0,316800.0,0.0,316800.0,316800.0,2534400.0,2534400.0,0.0,2534400.0,2534400.0,1.292954733499937,1.29505272949973,0.10029715001858687,1.2014440409984672,1.352346416999353,16.0,16.0,0.0,16.0,16.0,False,False,False
POD-E,well_joint,8,10,0.22473547591973167,0.23289191768486572,0.02861174755107206,0.2026358829833337,0.2387119663377583,0.00068395458493732,0.0006277855725266,0.00027479573480455963,0.0005848768491573,0.000678206098563,0.16251480984315508,0.1652831233566383,0.025363901990854375,0.1526759001886891,0.1770373958967862,0.00021318226634822998,0.00019115794615055,8.621995014386168e-05,0.0001736204107847,0.0002172640056417,0.5208322312758706,0.5390784016534462,0.11350112535158673,0.4325804257565195,0.623609215477986,9.441911426391292e+20,2.3754802890164037e+20,2.177778855153166e+21,1.3030394265319457e+20,3.7590473294981064e+20,8.753443655866038e-07,8.544812136053115e-07,1.8329894119155587e-07,7.302631384209919e-07,9.047594210273004e-07,316800.0,316800.0,0.0,316800.0,316800.0,2534400.0,2534400.0,0.0,2534400.0,2534400.0,1.25942648339842,1.241910395994637,0.08394504072825856,1.2020911250001518,1.3391447919930215,16.0,16.0,0.0,16.0,16.0,False,False,True
final_accuracy,well_joint,8,10,0.33989947027567435,0.2818681483289126,0.1787624590021314,0.2094053547694883,0.4586509123221737,0.0011045215909398502,0.0008437227468775,0.0007168199976843983,0.0007027767662733,0.0010629930774831,0.2647470678440922,0.2211712969527482,0.17371853913685817,0.154375013887148,0.258978864906072,0.00032236362194825,0.00025251599523105,0.00018967043546015005,0.0002184082043787,0.0002913605934696,0.833987187569101,0.7157764143277623,0.3761143317005133,0.5770367055095179,1.1405220243980922,281801409.6896667,261003577.02543974,224438035.7972536,97629994.52502608,449179955.42487586,0.0009339366872154316,0.0009210764398350243,0.0009834599629832286,1.1018195423241565e-06,0.0018631080826906,149728.0,149728.0,0.0,149728.0,149728.0,1197824.0,1197824.0,0.0,1197824.0,1197824.0,0.6617432206992817,0.623701541499031,0.1423143578430971,0.5486494580036378,0.6849100419931347,16.0,16.0,0.0,16.0,16.0,False,False,False
final_pareto,well_joint,8,10,0.24072823063966436,0.2327347125274056,0.03698927393918836,0.2111772606950062,0.2820822256270381,0.00102623196285407,0.0009368121995135,0.00042840892229357395,0.0007618607049266,0.0011718706854285,0.18576519754433624,0.18278592076378,0.0317132502574618,0.1661794837185807,0.2091108059678052,0.00030030955142861004,0.0002807383624622,0.00011660935089726085,0.0002153474103166,0.0003340776551327,0.7616684610246546,0.6900178980440956,0.2839063104339815,0.5504447036838662,0.8957295483205715,14667023.489581093,10592807.172122467,10966447.825952053,8818075.087811433,25037543.83757094,0.0009334170120307127,0.000922598214275131,0.0009828364561869478,1.105578969446312e-06,0.0018612960526584,120704.0,120704.0,0.0,120704.0,120704.0,965632.0,965632.0,0.0,965632.0,965632.0,0.5578846539989172,0.5259898334988975,0.12132465539589683,0.5040131669957191,0.586913375002041,16.0,16.0,0.0,16.0,16.0,False,False,False
hybrid,well_joint,8,10,0.321077265699141,0.31280292811734356,0.10742496087146049,0.2329866103469796,0.4108277815377844,0.00094324625691813,0.00085916348989745,0.00026232868337910714,0.0007994063030472,0.0010522815396917,0.24864856132426252,0.24551972083651696,0.0998607967475659,0.1663234172832423,0.3616436201237181,0.00034233154859260003,0.0003163207324886,0.00011446093603337167,0.0002743995297468,0.0003593182589292,0.7405044088409596,0.6866581771972478,0.1689596302391155,0.6113738246073441,0.7999159102367941,9787.655155234472,8567.401558832367,4198.570119465884,7673.7777137573485,14764.49140282398,0.000742594736838934,0.0007262500000244899,0.0007819973131662416,1.1203007481964234e-06,0.0014788624736995,188708.0,188708.0,0.0,188708.0,188708.0,1509664.0,1509664.0,0.0,1509664.0,1509664.0,0.9716671417983889,0.939834520999284,0.13759173929647145,0.8862405830004718,1.0541672090039356,16.0,16.0,0.0,16.0,16.0,False,False,False
original_basis_optimized_recovery,well_joint,8,10,6.7883598062182084,2.4091669901399664,11.438101074012666,0.5465068363227206,6.489255895072523,0.02404633329823868,0.0087779020874101,0.034585487598287536,0.0043034579441041,0.0171471570920863,5.317142012108282,1.6114922010378507,9.434270314116974,0.4522026159102711,5.182673554237199,0.008552550072920198,0.0033719105457703496,0.011313440684051882,0.0019376756320257,0.0067076284228915,21.24007609441999,7.568526416209732,31.74605588898387,2.9852655331166766,13.829264575134154,47933315.08867623,265209.42259442847,148937390.30002117,89984.16962886852,1943451.4787674155,0.0005829648789380533,0.0005244697669038828,0.0006189814794955687,8.489924883014782e-07,0.0011231519398498,101860.0,101860.0,0.0,101860.0,101860.0,814880.0,814880.0,0.0,814880.0,814880.0,10.209926687399275,10.074531104499329,0.8754358776760668,9.508314083002915,10.710296749995903,16.0,16.0,0.0,16.0,16.0,False,False,False
rank_optimized_joint,well_joint,8,10,0.2844485182146619,0.27749441552569115,0.04969442378952155,0.2626104324477615,0.3079851849059571,0.0011691784813922298,0.0011453528089013,0.00024129588686062106,0.0010788497560877,0.0012904348872048,0.21839289879076063,0.2248241791797253,0.05082534194988443,0.1910676642454595,0.246302245029862,0.0003994982039307,0.00039781839837445,6.630226720207366e-05,0.000359137208681,0.0004500590573585,0.8702695996010436,0.9101103680746712,0.14250868987451162,0.7223311546328729,0.9654459178607702,1198053.4504444238,49725.662715179846,1863919.3451168693,47970.79285297294,3717889.906411483,0.0009331434526387641,0.0009251687030396853,0.0009826919259646664,9.84654140385582e-07,0.0018668906616363,259188.0,259188.0,0.0,259188.0,259188.0,2073504.0,2073504.0,0.0,2073504.0,2073504.0,1.1137917291998747,1.0975723335031944,0.17525642300395397,0.9818984160010586,1.2366713330047787,16.0,16.0,0.0,16.0,16.0,False,False,False
POD,well_joint,9,10,9.80082439632307,5.874866790725887,10.03691039027927,4.349104999628413,6.22836781527461,0.045002460859926596,0.04015692067397225,0.025483756398865368,0.0320773660341521,0.0446861737653834,9.389383384900714,5.601724550177572,9.700497381584448,4.099038389723856,5.8572755452430165,0.02033442778588345,0.01892068741048735,0.010917961642416683,0.0151189418155663,0.0213563202350719,32.848437803832645,28.248178330157867,17.01579136185107,24.466885861174976,36.59090830778691,8.603734258678376e+16,9.518547874310992e+16,5.265794721160306e+16,6.62739543574353e+16,1.2765450665496589e+17,0.00186612283758121,0.0018560740902198,2.8509417487347655e-05,0.0018428402255452,0.0018947293233087,316800.0,316800.0,0.0,316800.0,316800.0,2534400.0,2534400.0,0.0,2534400.0,2534400.0,1.292954733499937,1.29505272949973,0.10029715001858687,1.2014440409984672,1.352346416999353,18.0,18.0,0.0,18.0,18.0,False,False,False
POD-E,well_joint,9,10,0.24459717334852651,0.23241148790801444,0.04694662339984071,0.218263501416667,0.2716985736875805,0.00069276645675384,0.0006510507114722999,0.00026319113924005234,0.0005606217920375,0.0007139603578937,0.17826439653002593,0.1681530469711351,0.047221594785428526,0.1498265318502039,0.2160602696367699,0.00021623655951959994,0.0001944519247709,8.532697463182337e-05,0.000177731513356,0.0002174525606266,0.5375530906197845,0.5759201317941773,0.11441000507504295,0.4355496029322055,0.6412142016915141,1.6312807446494597e+19,1.724469161846461e+19,5.623364847027394e+18,1.4195105689325308e+19,2.033937262877388e+19,8.324887126481118e-07,8.082744241797162e-07,1.2121610861633808e-07,7.236841956636679e-07,9.122857153485704e-07,316800.0,316800.0,0.0,316800.0,316800.0,2534400.0,2534400.0,0.0,2534400.0,2534400.0,1.25942648339842,1.241910395994637,0.08394504072825856,1.2020911250001518,1.3391447919930215,18.0,18.0,0.0,18.0,18.0,False,False,False
final_accuracy,well_joint,9,10,0.3427683443164154,0.2759404717631448,0.16871068099195885,0.2155190021518251,0.4519404522432118,0.0011482312459905899,0.00084763994169605,0.0007122383118552631,0.0007381672332581,0.0012688335343629,0.2676123328564669,0.23141829548412396,0.16472504802058674,0.1735494374773351,0.2528051708440976,0.0003258079466304,0.00025762296100695,0.00018488619575241023,0.0002275271541782,0.0003263752657814,0.8620025147027398,0.7200691332397677,0.36341075728658534,0.6001049082853994,1.171065948357579,342693032.83725005,368731155.3348777,254783651.76398537,126731654.71824194,552110997.4629122,0.0009349899751959293,0.0009157744361184833,0.0009846080273921939,1.2246240849459645e-06,0.0018620297668984,149728.0,149728.0,0.0,149728.0,149728.0,1197824.0,1197824.0,0.0,1197824.0,1197824.0,0.6617432206992817,0.623701541499031,0.1423143578430971,0.5486494580036378,0.6849100419931347,18.0,18.0,0.0,18.0,18.0,False,False,False
final_pareto,well_joint,9,10,0.2408244656880269,0.23432113455481535,0.053325302324669026,0.1950760692315744,0.299146697061534,0.00102007756950597,0.0009105564200952499,0.00041515627704890055,0.0007753351699857,0.0010703630533352,0.18294757609773987,0.1743200695423239,0.0387226546827297,0.1497919573502209,0.2071303504374941,0.0002931049858862601,0.00025996340834760003,0.00011089961942204128,0.0002361872786371,0.000302864128126,0.7599346894323199,0.698215269711099,0.2860086704309642,0.5292284083772544,0.8115204763155857,17184354.73149409,13783184.070530392,12867156.890363926,9438620.495847216,27454039.756317377,0.0009289913834531807,0.0009224613082701585,0.0009779636488934755,1.3994361331714388e-06,0.0018540673533737,120704.0,120704.0,0.0,120704.0,120704.0,965632.0,965632.0,0.0,965632.0,965632.0,0.5578846539989172,0.5259898334988975,0.12132465539589683,0.5040131669957191,0.586913375002041,18.0,18.0,0.0,18.0,18.0,False,False,False
hybrid,well_joint,9,10,0.31269994311661503,0.2837180218879894,0.10197441685191572,0.2337231459448105,0.403836379025896,0.00090909797909007,0.000821680700599,0.00025075358376612717,0.0007844119532531,0.0010825208062165,0.23978611070570643,0.23678881191935575,0.07719149668754877,0.1766627772049744,0.2875355592105282,0.00031676087929454,0.0003075105490982,7.814741351919673e-05,0.0002807922678364,0.0003348754799335,0.7092956624739074,0.70322980661172,0.12863117942998134,0.5944167413054637,0.7837539134087583,19895.908316243665,13291.128702493392,14346.354599979846,9061.25599599229,32574.513691087355,0.0007416860909788363,0.0007352946428765738,0.0007809413494312159,8.408570923856495e-07,0.0014701350301038,188708.0,188708.0,0.0,188708.0,188708.0,1509664.0,1509664.0,0.0,1509664.0,1509664.0,0.9716671417983889,0.939834520999284,0.13759173929647145,0.8862405830004718,1.0541672090039356,18.0,18.0,0.0,18.0,18.0,False,False,False
original_basis_optimized_recovery,well_joint,9,10,1.8199868788836517,1.0452371119199966,1.5592051090695092,0.5446098381167214,3.093770358532583,0.00628853367205557,0.0046119071890673505,0.0029615282657459953,0.0042606785991708,0.00909792195744,1.3055159743094018,0.8334916564214635,1.16942676346794,0.408219940041067,2.194512935181294,0.0027047255279298603,0.00205244065751355,0.001126057025818428,0.001905825532412,0.0039797856571994,4.989200061421332,3.9784683562230723,3.1826548172376614,2.759214142845164,6.348604739443827,70552.15094321358,31246.18134158228,78922.37224814776,28131.202307689287,80679.20901269549,0.0005878094932338906,0.0005271582105391346,0.0006235518860626603,8.477443606851804e-07,0.0011751622857028,101860.0,101860.0,0.0,101860.0,101860.0,814880.0,814880.0,0.0,814880.0,814880.0,10.209926687399275,10.074531104499329,0.8754358776760668,9.508314083002915,10.710296749995903,18.0,18.0,0.0,18.0,18.0,False,False,False
rank_optimized_joint,well_joint,9,10,0.31051727608451263,0.2799224952058321,0.07060577702856749,0.2597860436317649,0.3822839161320042,0.00116903337911632,0.0011557308426933,0.0003178432300262527,0.0009937599976029,0.0013125543664188,0.24428672779140706,0.2272920582242452,0.06068476810942945,0.2061426379222655,0.2868345825584363,0.00039442641464627,0.0003767365618587,8.339911298366533e-05,0.0003495565021483,0.0004661941058504,0.8798458402957066,0.9567376256983011,0.18146860013587698,0.7418952692980587,1.001366027816117,1777492.835951696,64283.24115232933,2786350.6091870056,54835.04837412482,5325335.444653317,0.0009311278526368111,0.0009275391654172949,0.0009803952247751063,1.0930451203865887e-06,0.0018588436767021,259188.0,259188.0,0.0,259188.0,259188.0,2073504.0,2073504.0,0.0,2073504.0,2073504.0,1.1137917291998747,1.0975723335031944,0.17525642300395397,0.9818984160010586,1.2366713330047787,18.0,18.0,0.0,18.0,18.0,False,False,False
POD,well_joint,10,10,9.74634816830756,5.924043595677606,9.863536980914905,4.443116819398329,6.409659041682959,0.034567332814684215,0.03755975142223525,0.011059109766731422,0.0282939801292391,0.0411739585337077,9.329825743522278,5.615027305755898,9.593170741014841,4.166691931729486,5.904435403519612,0.01576489566320537,0.0177591716187172,0.006120978087838959,0.0134922724747909,0.0195965599309813,26.80089547442041,25.994286846864284,7.457980413636577,19.60397225182804,31.095749565203988,inf,inf,,inf,inf,0.0018760341466220096,0.0018633124962338,3.932784338354677e-05,0.0018472459248317,0.0018975341428772,316800.0,316800.0,0.0,316800.0,316800.0,2534400.0,2534400.0,0.0,2534400.0,2534400.0,1.292954733499937,1.29505272949973,0.10029715001858687,1.2014440409984672,1.352346416999353,20.0,20.0,0.0,20.0,20.0,False,False,False
POD-E,well_joint,10,10,0.25630332361412567,0.2577693124872662,0.041517451833452124,0.2213424381856633,0.2977047444442177,0.0006589265814127699,0.00064519457517245,0.00021009580725905622,0.0005442460092385,0.0006987102968963,0.18044914300761677,0.19211910823206835,0.04593725741869816,0.1373637037089303,0.2249960237203741,0.00020647036500331001,0.00020031697277630002,6.88334257268971e-05,0.0001623891869217,0.0002189846391648,0.5327326675791842,0.5085044278767994,0.14795372227424608,0.3988784531204878,0.6311938323357562,inf,inf,,inf,inf,7.920729344766727e-07,7.764699278465872e-07,8.893608059557021e-08,7.161653961258051e-07,8.546391237681186e-07,316800.0,316800.0,0.0,316800.0,316800.0,2534400.0,2534400.0,0.0,2534400.0,2534400.0,1.25942648339842,1.241910395994637,0.08394504072825856,1.2020911250001518,1.3391447919930215,20.0,20.0,0.0,20.0,20.0,False,False,False
final_accuracy,well_joint,10,10,0.2955917269143956,0.2590085857309852,0.1094083314497455,0.223628627246595,0.328079166289016,0.0010613156258115698,0.0009086596907576,0.00047952973300450586,0.000738024874983,0.0012332409265699,0.2148200360910728,0.20946655099440215,0.08217293352766623,0.1508967558000287,0.2503278486820408,0.00030727256904776,0.0002629560017065,0.00012668895140881926,0.0002275219677517,0.0003618184242203,0.7797579786783468,0.7594724196170111,0.24315064630584207,0.5994940630284781,0.9291550535843104,805944422.8307545,600636911.4367578,609772298.0041381,481932938.07981986,1084735132.794111,0.0009301748436000519,0.0009190095563946526,0.0009793143494717252,1.2343383089576224e-06,0.0018641293834224,149728.0,149728.0,0.0,149728.0,149728.0,1197824.0,1197824.0,0.0,1197824.0,1197824.0,0.6617432206992817,0.623701541499031,0.1423143578430971,0.5486494580036378,0.6849100419931347,20.0,20.0,0.0,20.0,20.0,False,False,False
final_pareto,well_joint,10,10,0.22745151027976585,0.20596078264086184,0.049073201188282595,0.1889683614584832,0.2771523786442831,0.00107753634067951,0.00098382319266915,0.0004162866734128945,0.0007751805400729,0.0011269697972113,0.16928522479720254,0.15474074798337595,0.03302243374060889,0.1459484218968788,0.2020609853070762,0.00030612538429291,0.0002864069151424,0.00010794304338547888,0.0002270770883857,0.000324058878218,0.7959031556658854,0.7878558885614362,0.29642663480255693,0.5972756232956185,0.8304104347950189,49103627.56081894,29712452.326050855,55705868.57709452,12488512.51402267,38314396.08828278,0.0009420046368477847,0.0009186760639168325,0.0009930720693711913,1.204887201967544e-06,0.0018557863458452,120704.0,120704.0,0.0,120704.0,120704.0,965632.0,965632.0,0.0,965632.0,965632.0,0.5578846539989172,0.5259898334988975,0.12132465539589683,0.5040131669957191,0.586913375002041,20.0,20.0,0.0,20.0,20.0,False,False,False
hybrid,well_joint,10,10,0.32095524722903335,0.30378849491514526,0.09694045157829338,0.2938294032224376,0.3931498451255762,0.00093456259387987,0.0008909530203749501,0.00022958879758194293,0.0007946661261617,0.001087025401611,0.24399341211218922,0.2614021568892119,0.07741880338360164,0.1817764863038678,0.2961004656664549,0.00032575656772676,0.00031996983575695,7.329966385388676e-05,0.0002862061096736,0.0003369027297504,0.731206872958927,0.6895475078140582,0.15222257603823242,0.601654888997446,0.7820917697412999,111351984.73420343,22502.005395053,180251251.09582603,16278.21259706838,331935287.4493444,0.0007349292616544752,0.0007167900977290704,0.0007735375772837205,1.3311428461693003e-06,0.0014723120300476,188708.0,188708.0,0.0,188708.0,188708.0,1509664.0,1509664.0,0.0,1509664.0,1509664.0,0.9716671417983889,0.939834520999284,0.13759173929647145,0.8862405830004718,1.0541672090039356,20.0,20.0,0.0,20.0,20.0,False,False,False
original_basis_optimized_recovery,well_joint,10,10,1.2339045385739282,0.6216418859766204,1.039167056205604,0.5425574778325285,2.3821109492418353,0.006242343333736669,0.0043511327105492,0.002986721491036964,0.0042596349378054,0.0092270479129346,0.6831598223451383,0.44614320638283855,0.4078920423593841,0.4036755104906033,1.0697697718315535,0.00266967004232927,0.0019624089041918,0.0011328490511085935,0.0019138907190828,0.0040517724937862,4.658800531396944,3.2974830332794376,2.8674633716324593,2.772885927755384,6.500930260732401,42115.46770478302,16229.811111259245,52547.50482217189,12628.994326188998,68822.92997255643,0.000594285305260518,0.000527308112799405,0.0006307093593787407,9.89345874798421e-07,0.0011762713007296,101860.0,101860.0,0.0,101860.0,101860.0,814880.0,814880.0,0.0,814880.0,814880.0,10.209926687399275,10.074531104499329,0.8754358776760668,9.508314083002915,10.710296749995903,20.0,20.0,0.0,20.0,20.0,False,False,False
rank_optimized_joint,well_joint,10,10,0.3231987156050055,0.347624645150523,0.06296227947127173,0.2823305698613572,0.3598709446689194,0.00106964621926446,0.0010479488593634501,0.00021072864283590019,0.0009512148369249,0.0012356771090206,0.24925554400783265,0.2497949062467413,0.05061255292050003,0.2326549185701282,0.2964199546186889,0.00036537250273763997,0.00036841115921874997,5.845846433304317e-05,0.0003261370685536,0.0003910696246852,0.8495234859064642,0.8103803039874743,0.24738152796184562,0.7101402908662285,0.9245363471123946,206713895.49088258,76970.19368886732,345745919.43570507,65460.04084738221,506288507.565234,0.0009294745924793105,0.0009213363082654016,0.0009786928320774523,9.718045257066929e-07,0.0018665322631727,259188.0,259188.0,0.0,259188.0,259188.0,2073504.0,2073504.0,0.0,2073504.0,2073504.0,1.1137917291998747,1.0975723335031944,0.17525642300395397,0.9818984160010586,1.2366713330047787,20.0,20.0,0.0,20.0,20.0,False,False,False
POD,well_joint,11,10,9.274894261178542,5.257036537927292,10.032838245168625,3.8198673794464426,6.121395318346444,0.02704155825572623,0.0296009016456949,0.007786026193973002,0.0228837407738594,0.0326692390690721,8.870408775746599,4.960400878820861,9.76474693144904,3.5928358330360455,5.746855539598177,0.01224393908917018,0.01403402152163715,0.004533454079814606,0.0107691337864884,0.0152696654265632,21.618667019018496,21.485346668788942,4.648071081167564,18.042856645486907,24.54053177990413,inf,inf,,1.8973878117870332e+33,inf,0.00185802904286665,0.0018518406955115498,1.9783723227693367e-05,0.0018425802030067,0.0018745958646435,316800.0,316800.0,0.0,316800.0,316800.0,2534400.0,2534400.0,0.0,2534400.0,2534400.0,1.292954733499937,1.29505272949973,0.10029715001858687,1.2014440409984672,1.352346416999353,22.0,22.0,0.0,22.0,22.0,False,False,False
POD-E,well_joint,11,10,0.24693670216919825,0.24040304416764074,0.038031828368401695,0.2245901400827057,0.2731589792556785,0.00070855170559095,0.000654638405931,0.00021008248488568545,0.000597473843858,0.0007584269162053,0.15691407786764483,0.1547657994529515,0.04390948231828335,0.1090377716142785,0.1970373720076327,0.00022152294847890998,0.0002035505107327,6.713622704794234e-05,0.0001753648895224,0.0002393326952965,0.5570918646174776,0.5581182970656587,0.13191102926445278,0.4449580688967184,0.6611734220039263,inf,inf,,inf,inf,8.70238333770697e-07,8.47274432294911e-07,1.2836489346440207e-07,7.938571415204359e-07,1.0253759245458237e-06,316800.0,316800.0,0.0,316800.0,316800.0,2534400.0,2534400.0,0.0,2534400.0,2534400.0,1.25942648339842,1.241910395994637,0.08394504072825856,1.2020911250001518,1.3391447919930215,22.0,22.0,0.0,22.0,22.0,False,False,False
final_accuracy,well_joint,11,10,0.2739687575923921,0.2498626815957959,0.10112252849913643,0.1954876369452048,0.294647128504802,0.00108610660380628,0.0009116547114311,0.0004825737618627065,0.0007186874476443,0.0013229544701086,0.1914279146230425,0.17019663598670987,0.07967372827913007,0.1430421826873331,0.2163128895339349,0.00031466016356336004,0.0002679537730026,0.00012858917991375495,0.000226383421525,0.0004036954405467,0.7894917048569666,0.7598572012656163,0.2518102727660048,0.5902524304359967,0.9520024671276685,946724437.7801273,731361151.5262759,681391010.4266725,628822016.8588172,1331670089.7579713,0.0009400307338271472,0.0009194685150206134,0.0009899811439280425,1.3480601588061036e-06,0.0018673621579134,149728.0,149728.0,0.0,149728.0,149728.0,1197824.0,1197824.0,0.0,1197824.0,1197824.0,0.6617432206992817,0.623701541499031,0.1423143578430971,0.5486494580036378,0.6849100419931347,22.0,22.0,0.0,22.0,22.0,False,False,False
final_pareto,well_joint,11,10,0.2305388068256191,0.2105417559311683,0.061634594072720664,0.1799427589156336,0.2992674010557274,0.00100418534095986,0.0009045669212999,0.00031903459183544767,0.0007844472385222,0.0011102756297407,0.17154444781851402,0.15792823587500526,0.04188783726793116,0.1328306876015264,0.2100928536000144,0.00029041849850631004,0.00027125171351350004,8.080928540226963e-05,0.0002466935738518,0.000302663944319,0.7508394106483094,0.7563785662486002,0.22345674645056404,0.6247990587147917,0.8409054709854465,65039551.83891175,36817424.37916746,67945279.41473569,16819118.193422794,115928841.8996243,0.0009534035721807475,0.0009218612180585176,0.0010059365313208044,1.4448646413113334e-06,0.0018625125263032,120704.0,120704.0,0.0,120704.0,120704.0,965632.0,965632.0,0.0,965632.0,965632.0,0.5578846539989172,0.5259898334988975,0.12132465539589683,0.5040131669957191,0.586913375002041,22.0,22.0,0.0,22.0,22.0,False,False,False
hybrid,well_joint,11,10,0.4985804993022375,0.3137387996361438,0.5658401066480077,0.2701165237550434,0.4361319772984727,0.00109753333155809,0.00100377564199535,0.0005471365280309054,0.0008561520638892,0.0010850608027498,0.3772510485883759,0.2307314136043212,0.45183783477282796,0.1644597104890583,0.3516349991477319,0.00037883696225479,0.00034041784030680003,0.0001741555855643811,0.0002940564662969,0.0003851690945416,1.0302019790455579,0.7127233275706676,0.996298603572794,0.6097256414867347,0.8512333060020785,128733744.29757747,66592.84078394373,208326681.5566745,41642.44485813769,387108127.6733371,0.0007410082691845628,0.0007277960488918305,0.0007802742228641906,7.985564254231303e-07,0.0014745056390879,188708.0,188708.0,0.0,188708.0,188708.0,1509664.0,1509664.0,0.0,1509664.0,1509664.0,0.9716671417983889,0.939834520999284,0.13759173929647145,0.8862405830004718,1.0541672090039356,22.0,22.0,0.0,22.0,22.0,False,False,False
original_basis_optimized_recovery,well_joint,11,10,0.9598180055386146,0.5779262647344536,0.6773855841662451,0.5127747090640268,1.3158610652811151,0.005233935328731201,0.0043329874235328,0.00138055075428913,0.0042628109150022,0.0067292483280388,0.6545830448901178,0.40347025240578704,0.4122891684577731,0.3613261832959367,0.889550542663632,0.00231590319474834,0.0019508766954542001,0.0005797899138853656,0.0019144764267432,0.0030109254607466,3.834156227307038,3.280676284546993,1.5806562917572813,2.765124646575834,4.858508038032386,23665.58571884067,9509.433757412593,27430.340336573197,4171.203820310258,46487.94084258051,0.000606373933845663,0.0005229166654180079,0.0006460323642386187,9.533158250510188e-07,0.0012797534435591,101860.0,101860.0,0.0,101860.0,101860.0,814880.0,814880.0,0.0,814880.0,814880.0,10.209926687399275,10.074531104499329,0.8754358776760668,9.508314083002915,10.710296749995903,22.0,22.0,0.0,22.0,22.0,False,False,False
rank_optimized_joint,well_joint,11,10,0.3340009107130183,0.35496505865801387,0.07375507813896791,0.3070951277654603,0.3856158297141938,0.0010535993352314798,0.0010943882199599,0.0002253446450141632,0.0009171568958382,0.0011864176235902,0.2564744693808197,0.265218647619155,0.0636812812581,0.2172669634283571,0.322146148013867,0.00036269636749187,0.00037976698076175005,5.388348275020225e-05,0.000325616624141,0.0004120314069397,0.835329818508457,0.8126786125166362,0.23303073098687713,0.6571067977697252,0.9277542133256288,235773386.8070709,95537.29571473663,387978025.06191623,75508.79967828227,663424509.4002582,0.0009391217413524314,0.0009213109323238096,0.000989126730438687,1.1331503628753126e-06,0.0018655657895168,259188.0,259188.0,0.0,259188.0,259188.0,2073504.0,2073504.0,0.0,2073504.0,2073504.0,1.1137917291998747,1.0975723335031944,0.17525642300395397,0.9818984160010586,1.2366713330047787,22.0,22.0,0.0,22.0,22.0,False,False,False
POD,well_joint,12,10,8.766876407186354,4.226048867328454,10.164390507525361,3.4931911948287167,4.880598428587578,0.0226480287420145,0.025335752147871052,0.007868049493980128,0.0222089241685385,0.0275322397724159,8.369649516801479,3.9749304012711284,9.829517733861222,3.2873771642756813,4.606253762805292,0.01051878089906794,0.011773935181732649,0.003910022199836378,0.0104009261730165,0.0130203183785979,18.742349413897827,19.040961564146016,3.550894189334361,17.254263925228223,20.30204326006326,5.918768830425526e+32,6.142326823476698e+32,4.138905858744542e+32,3.5709191872026294e+32,8.608776144042997e+32,0.0018770744037563101,0.00185717481202255,5.835123941537685e-05,0.0018447963683909,0.0018837806992245,316800.0,316800.0,0.0,316800.0,316800.0,2534400.0,2534400.0,0.0,2534400.0,2534400.0,1.292954733499937,1.29505272949973,0.10029715001858687,1.2014440409984672,1.352346416999353,24.0,24.0,0.0,24.0,24.0,False,False,False
POD-E,well_joint,12,10,0.261323615807185,0.25585842599874553,0.05063474727865254,0.2272682442084616,0.283266413522564,0.0007063898039992599,0.00068761337907515,0.00016534563302243003,0.0006079972369948,0.0008412935617413,0.17310448363187708,0.1651740743305973,0.05304209956574485,0.1406956083725052,0.1931991755910921,0.00022019331177404,0.00021789235607195,5.128737790878073e-05,0.0001798405384754,0.0002376277940215,0.5675315043372487,0.570225840141207,0.14250492991947952,0.4591214135111165,0.669244110454402,3.46422872736459e+35,3.353865468435427e+35,2.002827271060804e+35,2.6024283467921297e+35,4.6382351204733535e+35,8.508458607077347e-07,8.347443579801155e-07,1.4958172238858885e-07,7.484361281639483e-07,9.088345590621736e-07,316800.0,316800.0,0.0,316800.0,316800.0,2534400.0,2534400.0,0.0,2534400.0,2534400.0,1.25942648339842,1.241910395994637,0.08394504072825856,1.2020911250001518,1.3391447919930215,24.0,24.0,0.0,24.0,24.0,False,False,False
final_accuracy,well_joint,12,10,0.2473634127095327,0.2339040022055239,0.07492327831394192,0.2093311988025619,0.2999655296087248,0.0010169101907357599,0.00090601416160075,0.00042285215908329714,0.0007960586249584,0.001080856235896,0.16644740241633693,0.1606328469949745,0.04906777829540576,0.1256106755323731,0.1959138851085833,0.00029734818634676,0.00026635795035775,0.00011041002532563213,0.0002488260819302,0.0003152147277107,0.7277191137853707,0.7296555364610848,0.16500753931388012,0.6377119080390968,0.8560641030826639,1241299264.1684563,1040363903.5862651,781493934.8269167,904601367.3618436,1568289886.339245,0.0009336612165388404,0.0009199072706919396,0.0009829680734978093,1.3859624273311769e-06,0.0018666215563504,149728.0,149728.0,0.0,149728.0,149728.0,1197824.0,1197824.0,0.0,1197824.0,1197824.0,0.6617432206992817,0.623701541499031,0.1423143578430971,0.5486494580036378,0.6849100419931347,24.0,24.0,0.0,24.0,24.0,False,False,False
final_pareto,well_joint,12,10,0.22622728976405188,0.1886419410222248,0.08139969590879037,0.1494811717632572,0.3116239346187777,0.00096716310215147,0.00085922987335575,0.00028214542295759194,0.0007913031682544,0.0009937449521146,0.16738632784111135,0.14163416566246975,0.05904022314095701,0.1160520703524537,0.2287003852417382,0.00028411259621014,0.0002605510653048,7.670263783287759e-05,0.0002467720861108,0.0003043376456869,0.7111221901609455,0.6606058044811727,0.16665852624742084,0.6272935016129102,0.797417806433559,78784857.54645845,48555084.56399338,74448773.04884781,17619646.001749218,121467711.951857,0.0009283785082734731,0.0009189967105547139,0.0009774752562518496,1.467105274305756e-06,0.0018412672330956,120704.0,120704.0,0.0,120704.0,120704.0,965632.0,965632.0,0.0,965632.0,965632.0,0.5578846539989172,0.5259898334988975,0.12132465539589683,0.5040131669957191,0.586913375002041,24.0,24.0,0.0,24.0,24.0,False,False,False
hybrid,well_joint,12,10,0.49873784995777076,0.32436306804036213,0.47646289810397907,0.2637838505749365,0.4610832447946892,0.0011888052812502,0.00103515670634625,0.0006657722748373581,0.000775316043871,0.001225001051168,0.3776706541834147,0.2424424838050008,0.3805397992616262,0.1802444835974303,0.3183089359485108,0.00041986639687604003,0.00035047845422075,0.00022252897601064776,0.0002864751509532,0.0004387848846741,1.0751880700353689,0.7682097541145104,0.9916866827965635,0.6673021403417715,1.075657838773883,410265170.03590125,118688.97451631512,760905578.7091498,80124.45573482497,573087210.9384629,0.0007286261601442965,0.0007113903533932908,0.0007670135552627054,1.0504360731754144e-06,0.0014641412857244,188708.0,188708.0,0.0,188708.0,188708.0,1509664.0,1509664.0,0.0,1509664.0,1509664.0,0.9716671417983889,0.939834520999284,0.13759173929647145,0.8862405830004718,1.0541672090039356,24.0,24.0,0.0,24.0,24.0,False,False,False
original_basis_optimized_recovery,well_joint,12,10,0.7635854164253888,0.6004657506454039,0.3964126145661481,0.5071872902921729,0.8821156662308425,0.00468307530792682,0.0043834572315932,0.0006505861140427675,0.0042806828459783,0.0047913803992057,0.5293708917915736,0.444653581123831,0.28659506987534655,0.3458625997990178,0.5185804736175573,0.00211742903405266,0.0019673154543819503,0.0003271295414479972,0.0019222146855453,0.0022399968843312,3.340636723239922,3.2616701274440647,0.9644301202973278,2.810382220534405,3.9200179209230894,9048.082764568097,3675.588552261527,10094.248204129655,2958.933035280738,15586.843097020066,0.000491054041339125,0.0002485380601389357,0.0005531839423689814,7.355939535620181e-07,0.0010643264435667,101860.0,101860.0,0.0,101860.0,101860.0,814880.0,814880.0,0.0,814880.0,814880.0,10.209926687399275,10.074531104499329,0.8754358776760668,9.508314083002915,10.710296749995903,24.0,24.0,0.0,24.0,24.0,False,False,False
rank_optimized_joint,well_joint,12,10,0.32894494164241894,0.2936038287935025,0.07965568265531096,0.2853930043738343,0.4017474253778823,0.0009859030455559,0.00100888835444725,0.00026443054246236183,0.0007612438383009,0.0011558267753419,0.2528472259742134,0.2401335062992398,0.05407244426152335,0.226289966927487,0.2974322287601401,0.00034505119579283,0.0003435702363551,7.23602498188947e-05,0.0002768568873412,0.0004126233534608,0.7905916744352616,0.7475236856564637,0.26763673627593115,0.6405141419477293,1.0074754538697863,275401984.96047646,109409.15487826652,461398680.0762936,84177.6737575496,715376822.5127141,0.0009498627811951911,0.000921214285724113,0.0010008743554160543,1.0288195313423648e-06,0.0018790369623938,259188.0,259188.0,0.0,259188.0,259188.0,2073504.0,2073504.0,0.0,2073504.0,2073504.0,1.1137917291998747,1.0975723335031944,0.17525642300395397,0.9818984160010586,1.2366713330047787,24.0,24.0,0.0,24.0,24.0,False,False,False
POD,well_joint,13,10,8.763879449654004,4.308221580497403,10.039752696348069,3.40044950388247,5.182424870976795,0.020878875096992468,0.0221736804405854,0.006355304517809175,0.0195975360291108,0.0246687332122829,8.324862932154296,4.0254603022472875,9.67463932519229,3.1600772955921355,4.781470641422493,0.00960469787629155,0.01047526076046925,0.0035048900313462863,0.009208656075151,0.0117493331210975,17.550759849487015,17.86418031015264,3.4461085728331207,15.051444218325033,20.00417313642558,1.0523031056406868e+19,9.74209903571341e+18,8.072299282541948e+18,4.5091744623087775e+18,1.5704703245210675e+19,0.00187603536992385,0.00185703430450065,5.987345304003659e-05,0.0018393186090493,0.0018863396014916,316800.0,316800.0,0.0,316800.0,316800.0,2534400.0,2534400.0,0.0,2534400.0,2534400.0,1.292954733499937,1.29505272949973,0.10029715001858687,1.2014440409984672,1.352346416999353,26.0,26.0,0.0,26.0,26.0,False,False,False
POD-E,well_joint,13,10,0.2686118452835746,0.2717697993507666,0.057736683218411494,0.2545957770047442,0.3017356803602643,0.00073352657029649,0.00068835953545625,0.00014732484673847334,0.0006266347651856,0.000845228167617,0.16926079940306726,0.17327057294565468,0.05011632279427,0.1440634788526782,0.1989252482804148,0.00022468889059493,0.00021698985041454998,4.9949859580988344e-05,0.0001887121756525,0.0002537881818913,0.591554113062144,0.5496800275592544,0.14848695353365832,0.4619978143459485,0.6761411086262431,3.212911729561895e+21,3.375402756828832e+21,1.4220304898085856e+21,3.017099396432578e+21,4.075225250737307e+21,8.127518789054952e-07,7.988722183955202e-07,1.8752162095605601e-07,6.954887110732944e-07,8.12969933337483e-07,316800.0,316800.0,0.0,316800.0,316800.0,2534400.0,2534400.0,0.0,2534400.0,2534400.0,1.25942648339842,1.241910395994637,0.08394504072825856,1.2020911250001518,1.3391447919930215,26.0,26.0,0.0,26.0,26.0,False,False,False
final_accuracy,well_joint,13,10,0.2558173871454159,0.23160717451765195,0.10818537545391882,0.1790272805374096,0.3272621094097659,0.0008919030322699899,0.00089471977687915,0.0002217843578415687,0.0007648679835197,0.0009230040377785,0.17200794420546656,0.17054783144228744,0.06513891097813775,0.1117119405687682,0.2103770730027199,0.00026246870361671,0.00026091172092925,5.6571008964284255e-05,0.0002270872596812,0.0002904904725519,0.6820647674009852,0.643605603934341,0.1776159856736031,0.5869005387538047,0.8641640889579985,1674163081.4174294,1321476488.67377,1366338449.0463479,1060066157.4426184,2013809465.1495984,0.0009902080203033387,0.0009312973045034959,0.0010544889071909692,1.4285714198359029e-06,0.001866516917248,149728.0,149728.0,0.0,149728.0,149728.0,1197824.0,1197824.0,0.0,1197824.0,1197824.0,0.6617432206992817,0.623701541499031,0.1423143578430971,0.5486494580036378,0.6849100419931347,26.0,26.0,0.0,26.0,26.0,False,False,False
final_pareto,well_joint,13,10,0.19295272960826404,0.18471176724263,0.07472809918397869,0.1225153986845594,0.211543368849483,0.0010407911785423499,0.00102903178428605,0.00029363963818015515,0.0007328808702684,0.0012547061580417,0.1455199198194463,0.14234896667940644,0.0530962540222869,0.0910326537486339,0.1777025756065569,0.00029276660368097,0.00030740768402515,8.084305118336973e-05,0.0002161051267221,0.0003285999513524,0.7622202511283407,0.7119294011000535,0.2609517035300913,0.5730048098251206,0.92423348615418,122445471.06671491,55260534.87128684,149222966.43419614,24491002.49489312,153105162.05120847,0.0009320229338306686,0.000922169646612965,0.0009810423478598634,1.5316390794792905e-06,0.00185594893981,120704.0,120704.0,0.0,120704.0,120704.0,965632.0,965632.0,0.0,965632.0,965632.0,0.5578846539989172,0.5259898334988975,0.12132465539589683,0.5040131669957191,0.586913375002041,26.0,26.0,0.0,26.0,26.0,False,False,False
hybrid,well_joint,13,10,0.5016188850809093,0.332774367920649,0.435160459731815,0.267411527714417,0.5361374568623503,0.0011377796886667699,0.00103289978514645,0.0005407868228278944,0.0008382804253593,0.0011830069261771,0.3695135477336649,0.26562072052776986,0.34615824291921843,0.1939851465874973,0.3436179397776174,0.00040906149526084005,0.00037363048988324997,0.0001855118267952383,0.0002988994707489,0.0004148484276482,1.0415280854986089,0.7666338503319362,0.8707460135509975,0.6991956730794717,1.0277489684249066,82390.01939983187,67301.50455371857,70996.94769866257,46316.493540469106,94218.580022516,0.0007365421376048907,0.0007254144774398825,0.0007756414175320687,8.066992614159179e-07,0.0014574921654258,188708.0,188708.0,0.0,188708.0,188708.0,1509664.0,1509664.0,0.0,1509664.0,1509664.0,0.9716671417983889,0.939834520999284,0.13759173929647145,0.8862405830004718,1.0541672090039356,26.0,26.0,0.0,26.0,26.0,False,False,False
original_basis_optimized_recovery,well_joint,13,10,0.6420180146671113,0.5381395763071108,0.24424575268730167,0.4760082931996166,0.9657843360041766,0.00454729419289272,0.00445099837296725,0.0003314715578923121,0.0043154679511823,0.0046224592205555,0.4464877043677239,0.35375303051130746,0.20379360696963955,0.260448534065381,0.6826803937333812,0.00205826318753739,0.00200233640211765,0.00017950703116267452,0.0019320976275367,0.0021425944118773,3.182663366918338,3.1818692669312783,0.7628200389099864,2.8228031916617113,3.5606620772197597,4843.579555807421,2133.165349973913,4780.98218737224,1714.5564021302473,10024.626939567212,0.000248784242115565,0.0001588923872425865,0.0002859099915313282,9.295112988211328e-07,0.0004681419173392,101860.0,101860.0,0.0,101860.0,101860.0,814880.0,814880.0,0.0,814880.0,814880.0,10.209926687399275,10.074531104499329,0.8754358776760668,9.508314083002915,10.710296749995903,26.0,26.0,0.0,26.0,26.0,False,False,False
rank_optimized_joint,well_joint,13,10,0.28146922683026626,0.2610802134463008,0.09742471850706706,0.1835987084554457,0.3875442600478975,0.0008989166000054099,0.0008085288462647,0.0002684290616924413,0.0007770856248122,0.0010736028552985,0.2082521685316286,0.19598979906063915,0.06082066969629998,0.1464741434419333,0.2548192636127346,0.00031886000095825005,0.00028857612174109997,7.054806079589472e-05,0.000285922231657,0.0003842684210277,0.7206981703064425,0.6455785100420509,0.3000082729157257,0.5531401471904529,0.9727026478900204,361448808.95282555,134190.73784810145,610739693.2549903,99868.26174503086,899426462.5716972,0.0009482807646543801,0.0009201912593868282,0.000998652973511578,1.077691700985249e-06,0.0018908991202663,259188.0,259188.0,0.0,259188.0,259188.0,2073504.0,2073504.0,0.0,2073504.0,2073504.0,1.1137917291998747,1.0975723335031944,0.17525642300395397,0.9818984160010586,1.2366713330047787,26.0,26.0,0.0,26.0,26.0,False,False,False
POD,well_joint,14,10,7.974461728566327,3.3203290433873986,10.071236560830451,2.7220418833429187,4.684234908348542,0.01721889193223455,0.01717509418441695,0.0032696721330404918,0.015767099202533,0.0202105625668047,7.583784122285563,3.138740657846061,9.59900672017176,2.589119490422017,4.3933123664675096,0.007656572624929181,0.00804037516978085,0.0021979337868813743,0.0072625280489627,0.0095094142584327,14.608972606575756,14.451552434169615,2.9405721700264853,12.9541317678975,17.375578194534565,1.2838682571596692e+18,1.2035157758656302e+18,8.915807917438356e+17,8.923478889980526e+17,2.1236933618249185e+18,0.0019419854954950302,0.0018565300751947002,0.0002463131750912286,0.0018433850226093,0.0018816616541432,316800.0,316800.0,0.0,316800.0,316800.0,2534400.0,2534400.0,0.0,2534400.0,2534400.0,1.292954733499937,1.29505272949973,0.10029715001858687,1.2014440409984672,1.352346416999353,28.0,28.0,0.0,28.0,28.0,False,False,False
POD-E,well_joint,14,10,0.2237546061605753,0.2127941207638261,0.06822675398587068,0.1592774194739013,0.2882507738642436,0.00073404318287511,0.0006612982370445,0.00017182376513419695,0.0006228772284137,0.000873342437747,0.16085966353645545,0.1345719738497503,0.06573001169805817,0.1176241300551103,0.2167967452329763,0.00021577347784280002,0.00019999488032729999,5.811401612010298e-05,0.0001687201348495,0.0002554848613609,0.5703847001571558,0.549554432554744,0.1461158744413212,0.4812824702299961,0.6546597897460285,6.406368033501116e+20,5.2977836881870586e+20,3.755488469058826e+20,4.3947022740852303e+20,9.776497765659829e+20,7.975571355572376e-07,7.681729290826961e-07,1.280234091557649e-07,7.196164977057535e-07,7.844661779113506e-07,316800.0,316800.0,0.0,316800.0,316800.0,2534400.0,2534400.0,0.0,2534400.0,2534400.0,1.25942648339842,1.241910395994637,0.08394504072825856,1.2020911250001518,1.3391447919930215,28.0,28.0,0.0,28.0,28.0,False,False,False
final_accuracy,well_joint,14,10,0.21056612523832668,0.18812647502312035,0.06814347398229303,0.1635685516686673,0.2606055644880113,0.00092070879533617,0.00083629016407315,0.0002574075625962973,0.000765638337892,0.0011046771666987,0.16303560301635006,0.14725714462147746,0.07100397122812106,0.1080110460269571,0.1997620591035682,0.00026557093611212994,0.00024648567061394996,6.381164632798468e-05,0.000226570470275,0.0003152339871119,0.7027879511309312,0.6942790309510227,0.2483949966914253,0.5495199267035568,0.8937373316924198,1968421029.8769288,1732093537.8511732,1456459340.1275976,1148038747.8695097,2229041695.032093,0.0009602140353404089,0.0009347117819489982,0.0010122564060066586,1.57988721266725e-06,0.0018718430451406,149728.0,149728.0,0.0,149728.0,149728.0,1197824.0,1197824.0,0.0,1197824.0,1197824.0,0.6617432206992817,0.623701541499031,0.1423143578430971,0.5486494580036378,0.6849100419931347,28.0,28.0,0.0,28.0,28.0,False,False,False
final_pareto,well_joint,14,10,0.20432592573986916,0.18397435928438044,0.07598152884205507,0.1425691989047845,0.2488258731658588,0.00099338899262241,0.0009888081405461,0.000254878780695623,0.00081456330062,0.0012327390797379,0.15712212008874044,0.1497256085368525,0.06499944666271225,0.1013307348596414,0.1832846656795679,0.00027949500131333,0.00028461953699704997,6.430464708509251e-05,0.0002341486753161,0.0003276684535552,0.7380694893550712,0.7477278703636534,0.18858394852655516,0.6791224134462531,0.9079391515942958,152736147.56811926,60545178.95146996,180394183.87270993,46668872.97472267,173613312.15663627,0.0009260092120294877,0.0009199086767023648,0.0009745502127084524,1.6588345804615855e-06,0.001853805766942,120704.0,120704.0,0.0,120704.0,120704.0,965632.0,965632.0,0.0,965632.0,965632.0,0.5578846539989172,0.5259898334988975,0.12132465539589683,0.5040131669957191,0.586913375002041,28.0,28.0,0.0,28.0,28.0,False,False,False
hybrid,well_joint,14,10,0.38190848916422077,0.28132709580216875,0.21357029998207766,0.2192334318573582,0.5789859761610672,0.0010258591329668902,0.001008599028033,0.00026569438649685093,0.0008448475153898,0.0010664651132921,0.3058536145711376,0.22296451204283368,0.18175010704576622,0.1648356222637665,0.4455642167809578,0.00036142616691140996,0.00035634050646125,8.193089806520232e-05,0.0002984415328127,0.0003982681992133,0.8412723781234076,0.7914019819715425,0.3333654707962796,0.7134560638595824,0.9302054989062494,36591.53094897228,37665.45710056511,13177.187889488328,29072.596148711626,46672.49429550365,0.0007385232759472278,0.0007168743721919599,0.0007779573696667366,1.0375939532799323e-06,0.0014612017519101,188708.0,188708.0,0.0,188708.0,188708.0,1509664.0,1509664.0,0.0,1509664.0,1509664.0,0.9716671417983889,0.939834520999284,0.13759173929647145,0.8862405830004718,1.0541672090039356,28.0,28.0,0.0,28.0,28.0,False,False,False
original_basis_optimized_recovery,well_joint,14,10,0.6247879524745643,0.5806902812761066,0.1972556156025777,0.4927567762263237,0.8702198750879034,0.004529079869981101,0.0043616684345013,0.0003730911173390222,0.0043077365530989,0.0046385303239243,0.44990263791220464,0.42226085351618603,0.16658092734143468,0.3124796585657039,0.6447954914293991,0.00203985677240805,0.0019725570468928,0.00016937173058047478,0.0019352007600756,0.0021196334178471,3.162680909170268,3.118470228688583,0.7354738762816155,2.8324368081117908,3.499601092987479,3498.1799538091714,1732.3287983209357,2997.18353669525,1599.7161557722554,6487.3801827571715,0.0002295582714265826,0.00014404621051513597,0.00027046683427967385,9.251277805376042e-07,0.0003700153458503,101860.0,101860.0,0.0,101860.0,101860.0,814880.0,814880.0,0.0,814880.0,814880.0,10.209926687399275,10.074531104499329,0.8754358776760668,9.508314083002915,10.710296749995903,28.0,28.0,0.0,28.0,28.0,False,False,False
rank_optimized_joint,well_joint,14,10,0.4196091353747017,0.2534494979668334,0.49692687932060353,0.1962996556925431,0.333245905596577,0.0008761170194379499,0.00075899454340575,0.0002876455836865287,0.000703558715532,0.0011138530298763,0.33669152465206115,0.1970554961830301,0.4344814127131263,0.1525427664876331,0.2232968231013586,0.00031832104782613004,0.0002785341444727,8.279664880229272e-05,0.0002676022153028,0.0003949020611999,0.8502505646519067,0.628079696362494,0.6821975841020096,0.5372025100931341,1.0347105320514405,706141857.4876616,265480.5527928623,1185476407.383767,165058.57865155442,1824464065.27871,0.0009376556699260622,0.000920625157918807,0.0009872941520787893,9.154135565259458e-07,0.0018852766240199,259188.0,259188.0,0.0,259188.0,259188.0,2073504.0,2073504.0,0.0,2073504.0,2073504.0,1.1137917291998747,1.0975723335031944,0.17525642300395397,0.9818984160010586,1.2366713330047787,28.0,28.0,0.0,28.0,28.0,False,False,False
POD,well_joint,15,10,25.658968483728,26.066452933177057,1.8720022732226338,24.077269730447256,26.7451479683804,0.01804686858331194,0.007952273426256151,0.018291125829465717,0.0064563239349383,0.0384210523100531,22.37485269325392,22.87450303235876,2.4083402474390403,20.96994384842644,24.65385711660457,0.00533307107508845,0.00206865014181545,0.00557270368659099,0.0018517830175144,0.011964613642906,24.425741005722237,22.847198727643043,13.626806854749029,13.427647347074924,32.988589900943474,3.6491782478190445e+17,1444.0372877963928,5.900875998334728e+17,534.058437588922,1.097462472011633e+18,1.276848868150054e-06,9.537932208714714e-07,5.674271189085201e-07,8.872180719355723e-07,1.7666090187910748e-06,316800.0,316800.0,0.0,316800.0,316800.0,2534400.0,2534400.0,0.0,2534400.0,2534400.0,1.292954733499937,1.29505272949973,0.10029715001858687,1.2014440409984672,1.352346416999353,30.0,30.0,0.0,30.0,30.0,False,False,False
POD-E,well_joint,15,10,0.22303252592033146,0.2156660604145782,0.09909397766133182,0.1539113224677956,0.2602603552242561,0.00059659902612201,0.000586113372342,0.00012903310430938635,0.000529427256987,0.0006731179606087,0.179168236391758,0.16167431602886229,0.09831851960970328,0.11552182979053,0.2230701747689754,0.00018297401970741002,0.00018124360013420002,3.607709570513881e-05,0.0001652386315378,0.0001999450036469,0.49210441000311034,0.5057843270895612,0.14287768202751375,0.3807829929006536,0.5972243846630159,1.91180036399183e+20,8.651837631661054e+18,4.356404217210023e+20,384137.1756290169,1.7271977508258077e+19,0.0005600801075222459,8.54011257861818e-07,0.000900588109065556,7.575188209372748e-07,0.0018505244360469,316800.0,316800.0,0.0,316800.0,316800.0,2534400.0,2534400.0,0.0,2534400.0,2534400.0,1.25942648339842,1.241910395994637,0.08394504072825856,1.2020911250001518,1.3391447919930215,30.0,30.0,0.0,30.0,30.0,False,False,True
final_accuracy,well_joint,15,10,0.298826701844108,0.21017053186266665,0.23420019417048862,0.1864478132072182,0.3081690156022239,0.00071588812724213,0.0007366277598225,0.00013373843648769058,0.0005969735780328,0.0007957926265546,0.23439385085645154,0.14787995820384145,0.21873018384942486,0.1200809463724902,0.2321465881138808,0.00021798967813537997,0.0002262403369118,3.386576445596944e-05,0.0001814132874215,0.0002420477081146,0.6053883706788449,0.5931312512111306,0.17942260068817154,0.4784056622535361,0.6883182009340435,1159933045.4397302,722162793.0696511,1325801025.5011077,36901425.94605017,2357911124.5633874,0.0015063891293385643,0.0018612590864993,0.0007939561660051,0.0018553157894796,0.0018922089548961,149728.0,149728.0,0.0,149728.0,149728.0,1197824.0,1197824.0,0.0,1197824.0,1197824.0,0.6617432206992817,0.623701541499031,0.1423143578430971,0.5486494580036378,0.6849100419931347,30.0,30.0,0.0,30.0,30.0,False,False,False
final_pareto,well_joint,15,10,0.2845776400437805,0.28058417681234155,0.11506302643149866,0.177274001884957,0.3885518405146191,0.00075408182915758,0.00069097869293645,0.00017372696078636496,0.0006378250683807,0.0008025116954503,0.2358962824626912,0.22993723951716083,0.10676623641122555,0.138628601811123,0.3385869761158039,0.00022863949792376,0.0002145906931873,5.340122419821791e-05,0.0002006820069788,0.0002447902444959,0.6160562328854777,0.624049672414971,0.15274607956694863,0.4753260840506975,0.7351163334892419,145911450.31338003,73275672.5688425,220862246.47156888,47703800.347330414,90630864.45974772,0.0015043327368498241,0.0018462844624232001,0.0007957934358838195,0.0018282741203394,0.0018625322631315,120704.0,120704.0,0.0,120704.0,120704.0,965632.0,965632.0,0.0,965632.0,965632.0,0.5578846539989172,0.5259898334988975,0.12132465539589683,0.5040131669957191,0.586913375002041,30.0,30.0,0.0,30.0,30.0,False,False,False
hybrid,well_joint,15,10,0.2313529803933451,0.22675688761941737,0.09623921714560793,0.1465186273504495,0.2679529956429597,0.00080871247622075,0.0007970911675586,0.0001408839121267513,0.0007076727157102,0.0009432924988473,0.1647115128061714,0.1376626241176095,0.08022000841854912,0.1065454210921336,0.2081334732939591,0.00030089847107396994,0.0002969817879531,4.773661853164092e-05,0.0002679408445684,0.000325607033706,0.622737532448664,0.6170515845623368,0.14858143177334404,0.5222954230125725,0.6995080351991707,18372.57098321143,14023.780480698231,11581.233435955848,10123.179237635755,23994.487365748057,0.0012856838345946236,0.0014832772556514998,0.000708208434287031,0.0014503593308215,0.0015011137218238,188708.0,188708.0,0.0,188708.0,188708.0,1509664.0,1509664.0,0.0,1509664.0,1509664.0,0.9716671417983889,0.939834520999284,0.13759173929647145,0.8862405830004718,1.0541672090039356,30.0,30.0,0.0,30.0,30.0,False,False,False
original_basis_optimized_recovery,well_joint,15,10,0.5467878473177146,0.560960261713295,0.07996347742122376,0.5254426713095879,0.6036578116302377,0.00437181374260213,0.004358051046061949,0.00013190714252309295,0.0043121292316082,0.0043728693852457,0.4120444659034536,0.44315400089496115,0.09060401239732276,0.3665615523852689,0.489682778522899,0.00197882013379302,0.00197280925287535,6.982917775298842e-05,0.0019415803802103,0.001998462330415,3.005847963328711,3.1166636082965984,0.5502528783791139,2.8522193735192256,3.383375475134488,2131.0767300784155,1476.1134048766644,2087.89596370201,1311.6456128216062,1557.3852801459277,0.0003452561090271511,0.00025575563910715,0.0003948125391768412,0.000183927323284,0.0002977869624278,101860.0,101860.0,0.0,101860.0,101860.0,814880.0,814880.0,0.0,814880.0,814880.0,10.209926687399275,10.074531104499329,0.8754358776760668,9.508314083002915,10.710296749995903,30.0,30.0,0.0,30.0,30.0,False,False,False
rank_optimized_joint,well_joint,15,10,0.23853385245658618,0.20854767400530116,0.08576096858398168,0.1909457510329816,0.2911951289965285,0.00067163179522055,0.00065588331852335,0.00017180549512844118,0.0005567667053453,0.0007270365789567,0.1899065080242655,0.16656442665777138,0.08765620978491481,0.1407601307227006,0.2391111101051627,0.00025544971116477,0.0002535778056714,4.4123223983680586e-05,0.0002251616523944,0.0002734878940535,0.5413427818828123,0.5618989167201068,0.13327161919820812,0.4108134875663571,0.6704127371806352,186999031.87616166,235019.55716967702,590460016.8686553,175367.6705722617,429394.0926246701,0.0014893750631619043,0.0018501264097913,0.0007848973452231748,0.0018356384736721,0.0018605535714366,259188.0,259188.0,0.0,259188.0,259188.0,2073504.0,2073504.0,0.0,2073504.0,2073504.0,1.1137917291998747,1.0975723335031944,0.17525642300395397,0.9818984160010586,1.2366713330047787,30.0,30.0,0.0,30.0,30.0,False,False,False
POD,well_joint,16,10,10.729977536571758,9.221614845569665,6.872919271054422,4.073134351955561,16.712586662276436,0.017762483554696656,0.0032516061367554,0.025530241540416457,0.0012132757193212,0.0263991366532213,8.262471707499518,7.123501006961724,5.184100665759146,3.353477930652713,12.40442934016246,0.00539950694625203,0.0007842482626854,0.008276830731869033,0.0003714650548736,0.0078471321300656,16.533687503602565,9.682282340382187,21.69365794874752,2.4331533323313614,15.895934592964505,1.3419451321413167e+19,6644.742068482266,2.689361378149266e+19,2914.4822660969967,1.3389965868160838e+19,1.0544488677418884e-06,8.09996227577987e-07,5.140686001286119e-07,7.982480998809232e-07,8.875338375547383e-07,316800.0,316800.0,0.0,316800.0,316800.0,2534400.0,2534400.0,0.0,2534400.0,2534400.0,1.292954733499937,1.29505272949973,0.10029715001858687,1.2014440409984672,1.352346416999353,32.0,32.0,0.0,32.0,32.0,False,False,False
POD-E,well_joint,16,10,0.23139304092514382,0.22954907172033814,0.10203869855230999,0.1333608700984811,0.2593710818442128,0.00060679224472987,0.0005616185331297,0.00013076159336469035,0.0005318990434139,0.0007092667071419,0.18564115975569945,0.16865868499347042,0.10129631834792974,0.1081960403517141,0.2201044060458692,0.00018621930396967002,0.00018265324447535,3.594175395603701e-05,0.0001622929270658,0.0002165060053579,0.49740492812373677,0.4905196458847593,0.13363638392160826,0.3892109636013934,0.6213468398187788,3.2414085541742625e+21,1.692691259043691e+19,6.810223142396153e+21,2814588.578314342,2.8731505168581677e+19,0.0005601668548916628,9.73214283524277e-07,0.0009006664699151192,7.493759849444872e-07,0.001847849624055,316800.0,316800.0,0.0,316800.0,316800.0,2534400.0,2534400.0,0.0,2534400.0,2534400.0,1.25942648339842,1.241910395994637,0.08394504072825856,1.2020911250001518,1.3391447919930215,32.0,32.0,0.0,32.0,32.0,False,False,False
final_accuracy,well_joint,16,10,0.2867957390921859,0.24901707187987016,0.1487762828179926,0.192140989262722,0.3359996849179655,0.0007238078414401,0.0007432758250415,0.00013157042524696288,0.0006271674657607,0.0007966563298223,0.21731109703185644,0.1782893769768882,0.14013476602328495,0.100473912879601,0.2799893701524124,0.00022208408971988001,0.00023293590859695,3.3330181731707124e-05,0.0001968299759626,0.0002423535938368,0.6090791144009167,0.5829187389907193,0.1933708073122864,0.4952209753095516,0.7177547260764523,46044516195.15027,2211406343.4468946,127363460678.95338,111325424.35611294,20629260292.217716,0.001424222712786164,0.0018520584285431,0.0007861837048429065,0.0011473950451039,0.0018660864661796,149728.0,149728.0,0.0,149728.0,149728.0,1197824.0,1197824.0,0.0,1197824.0,1197824.0,0.6617432206992817,0.623701541499031,0.1423143578430971,0.5486494580036378,0.6849100419931347,32.0,32.0,0.0,32.0,32.0,False,False,False
final_pareto,well_joint,16,10,1.5556026654016752,0.38510988445065913,3.676588059408174,0.2939232590725322,0.6215478736289481,0.00074233930406142,0.00069169097324095,0.00018466869698557004,0.0006169772505262,0.0008020862857528,1.2889456254407117,0.31866045474636107,3.076308122847533,0.2151509281872727,0.5221817556628957,0.00022494603034327,0.0002238692768083,5.625012927543742e-05,0.0001746427856923,0.0002439062231139,1.1005698366282082,0.6775871042881862,1.4991343069692133,0.4978335805402181,0.7474692390150357,317495159.7921258,144445660.1669883,362359014.7906284,99002999.92054056,342613913.65805423,0.0014040898812045523,0.00180888345863435,0.000778780553047083,0.0013175554511389,0.0018527828947675,120704.0,120704.0,0.0,120704.0,120704.0,965632.0,965632.0,0.0,965632.0,965632.0,0.5578846539989172,0.5259898334988975,0.12132465539589683,0.5040131669957191,0.586913375002041,32.0,32.0,0.0,32.0,32.0,False,False,False
hybrid,well_joint,16,10,0.22860348544743808,0.21972104121930197,0.0926284303418071,0.1540564097190327,0.2699318961856815,0.0008346525222793401,0.0008462732673309,0.00014043014710344006,0.0006943621915928,0.0009843305593611,0.16297130951342895,0.13442386251105345,0.0792086717526921,0.1065367434760321,0.2170543807285471,0.00030850909966393,0.00031039355182590003,4.239013406356572e-05,0.000277789337909,0.0003241527872369,0.6340222921290005,0.6291278989363218,0.12784905366143576,0.5245766180131676,0.6641051182988388,12358.294970436069,9975.23993767075,6364.378691155436,8395.0578763898,14409.58072349988,0.0011976589293273866,0.00148038173309275,0.0006315719458820504,0.0014505908496045,0.0015069182330976,188708.0,188708.0,0.0,188708.0,188708.0,1509664.0,1509664.0,0.0,1509664.0,1509664.0,0.9716671417983889,0.939834520999284,0.13759173929647145,0.8862405830004718,1.0541672090039356,32.0,32.0,0.0,32.0,32.0,False,False,False
original_basis_optimized_recovery,well_joint,16,10,0.5442652733054013,0.547866363651162,0.09476029793670712,0.4758530585398366,0.6222461262928145,0.0043439920315066,0.00431429501345775,0.00011058431158586617,0.0042880201108379,0.004355528551862,0.4080473948101414,0.4194195954767877,0.11033109607717057,0.3168808085217052,0.4834904128713659,0.00195907611365829,0.00194321682425445,6.341582648841085e-05,0.001928026457582,0.001980323152531,2.984268234332133,3.101282658175964,0.5464272751154354,2.8556875391367953,3.3258262432715355,2119.166179848988,1513.055194316069,2077.967389877684,1354.0657254917194,1545.3662929804443,0.00031476221804474335,0.00025445331958410004,0.00036231901769826624,0.0001864906015199,0.0002681585187963,101860.0,101860.0,0.0,101860.0,101860.0,814880.0,814880.0,0.0,814880.0,814880.0,10.209926687399275,10.074531104499329,0.8754358776760668,9.508314083002915,10.710296749995903,32.0,32.0,0.0,32.0,32.0,False,False,False
rank_optimized_joint,well_joint,16,10,0.2196634464202254,0.19578565968597228,0.08390803648021446,0.1812363391358397,0.2166790345499742,0.0006740571293720099,0.00064504274970445,0.00016403929398320477,0.0005558503003438,0.0007179187347298,0.1737479942189568,0.1582238034868688,0.08377584522998734,0.1416397734205619,0.1825012878026648,0.00025640242219917,0.0002503313964025,4.036829837654536e-05,0.0002388777022294,0.0002664488098661,0.5341242981467378,0.5232985798007518,0.12964888129096458,0.4175232005210209,0.6239979038374524,314965107.7453195,1557074.3201120456,983494162.0390049,414079.0857087404,5645262.887213478,0.0014971074857179712,0.0018551395676462499,0.0007890930632515118,0.0018356578947347,0.0018896315789727,259188.0,259188.0,0.0,259188.0,259188.0,2073504.0,2073504.0,0.0,2073504.0,2073504.0,1.1137917291998747,1.0975723335031944,0.17525642300395397,0.9818984160010586,1.2366713330047787,32.0,32.0,0.0,32.0,32.0,False,False,False
POD,well_joint,17,10,3.051787217879312,2.1234035720113393,2.807677792519737,0.9610797775530732,3.888249869420365,0.00333402407626177,0.0015932633889326501,0.004014781754455204,0.0012126917135679,0.0033460101089531,2.316216834700755,0.9686363978739025,2.559577184383578,0.6541710747053738,2.93032565534097,0.0008691288245327901,0.00042754293851489996,0.0009467438018583769,0.0003635361604297,0.0008980650630831,3.2186435447512993,2.740721622511092,2.5703063448587424,1.2896019449506275,4.123878107724943,2.8441798196922524e+16,2089.4334734273634,4.657059520933463e+16,1228.957633041157,8.414942141487648e+16,1.0609345852407889e-06,7.767857208189772e-07,6.023580029635195e-07,7.587744433369795e-07,9.157293221451118e-07,316800.0,316800.0,0.0,316800.0,316800.0,2534400.0,2534400.0,0.0,2534400.0,2534400.0,1.292954733499937,1.29505272949973,0.10029715001858687,1.2014440409984672,1.352346416999353,34.0,34.0,0.0,34.0,34.0,False,False,False
POD-E,well_joint,17,10,0.22184855653950222,0.234013773891942,0.09715325461864198,0.1115089211457979,0.283569928440556,0.0005980460033167099,0.0005860487655689,9.618934623772225e-05,0.0005429855363952,0.0006898837927028,0.18160327478604002,0.19040715254080054,0.08960392484553659,0.0828792246047592,0.2425331570613958,0.00018336467594758001,0.00018930509336395,2.9334003521811183e-05,0.0001554406527973,0.0001993618148947,0.4814790280947089,0.479957631667318,0.10080535273549197,0.4004849955972438,0.602678769593195,1.1956958441636907e+19,372082.70207496075,2.5957100945450074e+19,250399.04025168976,1884116.5976296256,0.0005647519744404734,8.685789559004983e-07,0.0009081134072752193,7.681729017294719e-07,0.0018654016316041,316800.0,316800.0,0.0,316800.0,316800.0,2534400.0,2534400.0,0.0,2534400.0,2534400.0,1.25942648339842,1.241910395994637,0.08394504072825856,1.2020911250001518,1.3391447919930215,34.0,34.0,0.0,34.0,34.0,False,False,True
final_accuracy,well_joint,17,10,0.263049591672369,0.21637696741019818,0.1111893173799885,0.1820437202224921,0.3014760077303026,0.0006895751218051901,0.0007005495484144,0.00011932723519176788,0.0006169264435329,0.0007966389659308,0.2079723735789502,0.17228086345985233,0.11340378876817175,0.1286496577939227,0.2577307215710232,0.00021332273994108,0.0002199259701577,3.513402809262246e-05,0.0001817827741267,0.0002337982078823,0.5788566118149204,0.5663384718372785,0.20663212291019173,0.4363627411419486,0.6833750688594453,516925486.76688784,122318836.2173457,1288158430.2705407,40196290.85413909,205280100.9605308,0.0013833765052593385,0.00178883004510385,0.0007781596277556778,0.0010035686090188,0.0018869091503788,149728.0,149728.0,0.0,149728.0,149728.0,1197824.0,1197824.0,0.0,1197824.0,1197824.0,0.6617432206992817,0.623701541499031,0.1423143578430971,0.5486494580036378,0.6849100419931347,34.0,34.0,0.0,34.0,34.0,False,False,False
final_pareto,well_joint,17,10,1.2403029166022903,0.2998701237106002,2.8558362165720297,0.2021957308266629,0.5552937998160066,0.0007285494920780201,0.00067655663214755,0.00017041090703439284,0.0006169408222244,0.0007924017055832,1.0282008461081409,0.2534798548533024,2.3880053925030738,0.1418544352726175,0.4691851275278668,0.00022167894601937,0.00021199501715600001,5.1665581609231764e-05,0.0001746429320337,0.0002425212007316,0.9633627494458443,0.649257167795467,1.1655927150192364,0.4988761107168031,0.6972839108171676,112165334.68086748,78753372.42988124,114086814.48420303,22920545.570156652,152019110.97834748,0.0014099386285883317,0.00182798230077205,0.0007637524635996844,0.0013131823308553,0.0018624633458627,120704.0,120704.0,0.0,120704.0,120704.0,965632.0,965632.0,0.0,965632.0,965632.0,0.5578846539989172,0.5259898334988975,0.12132465539589683,0.5040131669957191,0.586913375002041,34.0,34.0,0.0,34.0,34.0,False,False,False
hybrid,well_joint,17,10,0.2273146453958756,0.1983897460647387,0.08734601392144832,0.1616788094278025,0.2572204640986483,0.00083438233555617,0.0008616960094792,0.00013389335478790253,0.0006978845738179,0.0009606769166998,0.1709267521492011,0.14503499312476897,0.07266260982039216,0.1200233220081673,0.2046191648644434,0.00031492753392507,0.00030469336058605,4.2899665477065784e-05,0.000286031330603,0.000364303881848,0.6324340021871546,0.6021840214966798,0.1290661040798401,0.5923381522178308,0.6530578709115886,9106.38027140834,8488.14865042183,3052.2206435865487,7473.976926594256,8962.101615359925,0.0011997300135282109,0.0014652050451154,0.0006343418990815616,0.0014386760601353,0.0015043289473615,188708.0,188708.0,0.0,188708.0,188708.0,1509664.0,1509664.0,0.0,1509664.0,1509664.0,0.9716671417983889,0.939834520999284,0.13759173929647145,0.8862405830004718,1.0541672090039356,34.0,34.0,0.0,34.0,34.0,False,False,False
original_basis_optimized_recovery,well_joint,17,10,0.53675517927292,0.5469319192954667,0.07736432334534216,0.4746937585929642,0.5875501524037089,0.00431437474639719,0.00430596701882945,8.1250544491325e-05,0.0042484479826019,0.0043292198296008,0.3948871241340237,0.38447323653536114,0.09602438323095784,0.3126056511990163,0.4686924470935774,0.00193997103293698,0.0019371729577703,5.0322281175220263e-05,0.0019002303235347,0.0019507902165351,2.963752768917332,3.0886969311622976,0.5454217022411258,2.794112304846056,3.3075566753623646,2016.0922787203963,1478.7523750828857,1799.8166922738105,1277.2119805121602,1562.7977484462092,0.0003390905075300001,0.00025049874813315,0.0004060913469713828,0.0001729010000143,0.0003842471804337,101860.0,101860.0,0.0,101860.0,101860.0,814880.0,814880.0,0.0,814880.0,814880.0,10.209926687399275,10.074531104499329,0.8754358776760668,9.508314083002915,10.710296749995903,34.0,34.0,0.0,34.0,34.0,False,False,False
rank_optimized_joint,well_joint,17,10,0.18221943624331663,0.1451152774791526,0.07810251821219445,0.1343315776955194,0.2083515650310315,0.00065187496266726,0.00064897595981515,0.00011913382105851825,0.0005848834922926,0.0007071022385966,0.14815237026997446,0.1149037244840964,0.07698983853405243,0.0974868627589447,0.1813103654768337,0.00024961718798473,0.00024961945834259995,2.958797596898694e-05,0.0002403838450732,0.0002751407699757,0.500352762139563,0.4871848732495557,0.1141414021102381,0.3942016557347743,0.5571089344717624,4676588.006809839,431941.3788634635,13637530.823759671,149549.86683583516,539232.0483264492,0.0015453330210507654,0.0018551173270679499,0.0008370877711029068,0.0017244815187991,0.0019257772556126,259188.0,259188.0,0.0,259188.0,259188.0,2073504.0,2073504.0,0.0,2073504.0,2073504.0,1.1137917291998747,1.0975723335031944,0.17525642300395397,0.9818984160010586,1.2366713330047787,34.0,34.0,0.0,34.0,34.0,False,False,False
POD,well_joint,18,10,1.0276294808164343,0.9015000515661777,0.5298892927382738,0.6488656211312036,1.045491546255894,0.0013199508082629703,0.0010428626896394999,0.0007500975952488742,0.0009135446198293,0.0016689031796213,0.7603577891720464,0.6710689934363655,0.49638728766999074,0.4211112470525079,0.8345334292505182,0.00038238270365601,0.00032756492122704996,0.0002185672453573915,0.0002453870908896,0.0004354934917206,1.3103812966809143,1.1934995405969842,0.49951116890370756,0.8631085246644004,1.638462208189758,3165.1450118112507,723.4864468037763,4254.4087533576685,367.54996724520333,7427.32985859403,1.093829337321922e-06,7.670751894925741e-07,6.683702606885045e-07,7.308947790722201e-07,9.56766926630967e-07,316800.0,316800.0,0.0,316800.0,316800.0,2534400.0,2534400.0,0.0,2534400.0,2534400.0,1.292954733499937,1.29505272949973,0.10029715001858687,1.2014440409984672,1.352346416999353,36.0,36.0,0.0,36.0,36.0,False,False,False
POD-E,well_joint,18,10,0.17351155643232088,0.16709395345755634,0.08770429881510937,0.1057650358095752,0.1788920553006984,0.00058221489218837,0.0005782743889175,9.645723319152488e-05,0.0005382622913626,0.0006507221481854,0.14749544710591594,0.14021177919282335,0.08210644438306544,0.0891788103599972,0.1608579526659313,0.00018289241342018,0.00018501963702880002,3.1721614615152016e-05,0.0001539537409291,0.0002052045896754,0.45155544195731345,0.4517949787546647,0.0988763245896594,0.3974043338924289,0.4894622003848474,16815524.466553185,142313.2339760499,51163303.14078298,113442.15063568496,313694.13697296777,0.0005676193932354272,9.18703027904608e-07,0.0009127002996710345,7.478120370025754e-07,0.0018691820150706,316800.0,316800.0,0.0,316800.0,316800.0,2534400.0,2534400.0,0.0,2534400.0,2534400.0,1.25942648339842,1.241910395994637,0.08394504072825856,1.2020911250001518,1.3391447919930215,36.0,36.0,0.0,36.0,36.0,False,False,True
final_accuracy,well_joint,18,10,0.2147260012701903,0.1742007522072006,0.07086335092034185,0.166827673457777,0.2969421596815602,0.00067648897489259,0.0006986689867593,0.00012815723744442518,0.0005360012076649,0.0007914080218154,0.16980254905509243,0.1416483738366766,0.07319785902019797,0.103814835406454,0.2548126892156116,0.00020661559303509,0.0002174959314863,3.936073101989387e-05,0.0001667157893628,0.0002303216174691,0.536352917377257,0.5284533537417215,0.15832434065256876,0.4254873073238139,0.6503880656211876,55896028.76938679,41413082.95088159,50095669.76391121,8600891.606065176,88276754.50227067,0.0013711349293162518,0.0017872515639015501,0.000769700703701302,0.0010023787593612,0.0018543796992381,149728.0,149728.0,0.0,149728.0,149728.0,1197824.0,1197824.0,0.0,1197824.0,1197824.0,0.6617432206992817,0.623701541499031,0.1423143578430971,0.5486494580036378,0.6849100419931347,36.0,36.0,0.0,36.0,36.0,False,False,False
final_pareto,well_joint,18,10,1.22845547777739,0.31413614285956637,2.851527903839537,0.180852175883258,0.4985274915153066,0.0007033502917504201,0.0006668289859465,0.0001838195801200221,0.000570778492385,0.0007319238822888,1.0198005043016447,0.2690127981598552,2.388336834700528,0.1347797588601048,0.4065498357142035,0.00021434771251456998,0.00021174119053935,5.395019886561987e-05,0.0001688317607618,0.0002265431726427,0.9402652614824207,0.5991384896008722,1.1705546966859157,0.4803396237785098,0.7106812526780988,62896596.8131652,47772646.25562172,76855315.58180612,23074364.0695888,65792678.419327304,0.0013671012225370544,0.00182428837967075,0.0007687023324747799,0.0009929082105071,0.0018533223684018,120704.0,120704.0,0.0,120704.0,120704.0,965632.0,965632.0,0.0,965632.0,965632.0,0.5578846539989172,0.5259898334988975,0.12132465539589683,0.5040131669957191,0.586913375002041,36.0,36.0,0.0,36.0,36.0,False,False,False
hybrid,well_joint,18,10,0.20081027679665908,0.18106239917070116,0.07393203354495183,0.1651732949982913,0.2089763825838378,0.00079567267296942,0.0007870125229645,0.00014135882367137954,0.0006744630085176,0.0009100011837274,0.14434003115285396,0.13094377997856224,0.059870164675195035,0.110390446512914,0.1565762748028664,0.0003018257511125201,0.00029781180718545003,4.915915589115612e-05,0.0002615819726307,0.0003136654824937,0.5910891553220106,0.5760381606107399,0.1154484467623756,0.5022918195752422,0.6303808202217666,7722.605487236858,6878.343658927657,2774.45765635095,5890.2051851018,7592.4979371344625,0.001345181264677105,0.00146486042857365,0.0008059647418398003,0.0014380335187866,0.0016611469323095,188708.0,188708.0,0.0,188708.0,188708.0,1509664.0,1509664.0,0.0,1509664.0,1509664.0,0.9716671417983889,0.939834520999284,0.13759173929647145,0.8862405830004718,1.0541672090039356,36.0,36.0,0.0,36.0,36.0,False,False,False
original_basis_optimized_recovery,well_joint,18,10,0.5302703426828181,0.527648471944177,0.07883456867859633,0.4698093621522544,0.5792338856656796,0.00429850798983227,0.00428810743015365,9.284015726540657e-05,0.0042432969323252,0.0043055674059547,0.38411268497952006,0.38208668232550824,0.10078539904718074,0.299521120036993,0.4644414973000232,0.0019291691540903998,0.0019287794216385499,5.137920925487951e-05,0.0019065492370503,0.0019430682928675,2.953643521108672,3.084446731003145,0.5448253943025003,2.8112149674412192,3.366522015151109,1952.9716863223462,1427.3619470483732,1732.076212619836,1314.162163859888,1545.729519229794,0.0002774535706828683,0.0002259890375957,0.0003038231261270306,0.0001676823308492,0.000283046676705,101860.0,101860.0,0.0,101860.0,101860.0,814880.0,814880.0,0.0,814880.0,814880.0,10.209926687399275,10.074531104499329,0.8754358776760668,9.508314083002915,10.710296749995903,36.0,36.0,0.0,36.0,36.0,False,False,False
rank_optimized_joint,well_joint,18,10,0.1858418979640622,0.15683898689236425,0.08671707033160625,0.1103710361393433,0.2456110263218338,0.00064581930095231,0.0006287534552404501,0.0001247667787462651,0.0005562362117164,0.0007185451691241,0.1592610387221426,0.1366240250748825,0.07996713678844418,0.0922700780969885,0.2158063087877152,0.00024936938223359004,0.00024537919341999996,3.3643048795767045e-05,0.000222256294224,0.0002815246402096,0.5048899576722086,0.4522836447843878,0.14156130129685965,0.4290636107689716,0.5802166078012747,308042.5090913955,126692.36252961375,424517.58127189684,99660.00898850268,326945.5659218319,0.0014764691729334874,0.00185179025939395,0.0007802738295575093,0.0016779210526234,0.0018682077067949,259188.0,259188.0,0.0,259188.0,259188.0,2073504.0,2073504.0,0.0,2073504.0,2073504.0,1.1137917291998747,1.0975723335031944,0.17525642300395397,0.9818984160010586,1.2366713330047787,36.0,36.0,0.0,36.0,36.0,False,False,False
POD,well_joint,19,10,0.6629314178779644,0.6325667370703396,0.2144926409318145,0.4880261737447275,0.8407596730572372,0.0008763711717699799,0.0008362810887579,0.0004633325321705927,0.0004988232917856,0.0009348392062263,0.4906905430996414,0.46936118761437007,0.21870841990031378,0.4025877320410911,0.5748429716586034,0.00025964750574663,0.00023126663415159998,0.00013651687382502166,0.0001509745965815,0.0002639598436451,0.8775046528440795,0.8405439655760594,0.33903087865070064,0.5975279621459991,1.058792858362369,1300.8075813793391,354.5733295446738,1793.4461506397238,318.9684969915503,2568.886447899461,1.0760977520271295e-06,8.09996254931211e-07,5.997747758181163e-07,7.208646800284995e-07,9.420450931744076e-07,316800.0,316800.0,0.0,316800.0,316800.0,2534400.0,2534400.0,0.0,2534400.0,2534400.0,1.292954733499937,1.29505272949973,0.10029715001858687,1.2014440409984672,1.352346416999353,38.0,38.0,0.0,38.0,38.0,False,False,False
POD-E,well_joint,19,10,0.19229772383939017,0.1442626434665468,0.10729543127803136,0.1003029539743576,0.2883496909045224,0.00059560042487555,0.0005791730858808,0.00011674460418230418,0.0005090675857471,0.0006973347039055,0.16145317636904466,0.1188574849693125,0.10013386338409747,0.0869765117518968,0.2594258817652142,0.00018828612393093,0.00019716851681899998,3.642570780512258e-05,0.0001446672694939,0.0002160716432261,0.47059391922291605,0.44736511495653997,0.12317292809738493,0.3764837287784872,0.55977068350573,268433.11454074347,75053.86916872548,394671.3180772324,60522.22566341694,166870.14406326448,0.00056673010827729,8.432067890434449e-07,0.0009113110569220738,7.305714092567507e-07,0.0018644649097765,316800.0,316800.0,0.0,316800.0,316800.0,2534400.0,2534400.0,0.0,2534400.0,2534400.0,1.25942648339842,1.241910395994637,0.08394504072825856,1.2020911250001518,1.3391447919930215,38.0,38.0,0.0,38.0,38.0,False,False,False
final_accuracy,well_joint,19,10,0.22831184575536517,0.18583946228872095,0.10620472427856335,0.1669231890081842,0.2361328425249078,0.0006879098316470501,0.00069908316185595,0.00015269067207300223,0.0005356583241453,0.0007903910492117,0.18530222081299602,0.1388332111213614,0.10451018790659833,0.1115365744215432,0.2033703882358039,0.00020594647456079,0.0002156398276017,4.1774974241708164e-05,0.0001654540538014,0.0002347284108446,0.5518607250388227,0.5318948709998306,0.1979460302117118,0.436031539483253,0.6381237339773067,40537940.26934056,28689111.954328045,42175347.489201754,3742985.494535191,67478825.15961288,0.0013750010338373887,0.00177879558270115,0.0007779066911366679,0.0009705986842054,0.0018653474285646,149728.0,149728.0,0.0,149728.0,149728.0,1197824.0,1197824.0,0.0,1197824.0,1197824.0,0.6617432206992817,0.623701541499031,0.1423143578430971,0.5486494580036378,0.6849100419931347,38.0,38.0,0.0,38.0,38.0,False,False,False
final_pareto,well_joint,19,10,0.24369647972974903,0.24142494604144574,0.08133963981600323,0.1577647604400483,0.3109770888502377,0.00068269322929439,0.0006664089812154,0.00014624645121909038,0.0005690830094225,0.0007244118159336,0.1960741846064304,0.1851783022527697,0.08045359261049537,0.1210478916056937,0.2645608919646066,0.00020501710864896002,0.0002098195414012,4.21979768002257e-05,0.0001671668220804,0.0002196587303376,0.5493673563215783,0.5507339210337172,0.14016811366443455,0.3983934317053387,0.6963785772886679,34562313.49059948,37279979.902329974,23683737.074424546,20315308.909389064,47550459.59228358,0.0014368378436144472,0.0018287557932468,0.0008445066109952831,0.0009983994360598,0.0018552872857242,120704.0,120704.0,0.0,120704.0,120704.0,965632.0,965632.0,0.0,965632.0,965632.0,0.5578846539989172,0.5259898334988975,0.12132465539589683,0.5040131669957191,0.586913375002041,38.0,38.0,0.0,38.0,38.0,False,False,False
hybrid,well_joint,19,10,0.22292362559451057,0.2043110070520301,0.08566333369214263,0.1522651066133177,0.2722670355521706,0.0008023863172582701,0.0007901556308638001,0.0001243840300656361,0.0006869753920325,0.0009026262819026,0.16169064480767653,0.13145427744532273,0.07458664532050284,0.1026367116839674,0.2249960236729767,0.00031251356531205004,0.00030679832162785,4.990843884591883e-05,0.0002702763372695,0.0003502620767035,0.6014163676854931,0.5849389134025966,0.1096634810281412,0.510522170859871,0.6401896890858755,5883.0979071076,5462.318371390883,1278.8728126822914,5104.323795538943,6607.353828677387,0.0012413560473602517,0.0014625510638892,0.0006666060240363629,0.0014406945489113,0.0015931112180364,188708.0,188708.0,0.0,188708.0,188708.0,1509664.0,1509664.0,0.0,1509664.0,1509664.0,0.9716671417983889,0.939834520999284,0.13759173929647145,0.8862405830004718,1.0541672090039356,38.0,38.0,0.0,38.0,38.0,False,False,False
original_basis_optimized_recovery,well_joint,19,10,0.5055877307071318,0.48002425170983476,0.07835521042837691,0.4691815636359823,0.5212136591885566,0.0042693144339092,0.00425870973813205,5.0311942425916514e-05,0.004244722245497,0.0042904168346436,0.3570013667660653,0.3511947837059331,0.09541131536105382,0.2923649680017378,0.3749571671786222,0.0019135008280599202,0.0019082636352094002,3.4673598953388424e-05,0.0019011498288147,0.0019319901070538,2.9247640712671834,3.0539288086645975,0.541871919595925,2.70414456458244,3.3569993338747612,1901.0138130966345,1451.6706515386131,1515.430156927875,1338.9385716649356,1516.655906513842,0.00026024649097711167,0.00021956171808145,0.00030020895574589665,0.0001639642857086,0.0002315347744313,101860.0,101860.0,0.0,101860.0,101860.0,814880.0,814880.0,0.0,814880.0,814880.0,10.209926687399275,10.074531104499329,0.8754358776760668,9.508314083002915,10.710296749995903,38.0,38.0,0.0,38.0,38.0,False,False,False
rank_optimized_joint,well_joint,19,10,0.15879922867805124,0.1235536471134555,0.07788627356984293,0.1048787591098928,0.2109077143979234,0.00061892290032876,0.0006305522493759,9.909626743678825e-05,0.0005368932759622,0.0007177355202122,0.130794568551979,0.09957251144262624,0.0730042709081059,0.0817869721831064,0.1679314364933666,0.00024520629147166,0.00024940831634185,3.151474541984001e-05,0.0002201894154263,0.0002731374915609,0.4770438965898801,0.456856786469983,0.138758057382457,0.3903512364083114,0.5595499304954158,114896.7284482861,67726.60111155042,127961.9906512286,41492.017234365456,105323.95427407786,0.0015202500308214345,0.0018546594623795,0.0008039223592715614,0.0018484295113121,0.0018781694812048,259188.0,259188.0,0.0,259188.0,259188.0,2073504.0,2073504.0,0.0,2073504.0,2073504.0,1.1137917291998747,1.0975723335031944,0.17525642300395397,0.9818984160010586,1.2366713330047787,38.0,38.0,0.0,38.0,38.0,False,False,False
POD,well_joint,20,10,0.42673644642073494,0.375944489418239,0.20006011364593554,0.2501755087479689,0.5782321215807499,0.0008418855845817001,0.00077070018167465,0.0004149809848644433,0.0005983518486245,0.0008828296831142,0.2995500164200998,0.2732397420004544,0.12346202312459188,0.1912230411582762,0.4167082103414917,0.00024402108119387,0.00022583832164665,0.00010609423384010638,0.0001726407405942,0.0002594742047721,0.7127031848547405,0.6464701311681904,0.24519337614675826,0.5663357043363175,0.7703487429603009,727.212115160548,170.1480866359859,1043.4539153763621,85.87906733645532,1171.172975430204,1.0597421104942722e-06,7.910375985320434e-07,6.27221922462151e-07,7.418571307001761e-07,8.17977433369488e-07,316800.0,316800.0,0.0,316800.0,316800.0,2534400.0,2534400.0,0.0,2534400.0,2534400.0,1.292954733499937,1.29505272949973,0.10029715001858687,1.2014440409984672,1.352346416999353,40.0,40.0,0.0,40.0,40.0,False,False,False
POD-E,well_joint,20,10,0.145406727918244,0.13014393335050334,0.0634800348324183,0.0932675113481342,0.1745778238529942,0.0005923806264751599,0.0005878389516198,0.00010568656763545594,0.000507605893388,0.000665122147777,0.11905382978182752,0.1084999903817625,0.06415748684425848,0.0696477069704189,0.1500831443994669,0.00018992070546524,0.000198745779252,3.6340048088565025e-05,0.0001489614935004,0.0002137932483128,0.4439211238768304,0.4574766709047552,0.10831773154608726,0.375289228450634,0.5231948298642615,187419.05483288635,46409.577166985866,288241.6626016047,29549.426374827395,153851.94499108443,0.0005606938285785441,8.468045039046416e-07,0.0009014750925581551,7.521955005796556e-07,0.0018606494360623,316800.0,316800.0,0.0,316800.0,316800.0,2534400.0,2534400.0,0.0,2534400.0,2534400.0,1.25942648339842,1.241910395994637,0.08394504072825856,1.2020911250001518,1.3391447919930215,40.0,40.0,0.0,40.0,40.0,False,False,True
final_accuracy,well_joint,20,10,0.23210506146309112,0.1964037140113473,0.09636911971281413,0.1823141951741183,0.2574381121176897,0.0006777408703968299,0.00069932947380105,0.00014405901931675648,0.0005399372660005,0.0007491542073388,0.18766431530002625,0.15324622320232,0.09755873942221312,0.108391758627492,0.2252015989765853,0.00020119837167256,0.00021341411426995,3.786397345836142e-05,0.0001654248578198,0.0002279614292625,0.5430123070769006,0.5049500344518218,0.1704398041464445,0.437739987021603,0.6559854697979338,20001863.026578188,13628276.035955923,21218753.83470142,333883.73377446085,32760429.606997576,0.001382766635334608,0.00184937406387535,0.0007806868380900252,0.0009667593985248,0.0018563775037795,149728.0,149728.0,0.0,149728.0,149728.0,1197824.0,1197824.0,0.0,1197824.0,1197824.0,0.6617432206992817,0.623701541499031,0.1423143578430971,0.5486494580036378,0.6849100419931347,40.0,40.0,0.0,40.0,40.0,False,False,False
final_pareto,well_joint,20,10,0.200948460846221,0.20200169214943614,0.052499800487723236,0.1461345424120784,0.2423596644979137,0.0006851844733627901,0.0006939428496643501,0.0001399505333673621,0.0005686949746036,0.0007256520184229,0.16236835269410074,0.1561266979559106,0.05398060227073674,0.1216041655035222,0.2046749292612647,0.00020426008751456,0.0002158494963414,4.0891107679388855e-05,0.0001664182416354,0.0002196509868089,0.5337369692210446,0.5553566606067741,0.13231472970770888,0.3924777570732403,0.6247175534670388,26695063.98807313,21667878.406154837,19707199.472502854,18414935.57787579,37702302.32716961,0.0013655577691569578,0.0018300640676761001,0.0007739840202672678,0.0009394103984604,0.001859906330804,120704.0,120704.0,0.0,120704.0,120704.0,965632.0,965632.0,0.0,965632.0,965632.0,0.5578846539989172,0.5259898334988975,0.12132465539589683,0.5040131669957191,0.586913375002041,40.0,40.0,0.0,40.0,40.0,False,False,False
hybrid,well_joint,20,10,0.2132225947524155,0.1914487952125586,0.08002885891219017,0.1559385917839384,0.2860451242840033,0.0007966434356780902,0.0007915562242506,0.00011636869273556808,0.0007309202925703,0.000890585647841,0.15772999564016998,0.1253068557589886,0.07008519695776877,0.1069418297380078,0.2138509848970531,0.00030920063257897996,0.00029671993789110005,4.297649636213066e-05,0.0002767152589833,0.0003512228477958,0.5938095054098261,0.5909024148197685,0.11633612575023201,0.5224669241515589,0.6281479308318798,5234.054341749624,4849.2825059105635,1141.2838425095333,4552.3060762504065,5387.667080922645,0.0012191868428575107,0.0014878087405991,0.0006457287224761757,0.0014394266917427,0.0015225172330821,188708.0,188708.0,0.0,188708.0,188708.0,1509664.0,1509664.0,0.0,1509664.0,1509664.0,0.9716671417983889,0.939834520999284,0.13759173929647145,0.8862405830004718,1.0541672090039356,40.0,40.0,0.0,40.0,40.0,False,False,False
original_basis_optimized_recovery,well_joint,20,10,0.4698026440243631,0.47475895271770835,0.052302841951691756,0.429101192239321,0.5038685247238045,0.0042739554982641394,0.004267787400143851,6.155277814104411e-05,0.0042345445574173,0.0042937620282962,0.3199242214581382,0.34543623190936895,0.06668686996309311,0.2534604198171887,0.3615553555759241,0.0019146251058180398,0.0019135195467310999,3.743375732861798e-05,0.0019010461530311,0.0019330000419806,2.9104048028992273,3.0269994906880395,0.5391714796625068,2.7145500954731,3.3395200172753725,1548.7270358712262,1443.6547240612545,440.1981936228196,1324.3490939523474,1537.368187215815,0.00021792311954205637,0.0002114711766664,0.0001831349627609273,0.000159974939803,0.0002300394736724,101860.0,101860.0,0.0,101860.0,101860.0,814880.0,814880.0,0.0,814880.0,814880.0,10.209926687399275,10.074531104499329,0.8754358776760668,9.508314083002915,10.710296749995903,40.0,40.0,0.0,40.0,40.0,False,False,False
rank_optimized_joint,well_joint,20,10,0.11537827243821668,0.1159376467019975,0.030420168685579528,0.089871022092398,0.1402611915266393,0.0006199090065235099,0.00064457454308405,9.696124234276881e-05,0.0005441102402395,0.0007067304259503,0.0925312524189479,0.08765998250702305,0.03118527804448459,0.0670245601277431,0.1217868595015867,0.00024817437397021,0.00025521918945619997,3.2927326031763177e-05,0.0002223712175877,0.0002728152775389,0.451428324770481,0.4661552319352462,0.11855877968535693,0.3746553617407047,0.5375710163306422,73771.02292239145,45488.261854482684,72417.81181391579,27469.57488312918,79408.80787533222,0.0015090235586497033,0.0018606920413621,0.0007966003415296665,0.001847134398461,0.0018728994361201,259188.0,259188.0,0.0,259188.0,259188.0,2073504.0,2073504.0,0.0,2073504.0,2073504.0,1.1137917291998747,1.0975723335031944,0.17525642300395397,0.9818984160010586,1.2366713330047787,40.0,40.0,0.0,40.0,40.0,False,False,False
POD,well_joint,21,10,0.3342323439303131,0.2925132981326727,0.14384836505232051,0.2153092092616123,0.369507587575923,0.00079294541177669,0.0007804142777451,0.0002912906331129966,0.0005757099113852,0.0009589543389941,0.23330124669684946,0.22596095747386036,0.0845769995415655,0.1626923747842282,0.3003284478165468,0.00023025591777663,0.00023161306659515,6.90045725183701e-05,0.0001697434784231,0.0002898351131276,0.6900115191019536,0.5565045385147791,0.36597958594823,0.4988518961613664,0.6714329221731545,351.26199730275687,150.01843338994368,401.9949572051498,84.44628429477727,751.5665177325475,1.0844285703173147e-06,8.001240660502975e-07,5.903313925095709e-07,7.230526097188879e-07,1.0363383308802276e-06,316800.0,316800.0,0.0,316800.0,316800.0,2534400.0,2534400.0,0.0,2534400.0,2534400.0,1.292954733499937,1.29505272949973,0.10029715001858687,1.2014440409984672,1.352346416999353,42.0,42.0,0.0,42.0,42.0,False,False,False
POD-E,well_joint,21,10,0.10802743123734475,0.10158562107289901,0.0447991861225375,0.0730691381106014,0.1382892003696043,0.0006058173135519401,0.00061706964834895,0.00011597083322163251,0.0004902486330607,0.0007066642399835,0.08146238046213929,0.0695603186353222,0.04319857540952193,0.0475802587787234,0.1078391920258549,0.0001954698466493,0.0002048217091096,3.9810331694188995e-05,0.0001498713882253,0.0002223462312387,0.4354625117157063,0.43502357371507283,0.12329468846599327,0.3592946189813961,0.5142543038870009,104099.12731199268,29559.004055298814,149334.4037368169,25407.41096699059,76941.4300363356,0.0005670843052638663,1.0742480941887075e-06,0.0009117720415722534,7.481203078383342e-07,0.0018578825188171,316800.0,316800.0,0.0,316800.0,316800.0,2534400.0,2534400.0,0.0,2534400.0,2534400.0,1.25942648339842,1.241910395994637,0.08394504072825856,1.2020911250001518,1.3391447919930215,42.0,42.0,0.0,42.0,42.0,False,False,True
final_accuracy,well_joint,21,10,0.1953354606153002,0.1792012839511469,0.06556173540533476,0.1591757109151478,0.1997785121048483,0.00067410987920875,0.0006987739899414001,0.00014126729206569537,0.000537743142768,0.0007304565579912,0.1531660935802179,0.11890321506907675,0.07082663599030765,0.0990911632059397,0.1650365471574137,0.00020044512134121997,0.0002118474992272,3.7084027749994745e-05,0.0001653806742863,0.0002278768537964,0.5219291905959336,0.4950167757623475,0.1603038127974443,0.4067574350944674,0.6078409014305426,15906666.215677697,13773515.417743703,14147697.476572746,298938.65634823276,27800943.23597594,0.0013722132518865218,0.0018570380639278,0.0007782234118834182,0.0009624777594034,0.001867263157897,149728.0,149728.0,0.0,149728.0,149728.0,1197824.0,1197824.0,0.0,1197824.0,1197824.0,0.6617432206992817,0.623701541499031,0.1423143578430971,0.5486494580036378,0.6849100419931347,42.0,42.0,0.0,42.0,42.0,False,False,False
final_pareto,well_joint,21,10,0.19996556836689316,0.18991687858801104,0.043077319651429975,0.1670890394081281,0.2398287412081802,0.0006791953748418,0.0006810940477389,0.00014612021950702306,0.0005687045589585,0.000726166701842,0.16284268286907358,0.164684820998185,0.04613355924179399,0.132419395854824,0.200031106584738,0.00020206758093177998,0.00021380361536925,4.240759084285742e-05,0.0001661800876202,0.0002193517778525,0.5268518471330983,0.5560532849873456,0.1284350958008252,0.3841620273951556,0.633618428679722,24747435.891704194,20135529.687432874,19293954.388271436,15009159.883269072,36874976.17884605,0.001360395487968564,0.0017441812330678,0.0007752080131125936,0.0009465200451348,0.0018598220601705,120704.0,120704.0,0.0,120704.0,120704.0,965632.0,965632.0,0.0,965632.0,965632.0,0.5578846539989172,0.5259898334988975,0.12132465539589683,0.5040131669957191,0.586913375002041,42.0,42.0,0.0,42.0,42.0,False,False,False
hybrid,well_joint,21,10,0.21402682475063178,0.20712675229119148,0.0670425971424699,0.1562860423437669,0.2837845334374838,0.00078026965757013,0.00075314040424095,0.00011300663384495127,0.0007025373996991,0.0008919728178718,0.16659941251650948,0.15046198944625078,0.06298594827793265,0.1243375612244712,0.2221979028690269,0.00030264309784910003,0.00029663087471570003,3.851096198698208e-05,0.0002665231467541,0.0003355959013762,0.5872781143901042,0.5839709476116159,0.12080872909710062,0.4857476056761831,0.6266293767684692,4416.5995166474295,4549.811876773599,808.7706705154744,3842.031819504022,4840.302761698825,0.0011841923556433708,0.00148837045864115,0.000655991514687897,0.0009574339022318,0.0016248734285827,188708.0,188708.0,0.0,188708.0,188708.0,1509664.0,1509664.0,0.0,1509664.0,1509664.0,0.9716671417983889,0.939834520999284,0.13759173929647145,0.8862405830004718,1.0541672090039356,42.0,42.0,0.0,42.0,42.0,False,False,False
original_basis_optimized_recovery,well_joint,21,10,0.4681890361503404,0.4733235743173969,0.05268940516068169,0.452801954715455,0.5010378854125538,0.00426434211264364,0.0042556806269837,5.337360572655683e-05,0.0042302955056925,0.0042913747495078,0.3196722106289702,0.32706664097462884,0.06421417435392661,0.2531595865434343,0.3643999680098895,0.0019080674512720302,0.0019095732882567999,3.207295445636968e-05,0.0018922912800781,0.0019248476611537,2.9017794695629497,3.019784808591513,0.5348189467144332,2.7116162302785103,3.305705495797042,1489.929130127023,1417.8794723502651,274.5872524525256,1322.639115936243,1528.777304267029,0.0001918076443672885,0.0001984003759396,0.00013877573557711793,0.0001575764436257,0.000219000631598,101860.0,101860.0,0.0,101860.0,101860.0,814880.0,814880.0,0.0,814880.0,814880.0,10.209926687399275,10.074531104499329,0.8754358776760668,9.508314083002915,10.710296749995903,42.0,42.0,0.0,42.0,42.0,False,False,False
rank_optimized_joint,well_joint,21,10,0.09609979322027595,0.09351491729023735,0.021111911650821904,0.0818061193504956,0.1138976293637902,0.0006319769562798401,0.0006543834039338,0.00010890297688709895,0.0005570686927778,0.0006713225305318,0.07290687192449577,0.0691868884455852,0.018668810659919755,0.0610303238062913,0.0795720208857213,0.00025308694996452,0.0002522096784323,3.797255976888552e-05,0.0002297372751893,0.0002736632108959,0.4471511922908607,0.4463681619621863,0.12492267713637407,0.3694893928027146,0.5153801349155697,48317.15601614008,34298.57344569692,37908.26607898803,24386.451847561413,63876.305108749606,0.00150252086391271,0.0018590817631857,0.0007919714662254452,0.0018466578947386,0.0018781566465797,259188.0,259188.0,0.0,259188.0,259188.0,2073504.0,2073504.0,0.0,2073504.0,2073504.0,1.1137917291998747,1.0975723335031944,0.17525642300395397,0.9818984160010586,1.2366713330047787,42.0,42.0,0.0,42.0,42.0,False,False,False
POD,well_joint,22,10,0.3877801963912618,0.3280848585946271,0.19465226887709897,0.2444819465411656,0.5744588101612864,0.00101329733230076,0.0008652211896668001,0.00045541856674826396,0.0007996388309189,0.0013040882800941,0.22129489391578097,0.21034687562231458,0.09457782734681135,0.1367308277612176,0.2245942914004563,0.00027870578899335,0.00025766549335215,0.00010305273160795643,0.0002249615205914,0.000360553973776,0.8587147277410878,0.7134622581462939,0.46491642333399497,0.5666089401611084,1.3290016277294998,244.89757099681182,91.30672164877214,279.4367562562902,74.02474067563125,429.8740421209764,1.0483405973825296e-06,7.373157843135129e-07,6.308720333631513e-07,7.136616461098026e-07,8.452405559627297e-07,316800.0,316800.0,0.0,316800.0,316800.0,2534400.0,2534400.0,0.0,2534400.0,2534400.0,1.292954733499937,1.29505272949973,0.10029715001858687,1.2014440409984672,1.352346416999353,44.0,44.0,0.0,44.0,44.0,False,False,False
POD-E,well_joint,22,10,0.10754497604442029,0.10064340881680639,0.04594536870037491,0.0736085526038214,0.134845781467025,0.00060494239324761,0.0006119334877986999,0.00011288597750129042,0.0004887859341793,0.0007082565987577,0.0811188671435055,0.0685177435277181,0.044177975771861666,0.0468291274285606,0.1106483923751012,0.00019478140779957,0.00019931698827860002,3.924258259182416e-05,0.0001494146802474,0.0002225208667351,0.4346281480109263,0.4209066332255922,0.12304216835063317,0.3596168240946515,0.5147073058877356,95022.82349462963,25901.835828041243,138590.5528016409,18000.094758741787,70380.90985882534,0.0005668511594016668,9.260676920245913e-07,0.0009114773551768979,7.183533805226417e-07,0.0018531889097784,316800.0,316800.0,0.0,316800.0,316800.0,2534400.0,2534400.0,0.0,2534400.0,2534400.0,1.25942648339842,1.241910395994637,0.08394504072825856,1.2020911250001518,1.3391447919930215,44.0,44.0,0.0,44.0,44.0,False,False,True
final_accuracy,well_joint,22,10,0.1853116430129873,0.17350261124047395,0.054894503891321264,0.1497917723954415,0.197145282647135,0.0006725132964876298,0.00069804553599855,0.0001408372578061058,0.0005363690521104,0.0007293856581475,0.14285386370036338,0.11564627547991435,0.062338638335710315,0.0976439999529832,0.1630382698194827,0.00019974185999422,0.00021072356250625,3.7393088545322054e-05,0.0001639573350843,0.0002226577164382,0.5160691077413485,0.49282481050719884,0.1579231470147553,0.3938218209645869,0.6054916809121371,13077874.839737553,10792853.476131339,11422967.338311164,296701.6521491888,22083292.15746919,0.0013664332699118737,0.00184825814659075,0.0007730622556049227,0.0009695845864528,0.0018617490601254,149728.0,149728.0,0.0,149728.0,149728.0,1197824.0,1197824.0,0.0,1197824.0,1197824.0,0.6617432206992817,0.623701541499031,0.1423143578430971,0.5486494580036378,0.6849100419931347,44.0,44.0,0.0,44.0,44.0,False,False,False
final_pareto,well_joint,22,10,0.1931469724203052,0.181200001307174,0.035526126248052285,0.1661120400320894,0.2179804002242295,0.00067538038558659,0.0006687367139428,0.0001513680858521574,0.0005509028393494,0.0007591225521652,0.15660187850418703,0.15841076235053195,0.0346673316160424,0.1291820517615148,0.1749843489317412,0.00019997129865401004,0.00020496556918485,4.315862612269125e-05,0.0001647434187135,0.0002210688854102,0.5175078871616977,0.5333738263629031,0.12279959958728408,0.383732775932151,0.6343841713469055,20382432.622581262,20220831.436036967,15652012.269192431,12283464.414572883,27833202.79294829,0.0013764632210566973,0.0018470650075164499,0.0007776414623305251,0.0009451591504056,0.0018556510000135,120704.0,120704.0,0.0,120704.0,120704.0,965632.0,965632.0,0.0,965632.0,965632.0,0.5578846539989172,0.5259898334988975,0.12132465539589683,0.5040131669957191,0.586913375002041,44.0,44.0,0.0,44.0,44.0,False,False,False
hybrid,well_joint,22,10,0.2178733369949935,0.2369634554656042,0.07720855662156326,0.1503130621670956,0.2789411667529158,0.00079454148158232,0.0007966962101845,0.00011638743245018458,0.0007188802126569,0.0009017146811125,0.1717997227458698,0.1780796714845963,0.06621540819724865,0.1069434145651277,0.2270678021734573,0.00030773829900828,0.00031470291891050003,4.20275295859124e-05,0.0002615701370906,0.0003352335654232,0.5931724684371592,0.5763907690313368,0.1124902846081431,0.5258616480314832,0.6585868275791583,4185.568691562691,4157.208192988708,757.8128602176162,3579.9693412773377,4417.534767653151,0.0011289138781990404,0.00131576362783605,0.000651042303297266,0.0010457728721688,0.0014686149699176,188708.0,188708.0,0.0,188708.0,188708.0,1509664.0,1509664.0,0.0,1509664.0,1509664.0,0.9716671417983889,0.939834520999284,0.13759173929647145,0.8862405830004718,1.0541672090039356,44.0,44.0,0.0,44.0,44.0,False,False,False
original_basis_optimized_recovery,well_joint,22,10,0.46841244282050665,0.4704693031704916,0.05644199118996472,0.4471210964602957,0.5064872710320439,0.004259706059537499,0.0042486900351919,5.089246817538142e-05,0.0042285528676232,0.0042842783355051,0.3226677497689916,0.3450196495682941,0.06170359230368478,0.2590485511611078,0.3665516200821525,0.0019067731377136999,0.0019045807272410498,3.071137030611954e-05,0.0018970645072526,0.0019229187405241,2.899169412130649,3.014966224505257,0.5304737533017386,2.7053783772170816,3.3356431864225766,1468.493830485589,1401.3763675523671,275.27915431647375,1338.1907016816567,1447.058568854869,0.00017672026842495322,0.00018308317666554998,0.00013486168040094024,0.0001499598947702,0.0001938703007224,101860.0,101860.0,0.0,101860.0,101860.0,814880.0,814880.0,0.0,814880.0,814880.0,10.209926687399275,10.074531104499329,0.8754358776760668,9.508314083002915,10.710296749995903,44.0,44.0,0.0,44.0,44.0,False,False,False
rank_optimized_joint,well_joint,22,10,0.09893430938069617,0.09585910158067285,0.02675147098923737,0.0792879716020014,0.1249369408622537,0.00062961777896136,0.0006332901651598,0.00010866857240107544,0.0005675385382182,0.0006702603040545,0.07667264053237784,0.06808025170660505,0.02612299637919519,0.0606854721675711,0.1024228974197361,0.00025218053838529,0.00025219696467765,3.772110730547535e-05,0.0002347339720756,0.0002647510849067,0.44557661090671125,0.44551486454438965,0.12018721936124753,0.3891256960869442,0.4885975875694287,41134.37479053317,32927.34034653073,27177.57040108628,19447.877193389508,63588.09508190041,0.0014945553270710073,0.00185620927444875,0.0007873835508767775,0.0018486015037353,0.0018689714962331,259188.0,259188.0,0.0,259188.0,259188.0,2073504.0,2073504.0,0.0,2073504.0,2073504.0,1.1137917291998747,1.0975723335031944,0.17525642300395397,0.9818984160010586,1.2366713330047787,44.0,44.0,0.0,44.0,44.0,True,False,False
POD,well_joint,23,10,0.30957577643444056,0.2828467546528302,0.15971521689368218,0.2007085321477921,0.359592914445287,0.00095948658141901,0.0008797082801103499,0.00042236380257380194,0.0007884120948542,0.0012388540211404,0.19852097801603025,0.183892603636282,0.1051475149130974,0.1239989989315032,0.2429116165488088,0.00025847688053336996,0.00024039242619360002,9.620334034052603e-05,0.00021627893298,0.0003064757163505,0.7574399425554887,0.8058600550651734,0.335979399245584,0.5814951969230306,0.8720762505965446,180.47598230849482,78.39345910179074,183.6823652359493,58.93602753663559,395.2156619327125,1.0974315764063872e-06,7.855601701097689e-07,5.951242223128869e-07,7.133458257841885e-07,1.3934811721625911e-06,316800.0,316800.0,0.0,316800.0,316800.0,2534400.0,2534400.0,0.0,2534400.0,2534400.0,1.292954733499937,1.29505272949973,0.10029715001858687,1.2014440409984672,1.352346416999353,46.0,46.0,0.0,46.0,46.0,False,False,False
POD-E,well_joint,23,10,0.10211509148634072,0.09231047543238416,0.04127841119569789,0.0829444622795714,0.1267233686601762,0.00060876845300534,0.0005908737140896,0.00012295859822747244,0.0005292090408489,0.0006885650651819,0.07480898881686017,0.06604166320698955,0.03872157971318991,0.0472782394773861,0.0877408239550125,0.00019516961626131,0.00019612048603025,4.1408363330368064e-05,0.0001630250291592,0.0002111429459436,0.43520288471946705,0.42347824043239024,0.13405463705792459,0.3436683246209581,0.5000866670464963,48274.69468248361,21618.866425094988,50608.76755577101,18299.94671185115,41300.80298264676,0.0005628993721970621,1.058740621429161e-06,0.0009051007808342159,7.265037660052846e-07,0.0018541152857412,316800.0,316800.0,0.0,316800.0,316800.0,2534400.0,2534400.0,0.0,2534400.0,2534400.0,1.25942648339842,1.241910395994637,0.08394504072825856,1.2020911250001518,1.3391447919930215,46.0,46.0,0.0,46.0,46.0,False,False,False
final_accuracy,well_joint,23,10,0.18487012687439183,0.17028464317594239,0.05468795418018394,0.1494464906662263,0.1963419575973385,0.00065401191190738,0.0007001094740949,0.0001161042434738932,0.0005316706079973,0.0007523643456571,0.14218410428612802,0.11217603211992624,0.06191373959304519,0.1086212555776946,0.1635182378739046,0.00019524685978167,0.00020815661918515002,3.2557807682224453e-05,0.0001617254098004,0.0002225253887051,0.5059208330280344,0.4896509436654134,0.14477503030195168,0.3933996318057459,0.6289879291723519,11186539.161481744,8968482.882721502,10997582.603451861,183099.4885519632,16729060.954269571,0.0013974838654076556,0.0018532844586385,0.0007931321678069392,0.0009180999398616,0.0018615140977356,149728.0,149728.0,0.0,149728.0,149728.0,1197824.0,1197824.0,0.0,1197824.0,1197824.0,0.6617432206992817,0.623701541499031,0.1423143578430971,0.5486494580036378,0.6849100419931347,46.0,46.0,0.0,46.0,46.0,False,False,False
final_pareto,well_joint,23,10,0.18316168253400714,0.1658506420552967,0.036743998352955935,0.1571293539864001,0.2079655139656495,0.0006788444331739701,0.0006679480272656,0.0001512999971938539,0.0005532131688612,0.0007591225521653,0.148291131107536,0.1446188881081165,0.03416479354669516,0.1211851177734073,0.174692392634731,0.00020224624855404998,0.00020674394534595,4.3146289381148774e-05,0.000163247199287,0.0002254963223967,0.5124048719067639,0.5332531080090878,0.1169027001680157,0.4111426678728366,0.6051276950651032,13199353.362650704,10836253.266687682,11016090.799920723,6052017.779260851,24732277.51315722,0.0013905274759539103,0.00184873418046675,0.0008096064553550394,0.0007794357744777,0.0018596901653857,120704.0,120704.0,0.0,120704.0,120704.0,965632.0,965632.0,0.0,965632.0,965632.0,0.5578846539989172,0.5259898334988975,0.12132465539589683,0.5040131669957191,0.586913375002041,46.0,46.0,0.0,46.0,46.0,False,False,False
hybrid,well_joint,23,10,0.21321735774320666,0.2175796225128985,0.07645050627575949,0.1435883537952811,0.2798971209361638,0.0007947172759385499,0.0007888699447596,0.00010891072181553924,0.0007087571174969,0.000899244337141,0.16785991103672965,0.1594900877401495,0.06720539175405849,0.10701667974624,0.233436601603947,0.00030721094436356,0.00030602973155265,3.6164373318206075e-05,0.0002783144676932,0.0003458930290929,0.5909891997056282,0.5924237770775879,0.10770222863487532,0.5156369960641999,0.611164084833958,4128.828015334352,4182.230313923152,610.266957219975,3633.4251974639737,4476.3237202120645,0.0010819571120296466,0.00126489395486545,0.0006059656546854492,0.0010432359022639,0.0014685861578914,188708.0,188708.0,0.0,188708.0,188708.0,1509664.0,1509664.0,0.0,1509664.0,1509664.0,0.9716671417983889,0.939834520999284,0.13759173929647145,0.8862405830004718,1.0541672090039356,46.0,46.0,0.0,46.0,46.0,False,False,False
original_basis_optimized_recovery,well_joint,23,10,0.4660259382740789,0.4784094409646633,0.05213417692644099,0.4370363976568905,0.4875333899541055,0.004257565114602541,0.00425079468310815,5.0283224316037844e-05,0.0042149813288275,0.004280584402963,0.31946213098900417,0.3444907060026116,0.059915273866550225,0.2569739729042123,0.3730575450495192,0.00190589903376268,0.00190651946159775,3.013491074802831e-05,0.0018895187051542,0.0019246879144621,2.896528882926962,3.0156281098705335,0.5328396570295044,2.689903978840654,3.3163072599226293,1475.5062206140822,1413.4520833415154,272.4110512984798,1341.6327699488102,1459.0113527792314,0.00017266271956356376,0.00018138267294935,0.00012790630899224762,0.0001461563308686,0.0001940538872473,101860.0,101860.0,0.0,101860.0,101860.0,814880.0,814880.0,0.0,814880.0,814880.0,10.209926687399275,10.074531104499329,0.8754358776760668,9.508314083002915,10.710296749995903,46.0,46.0,0.0,46.0,46.0,False,False,False
rank_optimized_joint,well_joint,23,10,0.10564921595849304,0.10192552094175915,0.03220479933297389,0.0775770037719947,0.1326507863255531,0.00064610724281463,0.00063515232001205,0.00013205328668508437,0.0005615124655782,0.000723195940217,0.08205604530739649,0.07241673880328339,0.03126516816550836,0.0584597575795669,0.1065600124929421,0.00025559080201306,0.00026171516326029996,4.238032328562295e-05,0.0002319529240192,0.0002702763163509,0.4633207668498045,0.45973756531069276,0.1455826645775948,0.3762690139428215,0.4919269704310908,34385.761216557985,25119.170679369912,21978.166967308734,19613.612021545727,41652.18233023447,0.00148632800600644,0.00185235886090225,0.0007830443860482685,0.0018286466164907,0.0018632431052619,259188.0,259188.0,0.0,259188.0,259188.0,2073504.0,2073504.0,0.0,2073504.0,2073504.0,1.1137917291998747,1.0975723335031944,0.17525642300395397,0.9818984160010586,1.2366713330047787,46.0,46.0,0.0,46.0,46.0,False,False,False
POD,well_joint,24,10,0.2692847222477845,0.26389547806251623,0.1318601231874564,0.1866854224021283,0.2988501814668797,0.0009631838080993599,0.00083878579895325,0.0004488290726158207,0.0007789113358312,0.0012223539430497,0.17018054630024956,0.15848800752854955,0.0978317295866669,0.1080502808270751,0.2109455171331241,0.0002615419858893,0.00024620880645485,0.0001006549065038962,0.0002151432943793,0.0003070131339287,0.7352476508261063,0.7435729952021248,0.3223728047276414,0.577693808716634,0.8680985614360499,105.55087996145298,76.8721959743437,69.37634025348974,58.07679141254467,150.8569172948367,1.0928240570999487e-06,7.938571415204359e-07,6.21264566978267e-07,7.092706877493152e-07,1.0886616568095086e-06,316800.0,316800.0,0.0,316800.0,316800.0,2534400.0,2534400.0,0.0,2534400.0,2534400.0,1.292954733499937,1.29505272949973,0.10029715001858687,1.2014440409984672,1.352346416999353,48.0,48.0,0.0,48.0,48.0,False,False,False
POD-E,well_joint,24,10,0.09873909464129202,0.0933917785795855,0.03260782470546685,0.0810824975161517,0.1168449841171095,0.00060494196300081,0.0005921901468155,0.00011705070560954485,0.0005426666821125,0.0006617434419022,0.07361046451659593,0.06852253601336125,0.030256447631714593,0.0486689585451637,0.0857131645146559,0.00019247701265438002,0.00019597551013405,4.045853891334729e-05,0.0001633087232946,0.0002111535268473,0.4303916411027212,0.4272635296913106,0.1273618443160269,0.3424758958413155,0.496125161800884,36469.68218051997,21384.345501199517,29003.682841881564,17852.377348296515,39712.544525761594,0.0005583344924859271,1.0034473918385356e-06,0.0008976413381039553,7.321428519820696e-07,0.0018505529474066,316800.0,316800.0,0.0,316800.0,316800.0,2534400.0,2534400.0,0.0,2534400.0,2534400.0,1.25942648339842,1.241910395994637,0.08394504072825856,1.2020911250001518,1.3391447919930215,48.0,48.0,0.0,48.0,48.0,False,False,True
final_accuracy,well_joint,24,10,0.18058565207003238,0.17118669127797964,0.05101932964465205,0.1413534417219728,0.1961245905777951,0.0006466453494365799,0.0006679852868208499,0.00011444365831481411,0.0005312374986238,0.0007523643456571,0.14028341205225353,0.11192109287702709,0.0558256341111318,0.1009954950783285,0.1585518966669985,0.00019245018064360998,0.0001957916791314,3.199805599717957e-05,0.0001604206297262,0.0002220775827684,0.500217688056513,0.4804332664420728,0.14438968926959642,0.3851948608057756,0.6221352785160306,9535197.045703303,7790619.958472994,8801047.978527538,171352.23710614862,16051781.411244543,0.001376469736096851,0.0018445701729556002,0.0008023658028761897,0.0007565366541349,0.0018544345188192,149728.0,149728.0,0.0,149728.0,149728.0,1197824.0,1197824.0,0.0,1197824.0,1197824.0,0.6617432206992817,0.623701541499031,0.1423143578430971,0.5486494580036378,0.6849100419931347,48.0,48.0,0.0,48.0,48.0,False,False,False
final_pareto,well_joint,24,10,0.1868145125727145,0.16228460518714372,0.05727266778860116,0.1422628037111603,0.2475602300303813,0.0006499570916512,0.0006399975347941,0.0001247287110404898,0.0006164853114019,0.0006924074519455,0.1510825212361319,0.1345893861471521,0.053407395758605994,0.1120961517153938,0.218082674510897,0.00019442405467717,0.00019251012911535,3.734423041313145e-05,0.0001652997987842,0.0002039123874943,0.5029360786708139,0.525910412550677,0.11938849334181137,0.3883999611233257,0.5930289685870133,10105194.752529148,10916246.391103936,7311257.269710775,4757575.49452826,15267691.65073729,0.0014583569857205452,0.0018365079887374,0.0009041187405206716,0.0007691760601071,0.0018566453609378,120704.0,120704.0,0.0,120704.0,120704.0,965632.0,965632.0,0.0,965632.0,965632.0,0.5578846539989172,0.5259898334988975,0.12132465539589683,0.5040131669957191,0.586913375002041,48.0,48.0,0.0,48.0,48.0,False,False,False
hybrid,well_joint,24,10,0.21261236897002847,0.2142765264008841,0.07291274702233563,0.151036076974912,0.2662630382206705,0.00080112416190182,0.00078528306895775,0.00011692397889614691,0.0007092989747692,0.0009115472848291,0.16819546456461631,0.16220900846205333,0.0643450669206824,0.1114038505536307,0.217161846041036,0.000313375054524,0.00031089299932925,4.45753696562799e-05,0.0002678599263054,0.0003460051137813,0.5978562833242561,0.5845820825413777,0.12823026956118347,0.5265021383083613,0.6093754824797436,4071.73266670562,4194.174572423833,561.701386734173,3648.3464665353567,4495.53240779753,0.0011014422315786944,0.0012935808270522,0.0006399204208963321,0.0009728806391266,0.001457370932326,188708.0,188708.0,0.0,188708.0,188708.0,1509664.0,1509664.0,0.0,1509664.0,1509664.0,0.9716671417983889,0.939834520999284,0.13759173929647145,0.8862405830004718,1.0541672090039356,48.0,48.0,0.0,48.0,48.0,False,False,False
original_basis_optimized_recovery,well_joint,24,10,0.46646568290070123,0.4750127116229177,0.04852749338934277,0.436074992816288,0.4867030630517464,0.00424942921402693,0.00425089319749115,3.402562697297727e-05,0.0042123753093462,0.0042809507577686,0.31737566037245885,0.3421230211166882,0.059281380181710766,0.2692239281338556,0.3656851223409303,0.00190284822432104,0.0019076678448362002,2.522888195808238e-05,0.0018893016067474,0.0019249409663498,2.894338836636963,3.0155620615678185,0.5395139430119612,2.6371546177277425,3.31659419888944,1454.2157063649674,1375.0911851299786,235.17037055377236,1334.311111054271,1468.432441615039,0.0001624792278185873,0.00016947195864555,0.00011202089401050991,0.0001424902856841,0.0001772500000061,101860.0,101860.0,0.0,101860.0,101860.0,814880.0,814880.0,0.0,814880.0,814880.0,10.209926687399275,10.074531104499329,0.8754358776760668,9.508314083002915,10.710296749995903,48.0,48.0,0.0,48.0,48.0,False,False,False
rank_optimized_joint,well_joint,24,10,0.09902033917811359,0.0990766379613022,0.029488082729212255,0.0750119079310662,0.1102543250133158,0.0006432757703124,0.0006345011231122,0.00013372886027222282,0.000558348965968,0.0007235903297281,0.07645416833153891,0.0649553931899681,0.02843968317073899,0.0571792734949874,0.0837518367407887,0.00025444767610873994,0.00026124298728915003,4.281844110342453e-05,0.0002310663560553,0.0002704642378849,0.4572387994137649,0.44945791970139204,0.1442232277138592,0.3749191635210199,0.4886637391418976,31949.697691269772,25035.505470391472,16986.527429812184,19604.21419836286,39859.77501379928,0.001487210869926513,0.0018524826090216499,0.0007835377500328414,0.0018269439172953,0.0018675595188108,259188.0,259188.0,0.0,259188.0,259188.0,2073504.0,2073504.0,0.0,2073504.0,2073504.0,1.1137917291998747,1.0975723335031944,0.17525642300395397,0.9818984160010586,1.2366713330047787,48.0,48.0,0.0,48.0,48.0,False,False,False
POD,well_joint,25,10,0.28234133269340816,0.26753093179649423,0.1875329215212677,0.1428234061931686,0.318598510193464,0.0009441105144080399,0.00077130544963,0.0006267921199695891,0.0007400577219428,0.000854813666193,0.16189643538101844,0.13863876081679705,0.09325548674644168,0.1067726972471631,0.2029252084617835,0.00026337653788394003,0.0002205301373183,0.00016349547659283035,0.0001996012331984,0.0002338079744293,0.7818320310814193,0.6418616933022854,0.6603167811831713,0.4051822858300282,0.7681544695720512,83.51477353614541,67.20165907422908,35.08985502279383,53.56701549759948,114.03380151495276,1.1099315731159476e-06,8.125000049472135e-07,6.877134191916393e-07,6.992480834890017e-07,9.63969905843216e-07,316800.0,316800.0,0.0,316800.0,316800.0,2534400.0,2534400.0,0.0,2534400.0,2534400.0,1.292954733499937,1.29505272949973,0.10029715001858687,1.2014440409984672,1.352346416999353,50.0,50.0,0.0,50.0,50.0,False,False,False
POD-E,well_joint,25,10,0.09059453645981817,0.0858542246319918,0.02993960338305076,0.0736769029680065,0.1114977915636457,0.0006059274045983299,0.0005887792111938001,0.00011971016478527848,0.0005222428489056,0.0007268412540477,0.06489461895343865,0.0581600756855294,0.024719262543680908,0.0467272538083866,0.0801139413313735,0.00018865010666768,0.0001953740284295,3.647086055433274e-05,0.0001618211376916,0.0002090785049306,0.42993694820534,0.44900335248174106,0.1287843567067696,0.3080579862731241,0.5226622420171934,37767.335786796815,38186.689637370386,16806.402493221376,22981.93210207927,53035.46706070387,0.0005600792609016717,1.0053233033014614e-06,0.0009004343221354097,7.753759356481689e-07,0.001843055766927,316800.0,316800.0,0.0,316800.0,316800.0,2534400.0,2534400.0,0.0,2534400.0,2534400.0,1.25942648339842,1.241910395994637,0.08394504072825856,1.2020911250001518,1.3391447919930215,50.0,50.0,0.0,50.0,50.0,False,False,True
final_accuracy,well_joint,25,10,0.18654333864313316,0.17596983985192985,0.052368787425417604,0.1471237954448995,0.2245545632677681,0.0007006537004782601,0.0006834797861165001,0.00016690708581720078,0.0005945571567,0.0008373383040874,0.14284440696789133,0.1310686607312484,0.045181178241833535,0.1068607610683934,0.1731473266785813,0.00020790411268898002,0.00020620316900795001,4.515694125384223e-05,0.0001755004769462,0.0002471300664706,0.537754988477081,0.5327045560612158,0.17077646740961938,0.3824591389672745,0.5922022219243026,21134646.20469395,9769012.429321365,25812569.487899896,113938.3029147362,49245718.79192,0.001220962906025846,0.00184669579697975,0.0008572511240516489,0.0002536885939819,0.0018578847142963,149728.0,149728.0,0.0,149728.0,149728.0,1197824.0,1197824.0,0.0,1197824.0,1197824.0,0.6617432206992817,0.623701541499031,0.1423143578430971,0.5486494580036378,0.6849100419931347,50.0,50.0,0.0,50.0,50.0,False,False,False
final_pareto,well_joint,25,10,0.20460446121892933,0.18379315039141336,0.06924855450686947,0.1487495944540401,0.2457396192245564,0.00067635422471811,0.0006826849546953499,0.00012118369466447667,0.0006363836924366,0.0007518859073384,0.16551340622704955,0.1437929463291868,0.0588899311700148,0.1271361667977066,0.2113966134364872,0.00020283992494865002,0.00020387487326085002,3.1479740009648314e-05,0.0001868521394509,0.0002227860209796,0.5241253119234992,0.5384872222283177,0.11740762842546301,0.4504986342216858,0.6137496208452987,13062551.637812847,12256344.29187843,9784199.05726011,6280446.37778069,21144718.495239455,0.0013743343045030758,0.00183544188722655,0.0007342736762238384,0.0007628665413555,0.0018498568270548,120704.0,120704.0,0.0,120704.0,120704.0,965632.0,965632.0,0.0,965632.0,965632.0,0.5578846539989172,0.5259898334988975,0.12132465539589683,0.5040131669957191,0.586913375002041,50.0,50.0,0.0,50.0,50.0,False,False,False
hybrid,well_joint,25,10,0.24129944992912047,0.24388565936508438,0.05456450050240005,0.2099750150386068,0.2799779938590868,0.0008208837810308801,0.000789087040887,0.00013668811855348185,0.0007262470644696,0.0009051082113486,0.18399065530495834,0.20272730229399788,0.0575933799142386,0.1411783633911366,0.2157211397261764,0.00031943718258081,0.00031102534450105,4.553910998123503e-05,0.0002776003737006,0.0003435255235573,0.6336097335292691,0.5839230327040297,0.16559889062173969,0.5259978550767649,0.6914359157604362,4538.496920855462,4620.0793431436705,1018.1229173132053,3661.438040255985,5510.32808314597,0.000979380137590123,0.00130014175938,0.0006408681203956001,0.0003292722481126,0.00149420864663,188708.0,188708.0,0.0,188708.0,188708.0,1509664.0,1509664.0,0.0,1509664.0,1509664.0,0.9716671417983889,0.939834520999284,0.13759173929647145,0.8862405830004718,1.0541672090039356,50.0,50.0,0.0,50.0,50.0,False,False,False
original_basis_optimized_recovery,well_joint,25,10,0.4361533571730415,0.4433306133505336,0.047828308489622336,0.3949368893291967,0.4458621343064425,0.00425454485707399,0.0042420792725117,6.222321376628636e-05,0.0042064251064258,0.004256697343444,0.2731590782906233,0.27067376939625964,0.04574851295842217,0.2419341706220621,0.3161631300005982,0.0019069431110039802,0.00190361389563455,3.8356087277346615e-05,0.0018830202855674,0.0019175525744431,2.8838512959538916,3.0118137510134577,0.5482760754087522,2.5963905661291777,3.274812358340276,1583.9766066498455,1439.50425044217,310.49774572366454,1331.7235063747855,1797.8911971101809,0.00018817957368573267,0.00016464379696385002,0.0001490259751596593,0.0001389570826908,0.0002750773834615,101860.0,101860.0,0.0,101860.0,101860.0,814880.0,814880.0,0.0,814880.0,814880.0,10.209926687399275,10.074531104499329,0.8754358776760668,9.508314083002915,10.710296749995903,50.0,50.0,0.0,50.0,50.0,False,False,False
rank_optimized_joint,well_joint,25,10,0.10098280012259131,0.10751916141716265,0.026168251666222837,0.0795328952157094,0.1201282863350779,0.00065399282949462,0.00066090205381885,0.00014119041019357165,0.0005562197855432,0.0007531851388693,0.0780019896017733,0.07402646313253619,0.0217659361994519,0.0633867186649344,0.0900534645183697,0.00025404166004647,0.0002669730670221,3.99472548675568e-05,0.0002160914179253,0.0002835465430367,0.46751164309221993,0.45176252814719026,0.14611857020682908,0.3735523434892799,0.5988584755378036,34284.01966897985,35464.42908845788,13488.692206152065,21087.103512941212,44354.9591431109,0.0014664892548947718,0.0018453934849514998,0.0007989053327031706,0.0013482462406014,0.0018577929173138,259188.0,259188.0,0.0,259188.0,259188.0,2073504.0,2073504.0,0.0,2073504.0,2073504.0,1.1137917291998747,1.0975723335031944,0.17525642300395397,0.9818984160010586,1.2366713330047787,50.0,50.0,0.0,50.0,50.0,False,False,False
POD,well_joint,26,10,0.20049639991172685,0.18542680869224548,0.07593820189535637,0.1493544504871221,0.2657448073990782,0.00075621505341321,0.0007758434064536999,0.00019749996605053255,0.0007358875753898,0.0008007345898139,0.14399668227147983,0.14162456608097396,0.051463504702103285,0.1155973842272075,0.1740753945798943,0.00022069086953810003,0.00022261275765265,6.089941946126997e-05,0.0002113291163911,0.0002333962346108,0.5938628404356191,0.5964697220200039,0.24109533736070696,0.4055729948160568,0.7023302027392522,67.83981718568069,67.06942986387054,16.814665082135527,51.83767101868705,77.97868470136993,1.1074240592963068e-06,7.780413432186819e-07,7.486667213652766e-07,7.045714585530691e-07,8.790676317464812e-07,316800.0,316800.0,0.0,316800.0,316800.0,2534400.0,2534400.0,0.0,2534400.0,2534400.0,1.292954733499937,1.29505272949973,0.10029715001858687,1.2014440409984672,1.352346416999353,52.0,52.0,0.0,52.0,52.0,False,False,False
POD-E,well_joint,26,10,0.08937583093161913,0.0828332660690438,0.03014528729894407,0.0665506898502041,0.1136151102447211,0.00061382677081993,0.0005884273986452001,0.00012431517920777368,0.0005407529155369,0.0007176394088406,0.06406107793624186,0.05832985802655385,0.02505555069025046,0.0434111926444865,0.0718469068684032,0.00018976291307049002,0.00019220393313105,3.612654131444395e-05,0.0001698344582462,0.000213094193279,0.4335371122408098,0.46028497882092706,0.12779897156450737,0.3075899549126522,0.513815295765861,28067.46502631185,29648.819663542065,7958.69178815517,23192.465055025434,34559.785912032654,0.0005444568616562926,9.403195423844333e-07,0.0008761978669193834,7.412330942452514e-07,0.0017155949248454,316800.0,316800.0,0.0,316800.0,316800.0,2534400.0,2534400.0,0.0,2534400.0,2534400.0,1.25942648339842,1.241910395994637,0.08394504072825856,1.2020911250001518,1.3391447919930215,52.0,52.0,0.0,52.0,52.0,False,False,False
final_accuracy,well_joint,26,10,0.18436332898384739,0.17893852847204822,0.055482093775597784,0.1493794026710234,0.2033158699515259,0.00070027382827169,0.00068017835731145,0.0001664814333294703,0.0005993836837218,0.0008351667438697,0.13961419986715756,0.1281347653871067,0.04830834258176297,0.0984295351315036,0.163078030868519,0.00020802147215763996,0.00020449267225164998,4.548680708550332e-05,0.0001750761746089,0.0002456652159092,0.5383146777835786,0.5329614907884597,0.17471787702987499,0.3734446861724478,0.6000209695659704,18707580.444813106,9481967.640985776,21986605.370709535,117606.79380435943,43135882.44083729,0.001221766666910935,0.00184109163910075,0.0008609558436342167,0.0002430260074858,0.0018677985563933,149728.0,149728.0,0.0,149728.0,149728.0,1197824.0,1197824.0,0.0,1197824.0,1197824.0,0.6617432206992817,0.623701541499031,0.1423143578430971,0.5486494580036378,0.6849100419931347,52.0,52.0,0.0,52.0,52.0,False,False,False
final_pareto,well_joint,26,10,0.20993797768034123,0.18624422577983474,0.07585134076724237,0.1430719996694227,0.2623348138285795,0.00067552855807411,0.00067825810618365,0.00012047878853662984,0.000636077093841,0.00075428804698,0.17076464229236318,0.15309712183599275,0.06442758568440764,0.124739353008267,0.2093365641532374,0.00020266038015788,0.00020492281325705,3.1797626107204576e-05,0.0001867716298111,0.0002224741473012,0.5251784376092623,0.5459358101596583,0.1164623563061873,0.4540948585370775,0.611107657242262,13086237.294779148,12492631.119158264,9779680.720551163,6375084.976816359,19503443.494422447,0.0014127379067710505,0.0018304895037770498,0.000771934577358377,0.0007632750601711,0.0018627496842269,120704.0,120704.0,0.0,120704.0,120704.0,965632.0,965632.0,0.0,965632.0,965632.0,0.5578846539989172,0.5259898334988975,0.12132465539589683,0.5040131669957191,0.586913375002041,52.0,52.0,0.0,52.0,52.0,False,False,False
hybrid,well_joint,26,10,0.2366837928475455,0.2341179824455341,0.06656277503343659,0.1898951896547137,0.2887647482035015,0.00080543393129387,0.00078781998542005,0.00012201123920014733,0.0006908519328419,0.0009052143787989,0.18399761429714834,0.19098937418990336,0.06457718724098888,0.1281119282640828,0.2419834331134907,0.00031237640643835997,0.00031058979140505,3.805582960019605e-05,0.0002829731065653,0.0003433136486578,0.6199825208966101,0.5746708069744464,0.15029138375921477,0.5251967516892282,0.6481051331187646,4215.39332201073,4427.9304171188705,826.4320253285906,3680.9544572465143,4719.4294437670205,0.0009585251894807904,0.0012243218985066,0.00063226372261401,0.0003224689850108,0.0014758433608768,188708.0,188708.0,0.0,188708.0,188708.0,1509664.0,1509664.0,0.0,1509664.0,1509664.0,0.9716671417983889,0.939834520999284,0.13759173929647145,0.8862405830004718,1.0541672090039356,52.0,52.0,0.0,52.0,52.0,False,False,False
original_basis_optimized_recovery,well_joint,26,10,0.4377161544289231,0.4374827655935653,0.048841918813549615,0.4142817474768152,0.4472963859250842,0.0042464694320703995,0.0042374671166111495,5.012931667495739e-05,0.0042071479870115,0.0042495371090685,0.27764739097801755,0.2782082032107238,0.04757430842945457,0.238172625200381,0.3143407342465553,0.0019004253091087597,0.00190048358494075,3.0794201164478484e-05,0.0018830370694568,0.0019103099210064,2.8777676480367913,3.0036472730927084,0.5418747805756136,2.5950493342132206,3.2715482547871915,1605.459241150262,1451.2893620791397,323.521678916903,1345.9299570674164,1831.5203309071132,0.00018766622857868716,0.00016565836464485002,0.00014945571626611632,0.000137008142879,0.0002743637218154,101860.0,101860.0,0.0,101860.0,101860.0,814880.0,814880.0,0.0,814880.0,814880.0,10.209926687399275,10.074531104499329,0.8754358776760668,9.508314083002915,10.710296749995903,52.0,52.0,0.0,52.0,52.0,False,False,False
rank_optimized_joint,well_joint,26,10,0.09985562236628433,0.1017619230352571,0.026871783032334465,0.0796602245935446,0.121123891121382,0.00065754293137782,0.0006603498814126,0.0001439425701641024,0.0005601591013186,0.0007528590257887,0.07932878022252707,0.07208632925026301,0.024656758099257593,0.0637903665423278,0.0987982761442727,0.00025667028736746,0.0002685989615295,4.1638983688100895e-05,0.0002242764001766,0.0002872491678363,0.4689854615175169,0.4503896066796874,0.14685653583276598,0.3723866203418338,0.598269666870742,27223.715375979235,26380.903308503955,7715.369813296447,20109.931620790096,35237.041663495955,0.001506016321043239,0.00184543358269925,0.0008489386091447129,0.0013489201127707,0.0018504899774399,259188.0,259188.0,0.0,259188.0,259188.0,2073504.0,2073504.0,0.0,2073504.0,2073504.0,1.1137917291998747,1.0975723335031944,0.17525642300395397,0.9818984160010586,1.2366713330047787,52.0,52.0,0.0,52.0,52.0,False,False,False
POD,well_joint,27,10,0.20963308047140425,0.19999116028876365,0.09731181426557557,0.1492531624575544,0.2296438893773724,0.0007228660365658801,0.00075843319920475,0.00016283408593340744,0.0007020614001742,0.0007822187110554,0.14484784698539116,0.13821888312065916,0.05802022841423901,0.1154869811320861,0.172667385932739,0.00020845434742755003,0.0002143716208118,4.65687782936017e-05,0.0001835352132976,0.0002308245823293,0.579209071082748,0.5913701684761203,0.23362692970864105,0.405643819828787,0.6694917343677842,65.43251135700295,64.53133877951534,14.48186950612731,51.737463156231634,73.80437171890354,1.1082706853477772e-06,7.774135320188295e-07,7.377586303469854e-07,7.139699169455614e-07,8.656015301025227e-07,316800.0,316800.0,0.0,316800.0,316800.0,2534400.0,2534400.0,0.0,2534400.0,2534400.0,1.292954733499937,1.29505272949973,0.10029715001858687,1.2014440409984672,1.352346416999353,54.0,54.0,0.0,54.0,54.0,False,False,False
POD-E,well_joint,27,10,0.08660891006041672,0.0838213900379713,0.03278441134120339,0.0543453466831144,0.1239145334811386,0.00059444177647784,0.0005869162406521499,0.0001250991308221022,0.0004903599300466,0.0007159360481124,0.06529072825196662,0.0614745523903304,0.028110655877919728,0.041011928371055,0.079979303824289,0.00018452515785301,0.0001954993668943,3.742785755352168e-05,0.0001485321013731,0.000204180935901,0.42024169144201295,0.4269117956042857,0.12760688009549886,0.3078221382343923,0.4894254646139875,26332.47283639317,27521.874729915748,6427.664218214902,23254.976090290427,31421.792432838534,0.0005424695488761588,8.851804208584635e-07,0.0008727367102737179,7.644135840202128e-07,0.0017250241278241,316800.0,316800.0,0.0,316800.0,316800.0,2534400.0,2534400.0,0.0,2534400.0,2534400.0,1.25942648339842,1.241910395994637,0.08394504072825856,1.2020911250001518,1.3391447919930215,54.0,54.0,0.0,54.0,54.0,False,False,True
final_accuracy,well_joint,27,10,0.18945339695592756,0.18224352516366427,0.054571844958294015,0.1513870372114558,0.2203140532674722,0.00067154371425149,0.00068830259221275,0.00012884544209601235,0.000593279789595,0.0007763456890786,0.14950111008267894,0.14426874415031127,0.048612798294350744,0.1178424370353808,0.1647042681694493,0.00020272993684162,0.00020589294276645,4.0018857597469766e-05,0.0001728718218832,0.0002293287873525,0.5261980030991122,0.5323829313642833,0.15543109673326544,0.3733829004734194,0.6487379809712057,13864652.183396885,8896816.140653823,15609714.742119538,66113.0391560352,21159217.573722243,0.0012241106210547329,0.0018558563609356,0.0008631145216307896,0.0002424849624088,0.0018679824586291,149728.0,149728.0,0.0,149728.0,149728.0,1197824.0,1197824.0,0.0,1197824.0,1197824.0,0.6617432206992817,0.623701541499031,0.1423143578430971,0.5486494580036378,0.6849100419931347,54.0,54.0,0.0,54.0,54.0,False,False,False
final_pareto,well_joint,27,10,0.21845813525896976,0.18568071895230176,0.08569153634960212,0.1422694622353677,0.2974553835837811,0.00065382664254505,0.00067487878404595,0.00010236491240977426,0.000636077093841,0.0007117128448165,0.17955625212656603,0.1526383171595822,0.07406183118557699,0.1235206476438896,0.2451527152108734,0.00019666893012826002,0.00020590757149545,3.1444736534750506e-05,0.0001650972074195,0.0002220827094039,0.5170941301804273,0.5590706562701222,0.11700019592274515,0.4274085344492845,0.6114794153731481,9633209.101692323,10526523.55786786,6463163.44922065,5063771.315460765,13548664.72906191,0.001487902224066451,0.00184232330453465,0.0008511773322014294,0.000758758766876,0.0018734924812079,120704.0,120704.0,0.0,120704.0,120704.0,965632.0,965632.0,0.0,965632.0,965632.0,0.5578846539989172,0.5259898334988975,0.12132465539589683,0.5040131669957191,0.586913375002041,54.0,54.0,0.0,54.0,54.0,False,False,False
hybrid,well_joint,27,10,0.23362174043214057,0.23725593858744304,0.05605327623871235,0.1964964010774755,0.2698267514724678,0.00079119877788791,0.0007815283968073501,0.00011373909363440035,0.0006780017457944,0.0008956494509291,0.18443222860279757,0.19673603539163648,0.055534627919757995,0.1445482243300914,0.2235853142852629,0.00031049007890872,0.0003065299390163,4.10064499522348e-05,0.0002797126218823,0.0003380986153859,0.6122262040220245,0.5705240072554538,0.14965346319502879,0.510140362113174,0.6428048286240947,4140.841530810474,4153.657224658964,809.9630845060061,3586.551426721364,4720.931148784761,0.0009763850579009564,0.0012020231879706,0.0006624676984689227,0.0003040303834263,0.0014763624737012,188708.0,188708.0,0.0,188708.0,188708.0,1509664.0,1509664.0,0.0,1509664.0,1509664.0,0.9716671417983889,0.939834520999284,0.13759173929647145,0.8862405830004718,1.0541672090039356,54.0,54.0,0.0,54.0,54.0,False,False,False
original_basis_optimized_recovery,well_joint,27,10,0.4347276138576478,0.42982683189622384,0.05089960233284879,0.4142014946228293,0.4494406268950491,0.00424259352828551,0.0042398437166588,4.1587639625852114e-05,0.0042061928639776,0.0042503081928275,0.27517459686113466,0.28338039940635124,0.04765860700608106,0.2373265938149922,0.3073617004426691,0.00189960206424893,0.0019019935454483,2.8119214771062882e-05,0.0018830881212686,0.0019107697831095,2.873242796423032,2.992510979396907,0.5388824209605769,2.594354706312831,3.2797076952141877,1544.6844917887024,1459.377365940819,210.1671404564513,1350.692663293242,1763.3977801167075,0.0001548120285768233,0.00014409962033845,9.789828585989683e-05,0.0001336243759649,0.0002522236841868,101860.0,101860.0,0.0,101860.0,101860.0,814880.0,814880.0,0.0,814880.0,814880.0,10.209926687399275,10.074531104499329,0.8754358776760668,9.508314083002915,10.710296749995903,54.0,54.0,0.0,54.0,54.0,False,False,False
rank_optimized_joint,well_joint,27,10,0.10188147653745891,0.10406970828698585,0.030503959041230905,0.0801921465328876,0.1184547048949434,0.0006628253591367501,0.0006588182816737,0.00014661196258224706,0.0005622233284647,0.0007530448725445,0.08040983013584824,0.07140682955857616,0.028157003355455533,0.0615124039372988,0.0985087495815493,0.00025935622993214003,0.0002685171128136,4.360122230032022e-05,0.0002294063733201,0.0002959298764254,0.47449002202215196,0.449522215272263,0.15042168181821203,0.3712273951495429,0.6105649019263499,24961.3270902211,24394.80112981076,6238.217251524312,19404.185876246684,29463.70700295486,0.0014993528503735288,0.0018513029435985,0.0008259361529819963,0.0013159978045045,0.0018845855263219,259188.0,259188.0,0.0,259188.0,259188.0,2073504.0,2073504.0,0.0,2073504.0,2073504.0,1.1137917291998747,1.0975723335031944,0.17525642300395397,0.9818984160010586,1.2366713330047787,54.0,54.0,0.0,54.0,54.0,False,False,False
POD,well_joint,28,10,0.2066430765704496,0.1966735995668757,0.09732698425363721,0.1491032498977091,0.2261095860283756,0.00071795284859298,0.00075361964046155,0.00015945662979638303,0.0006924228866179,0.0007820526119003,0.14207782175108916,0.13436145493545815,0.05718188867971225,0.1151960558331449,0.1639412513271459,0.00020715440062096,0.00021308963080080001,4.599342262694921e-05,0.0001811042986722,0.00022865731048,0.5747870862653041,0.5812786751302164,0.23303412845427157,0.4058807488306482,0.6692339221232841,64.49390033210202,63.84798341830674,13.763721433130039,51.34077709952236,73.32408214351487,1.1442669265101754e-06,7.689548757004279e-07,7.225935382810753e-07,7.246240524442069e-07,1.0874060344098037e-06,316800.0,316800.0,0.0,316800.0,316800.0,2534400.0,2534400.0,0.0,2534400.0,2534400.0,1.292954733499937,1.29505272949973,0.10029715001858687,1.2014440409984672,1.352346416999353,56.0,56.0,0.0,56.0,56.0,False,False,False
POD-E,well_joint,28,10,0.08203659373641903,0.07762269347960876,0.030675435643242852,0.0528559616670481,0.1081882970142599,0.00059428101699042,0.0005864702327851,0.00012334753254646924,0.0004958549307152,0.0007121252391121,0.06039856914798107,0.0579745766325868,0.02581531958441785,0.0376038509501028,0.0713775095502387,0.00018461073535561,0.00019505832609764998,3.7043438585769086e-05,0.000150344919275,0.0002041768921837,0.41705314950128847,0.4176946973026877,0.12591207810212368,0.3078886385143475,0.4842974255918224,26300.911770626582,27114.20947387586,6343.1529614488745,23258.61992977208,31206.589220828864,0.0005491253127749928,9.287255501052492e-07,0.000883159495908771,7.92293193578524e-07,0.0017669182330942,316800.0,316800.0,0.0,316800.0,316800.0,2534400.0,2534400.0,0.0,2534400.0,2534400.0,1.25942648339842,1.241910395994637,0.08394504072825856,1.2020911250001518,1.3391447919930215,56.0,56.0,0.0,56.0,56.0,False,False,True
final_accuracy,well_joint,28,10,0.18304391897202615,0.1799330051646651,0.049597328831731534,0.1520396445313132,0.2190775879660275,0.00067026095305294,0.00068560211347585,0.00012889010512390057,0.0005924845013223,0.0007750423053547,0.14263844533990672,0.13037689337311958,0.04384757763657495,0.1176077487643169,0.1648706224133117,0.00020243298699401002,0.0002052702404885,4.0076419171859936e-05,0.0001720654796043,0.0002293287873508,0.5192984211914824,0.5318492701701143,0.14871308253469914,0.3733203741859611,0.6108229587885698,13795950.18135272,9072040.252079025,15258008.628405968,66053.24886241468,21500875.74610078,0.0012232867488812184,0.00185096444362065,0.0008555933696968504,0.0002735883458797,0.001866703947325,149728.0,149728.0,0.0,149728.0,149728.0,1197824.0,1197824.0,0.0,1197824.0,1197824.0,0.6617432206992817,0.623701541499031,0.1423143578430971,0.5486494580036378,0.6849100419931347,56.0,56.0,0.0,56.0,56.0,False,False,False
final_pareto,well_joint,28,10,0.20576899683264122,0.1841897577433511,0.08246434050585472,0.1370841943970707,0.2558197214281527,0.00065316423714669,0.0006744260718942,0.00010199300905036587,0.000636119644282,0.0007078531434529,0.16703715293348514,0.15081633762443813,0.07096295171002735,0.1183519046444278,0.206913830735277,0.00019651013395052,0.00020529168892655,3.139239124018707e-05,0.0001650471955634,0.0002220902900127,0.5100108260420353,0.546964420498719,0.11146075223227557,0.4284136167400945,0.6057687933755641,9464339.748968434,10158455.550605236,6363850.47361059,5138535.578973937,12899211.154303083,0.001382600939092943,0.00183956030448995,0.0007395569244981152,0.0007640451127864,0.0018508421052317,120704.0,120704.0,0.0,120704.0,120704.0,965632.0,965632.0,0.0,965632.0,965632.0,0.5578846539989172,0.5259898334988975,0.12132465539589683,0.5040131669957191,0.586913375002041,56.0,56.0,0.0,56.0,56.0,False,False,False
hybrid,well_joint,28,10,0.22792505787307524,0.23008045927914822,0.05910686491362227,0.1967243783030124,0.2685608021070914,0.0007868253757216199,0.00077918803832335,0.00011199208566582032,0.0006982105786498,0.0008880183372202,0.1789779412499021,0.1878070952064807,0.05876043301823908,0.1328994555481576,0.2237832935266864,0.00030908991323683,0.00030630075929595,4.014395681650571e-05,0.0002818770605843,0.0003363350855211,0.6045650253393079,0.5644339216512722,0.1428246935836095,0.5020397126283143,0.6453224815531884,4108.890699540779,4106.983590313798,825.0396108452591,3536.9092427464193,4755.254841252376,0.0009552628127671615,0.00108407863532405,0.000656438338220957,0.000298568293215,0.001471262842102,188708.0,188708.0,0.0,188708.0,188708.0,1509664.0,1509664.0,0.0,1509664.0,1509664.0,0.9716671417983889,0.939834520999284,0.13759173929647145,0.8862405830004718,1.0541672090039356,56.0,56.0,0.0,56.0,56.0,False,False,False
original_basis_optimized_recovery,well_joint,28,10,0.4389893484120921,0.4407303769381222,0.048915793179505195,0.4155834549472761,0.4556510618548426,0.00424517977691236,0.00423835327435425,4.472032327146833e-05,0.0042062282393246,0.0042581454679958,0.28078484465698395,0.2788690089954571,0.049655055461513456,0.2342649127443234,0.3271280007981805,0.0019007550655918497,0.0019049735070410501,2.9251951294138733e-05,0.0018832613381975,0.0019110899942418,2.8795015476981964,2.994774934050845,0.5468199621736127,2.5933225411178817,3.2843174289746484,1502.7428770646395,1469.5526930593278,147.02134138240936,1358.4576119568658,1631.310944034058,0.00014791741804828792,0.0001574119661726,8.60200806036338e-05,0.000136526939818,0.0002076434886981,101860.0,101860.0,0.0,101860.0,101860.0,814880.0,814880.0,0.0,814880.0,814880.0,10.209926687399275,10.074531104499329,0.8754358776760668,9.508314083002915,10.710296749995903,56.0,56.0,0.0,56.0,56.0,False,False,False
rank_optimized_joint,well_joint,28,10,0.09629168439633992,0.09922087916612765,0.02472925052929944,0.0801994725579727,0.1055655811874169,0.0006620696781999801,0.00065971415481095,0.00014543188519259504,0.0005623364975279,0.0007512302376,0.07494387628742256,0.0698493201245058,0.022944178832196276,0.0571492581006684,0.0849035075291913,0.00025934730281493,0.0002686306915604,4.4219510898264556e-05,0.0002290396566572,0.0002953181325113,0.4691815517402599,0.4484675235216491,0.14565324483647576,0.3704934869544049,0.5980856465059807,23867.69065582698,24016.979823460224,4402.963634421632,19319.59805150985,27973.055002130735,0.0014593573007524452,0.00185015664284495,0.0007922420607643367,0.0013319570752262,0.0018569780752164,259188.0,259188.0,0.0,259188.0,259188.0,2073504.0,2073504.0,0.0,2073504.0,2073504.0,1.1137917291998747,1.0975723335031944,0.17525642300395397,0.9818984160010586,1.2366713330047787,56.0,56.0,0.0,56.0,56.0,False,False,False
POD,well_joint,29,10,0.23126710632711428,0.20355086357187002,0.1353066154135285,0.15033642915082,0.2606068636485418,0.00076696287987111,0.000750138388553,0.00028042577623776883,0.0006595578985908,0.0007821662418972,0.15128411921430787,0.14368626498340514,0.06370051812431583,0.1121394599478058,0.1973967878127864,0.00021698197548735,0.00021130342297625,7.731187259712721e-05,0.0001789833845405,0.0002331895902918,0.6270337258094107,0.5738466967877278,0.36738691455874156,0.4055710338027286,0.6705163409964386,60.79572091367945,59.31691490745482,10.71918498086588,51.18511907550032,69.13898838820688,1.190193985454052e-06,8.782894872269011e-07,7.557000860466498e-07,7.471804510577953e-07,1.0729924717890028e-06,316800.0,316800.0,0.0,316800.0,316800.0,2534400.0,2534400.0,0.0,2534400.0,2534400.0,1.292954733499937,1.29505272949973,0.10029715001858687,1.2014440409984672,1.352346416999353,58.0,58.0,0.0,58.0,58.0,False,False,False
POD-E,well_joint,29,10,0.07742369269849514,0.06737709701798815,0.03217522490276307,0.0524691353284604,0.1098301207390781,0.0005761186612754201,0.0005862451776367,0.00011193688662528195,0.0004552521726205,0.0006651076804014,0.05814096207465721,0.051042255838152154,0.026982347228521192,0.0359618422711823,0.069531683644812,0.0001826845461058,0.0001908031874654,3.817296561255575e-05,0.0001439160454579,0.0002040839923054,0.40339356937186466,0.38301913298867124,0.12244219571306945,0.3088097086439932,0.4523633475528485,22378.160233308863,22571.02680480465,5181.069696142102,17068.47984338257,24991.62290295643,0.000552512154880723,9.663232951862666e-07,0.000888249907677884,8.032556546193765e-07,0.0018198364661547,316800.0,316800.0,0.0,316800.0,316800.0,2534400.0,2534400.0,0.0,2534400.0,2534400.0,1.25942648339842,1.241910395994637,0.08394504072825856,1.2020911250001518,1.3391447919930215,58.0,58.0,0.0,58.0,58.0,True,True,True
final_accuracy,well_joint,29,10,0.18502906573848094,0.1769922111925519,0.054353593192309826,0.1519317416321448,0.2179607320575752,0.0006646194661001799,0.0006690705429714,0.0001279591516370475,0.000590860939821,0.0007662988591441,0.14475679790686458,0.13049369256614513,0.0476700979118816,0.1164993485564071,0.1649247710025644,0.00020065431351721998,0.00020204552124145,3.915176586298662e-05,0.0001716749043793,0.0002291503616344,0.5175206680705569,0.5258812631742686,0.14940863864271856,0.3708877488737686,0.6207805555119114,11275047.561183944,9196378.517032012,12841720.809318183,55076.69607288402,14152051.27031822,0.0011985869992480725,0.0016975936729218002,0.000842432267546189,0.0002699489323413,0.0018645980601291,149728.0,149728.0,0.0,149728.0,149728.0,1197824.0,1197824.0,0.0,1197824.0,1197824.0,0.6617432206992817,0.623701541499031,0.1423143578430971,0.5486494580036378,0.6849100419931347,58.0,58.0,0.0,58.0,58.0,False,False,False
final_pareto,well_joint,29,10,0.1801760896855446,0.15552063257243035,0.0819375043183083,0.1322812181086695,0.1840528434389268,0.00064935952709864,0.00067169096246095,9.99413808973321e-05,0.0006361196505148,0.0007003686275239,0.14444721602143687,0.12003671091289661,0.07022584659142395,0.099354562006013,0.1608691387765319,0.0001952308589481,0.00020241647933945,3.0432933308958688e-05,0.0001649246440087,0.0002221029162721,0.4971593693295171,0.5143484149263768,0.1062849386137099,0.4285888239593595,0.5672478887841669,9429533.094916865,10280386.979463464,6352146.126481155,5234887.323439664,12329770.856731862,0.0013768462405950462,0.00182896381580175,0.0007342098660716596,0.0007589577067655,0.0018717431052674,120704.0,120704.0,0.0,120704.0,120704.0,965632.0,965632.0,0.0,965632.0,965632.0,0.5578846539989172,0.5259898334988975,0.12132465539589683,0.5040131669957191,0.586913375002041,58.0,58.0,0.0,58.0,58.0,False,False,False
hybrid,well_joint,29,10,0.22152982531863472,0.22906113502913494,0.055094868370396094,0.1961369169347217,0.2653146748028102,0.0007966974694290001,0.0007800216437377,0.00011775829127947516,0.0007410362288789,0.0008951640611063,0.17637976099931202,0.1866952721837532,0.05025886774168591,0.1272483580628174,0.2126165013438894,0.00031589445754990004,0.00031324084261075,4.421465565950473e-05,0.0002978705169782,0.000337582757774,0.6061630778367417,0.5594016037289297,0.1384168754306343,0.5012050625819064,0.7069710642085109,4045.7496004765467,3988.80100576554,883.150631192524,3096.5669894657053,4802.061989754266,0.0009507741233118139,0.0009286817029963499,0.0006961782948887467,0.0003033778195827,0.0014898314511537,188708.0,188708.0,0.0,188708.0,188708.0,1509664.0,1509664.0,0.0,1509664.0,1509664.0,0.9716671417983889,0.939834520999284,0.13759173929647145,0.8862405830004718,1.0541672090039356,58.0,58.0,0.0,58.0,58.0,False,False,False
original_basis_optimized_recovery,well_joint,29,10,0.43826279215014247,0.4391133701553589,0.048775103454431194,0.4144728771283213,0.455558014198107,0.0042444055520240295,0.0042380071937004,4.435491035025236e-05,0.0042061950814936,0.0042617704666102,0.2794945895174673,0.2766077846716657,0.04938629830751001,0.2343894647257515,0.3250837539679118,0.00189992137328646,0.0019039371758888999,2.8783226332394428e-05,0.0018832606112627,0.0019074501609176,2.878629925226621,2.9950899063368857,0.546083205627664,2.592906277116506,3.2868398172557,1487.9681890455163,1482.8158364082233,113.38401394976968,1368.6441374075991,1583.841468008876,0.00014392171052668055,0.00015726550749174998,8.279807565141801e-05,0.0001329805789391,0.0001955707969986,101860.0,101860.0,0.0,101860.0,101860.0,814880.0,814880.0,0.0,814880.0,814880.0,10.209926687399275,10.074531104499329,0.8754358776760668,9.508314083002915,10.710296749995903,58.0,58.0,0.0,58.0,58.0,False,False,False
rank_optimized_joint,well_joint,29,10,0.09384664257627104,0.08887288245382255,0.0250315005265899,0.0793191207513873,0.1067854093513965,0.0006645619658461999,0.00065992552142395,0.00015429422513049524,0.0005629135005852,0.0007501181483583,0.07357973667721546,0.0659597747748983,0.022921281187725455,0.0595948797474457,0.0871264037148618,0.00025915442335224,0.00026557054175745,4.8163900398867566e-05,0.000224045770129,0.0002875265679911,0.46950756571562346,0.44802715679825805,0.15289592950950798,0.3696651516499902,0.5855354024949684,22209.847809203126,22877.657253995087,4147.904900919444,19225.676703284644,25063.199788005317,0.0014555079563886998,0.0018428035676842,0.000793823522810026,0.0013039752480917,0.0018570153533937,259188.0,259188.0,0.0,259188.0,259188.0,2073504.0,2073504.0,0.0,2073504.0,2073504.0,1.1137917291998747,1.0975723335031944,0.17525642300395397,0.9818984160010586,1.2366713330047787,58.0,58.0,0.0,58.0,58.0,False,False,False
POD,well_joint,30,10,0.21638360242452878,0.17912139511489034,0.12307129290893183,0.1473877501309532,0.2641081100552693,0.00075555643988257,0.000750592029771,0.00025807722834501824,0.0006174011082072,0.0007822789547786,0.1546122678744226,0.1320465409067496,0.0841257810708123,0.1063965357758699,0.2137403689338048,0.00022762183880241003,0.0002217949748086,7.530938289998392e-05,0.000209037244803,0.000231625173127,0.6139845818792746,0.5841949551375895,0.34110236205993333,0.4058661339053108,0.6725945712621582,62.255938173145765,60.34213368964376,11.79040430437707,51.05970548654898,72.69364015087287,1.1457067728742844e-06,8.421014999634678e-07,6.821620539709477e-07,7.18360930012497e-07,1.0958646907282054e-06,316800.0,316800.0,0.0,316800.0,316800.0,2534400.0,2534400.0,0.0,2534400.0,2534400.0,1.292954733499937,1.29505272949973,0.10029715001858687,1.2014440409984672,1.352346416999353,60.0,60.0,0.0,60.0,60.0,False,False,False
POD-E,well_joint,30,10,0.08397055428490806,0.07756327305775575,0.027327606931751017,0.0703506669587883,0.1043299740385059,0.0005749407677216499,0.0005761495604816,0.00013026236559156822,0.0004578937824576,0.000662267302888,0.06440237143441689,0.06158200514403375,0.022974167059443405,0.0485061747565998,0.0720678593136519,0.00018740247118864,0.0001956895836703,4.4408426759022224e-05,0.0001402266687051,0.000211213417457,0.40377597305604657,0.3697765684209473,0.12608767682295233,0.3085688325194058,0.4936974874284341,20179.546694305518,19188.550294584602,3877.2147728284735,17030.577055608883,23323.23233355352,0.0005963643473567252,9.067969626915131e-07,0.0009649842933777532,7.706766517454744e-07,0.0018437365263099,316800.0,316800.0,0.0,316800.0,316800.0,2534400.0,2534400.0,0.0,2534400.0,2534400.0,1.25942648339842,1.241910395994637,0.08394504072825856,1.2020911250001518,1.3391447919930215,60.0,60.0,0.0,60.0,60.0,False,False,False
final_accuracy,well_joint,30,10,0.1787447173101422,0.17598802831930255,0.04626701207277428,0.1473031663885754,0.2167283475010728,0.00064433977860039,0.0006512700283474999,0.00012865467380149956,0.0005201158855381,0.0007490585439137,0.1405168606030423,0.12760839324121137,0.04362671748765961,0.114883460713775,0.1635225588209923,0.00019527225564526998,0.00019973681304215,3.91165223002175e-05,0.0001533007453786,0.000224255833266,0.49896007232591516,0.5041886768851511,0.1412702118993955,0.3706254879605353,0.6065293483790135,7080902.429449977,8642810.691253712,5539935.699249909,31595.757885667535,10343712.777846469,0.0011959505315856118,0.00169630560524915,0.0008402582045879739,0.0002691469248143,0.001862363413539,149728.0,149728.0,0.0,149728.0,149728.0,1197824.0,1197824.0,0.0,1197824.0,1197824.0,0.6617432206992817,0.623701541499031,0.1423143578430971,0.5486494580036378,0.6849100419931347,60.0,60.0,0.0,60.0,60.0,False,False,False
final_pareto,well_joint,30,10,0.17535106919925286,0.1462692245617195,0.08348268605991355,0.1201760719176323,0.1844624255267252,0.0006512128397160499,0.00064084430440325,0.00011844161159732624,0.000614546691113,0.0007003686378545,0.13962279967005103,0.1173841838705702,0.07207774737509921,0.0912993773709258,0.1587924954589845,0.00019681488378855,0.00019321894120935,3.7859243672618315e-05,0.0001649052426287,0.0002221028995504,0.4948910055088732,0.5112437450222538,0.10477584612580264,0.427244006380064,0.5638068544461312,7800904.18082118,9325919.441758178,4698943.223356525,5330575.43208808,10943732.4518109,0.0014758404127846346,0.0018386812330835,0.0008698452900767167,0.0007563906616624,0.0018719827668864,120704.0,120704.0,0.0,120704.0,120704.0,965632.0,965632.0,0.0,965632.0,965632.0,0.5578846539989172,0.5259898334988975,0.12132465539589683,0.5040131669957191,0.586913375002041,60.0,60.0,0.0,60.0,60.0,True,True,False
hybrid,well_joint,30,10,0.21172923915891242,0.22903323296039868,0.06865256946047359,0.1478885848428325,0.2718404158949741,0.0007876449677104401,0.0007798749569052,0.00012239889457895035,0.0007105614857704,0.0008950589032402,0.1680957649212517,0.1869185010324417,0.06020374085492962,0.1130738722134704,0.2254632500268089,0.00030884033497181006,0.0003066000908168,4.393091804684222e-05,0.0002776745716993,0.0003373977128496,0.5907411913084979,0.5583474439986298,0.1340351618171206,0.5010288826487752,0.6062110693859895,3851.5272845833606,3880.692211717176,628.9253446672791,3105.0836640911807,4354.290362874614,0.0009694690172865582,0.0009344937330970501,0.0007450376324493673,0.0003029163534047,0.0014697525112936,188708.0,188708.0,0.0,188708.0,188708.0,1509664.0,1509664.0,0.0,1509664.0,1509664.0,0.9716671417983889,0.939834520999284,0.13759173929647145,0.8862405830004718,1.0541672090039356,60.0,60.0,0.0,60.0,60.0,False,False,False
original_basis_optimized_recovery,well_joint,30,10,0.42887296224693056,0.4217230457438001,0.050649024537584,0.4087649357368119,0.4430388554891553,0.004234502831590799,0.0042349331694154,2.697805659880981e-05,0.0042072028963555,0.0042455149216025,0.26591021284734156,0.2744323998884029,0.04577157211194872,0.2287593973108904,0.2859326293736411,0.0018950925392728101,0.00189939657141265,2.3582879860693712e-05,0.0018838366298924,0.0019060139721931,2.8639657490242163,2.9845621187186735,0.530623902717778,2.5904917715919167,3.258111541691396,1451.966955401626,1425.409600554574,77.31312570119124,1382.211482721543,1548.9535128482305,0.0001317129082812289,0.0001599645977404,7.13736921764585e-05,0.0001329176090272,0.0001731817067873,101860.0,101860.0,0.0,101860.0,101860.0,814880.0,814880.0,0.0,814880.0,814880.0,10.209926687399275,10.074531104499329,0.8754358776760668,9.508314083002915,10.710296749995903,60.0,60.0,0.0,60.0,60.0,True,True,False
rank_optimized_joint,well_joint,30,10,0.0891685620779109,0.08167548856762995,0.023442785334992822,0.0785330062257792,0.09572806556284,0.0006427652950720799,0.00063762362206855,0.00013212520960664338,0.000561662204417,0.0007107611808677,0.07079084485488184,0.0650742549844448,0.02214002070981832,0.054619809900547,0.0717876312818999,0.00025631175356403995,0.00026228426971395,4.327481976181088e-05,0.0002321201535275,0.0002705641959248,0.4507531686270109,0.4390454211433962,0.1395479941105896,0.369305282006774,0.4983479519317942,21132.496692163113,21283.973275229186,3662.445697276744,18948.86465144641,23553.67663776051,0.001447241072173339,0.0018423242481114999,0.0007859450194725095,0.0013056970526389,0.0018474364060102,259188.0,259188.0,0.0,259188.0,259188.0,2073504.0,2073504.0,0.0,2073504.0,2073504.0,1.1137917291998747,1.0975723335031944,0.17525642300395397,0.9818984160010586,1.2366713330047787,60.0,60.0,0.0,60.0,60.0,False,True,False
POD,well_pressure,1,10,29.6647255837626,29.977978611054677,1.0767831069783165,29.306011630880423,30.584372829191143,0.26387835587938124,0.26394802586217425,0.0014964705948238644,0.2632778537589898,0.2644763740024298,28.426800847282976,28.743608728234207,1.1245403899844826,27.989449047781907,29.351840503498924,0.1275435002013334,0.12745304826524345,0.0007325990299497644,0.1269879294415155,0.1279586543576023,180.31980643333296,189.85045040169342,33.743158846291514,164.10777776468328,206.3963507307065,1.0,1.0,0.0,1.0,1.0,0.0018668780706682802,0.00184330780073755,7.134001950676994e-05,0.0018400914811803,0.0018614608421024,316800.0,316800.0,0.0,316800.0,316800.0,2534400.0,2534400.0,0.0,2534400.0,2534400.0,1.292954733499937,1.29505272949973,0.10029715001858687,1.2014440409984672,1.352346416999353,1.0,1.0,0.0,1.0,1.0,False,False,False
POD-E,well_pressure,1,10,1.2061385535539286,1.0056837758191144,0.4799733356169767,0.8753826698761457,1.429418512234084,0.017535098956139722,0.01556425490594315,0.005147203363483418,0.0135615484650319,0.021910736861605,0.6535826816595189,0.595941903002401,0.2448766889624022,0.4710032879308879,0.7475743453412279,0.008277416466731882,0.007342589894963,0.002533053281569625,0.0062929436716121,0.0104042950576043,11.308229571094987,10.637536540361317,3.072831952937719,8.735883415127802,11.813037124415958,1.0,1.0,0.0,1.0,1.0,7.720233111456737e-07,7.805451205879086e-07,1.6635702292816434e-07,6.556992342037366e-07,8.280075324132086e-07,316800.0,316800.0,0.0,316800.0,316800.0,2534400.0,2534400.0,0.0,2534400.0,2534400.0,1.25942648339842,1.241910395994637,0.08394504072825856,1.2020911250001518,1.3391447919930215,1.0,1.0,0.0,1.0,1.0,False,False,True
final_accuracy,well_pressure,1,10,1.047757243707896,0.9308938726496372,0.38676592863602033,0.8489499542620408,1.1024858666609434,0.2689698690988922,0.26903508666170817,0.0002724537820685143,0.2687712294597519,0.2691743822238012,0.5966547181945986,0.5646762483601628,0.22038187755050243,0.478548335082106,0.7001006023978211,0.13074023356541337,0.13077578541764864,0.00013965690578143585,0.1306339282066306,0.1308516848593634,167.6825126446012,174.38132187401257,30.37633232288605,155.35529697499695,193.18440182034024,1.0,1.0,0.0,1.0,1.0,1.345678196285144e-06,9.052293220643458e-07,1.3610709102163692e-06,8.12654167718317e-07,1.0952405995668324e-06,149728.0,149728.0,0.0,149728.0,149728.0,1197824.0,1197824.0,0.0,1197824.0,1197824.0,0.6617432206992817,0.623701541499031,0.1423143578430971,0.5486494580036378,0.6849100419931347,1.0,1.0,0.0,1.0,1.0,False,False,False
final_pareto,well_pressure,1,10,1.0361739420442444,0.9308762965323558,0.38710012025918805,0.838906870645364,1.0661631040409096,0.2689698690988922,0.26903508666170817,0.0002724537820685143,0.2687712294597519,0.2691743822238012,0.5843383590525624,0.5610399791313978,0.21733752217855357,0.4794838007742552,0.5864280112568697,0.13074023356541337,0.13077578541764864,0.00013965690578143585,0.1306339282066306,0.1308516848593634,167.671463673381,174.3295580922809,30.370556531010916,155.3553209279293,193.18431094493155,1.0,1.0,0.0,1.0,1.0,1.3461150546274605e-06,7.933910152283182e-07,1.3692337910039235e-06,7.841504122921847e-07,8.358346027868302e-07,120704.0,120704.0,0.0,120704.0,120704.0,965632.0,965632.0,0.0,965632.0,965632.0,0.5578846539989172,0.5259898334988975,0.12132465539589683,0.5040131669957191,0.586913375002041,1.0,1.0,0.0,1.0,1.0,False,False,False
hybrid,well_pressure,1,10,1.246611709000334,1.0906403719737423,0.4546246740346917,0.9118745836396498,1.4179959535301678,0.018240856322814948,0.01611734888707,0.005745046992689381,0.0142018887580906,0.0221838886548456,0.7370203029315723,0.7467372984404929,0.23611453644671238,0.5356800572951551,0.8704920003991039,0.00875783024832824,0.00770806532665035,0.002811687838035919,0.0067466668750388,0.0106548195155693,11.810445428160321,11.013863493867884,3.7946382572942925,8.66850708203291,12.760983412031974,1.0,1.0,0.0,1.0,1.0,1.9787608930767564e-06,1.0032894543225043e-06,2.4475941898849187e-06,7.478120370025754e-07,1.1889097461112795e-06,188708.0,188708.0,0.0,188708.0,188708.0,1509664.0,1509664.0,0.0,1509664.0,1509664.0,0.9716671417983889,0.939834520999284,0.13759173929647145,0.8862405830004718,1.0541672090039356,1.0,1.0,0.0,1.0,1.0,False,False,False
original_basis_optimized_recovery,well_pressure,1,10,1.2891153758245188,1.1054059193760493,0.45227273932302997,0.9689457028333072,1.4274348310012548,0.01865347208217803,0.015598853927690701,0.005691232992673863,0.0146938438502359,0.0243689314718291,0.7595310821850307,0.6654753444215056,0.2809587223866438,0.5943893163268689,0.8557874796511784,0.00917159762041556,0.00767206259260485,0.002844763862190794,0.0071957308903691,0.0119971258408024,11.997596554868498,11.029806449586193,3.315660226004701,9.858053944954117,12.95274656672374,1.0,1.0,0.0,1.0,1.0,1.3544496257799935e-06,7.861879539563972e-07,1.769171838566889e-06,6.704285624437034e-07,1.0250601589266577e-06,101860.0,101860.0,0.0,101860.0,101860.0,814880.0,814880.0,0.0,814880.0,814880.0,10.209926687399275,10.074531104499329,0.8754358776760668,9.508314083002915,10.710296749995903,1.0,1.0,0.0,1.0,1.0,False,False,False
rank_optimized_joint,well_pressure,1,10,1.2095254152765471,1.0073304135208754,0.4786377755908734,0.9111972297511428,1.431453479742257,0.017564888340888728,0.015978957907280447,0.005093003416450177,0.0135917805696447,0.0218558765699668,0.6552413030065507,0.59570592392882,0.24613635829520952,0.5000001798878142,0.7534356662999989,0.00830923579315712,0.0075751534629956,0.002504181697524937,0.0063215327183791,0.0103899055406528,11.337291216681777,10.497185422963295,3.0834792885051394,8.758938053238902,12.197136741875068,1.0,1.0,0.0,1.0,1.0,1.2931383531750705e-06,7.900977691047286e-07,1.4062241859686024e-06,7.587669485535725e-07,9.223082649024356e-07,259188.0,259188.0,0.0,259188.0,259188.0,2073504.0,2073504.0,0.0,2073504.0,2073504.0,1.1137917291998747,1.0975723335031944,0.17525642300395397,0.9818984160010586,1.2366713330047787,1.0,1.0,0.0,1.0,1.0,False,False,False
POD,well_pressure,2,10,29.650179719418855,29.95259836031428,1.0761606549660685,29.290976466855607,30.580861305362415,0.2622213005878536,0.2621804929492578,0.0019468849314900668,0.2609074716359824,0.2631572909838718,28.27610316472134,28.60187253902482,1.1053988940646509,27.86827039744995,29.207252339118696,0.12635500158131485,0.12620685875018156,0.0007592105003229384,0.1258484618679282,0.1267335695668605,179.2223356452909,188.0189706643098,33.32889311293848,163.41375342636823,205.9631860784017,2.5799791761426203,2.5707527902783625,0.04160592595151519,2.556515329120723,2.6238748036130164,0.00186753746842491,0.0018436040112906,7.695814482854112e-05,0.0018399818345779,0.0018604191729564,316800.0,316800.0,0.0,316800.0,316800.0,2534400.0,2534400.0,0.0,2534400.0,2534400.0,1.292954733499937,1.29505272949973,0.10029715001858687,1.2014440409984672,1.352346416999353,2.0,2.0,0.0,2.0,2.0,False,False,False
POD-E,well_pressure,2,10,0.6106959344879356,0.5174746462305617,0.26077187523181683,0.4475089231154264,0.8100908314367927,0.01243529075537953,0.01194987534688615,0.0017616367592235651,0.0113772290859091,0.0135847106403334,0.4117929499872467,0.3889230244906213,0.1787522308407161,0.3429132666650923,0.4249072068880633,0.0058030098663556795,0.005537785450422449,0.0008775452435448552,0.0052633058766473,0.0062807777373305,8.120217736332986,8.345677738924195,2.014359432747454,7.489548026835527,8.921848489596483,48.37389695574497,5.590898510580395,68.98709349818624,5.460812795607708,146.78499164606427,7.806390843833832e-07,7.48902254456066e-07,1.526636351962083e-07,6.879699115354316e-07,8.392857043667788e-07,316800.0,316800.0,0.0,316800.0,316800.0,2534400.0,2534400.0,0.0,2534400.0,2534400.0,1.25942648339842,1.241910395994637,0.08394504072825856,1.2020911250001518,1.3391447919930215,2.0,2.0,0.0,2.0,2.0,False,False,False
final_accuracy,well_pressure,2,10,0.4947529958345074,0.41637079347860195,0.26429140553608643,0.2949143763389767,0.5438727967982885,0.2689698690988922,0.26903508666170817,0.0002724537820685143,0.2687712294597519,0.2691743822238012,0.3606165783393168,0.33160354597363234,0.19151645955534966,0.2140730590773791,0.4339172821716401,0.13074023356541337,0.13077578541764864,0.00013965690578143585,0.1306339282066306,0.1308516848593634,167.42049975959247,173.94337839393617,30.375296456902948,155.18150257242854,192.7442108703606,128.35608668979754,52.13298782804635,240.7171597977325,51.43709644790912,53.03247811723963,8.315914813266548e-05,8.640338621221315e-07,0.0002603665959651851,7.841428628023294e-07,8.768797020560928e-07,149728.0,149728.0,0.0,149728.0,149728.0,1197824.0,1197824.0,0.0,1197824.0,1197824.0,0.6617432206992817,0.623701541499031,0.1423143578430971,0.5486494580036378,0.6849100419931347,2.0,2.0,0.0,2.0,2.0,False,False,False
final_pareto,well_pressure,2,10,0.49923136964880943,0.4104146160986557,0.28533058749880325,0.2953148810983847,0.5062042556005608,0.2689698690988922,0.26903508666170817,0.0002724537820685143,0.2687712294597519,0.2691743822238012,0.3605912130180898,0.3285982402205655,0.19493260148620017,0.2145218744769373,0.3814350928506841,0.13074023356541337,0.13077578541764864,0.00013965690578143585,0.1306339282066306,0.1308516848593634,167.4353604480254,174.14499968943716,30.36929860028342,155.18172260134622,192.74552241472776,128.9161105940847,52.35749287575814,242.0843061830979,51.53466789402592,53.148306019939525,9.581168571484655e-05,8.247180883877707e-07,0.00030028994729703647,7.409172739196373e-07,9.285713873341456e-07,120704.0,120704.0,0.0,120704.0,120704.0,965632.0,965632.0,0.0,965632.0,965632.0,0.5578846539989172,0.5259898334988975,0.12132465539589683,0.5040131669957191,0.586913375002041,2.0,2.0,0.0,2.0,2.0,False,False,False
hybrid,well_pressure,2,10,0.6150522878920953,0.5632722745114712,0.2576930117715705,0.4063830515607966,0.8015529004509893,0.01188596089683942,0.01056770226484995,0.0028158486803047398,0.0097001228326093,0.0137076741248922,0.486409708281142,0.44432367096191633,0.20561546400691283,0.3397105866938788,0.5743428920772795,0.00566725555963382,0.005002085742039751,0.001383259355796989,0.0045641545783421,0.0065804244725902,7.778881555078246,7.46685612956085,2.4641927372438817,6.271045845133534,7.662828871775364,20.158935318588668,5.524726803643707,46.211588094501536,5.481046102098448,5.721350818980349,2.1713093992994022e-05,8.602744623532e-07,6.591669790461826e-05,6.973684246343722e-07,1.1246842117735035e-06,188708.0,188708.0,0.0,188708.0,188708.0,1509664.0,1509664.0,0.0,1509664.0,1509664.0,0.9716671417983889,0.939834520999284,0.13759173929647145,0.8862405830004718,1.0541672090039356,2.0,2.0,0.0,2.0,2.0,False,False,True
original_basis_optimized_recovery,well_pressure,2,10,0.6903548035635712,0.5884032714684508,0.26487430079199165,0.5429004035719213,0.7812807806486559,0.01264595634227296,0.01236936020919275,0.002261387909423889,0.0113041166691257,0.0134635251425621,0.5114310766248071,0.44095179952944386,0.22813570180201354,0.3964355670463336,0.5154522067814568,0.00624258882264394,0.006116128434571801,0.0011270619733786168,0.005549658955684,0.0066788877688741,8.258109169490838,8.092419876808158,2.2638289167822867,6.919015936979955,8.98907320175033,20.8830398358433,5.577191529754159,48.34919102801859,5.540680457121499,5.761597750305869,1.7086403003254407e-05,7.069210457979681e-07,5.166359816945484e-05,6.193608589141272e-07,9.179248013253556e-07,101860.0,101860.0,0.0,101860.0,101860.0,814880.0,814880.0,0.0,814880.0,814880.0,10.209926687399275,10.074531104499329,0.8754358776760668,9.508314083002915,10.710296749995903,2.0,2.0,0.0,2.0,2.0,True,False,False
rank_optimized_joint,well_pressure,2,10,0.4996540089579353,0.42196017577623185,0.266022222559028,0.301109718790318,0.5463301583494792,0.012386792215582922,0.0122304665816876,0.001957552102565491,0.0110432608295894,0.0135283133153833,0.3611336847508312,0.3369140625721694,0.19292812705471066,0.2138645845550083,0.4207430703736225,0.0058184222330380005,0.00576450676856775,0.0009788672155077699,0.005118423071938,0.0064668530640588,8.04647170839835,7.72464748766777,2.2232393689230654,6.482354424583616,9.13874057505843,19.69479328219986,5.487885918455653,44.87355183494074,5.449813596263931,5.663882046670211,2.6027287220440384e-05,8.193909932852239e-07,7.97705166304193e-05,7.008195809207689e-07,9.357744212528424e-07,259188.0,259188.0,0.0,259188.0,259188.0,2073504.0,2073504.0,0.0,2073504.0,2073504.0,1.1137917291998747,1.0975723335031944,0.17525642300395397,0.9818984160010586,1.2366713330047787,2.0,2.0,0.0,2.0,2.0,False,False,False
POD,well_pressure,3,10,29.426332318320867,29.74210615016833,1.064697496000764,29.001872526292697,30.381464223687495,0.25918466741807056,0.25895815573671177,0.0012669226186287142,0.2586613265935618,0.2595943271602157,27.998269243601463,28.295164869331565,1.1092501211166308,27.467042161025095,29.007378389684053,0.12495439150286969,0.12488438946868774,0.0006608688481151061,0.1244310233107851,0.1255503345220632,177.28871848062403,186.71178068928083,33.2511733654879,161.01603396062433,202.80774223494396,7.965759659324853,7.926437900526662,0.12057169138210881,7.892561668464535,8.0118364937424,0.0018650382195515302,0.00183930262781875,7.654823774179419e-05,0.0018340491804515,0.0018592199248404,316800.0,316800.0,0.0,316800.0,316800.0,2534400.0,2534400.0,0.0,2534400.0,2534400.0,1.292954733499937,1.29505272949973,0.10029715001858687,1.2014440409984672,1.352346416999353,3.0,3.0,0.0,3.0,3.0,False,False,False
POD-E,well_pressure,3,10,0.493159319708614,0.35662321907371314,0.22738929276561862,0.3054492274591335,0.7277745651846442,0.012582580865657899,0.012630623409001951,0.00182992447512358,0.0113554891123362,0.0136382516370478,0.3249554311097916,0.2785289011881556,0.11146399667061055,0.2404304333191884,0.4094651041691891,0.0058820528947889595,0.0059130083650089,0.000907603823811696,0.0053337221963202,0.0063347968055517,8.103094639860275,8.25167427677491,2.0313695891045698,7.1090194074201145,9.290202561809648,390.06631227380205,33.38529809355229,574.2938087172753,32.41339157793652,1182.8589656202255,8.494984955943531e-07,8.309849582111842e-07,1.839362200589435e-07,6.851503959002631e-07,9.44233077571244e-07,316800.0,316800.0,0.0,316800.0,316800.0,2534400.0,2534400.0,0.0,2534400.0,2534400.0,1.25942648339842,1.241910395994637,0.08394504072825856,1.2020911250001518,1.3391447919930215,3.0,3.0,0.0,3.0,3.0,False,False,False
final_accuracy,well_pressure,3,10,0.3831551178642354,0.30314397245054103,0.20942975312650544,0.2708508074137882,0.3628042249123709,0.2689698690988922,0.26903508666170817,0.0002724537820685143,0.2687712294597519,0.2691743822238012,0.2755522219579418,0.2311771799897921,0.14043065471677316,0.1949563763787671,0.2796401360940683,0.13074023356541337,0.13077578541764864,0.00013965690578143585,0.1306339282066306,0.1308516848593634,167.3478558210699,173.80242091176942,30.37401110435967,155.1433212297035,192.52113780465916,731.512739973791,215.11821082104564,1608.4078250269908,211.5953101223714,225.44432496110392,6.495479322992605e-05,9.462744213336084e-07,0.00020246410113479194,8.004360842777598e-07,1.060774443054894e-06,149728.0,149728.0,0.0,149728.0,149728.0,1197824.0,1197824.0,0.0,1197824.0,1197824.0,0.6617432206992817,0.623701541499031,0.1423143578430971,0.5486494580036378,0.6849100419931347,3.0,3.0,0.0,3.0,3.0,False,False,False
final_pareto,well_pressure,3,10,0.40871114881353554,0.31700473734966417,0.23875285456975112,0.2848148981572895,0.3584062047648394,0.2689698690988922,0.26903508666170817,0.0002724537820685143,0.2687712294597519,0.2691743822238012,0.29343385196142135,0.25101362482143397,0.14984475249282028,0.193359429800542,0.2762722978300365,0.13074023356541337,0.13077578541764864,0.00013965690578143585,0.1306339282066306,0.1308516848593634,167.38505366487692,174.14072217193916,30.37416593165763,155.14157030241094,192.57066052912623,865.9275292139466,237.53215931909506,1973.991345545477,232.54846494107812,246.5854341281297,5.962277593110905e-05,7.96522549090949e-07,0.00018604968203792912,7.055187554105668e-07,9.107143273296996e-07,120704.0,120704.0,0.0,120704.0,120704.0,965632.0,965632.0,0.0,965632.0,965632.0,0.5578846539989172,0.5259898334988975,0.12132465539589683,0.5040131669957191,0.586913375002041,3.0,3.0,0.0,3.0,3.0,False,False,False
hybrid,well_pressure,3,10,0.5664144159771934,0.5360777377924343,0.21700541360843148,0.3886479035786693,0.7838589754131271,0.013028388817556111,0.01261571309817405,0.004623202750825712,0.0094586176617461,0.0158180230906759,0.45521963440138197,0.4458605057434414,0.1825196926542077,0.314583417803166,0.5182195517054283,0.0062526694985494905,0.0060333225808106,0.0022732339033279614,0.0045209011676571,0.0076365302599862,8.141118688782523,8.095488665648714,2.2929109050752574,6.501163458408732,8.835569305282375,141.68801915914324,41.74726181935267,320.3987966627654,35.34067444915049,44.70900000533392,1.883884511438748e-05,7.592368495906179e-07,5.7025469076579835e-05,6.766917395818615e-07,1.0613985342162669e-06,188708.0,188708.0,0.0,188708.0,188708.0,1509664.0,1509664.0,0.0,1509664.0,1509664.0,0.9716671417983889,0.939834520999284,0.13759173929647145,0.8862405830004718,1.0541672090039356,3.0,3.0,0.0,3.0,3.0,False,False,False
original_basis_optimized_recovery,well_pressure,3,10,0.632255961833091,0.5644434924979232,0.1970590071117353,0.5342786275235558,0.672652695602829,0.01452384656271232,0.01356796456539105,0.004749890620054981,0.0110503852102145,0.0156357769419372,0.46191300036990046,0.43550190354612983,0.16914499787788248,0.3302925036728471,0.5156211553430426,0.0072111526023333206,0.00672975210547545,0.0023772913949389406,0.0054136455392301,0.0078650388670983,9.070179937205248,8.553845222565954,2.2165850222537555,7.62487789252816,10.763817775700527,161.65662364698184,36.605628702157944,391.51513369576065,35.86436545297701,38.03187732642951,1.7319423303215486e-05,7.490601372656489e-07,5.2212562232602645e-05,6.162255229533446e-07,1.034774437644764e-06,101860.0,101860.0,0.0,101860.0,101860.0,814880.0,814880.0,0.0,814880.0,814880.0,10.209926687399275,10.074531104499329,0.8754358776760668,9.508314083002915,10.710296749995903,3.0,3.0,0.0,3.0,3.0,False,False,False
rank_optimized_joint,well_pressure,3,10,0.42303671993938013,0.3233431538046237,0.2140609688654762,0.2937639354163454,0.5428055586467484,0.01299063865039857,0.0124335749967787,0.004204692031807056,0.0094299107534334,0.0147522058674022,0.3113245100060129,0.26089474235426713,0.15023183519910793,0.214034853502346,0.4159242843442207,0.00614306039799963,0.0058628035168252005,0.0020819115596200986,0.0043719146352335,0.0070703883325568,8.098286809859822,7.9312818526238225,2.2970171348134834,6.17382926935601,9.51830906566441,175.63682639910672,34.374308706826085,443.95677296846566,33.68661751478313,35.77929718881764,2.370256918225385e-05,7.185150380771523e-07,7.253802250149068e-05,6.754436119655637e-07,7.659774225492282e-07,259188.0,259188.0,0.0,259188.0,259188.0,2073504.0,2073504.0,0.0,2073504.0,2073504.0,1.1137917291998747,1.0975723335031944,0.17525642300395397,0.9818984160010586,1.2366713330047787,3.0,3.0,0.0,3.0,3.0,False,False,False
POD,well_pressure,4,10,29.2939935225302,29.609020330946116,1.0769704578363488,28.77849424161442,30.218112427592864,0.2574873186878497,0.25747273679357796,0.00103825823903094,0.2568521621109709,0.2577297449223984,27.854136239258416,28.185524201964117,1.1049433447659778,27.267151181542935,28.823009835210932,0.12384947635059465,0.1239266328511838,0.0007364293141595931,0.1232905558266457,0.1242247679874344,176.17753667830334,185.24727282607057,33.1390823397354,159.84185424966623,201.50535878788503,22.222406862305,22.228200311406862,0.46642883145995234,21.773937387402977,22.69200734507101,0.00194286459775049,0.0018438500977443501,0.0002567607264571999,0.0018394107143027,0.0018826077669343,316800.0,316800.0,0.0,316800.0,316800.0,2534400.0,2534400.0,0.0,2534400.0,2534400.0,1.292954733499937,1.29505272949973,0.10029715001858687,1.2014440409984672,1.352346416999353,4.0,4.0,0.0,4.0,4.0,False,False,False
POD-E,well_pressure,4,10,0.3505519938633864,0.2933385557649232,0.12505381696531903,0.2814331210448732,0.3810406604741134,0.010573191411876048,0.0111129238059673,0.0014088968050283764,0.0093555777127107,0.011658347631229,0.2712778638788061,0.2352651412998767,0.10611135881322159,0.2097373158755095,0.2644094743583093,0.00490749033913424,0.005157688889193299,0.0007016483103014661,0.0042922002642711,0.0054453538329781,6.755569455346266,6.811467396467822,1.5419314839264477,5.362879201239939,8.067252762576096,452.4222513592569,52.46719763073369,647.0073721394003,49.57295442048328,1341.1136100743945,7.983714191565164e-07,7.640977363413746e-07,1.7144564973843092e-07,6.296992835000549e-07,9.12902257020088e-07,316800.0,316800.0,0.0,316800.0,316800.0,2534400.0,2534400.0,0.0,2534400.0,2534400.0,1.25942648339842,1.241910395994637,0.08394504072825856,1.2020911250001518,1.3391447919930215,4.0,4.0,0.0,4.0,4.0,False,False,True
final_accuracy,well_pressure,4,10,0.3246150159259239,0.2573618644098315,0.17910137436861878,0.2235312336189559,0.3451628553953904,0.2689698690988922,0.26903508666170817,0.0002724537820685143,0.2687712294597519,0.2691743822238012,0.24343911663439574,0.1947743834848627,0.1489861508957078,0.1651846579934291,0.2620370788592594,0.13074023356541337,0.13077578541764864,0.00013965690578143585,0.1306339282066306,0.1308516848593634,167.31430861452662,173.77591925774004,30.348132566941445,155.13629789776567,192.51544107329175,939.3571855940709,351.17436228637575,1847.268062043547,347.4809026489613,361.2881910991068,9.477290075842426e-05,7.897894982689698e-07,0.00029711336427399644,7.305714092567507e-07,8.43045076782486e-07,149728.0,149728.0,0.0,149728.0,149728.0,1197824.0,1197824.0,0.0,1197824.0,1197824.0,0.6617432206992817,0.623701541499031,0.1423143578430971,0.5486494580036378,0.6849100419931347,4.0,4.0,0.0,4.0,4.0,False,False,False
final_pareto,well_pressure,4,10,0.32099789707527393,0.25945068829024354,0.16247312895573224,0.2458683353581401,0.3451720725722789,0.2689698690988922,0.26903508666170817,0.0002724537820685143,0.2687712294597519,0.2691743822238012,0.24669332524316684,0.1942607502363462,0.14520966068686159,0.1748824231688374,0.2629466485513027,0.13074023356541337,0.13077578541764864,0.00013965690578143585,0.1306339282066306,0.1308516848593634,167.31223753352566,173.84768546236091,30.3374132337908,155.13630156728198,192.5035068169827,1103.5459968106607,375.0214893579317,2303.86995213105,361.7129834338682,392.1742151254786,5.9367824822638544e-05,8.043571416012019e-07,0.00018526481861197387,6.989323178698358e-07,8.784436499980047e-07,120704.0,120704.0,0.0,120704.0,120704.0,965632.0,965632.0,0.0,965632.0,965632.0,0.5578846539989172,0.5259898334988975,0.12132465539589683,0.5040131669957191,0.586913375002041,4.0,4.0,0.0,4.0,4.0,False,False,False
hybrid,well_pressure,4,10,0.5297184767901225,0.5437721263459718,0.19131196687391513,0.3861317909785363,0.7237349580674058,0.01295334067558982,0.0112829268575811,0.004552926179991779,0.0096804920628796,0.0150236387325977,0.4391910646653665,0.4040959220115849,0.18053193352171928,0.3144316599223477,0.6491645479123526,0.00621933290572972,0.0053917934047964,0.0022476484490200075,0.0046483558406914,0.007233872753306,8.064178759206982,8.240157290927286,2.1929408736584852,5.72475047901593,8.778855962231319,168.29453310672528,57.15042380447504,352.01073719552346,56.76404812564704,58.82473513758196,5.497625262845089e-05,7.015977254403489e-07,0.00017145022701808127,6.810752031589417e-07,8.963007647088988e-07,188708.0,188708.0,0.0,188708.0,188708.0,1509664.0,1509664.0,0.0,1509664.0,1509664.0,0.9716671417983889,0.939834520999284,0.13759173929647145,0.8862405830004718,1.0541672090039356,4.0,4.0,0.0,4.0,4.0,False,False,False
original_basis_optimized_recovery,well_pressure,4,10,0.6008232011393745,0.5589807548897565,0.1649752309921559,0.4919591149964895,0.6686972597451539,0.014021302420279231,0.01289490524053355,0.003905445048344123,0.0116541691723959,0.0140419418683665,0.4474852389206213,0.40190431972434293,0.16299251722330627,0.3385590421533514,0.5504759819476186,0.0069699234817222205,0.00637621454494235,0.001974879160272717,0.0057742220096005,0.0069908623878653,8.741404442105773,8.463489839301927,1.4063099771734457,7.747384210585873,9.849992300736805,199.6822478277835,65.34801290762874,423.6988302948995,63.09091853623665,66.49686450436138,3.990949398186814e-05,7.147593856999244e-07,0.00012383441035592417,5.983684629488988e-07,9.132255721291092e-07,101860.0,101860.0,0.0,101860.0,101860.0,814880.0,814880.0,0.0,814880.0,814880.0,10.209926687399275,10.074531104499329,0.8754358776760668,9.508314083002915,10.710296749995903,4.0,4.0,0.0,4.0,4.0,False,False,False
rank_optimized_joint,well_pressure,4,10,0.3634195124588576,0.28144279108674497,0.19302995238071574,0.2277388050018905,0.5013503560144675,0.01158838190274023,0.0094879581052723,0.005020169263679324,0.0085828991296468,0.0120364950413661,0.2735391050934158,0.22972835412663106,0.16024887041810965,0.170014728110296,0.2983363243535412,0.005457629603499,0.004423347537844,0.0024913076392387486,0.0039678510112768,0.0057199325139889,7.031400417156824,6.308195939972823,1.7437977995959097,5.478951147387412,8.74185310148057,220.48549705754826,52.88572596204926,528.3301519366448,51.87293323276147,57.57083016570641,6.665507744195399e-05,6.813909961313317e-07,0.0002085149712411678,6.538270701325141e-07,7.402932374647125e-07,259188.0,259188.0,0.0,259188.0,259188.0,2073504.0,2073504.0,0.0,2073504.0,2073504.0,1.1137917291998747,1.0975723335031944,0.17525642300395397,0.9818984160010586,1.2366713330047787,4.0,4.0,0.0,4.0,4.0,True,False,False
POD,well_pressure,5,10,29.243279301073585,29.539353238716714,1.0774071612351157,28.72305492789514,30.2108329382719,0.25734390756132897,0.2575972896025007,0.0010134072969567656,0.2566497865837021,0.2578659674530981,27.790298113633675,28.09241903900748,1.1063635299612153,27.182394267368977,28.79809762695247,0.12379753365135977,0.12402342883384665,0.0006763041422690964,0.123055729333199,0.1241810416683544,176.0579949755434,185.02936032439158,33.083800553872976,159.7267945387602,200.69217155993613,30.584188549251316,30.441099759130672,0.558369428262754,30.132959701930613,31.169454533171216,0.00187607866315725,0.0018547069210439501,6.742610368604075e-05,0.0018338480526323,0.00190013972178,316800.0,316800.0,0.0,316800.0,316800.0,2534400.0,2534400.0,0.0,2534400.0,2534400.0,1.292954733499937,1.29505272949973,0.10029715001858687,1.2014440409984672,1.352346416999353,5.0,5.0,0.0,5.0,5.0,False,False,False
POD-E,well_pressure,5,10,0.35183941310362066,0.31614914805179395,0.11084390171999813,0.2676844092192006,0.392011470373595,0.01047081634319231,0.01033686434416355,0.0014216539474214312,0.009386229963212,0.0118064617061567,0.276366872068705,0.2595008551049264,0.09848787893794109,0.2058895657432199,0.3003873091273119,0.00486096339185116,0.0047645488975244996,0.0007101420439073385,0.0043038918859355,0.0055023148947302,6.706236236117687,6.853112163215954,1.5461184115019968,5.398329311801641,7.5922606150900895,702.919140016921,69.03167086818158,1025.3796585045443,67.10063669406341,2023.511326650092,7.949248089759672e-07,6.967406134345197e-07,2.2832109962657257e-07,6.306390855741456e-07,8.756315744397952e-07,316800.0,316800.0,0.0,316800.0,316800.0,2534400.0,2534400.0,0.0,2534400.0,2534400.0,1.25942648339842,1.241910395994637,0.08394504072825856,1.2020911250001518,1.3391447919930215,5.0,5.0,0.0,5.0,5.0,True,False,True
final_accuracy,well_pressure,5,10,0.2840371483908556,0.2434258229930292,0.10777336542236206,0.2073123058204822,0.3654449432019252,0.2689698690988922,0.26903508666170817,0.0002724537820685143,0.2687712294597519,0.2691743822238012,0.2064667016678233,0.18800489439134987,0.07030420610021523,0.1441844189888209,0.276307954357067,0.13074023356541337,0.13077578541764864,0.00013965690578143585,0.1306339282066306,0.1308516848593634,167.29641363694913,173.75990822314347,30.378870910134744,155.1443725449704,192.51125003235023,1779.5302118256354,466.894762944169,4159.329642689723,453.6281472026393,472.34208327499664,3.63425150359532e-05,7.410714366907408e-07,0.00011245274390356023,7.023834194497843e-07,9.085263429328632e-07,149728.0,149728.0,0.0,149728.0,149728.0,1197824.0,1197824.0,0.0,1197824.0,1197824.0,0.6617432206992817,0.623701541499031,0.1423143578430971,0.5486494580036378,0.6849100419931347,5.0,5.0,0.0,5.0,5.0,False,False,False
final_pareto,well_pressure,5,10,0.27911117910426003,0.254365005615229,0.07561058069769978,0.2175693847475661,0.3665586130456986,0.2689698690988922,0.26903508666170817,0.0002724537820685143,0.2687712294597519,0.2691743822238012,0.20893298314892528,0.19409674500403468,0.06108595266545922,0.1602549056160092,0.2784661959264547,0.13074023356541337,0.13077578541764864,0.00013965690578143585,0.1306339282066306,0.1308516848593634,167.2991855708188,173.84739231358174,30.375354880889827,155.1448159160462,192.5432888003066,1744.1781667952741,481.84394630819736,4001.345828579242,471.6214567951427,488.69647458276626,2.9707394730249475e-05,7.971503876440255e-07,9.13520603986532e-05,7.039473673916961e-07,1.0319549220095956e-06,120704.0,120704.0,0.0,120704.0,120704.0,965632.0,965632.0,0.0,965632.0,965632.0,0.5578846539989172,0.5259898334988975,0.12132465539589683,0.5040131669957191,0.586913375002041,5.0,5.0,0.0,5.0,5.0,False,False,False
hybrid,well_pressure,5,10,0.3911401660065627,0.4116072311048161,0.12297200131352794,0.2752974903862123,0.44160833943413,0.01218802099529867,0.01093115113575045,0.005670778621382691,0.0093282934481053,0.0116587149016883,0.31056945166782646,0.3334611505925562,0.10250066195196017,0.2136932974158188,0.3692121894837343,0.0058383895703902604,0.0051947764118281,0.0027897735782269027,0.0044180367072181,0.0056103856780708,7.322166296130351,6.726524211414427,1.5324468830712634,5.909852154706019,8.725148487147615,208.8382114121132,71.50240242267672,435.7148859618798,68.23983146335111,75.40878656716478,0.000151456015026302,7.617481217432515e-07,0.00047620870730009414,6.679172629378456e-07,1.0247443386010434e-06,188708.0,188708.0,0.0,188708.0,188708.0,1509664.0,1509664.0,0.0,1509664.0,1509664.0,0.9716671417983889,0.939834520999284,0.13759173929647145,0.8862405830004718,1.0541672090039356,5.0,5.0,0.0,5.0,5.0,True,False,False
original_basis_optimized_recovery,well_pressure,5,10,0.5502893519802237,0.5246402412702825,0.09510484963333694,0.4837545083776025,0.6468495063386394,0.01419076404739875,0.0128379948700213,0.004714745554145396,0.0111979974499695,0.0152232539615596,0.3938754354220242,0.37653432881700166,0.0879308918050222,0.3403106276135712,0.4181003972837424,0.0070564626423918805,0.006363272150876301,0.002377807893574817,0.0055192192848741,0.0076432351489651,8.695580236392715,8.642963437477313,1.1059448199370825,7.870205338578259,9.46699730435073,489.61876170863616,93.22085903824791,1251.277118447971,90.3004637381277,100.0004192114004,0.00012676954887919494,8.06548873389742e-07,0.00039845798184594104,6.127819708632515e-07,9.714887053810788e-07,101860.0,101860.0,0.0,101860.0,101860.0,814880.0,814880.0,0.0,814880.0,814880.0,10.209926687399275,10.074531104499329,0.8754358776760668,9.508314083002915,10.710296749995903,5.0,5.0,0.0,5.0,5.0,False,False,False
rank_optimized_joint,well_pressure,5,10,0.2997185458267329,0.24782510102669913,0.12029704140667398,0.2208843114689322,0.3817692921383909,0.01202090777097348,0.01066131738954995,0.006153349771147009,0.0081365818626392,0.0120039025557446,0.2159923434279453,0.19779419877395865,0.07454093975770167,0.1568561822313715,0.2797334816667163,0.005680753990930341,0.005015026365140399,0.003039010069035218,0.0037844636751858,0.0056487576192482,7.097448502849005,6.313627452877391,1.7084812190728293,5.673935067259709,8.396317665227546,325.8049800242749,70.42068893769255,808.9372272353091,68.6704500743306,71.62598814943765,0.0001853714278230302,6.696428684342681e-07,0.0005839658970161317,6.591428957067262e-07,7.274435680793752e-07,259188.0,259188.0,0.0,259188.0,259188.0,2073504.0,2073504.0,0.0,2073504.0,2073504.0,1.1137917291998747,1.0975723335031944,0.17525642300395397,0.9818984160010586,1.2366713330047787,5.0,5.0,0.0,5.0,5.0,False,False,False
POD,well_pressure,6,10,29.22204902583419,29.524612514913393,1.0839865223071647,28.68144818576366,30.205872198267404,0.2572385286179617,0.2576058660375416,0.0009956079572122484,0.2567669028791072,0.2577316516294661,27.757962248253683,28.072468852539124,1.125469020039879,27.087432857725435,28.79744930732145,0.12379265746330212,0.12404828426454234,0.0006206049626048697,0.1232344624161353,0.1241178481289674,175.99533801203,184.9430021998471,33.12690126966176,159.7922188206376,200.68818710580695,30.590387266027513,30.44304183544897,0.5612150593327941,30.13818592405257,31.177991809448525,0.0018632806383385397,0.0018549567669248002,3.3922028257377915e-05,0.0018480379097544,0.0018712083308076,316800.0,316800.0,0.0,316800.0,316800.0,2534400.0,2534400.0,0.0,2534400.0,2534400.0,1.292954733499937,1.29505272949973,0.10029715001858687,1.2014440409984672,1.352346416999353,6.0,6.0,0.0,6.0,6.0,False,False,False
POD-E,well_pressure,6,10,0.34662972080646115,0.3101216262229295,0.11095323389288948,0.2703917208048264,0.4026530661417463,0.01082283563463921,0.01016247840292165,0.0019409146486920419,0.0092338949192844,0.0124295267997757,0.2865041241287884,0.2487155443151518,0.11057629810633732,0.2135507663354467,0.3525042197186148,0.005040625397378041,0.00467030461956945,0.0009750636844734667,0.0042397591581659,0.0058381290980429,6.930135361709127,6.906462234584719,1.807098830467003,5.9762661286621634,7.942707726935207,733.2152390324375,85.9051659289799,1043.6806344653965,85.06335468958676,2067.8025457113954,9.926375836708155e-07,8.259736834342515e-07,6.378229636665095e-07,6.635337993607653e-07,9.479999994768068e-07,316800.0,316800.0,0.0,316800.0,316800.0,2534400.0,2534400.0,0.0,2534400.0,2534400.0,1.25942648339842,1.241910395994637,0.08394504072825856,1.2020911250001518,1.3391447919930215,6.0,6.0,0.0,6.0,6.0,False,False,False
final_accuracy,well_pressure,6,10,0.23737417170908776,0.22859714423204602,0.05727617816488407,0.2083792562340098,0.269672740922139,0.2689698690988922,0.26903508666170817,0.0002724537820685143,0.2687712294597519,0.2691743822238012,0.18342611361174382,0.1758325175717518,0.05193144919850791,0.1453445139777928,0.2167890087902932,0.13074023356541337,0.13077578541764864,0.00013965690578143585,0.1306339282066306,0.1308516848593634,167.2723307971467,173.7702395408037,30.37339457410134,155.08820323855667,192.50341935114056,2061.0814025151053,592.488600316407,4599.484805701466,578.1308498931788,642.309635837168,0.0002118052924859259,8.231503657009313e-07,0.0006669984305647079,6.951729454541285e-07,1.0707969926087593e-06,149728.0,149728.0,0.0,149728.0,149728.0,1197824.0,1197824.0,0.0,1197824.0,1197824.0,0.6617432206992817,0.623701541499031,0.1423143578430971,0.5486494580036378,0.6849100419931347,6.0,6.0,0.0,6.0,6.0,False,False,False
final_pareto,well_pressure,6,10,0.2560714734759496,0.2520690640620223,0.06821421629073332,0.195051554818153,0.2985494121717746,0.2689698690988922,0.26903508666170817,0.0002724537820685143,0.2687712294597519,0.2691743822238012,0.19706967336834091,0.2021311276376453,0.055727042448902586,0.1468574656363701,0.230875874219313,0.13074023356541337,0.13077578541764864,0.00013965690578143585,0.1306339282066306,0.1308516848593634,167.28795133408602,173.83409599430416,30.380948927811822,155.1177402861126,192.535358975446,1990.1643250911723,618.4203237212134,4281.879130957974,614.4200920560294,702.0249757052045,0.00018951444361661702,7.926052665124347e-07,0.0005965385834967312,7.218045368090384e-07,1.1199924773606647e-06,120704.0,120704.0,0.0,120704.0,120704.0,965632.0,965632.0,0.0,965632.0,965632.0,0.5578846539989172,0.5259898334988975,0.12132465539589683,0.5040131669957191,0.586913375002041,6.0,6.0,0.0,6.0,6.0,False,False,False
hybrid,well_pressure,6,10,0.35120814878762385,0.33144586669958775,0.10003087967149263,0.2646084507806267,0.4276589162426576,0.014031669302629179,0.01092733169266445,0.0075402760851944655,0.0088497924235018,0.0177929447894365,0.29945504180182714,0.2710448833225154,0.10184515914429851,0.2057356323586859,0.3758159577104034,0.006744863362261169,0.005188337361367951,0.0037158328379815037,0.0042376783993795,0.0086139044281847,8.789893809947795,7.156870145636791,5.185872742554149,5.818105421680305,8.409203279939815,240.03603457684522,100.61940713948493,440.34478154877627,97.48192833741652,104.55922788172462,0.0001511721503837643,7.23842105826475e-07,0.0004755175931423298,6.788872187621052e-07,1.029135351667979e-06,188708.0,188708.0,0.0,188708.0,188708.0,1509664.0,1509664.0,0.0,1509664.0,1509664.0,0.9716671417983889,0.939834520999284,0.13759173929647145,0.8862405830004718,1.0541672090039356,6.0,6.0,0.0,6.0,6.0,False,False,False
original_basis_optimized_recovery,well_pressure,6,10,0.5262852202998405,0.5056797921725968,0.08288108015246166,0.4800252386007849,0.5609401455548388,0.01569194969123392,0.0122214543189678,0.008119862338627907,0.0109880400687355,0.0202859192740011,0.3918543450098626,0.3821884847179349,0.0834973565087751,0.3281728166366038,0.427397298674406,0.007790456291057452,0.0060546297201945504,0.004070644087010346,0.0054358140794788,0.0102082551035074,9.851845517599276,8.137459632122637,5.497071813826707,7.043405759117089,9.080000165426542,533.5519684021509,131.29787527407734,1268.399692442163,119.287628922802,150.42464850746907,0.00013026889171573446,7.308872022291407e-07,0.00040957098768760173,6.011954733674744e-07,9.501879838736434e-07,101860.0,101860.0,0.0,101860.0,101860.0,814880.0,814880.0,0.0,814880.0,814880.0,10.209926687399275,10.074531104499329,0.8754358776760668,9.508314083002915,10.710296749995903,6.0,6.0,0.0,6.0,6.0,False,False,False
rank_optimized_joint,well_pressure,6,10,0.24280622198601337,0.2262322535233752,0.0616426708993457,0.2118343042514645,0.2733921875349702,0.01382253893904154,0.01109309250983925,0.006917966870808838,0.008670962135146,0.0152702977808999,0.19087537813854255,0.17609382315060806,0.057473815034927524,0.1568000482933031,0.2261473857107262,0.00654310071793079,0.0051972895026451,0.0034270235505214097,0.0039399673650559,0.0073163096676925,8.439479133471366,7.48997817812384,4.232288846142085,5.992648214369647,8.876241756663351,353.8702281008317,90.8823339699901,824.7880400524226,88.59733001402967,101.0664332678143,0.0002475683270729062,7.438909523259093e-07,0.0007802525081022593,6.820150599394805e-07,1.062030120161047e-06,259188.0,259188.0,0.0,259188.0,259188.0,2073504.0,2073504.0,0.0,2073504.0,2073504.0,1.1137917291998747,1.0975723335031944,0.17525642300395397,0.9818984160010586,1.2366713330047787,6.0,6.0,0.0,6.0,6.0,False,False,False
POD,well_pressure,7,10,28.993803812840632,29.20170412984857,1.1012210766748558,28.516319582514193,29.918418815437757,0.2564532007469619,0.25602018853536584,0.001963004964150232,0.25538421681614,0.2579726088551966,27.523051546194267,27.775566997005114,1.1393966377798623,26.943183933123283,28.50341229834663,0.1230811105514545,0.1229938084396281,0.0010242269467410187,0.1224188330209335,0.1238451322010886,175.39061369025254,183.71020228515934,33.21037741473002,159.07611895812286,201.14348317443037,30.749770719062866,30.680153279020864,0.6149859793444491,30.234576262858504,31.498495648405488,0.0019046682007505399,0.0018576019736743,0.00011960937305225002,0.0018448004360889,0.0018729577067481,316800.0,316800.0,0.0,316800.0,316800.0,2534400.0,2534400.0,0.0,2534400.0,2534400.0,1.292954733499937,1.29505272949973,0.10029715001858687,1.2014440409984672,1.352346416999353,7.0,7.0,0.0,7.0,7.0,False,False,False
POD-E,well_pressure,7,10,0.3346583860746375,0.31028443317339205,0.1262907874082622,0.2476190062100682,0.4189168687191466,0.011191464861590169,0.01041765248623,0.0019733084178767176,0.0093047961991553,0.01307992186266,0.2781974495455501,0.2528353952528326,0.1238341010677366,0.185158341521959,0.3696398699754418,0.00522570705193032,0.0048254457322369,0.0009952117409010252,0.0043249431264875,0.0061550198396371,7.136676223403316,7.021811766807682,1.7697981605405606,6.015266160147323,8.848677377501094,831.5100127709193,127.25723702183521,1143.4489568459808,119.33493663623648,2280.6894928954816,8.841157950814533e-07,7.551691516327035e-07,3.8949876659131424e-07,6.325187991352234e-07,1.0256917448714375e-06,316800.0,316800.0,0.0,316800.0,316800.0,2534400.0,2534400.0,0.0,2534400.0,2534400.0,1.25942648339842,1.241910395994637,0.08394504072825856,1.2020911250001518,1.3391447919930215,7.0,7.0,0.0,7.0,7.0,False,False,False
final_accuracy,well_pressure,7,10,0.23697297327599473,0.2315338994678394,0.05151126382319854,0.2125714564780936,0.2470185680636222,0.2689698690988922,0.26903508666170817,0.0002724537820685143,0.2687712294597519,0.2691743822238012,0.18208904003002227,0.18135320857541765,0.046280177670550406,0.1554445335584051,0.1873453912936174,0.13074023356541337,0.13077578541764864,0.00013965690578143585,0.1306339282066306,0.1308516848593634,167.27221166013106,173.79647056377826,30.36820136640522,155.09630295357206,192.4801958747128,2446.2716476169753,887.05901479488,4933.4853326336915,853.2402559982306,936.8672659163884,0.0001816788849631309,7.962105035102626e-07,0.0005719909662973406,6.876541459162656e-07,9.495563979288632e-07,149728.0,149728.0,0.0,149728.0,149728.0,1197824.0,1197824.0,0.0,1197824.0,1197824.0,0.6617432206992817,0.623701541499031,0.1423143578430971,0.5486494580036378,0.6849100419931347,7.0,7.0,0.0,7.0,7.0,False,False,False
final_pareto,well_pressure,7,10,0.23915390916654977,0.2357178935316325,0.05990816563910342,0.1809173824897317,0.3107136182499791,0.2689698690988922,0.26903508666170817,0.0002724537820685143,0.2687712294597519,0.2691743822238012,0.1815654199741859,0.18508673022779715,0.04635730350967111,0.1325130216773121,0.2309622155111463,0.13074023356541337,0.13077578541764864,0.00013965690578143585,0.1306339282066306,0.1308516848593634,167.27438929800218,173.7944481411584,30.373868732740444,155.1225830652951,192.49350674963253,2328.4563474795486,865.2081584747409,4609.112086070296,836.9233792182947,915.1913358067332,0.00019021851579676397,7.890074969447897e-07,0.0005989309543860418,6.779474166880144e-07,8.399097955281517e-07,120704.0,120704.0,0.0,120704.0,120704.0,965632.0,965632.0,0.0,965632.0,965632.0,0.5578846539989172,0.5259898334988975,0.12132465539589683,0.5040131669957191,0.586913375002041,7.0,7.0,0.0,7.0,7.0,False,False,False
hybrid,well_pressure,7,10,0.3115370174811961,0.32312467650839993,0.0656569223186585,0.2635931228715494,0.3521522005670844,0.013751001472544877,0.0105765015420861,0.007532272427091201,0.0088427509382535,0.0175410805837756,0.26606306799588797,0.27250038965852985,0.0665096957652969,0.2234590272724328,0.3226175727037983,0.0066138147095647195,0.0049956291970759,0.003702284941305603,0.0042124310105102,0.008487907340612,8.609010023869384,6.7359064705975165,5.23086809978783,5.744429716836648,8.169373384035659,289.52129642755847,139.6893866565958,483.6081492361856,126.00567116421404,146.8188678910794,0.00015096557067305832,7.431090330614015e-07,0.0004748778659839999,6.66977460863755e-07,1.0075187551284812e-06,188708.0,188708.0,0.0,188708.0,188708.0,1509664.0,1509664.0,0.0,1509664.0,1509664.0,0.9716671417983889,0.939834520999284,0.13759173929647145,0.8862405830004718,1.0541672090039356,7.0,7.0,0.0,7.0,7.0,False,False,False
original_basis_optimized_recovery,well_pressure,7,10,0.5249701177981726,0.510887316597956,0.07952645808287494,0.459743438134683,0.5565056129490807,0.01622392427407042,0.01309822225078595,0.007167955061324469,0.0123696495870022,0.0179305644768564,0.3887699219631931,0.37982492358938474,0.08436016270119596,0.3356934303630652,0.4261838252218816,0.00807636475109209,0.00654082628433495,0.0035820522422210545,0.0061717368094417,0.0090363201133611,10.339108389056978,8.8087067685987,5.400963985134145,8.005907338232433,9.67019904047143,598.2534697854286,152.58241572714155,1409.9370934384515,143.98851745660886,166.56838227994928,0.00013164636616408936,7.285413350227212e-07,0.00041382700240406736,6.46924812266169e-07,1.0065789530543903e-06,101860.0,101860.0,0.0,101860.0,101860.0,814880.0,814880.0,0.0,814880.0,814880.0,10.209926687399275,10.074531104499329,0.8754358776760668,9.508314083002915,10.710296749995903,7.0,7.0,0.0,7.0,7.0,False,False,False
rank_optimized_joint,well_pressure,7,10,0.22995817902553228,0.2325172467527756,0.05610192962505473,0.1831687687922869,0.2375291470761986,0.01332628128828899,0.0115508032338892,0.006115850095223744,0.0097713151286196,0.0136042170527479,0.17794244980316284,0.17234939852211525,0.049976136726534094,0.1421715238405628,0.1929182341357777,0.006309689577013678,0.0054098976404212,0.00301526269112685,0.0045233180511389,0.0064591187570643,8.120517289961573,7.35708873328439,3.6555512957117866,6.804724563700833,7.418480280026487,421.8021201916178,127.92858047138819,931.8911095878404,119.25379775610512,135.75960879560367,0.00019327866467029934,7.019135457659631e-07,0.0006088042353434607,6.629098176122889e-07,8.602706602550483e-07,259188.0,259188.0,0.0,259188.0,259188.0,2073504.0,2073504.0,0.0,2073504.0,2073504.0,1.1137917291998747,1.0975723335031944,0.17525642300395397,0.9818984160010586,1.2366713330047787,7.0,7.0,0.0,7.0,7.0,False,False,False
POD,well_pressure,8,10,28.768728678188204,29.095564959042846,1.4435986503217275,27.513358136101775,29.86379508234035,0.25780177148276995,0.26233891633237194,0.01212680550948122,0.2466154892020268,0.2680587516218379,27.069446880322698,27.246368372968004,1.371162216911804,25.867055629374917,28.269759712723847,0.11977022570126752,0.12148360513226805,0.005156154792805329,0.1159231428167647,0.1247233114685008,175.68681974269603,172.18718043935354,32.56989076152767,163.55051571452034,197.89217266634807,30.917725159277172,30.808522144408528,0.570658447013241,30.41237825648476,31.552703486216775,0.0019428532270644502,0.0018561033834713502,0.00019296938216702296,0.0018431835864645,0.001925242796973,316800.0,316800.0,0.0,316800.0,316800.0,2534400.0,2534400.0,0.0,2534400.0,2534400.0,1.292954733499937,1.29505272949973,0.10029715001858687,1.2014440409984672,1.352346416999353,8.0,8.0,0.0,8.0,8.0,False,False,False
POD-E,well_pressure,8,10,0.3735229954298799,0.3406836689921019,0.1127246482575955,0.3186783107160037,0.3941001013352361,0.01167757058341594,0.01141546850734485,0.001643451043670787,0.010432471933059,0.0132153426339326,0.2996246187664241,0.2872199770222422,0.10273941678209728,0.2404156026118421,0.3101825608514835,0.00544281838431935,0.0053027335027842,0.0008237208202278259,0.0048192618296155,0.0062156267669071,7.357333509504203,7.336020229593473,1.1797782847124172,6.604460604710218,8.143600034249193,3297.9732831420297,3605.873816854014,1120.1125492265971,3497.0262670525817,3730.2426755835113,7.629060274851333e-07,7.290112907662148e-07,1.5826570313694977e-07,6.121503849184714e-07,9.107143273296996e-07,316800.0,316800.0,0.0,316800.0,316800.0,2534400.0,2534400.0,0.0,2534400.0,2534400.0,1.25942648339842,1.241910395994637,0.08394504072825856,1.2020911250001518,1.3391447919930215,8.0,8.0,0.0,8.0,8.0,False,False,False
final_accuracy,well_pressure,8,10,0.27929802921844693,0.24096654185931132,0.15841863114304447,0.2035836141243783,0.2549904170058841,0.2689698690988922,0.26903508666170817,0.0002724537820685143,0.2687712294597519,0.2691743822238012,0.2279752822809364,0.1866286133606812,0.15467026566379694,0.1555649731334772,0.2027591193202284,0.13074023356541337,0.13077578541764864,0.00013965690578143585,0.1306339282066306,0.1308516848593634,167.277980929099,173.77682098369257,30.357614138668257,155.09817451637028,192.45700565340775,1014.9954954223169,1018.7221275138256,71.49233035521614,952.7163076212972,1046.7366503944031,1.1523026325065935e-05,1.094612761013756e-06,1.566711814222818e-05,8.016917613839129e-07,2.779981199760494e-05,149728.0,149728.0,0.0,149728.0,149728.0,1197824.0,1197824.0,0.0,1197824.0,1197824.0,0.6617432206992817,0.623701541499031,0.1423143578430971,0.5486494580036378,0.6849100419931347,8.0,8.0,0.0,8.0,8.0,False,False,False
final_pareto,well_pressure,8,10,0.23513331625221312,0.20961224621524344,0.07920763308690834,0.1920807598088863,0.2305701225145326,0.2689698690988922,0.26903508666170817,0.0002724537820685143,0.2687712294597519,0.2691743822238012,0.18354493057549554,0.16171831010623922,0.06716083745376242,0.1492071221486285,0.1811957840205308,0.13074023356541337,0.13077578541764864,0.00013965690578143585,0.1306339282066306,0.1308516848593634,167.26400622957664,173.7606548254103,30.351659454803578,155.07570358437823,192.4398210863092,1142.31395114455,1164.409066810244,140.9148930247099,996.1897943333043,1262.0702337092096,0.0002266637526272633,2.787609773257369e-05,0.0006018314654030068,8.327067616094548e-07,7.979949622036875e-05,120704.0,120704.0,0.0,120704.0,120704.0,965632.0,965632.0,0.0,965632.0,965632.0,0.5578846539989172,0.5259898334988975,0.12132465539589683,0.5040131669957191,0.586913375002041,8.0,8.0,0.0,8.0,8.0,False,False,False
hybrid,well_pressure,8,10,0.32092101500428183,0.29752462685950454,0.08748339596979629,0.2534696354407205,0.409476353863959,0.01290469884658516,0.011981986472963651,0.002692640361441725,0.0108189721375027,0.0152974190984888,0.26949973356525864,0.2543786262257187,0.08734930504520148,0.2035512479218575,0.3608310452061128,0.00617565027154054,0.005750002987161201,0.001353787105444486,0.005103988511662,0.0073935029679956,8.233746182480875,8.570113595039288,2.314093999360971,6.333085973134514,9.692906021612258,172.64848406612106,155.86593292887972,51.791788769040586,144.9506421372256,174.12719248236914,0.0005025517857192282,1.541823341294115e-06,0.0007278150755694503,6.66353369702382e-07,0.0014942030074894,188708.0,188708.0,0.0,188708.0,188708.0,1509664.0,1509664.0,0.0,1509664.0,1509664.0,0.9716671417983889,0.939834520999284,0.13759173929647145,0.8862405830004718,1.0541672090039356,8.0,8.0,0.0,8.0,8.0,False,False,False
original_basis_optimized_recovery,well_pressure,8,10,0.5341910622021233,0.49315198112753433,0.10392309111433036,0.4559025507024079,0.6296781700024574,0.016741443764748423,0.0154693587768976,0.005794584018967486,0.0118038142667749,0.0204515378637573,0.40633031855776214,0.3680242361857382,0.11331161229518326,0.3304052653836057,0.4422684773670458,0.008293926149402919,0.0077438992388479,0.0028565218945866984,0.005820304979114,0.0102209016918792,10.319762988921235,9.114684613209906,2.843717447664023,8.419489985675447,12.52244260070312,232.66767385292755,208.20231028733502,56.07326681470611,199.73461262090612,242.6146860083978,0.00048439354662907686,8.037293304013494e-07,0.0006331548905781979,6.159173068240341e-07,0.0010702299473621,101860.0,101860.0,0.0,101860.0,101860.0,814880.0,814880.0,0.0,814880.0,814880.0,10.209926687399275,10.074531104499329,0.8754358776760668,9.508314083002915,10.710296749995903,8.0,8.0,0.0,8.0,8.0,False,False,False
rank_optimized_joint,well_pressure,8,10,0.2830312743206731,0.24835312401471896,0.10848587906674198,0.223027641459989,0.2846520441813903,0.013559890642800198,0.010697533578844301,0.007742632987255439,0.0085287937866084,0.015824159905832,0.22653295538864326,0.1911353110165634,0.0992525603723872,0.1657882986077136,0.2323265312620868,0.00642176039964312,0.0049908508669920006,0.0038136910070602093,0.0039482902894453,0.0075315521065771,7.918105867256588,7.280215067670079,2.5385913103090068,5.8104061938678715,10.371203427935884,163.51170915721454,151.29002368598663,46.85420377507714,138.4802832525053,162.11257408341288,0.0006048053887294418,8.754699168852846e-07,0.0008452479682363502,7.265037660052846e-07,0.0011612907293514,259188.0,259188.0,0.0,259188.0,259188.0,2073504.0,2073504.0,0.0,2073504.0,2073504.0,1.1137917291998747,1.0975723335031944,0.17525642300395397,0.9818984160010586,1.2366713330047787,8.0,8.0,0.0,8.0,8.0,False,False,False
POD,well_pressure,9,10,26.79459586800578,26.988413560068235,1.5063434903855932,26.23197921433455,27.678797083439378,0.23123122905877644,0.2347904132496102,0.010973840255130799,0.2216475008162507,0.2385900569943735,25.03708210934372,25.15973723587942,1.4710335411183446,24.422332908211583,26.07658467665754,0.10742067206010428,0.10806702167871235,0.0041454074592496195,0.1048353579352912,0.110738091457696,158.09392208729673,161.33175794843459,28.273692406912147,151.11336172881423,181.92919602950545,31.46705267177428,31.254765900808646,0.7579805416591152,30.886826521134616,32.24148578331382,0.0019351349007571898,0.00187860432331365,0.00018469461476909105,0.0018593192330729,0.0019153699924805,316800.0,316800.0,0.0,316800.0,316800.0,2534400.0,2534400.0,0.0,2534400.0,2534400.0,1.292954733499937,1.29505272949973,0.10029715001858687,1.2014440409984672,1.352346416999353,9.0,9.0,0.0,9.0,9.0,False,False,False
POD-E,well_pressure,9,10,0.3794314133414273,0.3479549632447003,0.1129197925184927,0.3187521593540079,0.4015491880293505,0.0117523311967363,0.011560474430806999,0.00169832516147018,0.0105599417774611,0.0132008146945564,0.30373930414810013,0.2871457079964098,0.10054658646790951,0.2525017400129725,0.3165998775517373,0.0054789661683090594,0.00536262108348535,0.0008517260779927557,0.0048779909426641,0.0062080501085188,7.4027465667999675,7.32419814526512,1.1956242690143033,6.651789362595466,8.191351589127116,3621.5788886811597,3993.540269649854,1223.4200876255297,3867.916603823427,4106.792796396261,7.553571394007456e-07,6.768458202932926e-07,1.5320690743268977e-07,6.456767393563195e-07,9.573985125757474e-07,316800.0,316800.0,0.0,316800.0,316800.0,2534400.0,2534400.0,0.0,2534400.0,2534400.0,1.25942648339842,1.241910395994637,0.08394504072825856,1.2020911250001518,1.3391447919930215,9.0,9.0,0.0,9.0,9.0,False,False,False
final_accuracy,well_pressure,9,10,0.2911817494393776,0.2334712985455584,0.171405392884182,0.2080406229400956,0.2745299022435662,0.2689698690988922,0.26903508666170817,0.0002724537820685143,0.2687712294597519,0.2691743822238012,0.23802659137843377,0.1806867229535291,0.16681787399253684,0.1644474848439362,0.2024107623530592,0.13074023356541337,0.13077578541764864,0.00013965690578143585,0.1306339282066306,0.1308516848593634,167.282991336448,173.78528271992622,30.352831428721647,155.10817770702556,192.4681812300846,1213.0198764117554,1209.5866141875733,68.37211595293931,1163.7843761056056,1269.7443601846985,1.960836390415872e-05,1.098526323553791e-06,2.692884133850679e-05,7.437368442612539e-07,3.8403511269252634e-05,149728.0,149728.0,0.0,149728.0,149728.0,1197824.0,1197824.0,0.0,1197824.0,1197824.0,0.6617432206992817,0.623701541499031,0.1423143578430971,0.5486494580036378,0.6849100419931347,9.0,9.0,0.0,9.0,9.0,False,False,False
final_pareto,well_pressure,9,10,0.23468986473458356,0.22003460846021444,0.07377566932850055,0.1891816782682674,0.2297524927237295,0.2689698690988922,0.26903508666170817,0.0002724537820685143,0.2687712294597519,0.2691743822238012,0.18453297733422977,0.17073404929002056,0.05909899294821177,0.1469946071181715,0.1938689272753576,0.13074023356541337,0.13077578541764864,0.00013965690578143585,0.1306339282066306,0.1308516848593634,167.26475997939752,173.76987348173884,30.351887995407434,155.0763636484133,192.44024272599208,1351.9998804749375,1341.1999260745874,139.25030239675291,1225.1144823839777,1431.5570960661687,0.0002689428579020998,5.88602744304589e-05,0.0006271419220875123,8.803308583424896e-07,0.000129191105285,120704.0,120704.0,0.0,120704.0,120704.0,965632.0,965632.0,0.0,965632.0,965632.0,0.5578846539989172,0.5259898334988975,0.12132465539589683,0.5040131669957191,0.586913375002041,9.0,9.0,0.0,9.0,9.0,False,False,False
hybrid,well_pressure,9,10,0.24629893111456283,0.2284285101079491,0.07739765048527553,0.2087066350091047,0.2611006797502202,0.01200158083507,0.0114106684601502,0.002852069938136452,0.0099558646720338,0.0149983903451415,0.1947946916344471,0.18523245669411234,0.07288060748874965,0.1456727841163199,0.213114832459039,0.00571104146525136,0.00533855451293825,0.0014240415985843288,0.004645561849412,0.007201097063593,7.55356831426069,7.158741414078638,2.074465944562655,6.311379888725479,9.211965822089232,240.77355365147795,224.40594622840746,71.58674461215224,210.02379894584973,229.32444249856945,0.0005367197075231031,8.958345837103329e-07,0.0007810960644980322,6.641654400119936e-07,0.001498679511253,188708.0,188708.0,0.0,188708.0,188708.0,1509664.0,1509664.0,0.0,1509664.0,1509664.0,0.9716671417983889,0.939834520999284,0.13759173929647145,0.8862405830004718,1.0541672090039356,9.0,9.0,0.0,9.0,9.0,False,False,False
original_basis_optimized_recovery,well_pressure,9,10,0.5236608236060702,0.509876517748143,0.09649514670705221,0.4451286897580466,0.5804710690680464,0.015855889696260277,0.0141658442644971,0.00568702773277848,0.0113761662442481,0.0203697002184489,0.39122029322242347,0.3822703189436961,0.1050452615302638,0.2912979702176049,0.4338011609073408,0.00784402237165605,0.0070654702313502,0.0028118415040891825,0.0056060080415827,0.0101798005167714,9.789766754179935,8.434412974455373,2.891733790247858,7.791917710477765,10.47240170131376,301.6772537614538,282.19703982479075,58.44113057121021,270.3239452363829,322.3871853025455,0.0003919295751792796,9.584924774209414e-07,0.0005503778421188355,6.290676428488266e-07,0.0010623649774006,101860.0,101860.0,0.0,101860.0,101860.0,814880.0,814880.0,0.0,814880.0,814880.0,10.209926687399275,10.074531104499329,0.8754358776760668,9.508314083002915,10.710296749995903,9.0,9.0,0.0,9.0,9.0,False,False,False
rank_optimized_joint,well_pressure,9,10,0.28418878339028286,0.24703289958727714,0.12613777961442477,0.1947917354825902,0.2833535061777839,0.013319732691265448,0.0109648954644873,0.0063705156648393955,0.0085693308303459,0.0160179647050569,0.227901030131487,0.19980511803761225,0.10918310872832145,0.1526281595033865,0.2269250276938275,0.00630755354096566,0.0051328332164035,0.0031165456479619936,0.0039713741882721,0.0076301219789141,7.92532838335503,7.450750128820388,2.516940123392214,5.428719941938452,9.9220066862724,192.81589979878964,177.33858487162598,45.06668698663398,170.71657491829657,186.15105616059856,0.0007457231195445019,8.43827050753442e-07,0.0009685095028441202,6.582105337095944e-07,0.0018491926691643,259188.0,259188.0,0.0,259188.0,259188.0,2073504.0,2073504.0,0.0,2073504.0,2073504.0,1.1137917291998747,1.0975723335031944,0.17525642300395397,0.9818984160010586,1.2366713330047787,9.0,9.0,0.0,9.0,9.0,False,False,False
POD,well_pressure,10,10,26.91764774936887,27.176593750799142,1.5154631121802629,26.157959547726563,27.84314270786508,0.23068253883085044,0.2354781427660948,0.011652413788023043,0.2199308513206571,0.2399841795705231,25.060200467847817,25.232412058672686,1.4965461140615108,24.298508986156968,26.169356725390497,0.10719318181007427,0.10772741871691424,0.004180536738692658,0.1044622569830271,0.1101917991605749,157.70793178104958,161.91672825781546,27.734833935842634,150.0925195973335,180.612220160961,71.51586180463195,71.49078658704434,1.2099853416898902,70.40990688581668,72.69548680745504,0.0018658003443545099,0.0018633400676819501,3.215267574700908e-05,0.0018430056390803,0.0018690476165357,316800.0,316800.0,0.0,316800.0,316800.0,2534400.0,2534400.0,0.0,2534400.0,2534400.0,1.292954733499937,1.29505272949973,0.10029715001858687,1.2014440409984672,1.352346416999353,10.0,10.0,0.0,10.0,10.0,False,False,False
POD-E,well_pressure,10,10,0.38109864922979525,0.36079801872240036,0.11195544110930282,0.316744089845046,0.4047619081992601,0.01172659006851762,0.0113664886116229,0.001657717770560152,0.0105355465519665,0.0133163417120635,0.30420397501720836,0.2781970038478093,0.10341967226592012,0.2484341566968966,0.3147245696408791,0.005465498747075101,0.00526871162954135,0.0008315242395741318,0.0048650956727086,0.0062767293387802,7.407990210442728,7.362683237352526,1.3182011222008603,6.5127169755093774,8.158671385287091,10151.64957071386,11122.621172437252,3508.5537181362297,10988.94184898354,11196.546452129714,7.916037610353888e-07,8.242481326442772e-07,1.640131905566562e-07,6.21240572475205e-07,9.198045148864332e-07,316800.0,316800.0,0.0,316800.0,316800.0,2534400.0,2534400.0,0.0,2534400.0,2534400.0,1.25942648339842,1.241910395994637,0.08394504072825856,1.2020911250001518,1.3391447919930215,10.0,10.0,0.0,10.0,10.0,False,False,False
final_accuracy,well_pressure,10,10,0.2277038042272519,0.2130008534839771,0.05984792596690206,0.1809300417802767,0.2656044217894693,0.2689698690988922,0.26903508666170817,0.0002724537820685143,0.2687712294597519,0.2691743822238012,0.17689620143407236,0.16574689441155777,0.055103882892639226,0.13364773170978,0.2192735564575494,0.13074023356541337,0.13077578541764864,0.00013965690578143585,0.1306339282066306,0.1308516848593634,167.26198806390983,173.76498018201067,30.361183403961448,155.06796597823336,192.4419381862173,1400.3966907709976,1359.1023207833377,91.08078535532354,1343.026639066402,1463.0241323065825,2.024508120984021e-05,8.593346055726612e-07,2.7509046844345884e-05,7.005037605951548e-07,3.4540729333306976e-05,149728.0,149728.0,0.0,149728.0,149728.0,1197824.0,1197824.0,0.0,1197824.0,1197824.0,0.6617432206992817,0.623701541499031,0.1423143578430971,0.5486494580036378,0.6849100419931347,10.0,10.0,0.0,10.0,10.0,False,False,False
final_pareto,well_pressure,10,10,0.22259218757700414,0.2041675009924347,0.06066479455760559,0.1886610490058281,0.2268224322603385,0.2689698690988922,0.26903508666170817,0.0002724537820685143,0.2687712294597519,0.2691743822238012,0.17507681522631666,0.16002438276569575,0.05128552810862342,0.1420662435154396,0.1885915726639053,0.13074023356541337,0.13077578541764864,0.00013965690578143585,0.1306339282066306,0.1308516848593634,167.2609633060129,173.77253474464317,30.35715948215293,155.07599866054932,192.43532565369088,1583.6872125424675,1557.5714777782096,107.32580362965183,1501.8110641242326,1603.5081903039932,0.0004901321458617407,6.449875188006711e-05,0.0007826823161796316,9.191729289416532e-07,0.0008776654135168,120704.0,120704.0,0.0,120704.0,120704.0,965632.0,965632.0,0.0,965632.0,965632.0,0.5578846539989172,0.5259898334988975,0.12132465539589683,0.5040131669957191,0.586913375002041,10.0,10.0,0.0,10.0,10.0,False,False,False
hybrid,well_pressure,10,10,0.24798256426328202,0.2256374027891586,0.08712487231012812,0.2027415539279941,0.2558994966769304,0.01208902398587785,0.0119357981206113,0.0025221819787022413,0.0100929959489039,0.0137137941228011,0.20043666283161396,0.1869310505164516,0.0796460417963987,0.1549517049036098,0.2116943496323163,0.00575734675822786,0.005626227549674749,0.001257264614584302,0.0047701054135832,0.0065482862220993,7.621570744925198,7.317271492916568,2.0983172457419395,6.213624950656611,8.66213030611335,268.9346687110386,245.25910145228136,82.31323873339717,232.77359295750463,256.52437502721756,0.000558958898504786,8.176691625337292e-07,0.0007344838057867287,6.416090413984051e-07,0.0015143950526577,188708.0,188708.0,0.0,188708.0,188708.0,1509664.0,1509664.0,0.0,1509664.0,1509664.0,0.9716671417983889,0.939834520999284,0.13759173929647145,0.8862405830004718,1.0541672090039356,10.0,10.0,0.0,10.0,10.0,False,False,False
original_basis_optimized_recovery,well_pressure,10,10,0.513886280706131,0.4823160187930703,0.09636663025328243,0.4400328542171577,0.5406132053628967,0.017096646423781774,0.015255643701925399,0.006864090427119132,0.0115966617481055,0.0237777883394325,0.3756991058240047,0.34595551709405137,0.10331598392010415,0.2940935782143865,0.4482774830529855,0.00846103886128992,0.007596389101015349,0.0034030019031721487,0.005727032176117,0.01135437605462,10.599038204464026,9.238116298882382,4.2359427873162625,8.495954776331192,10.265992444645562,368.57111383808655,355.6072088069293,54.385781596535246,345.11649079656934,370.5647860843862,0.000502613879704334,8.342744295898461e-07,0.0006551697439699845,6.27819515232529e-07,0.0011941823308335,101860.0,101860.0,0.0,101860.0,101860.0,814880.0,814880.0,0.0,814880.0,814880.0,10.209926687399275,10.074531104499329,0.8754358776760668,9.508314083002915,10.710296749995903,10.0,10.0,0.0,10.0,10.0,False,False,False
rank_optimized_joint,well_pressure,10,10,0.26201092586736385,0.23380492814081916,0.10513976235377828,0.1748604224494371,0.2998861265836235,0.01243201205699312,0.0111052521347141,0.0045086124563341315,0.0085194830931342,0.0166004762600841,0.20972547825029103,0.17741343227630751,0.09635773055648816,0.1315721198380492,0.252366965399229,0.005862210675571089,0.0051953910344472,0.0021947521166021697,0.0039513575558849,0.0079295575155389,7.584106101419802,6.753970136013725,2.3566376249610954,5.401191526754986,9.407452957766637,229.69770788697275,214.68699688650747,49.37013408318555,203.11023226432656,224.7729687209487,0.0005781979007402024,8.975563871086036e-07,0.0008248153948201696,6.770075052010273e-07,0.0010765072029859,259188.0,259188.0,0.0,259188.0,259188.0,2073504.0,2073504.0,0.0,2073504.0,2073504.0,1.1137917291998747,1.0975723335031944,0.17525642300395397,0.9818984160010586,1.2366713330047787,10.0,10.0,0.0,10.0,10.0,False,False,False
POD,well_pressure,11,10,26.684155994138802,26.824869541262274,1.4353639299918475,26.125746934892117,27.818980127979167,0.22470703740352133,0.22839935425205748,0.010338536567603158,0.2183517170473925,0.2334974679294667,24.79441050175172,24.831526435905673,1.4146439716051131,24.204211163307946,26.07385206079875,0.10483742166539929,0.10520224970276475,0.0037514764197564524,0.1031217482530908,0.108114700946183,153.8705970055891,159.62583229546956,26.93118034075655,146.9132546391276,174.58541571008246,71.55489613734353,71.52412655014402,1.1959993031911238,70.49711354685232,72.74343022440983,0.0018619104015040497,0.0018537974661685,4.288950148499382e-05,0.0018342785037554,0.0018687847744269,316800.0,316800.0,0.0,316800.0,316800.0,2534400.0,2534400.0,0.0,2534400.0,2534400.0,1.292954733499937,1.29505272949973,0.10029715001858687,1.2014440409984672,1.352346416999353,11.0,11.0,0.0,11.0,11.0,False,False,False
POD-E,well_pressure,11,10,0.36356720577755797,0.34829410290933904,0.10559449858707316,0.3024194560429594,0.3875561107968872,0.01175261113534138,0.011366494811501999,0.0017344141133346371,0.010567338437302,0.0133837628877403,0.28482802927989137,0.2520810329405397,0.10062799617603597,0.2423314495152665,0.2910779429666795,0.005478952278375219,0.00526861945850165,0.0008690266602386119,0.0048983276647264,0.0063111915835586,7.403058894078972,7.322081019323301,1.2993523542531356,6.467367553298094,8.194091720200017,11086.667511378699,12002.860332354125,3848.3889287513875,11913.6538148107,12097.522938542012,8.037601465436356e-07,6.828045013406194e-07,2.4142516644775056e-07,6.118421140827127e-07,9.943608696138331e-07,316800.0,316800.0,0.0,316800.0,316800.0,2534400.0,2534400.0,0.0,2534400.0,2534400.0,1.25942648339842,1.241910395994637,0.08394504072825856,1.2020911250001518,1.3391447919930215,11.0,11.0,0.0,11.0,11.0,False,False,False
final_accuracy,well_pressure,11,10,0.22931389786179693,0.21221243454007244,0.058842201553827585,0.1792937691155731,0.2661640521731923,0.2689698690988922,0.26903508666170817,0.0002724537820685143,0.2687712294597519,0.2691743822238012,0.1797349440373454,0.16681077023653346,0.05233838017077129,0.1342448847552747,0.2187404381212386,0.13074023356541337,0.13077578541764864,0.00013965690578143585,0.1306339282066306,0.1308516848593634,167.26249673871968,173.76339177938513,30.361520794158697,155.06988014625313,192.43384785630337,1610.4679585238916,1574.2591571225926,140.49156509643623,1480.5884936950115,1668.0665440401858,1.3077598511761304e-05,8.925451123316709e-07,1.8372008612089208e-05,6.870301094613409e-07,3.483615033556112e-05,149728.0,149728.0,0.0,149728.0,149728.0,1197824.0,1197824.0,0.0,1197824.0,1197824.0,0.6617432206992817,0.623701541499031,0.1423143578430971,0.5486494580036378,0.6849100419931347,11.0,11.0,0.0,11.0,11.0,False,False,False
final_pareto,well_pressure,11,10,0.21903124612427255,0.2026085027724003,0.07363332008233049,0.1648871309338334,0.2449628046692987,0.2689698690988922,0.26903508666170817,0.0002724537820685143,0.2687712294597519,0.2691743822238012,0.1731727437509205,0.16243102228102496,0.06261261330849359,0.1236900227238624,0.1925140377582623,0.13074023356541337,0.13077578541764864,0.00013965690578143585,0.1306339282066306,0.1308516848593634,167.25571034682818,173.74560362267835,30.354249166816,155.0828730729528,192.40853302172616,1819.3780900424208,1754.866797734734,201.8234920305043,1647.5282390879777,1991.43421747919,0.00025860435563848313,8.193327068469565e-05,0.0005944965907356568,1.1958045091942177e-06,0.0001260858421153,120704.0,120704.0,0.0,120704.0,120704.0,965632.0,965632.0,0.0,965632.0,965632.0,0.5578846539989172,0.5259898334988975,0.12132465539589683,0.5040131669957191,0.586913375002041,11.0,11.0,0.0,11.0,11.0,False,False,False
hybrid,well_pressure,11,10,0.24914303735582774,0.23078307108352955,0.07875737070605233,0.192217708874814,0.2739156721568097,0.0127308221947735,0.011647179150613949,0.003864291484158347,0.0100099157736487,0.0153197882185458,0.2016383593583852,0.18459060123031926,0.07384241841809205,0.1383744493364442,0.2340353723127718,0.006061256734176049,0.0054225884616951,0.0019191877892255533,0.0047183720693359,0.0072880704072392,7.9843175750640185,7.153269672591451,2.5732587928938613,6.585451167170589,9.666328088143786,291.1323896812685,264.6870227241724,80.51240745899406,253.41266329192115,281.3814997453332,0.0006539562045120639,7.603346165339638e-07,0.0008661376523359827,6.228120699069722e-07,0.0015003255037135,188708.0,188708.0,0.0,188708.0,188708.0,1509664.0,1509664.0,0.0,1509664.0,1509664.0,0.9716671417983889,0.939834520999284,0.13759173929647145,0.8862405830004718,1.0541672090039356,11.0,11.0,0.0,11.0,11.0,False,False,False
original_basis_optimized_recovery,well_pressure,11,10,0.5156662828338182,0.4846694697222246,0.1068098905097167,0.4519025804406751,0.5519315062514982,0.01686388503076799,0.0149201477404786,0.006626647375833735,0.0117700220651153,0.0239111217811928,0.3809228693393704,0.34354525574001826,0.11306872856565287,0.3091816112379978,0.4233703164358031,0.008331943751349722,0.0074383929409937,0.0032642837944815727,0.0058068145446732,0.011459531266683,10.468973738817729,8.942473952614613,3.991702640911127,8.260999336394631,12.126475740088027,465.72161818130814,457.0688722647873,57.47795254504175,420.2418097092381,522.475495588507,0.00047512719173203877,8.327029868645271e-07,0.0006171999186483742,6.967368386895921e-07,0.0010882039473779,101860.0,101860.0,0.0,101860.0,101860.0,814880.0,814880.0,0.0,814880.0,814880.0,10.209926687399275,10.074531104499329,0.8754358776760668,9.508314083002915,10.710296749995903,11.0,11.0,0.0,11.0,11.0,False,False,False
rank_optimized_joint,well_pressure,11,10,0.2701106411065982,0.22587623438373539,0.12718459152071485,0.1808283850811645,0.2992500573335853,0.012333224843617391,0.0109309593551404,0.00508485528403946,0.0083681472148872,0.0146229243809761,0.22086910607089866,0.18123324430074894,0.11838956394268793,0.1348577583494811,0.2478254528443861,0.005810434375728689,0.005115304307951899,0.002502190525901617,0.0039102202731732,0.0067994458694701,7.60476201848391,6.249181560714485,2.891239958585945,5.366950856988849,8.794330881850675,261.95317521225786,240.50789329030357,65.17379053928465,230.0543418860227,263.618100802484,0.0006319512210477961,9.981202967359888e-07,0.0008698871406362267,7.371504067205229e-07,0.0011743887894807,259188.0,259188.0,0.0,259188.0,259188.0,2073504.0,2073504.0,0.0,2073504.0,2073504.0,1.1137917291998747,1.0975723335031944,0.17525642300395397,0.9818984160010586,1.2366713330047787,11.0,11.0,0.0,11.0,11.0,False,False,False
POD,well_pressure,12,10,26.466886494642523,26.75986249238133,1.573833663781201,25.85376513029871,27.809127717934533,0.21968466422686245,0.21749000026977475,0.010329015768713128,0.2127333664371711,0.2273348759138698,24.583389106097847,24.79009385198279,1.5102065605715702,23.85301886457075,26.073180150330415,0.10270482582630398,0.10302153636348825,0.003655405419921648,0.0995767069851644,0.1054010113160572,150.95794642008585,152.6875725207253,27.54736797446365,146.4654518230577,174.48880119613904,90.52009096041654,89.57160394506813,2.4861839196448567,88.89427069043084,91.19927784332872,0.0018542344315768,0.0018563212744405,1.862065888689985e-05,0.0018420999398572,0.0018660410451116,316800.0,316800.0,0.0,316800.0,316800.0,2534400.0,2534400.0,0.0,2534400.0,2534400.0,1.292954733499937,1.29505272949973,0.10029715001858687,1.2014440409984672,1.352346416999353,12.0,12.0,0.0,12.0,12.0,False,False,False
POD-E,well_pressure,12,10,0.37251582941112626,0.34886403626243595,0.10228903539323198,0.3107743790897806,0.4053601354639005,0.0114090806814307,0.01120011034542355,0.001748142924684081,0.0103649282675267,0.0123123489212002,0.2952402536571782,0.2566481209328917,0.10066564237182785,0.2404938355997632,0.3071379504360585,0.005307046201460051,0.00522161918472455,0.000866008898969796,0.0047938639890514,0.0057465575225444,7.231205684057781,7.274533051513618,1.4954549465962659,6.2492782415959445,7.743322403801208,12368.433036191642,13310.53305845132,4313.159751330837,13247.697245608266,13701.128392334813,9.013789454720131e-07,8.084248122058921e-07,3.766227174243439e-07,7.17105252906344e-07,9.345262936365448e-07,316800.0,316800.0,0.0,316800.0,316800.0,2534400.0,2534400.0,0.0,2534400.0,2534400.0,1.25942648339842,1.241910395994637,0.08394504072825856,1.2020911250001518,1.3391447919930215,12.0,12.0,0.0,12.0,12.0,False,False,False
final_accuracy,well_pressure,12,10,0.22884108454429813,0.22575544432845562,0.06834933663625439,0.1707253102217313,0.2995395923596375,0.2689698690988922,0.26903508666170817,0.0002724537820685143,0.2687712294597519,0.2691743822238012,0.18118502598587136,0.18156686645545994,0.06035137010213019,0.1306740475766201,0.2326928504087476,0.13074023356541337,0.13077578541764864,0.00013965690578143585,0.1306339282066306,0.1308516848593634,167.26605390596075,173.80002871223525,30.369795400917926,155.0727188589407,192.40085859093605,2224.7734113860524,2074.3905613718325,458.5868805182513,1868.5605572206025,2601.012953913596,1.4505639853467115e-05,8.386578931669264e-07,2.0147765585353338e-05,7.377819926653029e-07,2.3461466141332193e-05,149728.0,149728.0,0.0,149728.0,149728.0,1197824.0,1197824.0,0.0,1197824.0,1197824.0,0.6617432206992817,0.623701541499031,0.1423143578430971,0.5486494580036378,0.6849100419931347,12.0,12.0,0.0,12.0,12.0,False,False,False
final_pareto,well_pressure,12,10,0.22334941719104773,0.2015352373258249,0.08609262113062287,0.1439592320337087,0.2912108150306354,0.2689698690988922,0.26903508666170817,0.0002724537820685143,0.2687712294597519,0.2691743822238012,0.1763229141184798,0.16226502660183206,0.0728470622903688,0.115553192844317,0.2403151347715385,0.13074023356541337,0.13077578541764864,0.00013965690578143585,0.1306339282066306,0.1308516848593634,167.26377966172748,173.78907329756578,30.36084475197745,155.08670983491186,192.39555389394135,2484.5613808823528,2531.55966454022,350.29403452811755,2107.506794729795,2713.5354652617452,0.00023470363309220635,3.690820679031803e-05,0.0005810450752699396,1.3634060287175883e-06,0.0001330733082289,120704.0,120704.0,0.0,120704.0,120704.0,965632.0,965632.0,0.0,965632.0,965632.0,0.5578846539989172,0.5259898334988975,0.12132465539589683,0.5040131669957191,0.586913375002041,12.0,12.0,0.0,12.0,12.0,False,False,False
hybrid,well_pressure,12,10,0.2589452328072822,0.25037005608784835,0.07979589491605651,0.201966669856627,0.27959141870444,0.013361093851765721,0.01169902928399755,0.0046642335874466385,0.0095897348693435,0.0159169413457077,0.20750718214183958,0.2088387948807512,0.06792096615773979,0.1652898586953344,0.2308038361501346,0.006349119983966129,0.00542086159237485,0.002324202037145334,0.0045148172945859,0.0077147393227677,8.12851293383646,7.849560992061303,2.0749549820063953,6.960675159611806,8.702009516689106,336.61812128014185,314.8441611314714,82.22659261653045,300.17583094379194,325.2316505806734,0.0006363580827259689,8.502518854461106e-07,0.0008328048607984353,6.397218330539203e-07,0.0015139483083131,188708.0,188708.0,0.0,188708.0,188708.0,1509664.0,1509664.0,0.0,1509664.0,1509664.0,0.9716671417983889,0.939834520999284,0.13759173929647145,0.8862405830004718,1.0541672090039356,12.0,12.0,0.0,12.0,12.0,False,False,False
original_basis_optimized_recovery,well_pressure,12,10,0.5329185252419055,0.48010291350311407,0.1405001431863808,0.4493266423883051,0.6240556006264,0.01782954880203731,0.0139463653425957,0.0072393451153912455,0.0124332189272082,0.0250054611929263,0.3994054826812773,0.34433988778429636,0.14918359022702435,0.3076261878160632,0.4305706018831357,0.008782223077145561,0.00684771285713345,0.003599791687924707,0.0061464218835573,0.0120032193255776,11.105908068395715,9.03875275200375,4.4834862766429255,7.773732443936095,15.302741293128644,599.3130716740336,611.7718790670515,107.31240340753769,515.4156168093676,678.8684402207258,0.0005137331789515475,8.06864666362132e-07,0.0006635777123267884,6.535113045133482e-07,0.0012523239398378,101860.0,101860.0,0.0,101860.0,101860.0,814880.0,814880.0,0.0,814880.0,814880.0,10.209926687399275,10.074531104499329,0.8754358776760668,9.508314083002915,10.710296749995903,12.0,12.0,0.0,12.0,12.0,False,False,False
rank_optimized_joint,well_pressure,12,10,0.29187646509820053,0.2500421351173048,0.16853032182223673,0.1749767118787462,0.3227390956043591,0.013383615904573192,0.01024848809532735,0.00698153905398449,0.0087921431920904,0.017997664039883,0.24174760034241155,0.20861028316763486,0.15730139685906824,0.1263372657011319,0.2598146825533508,0.0063137832216262,0.0047210790386282495,0.0034278893701216572,0.0040879062751303,0.0084287363657577,8.186132513467786,6.650044410803174,3.983666417670238,5.57939432420914,9.272572435801868,313.2073556046172,306.07418877200746,61.77515608306505,265.94065129914594,332.7752612393232,0.0007684344315618494,1.173405993390212e-06,0.0009941402407417203,6.629097629058406e-07,0.0018552412255754,259188.0,259188.0,0.0,259188.0,259188.0,2073504.0,2073504.0,0.0,2073504.0,2073504.0,1.1137917291998747,1.0975723335031944,0.17525642300395397,0.9818984160010586,1.2366713330047787,12.0,12.0,0.0,12.0,12.0,False,False,False
POD,well_pressure,13,10,25.985864998180098,26.221677683371624,1.6207029269311026,25.177755564624,26.785474456586453,0.21325352756294474,0.2150014269873904,0.011638070963732856,0.2014325245339517,0.2190070664786365,24.03287712983908,24.233646107972078,1.5552165057722658,23.12353491516624,24.869485509104237,0.10028734913271886,0.1003897624533211,0.0044700318186664196,0.0967408025431809,0.1027279312057157,146.90995939931577,145.94244670684492,28.340669350123694,141.26061976804075,170.37987976258037,96.77825538771184,96.03789101764801,2.621441549550987,94.6415136429042,98.07633177365751,0.00185128017066631,0.0018536132518597501,1.9217678431097687e-05,0.0018368956766505,0.0018577869699023,316800.0,316800.0,0.0,316800.0,316800.0,2534400.0,2534400.0,0.0,2534400.0,2534400.0,1.292954733499937,1.29505272949973,0.10029715001858687,1.2014440409984672,1.352346416999353,13.0,13.0,0.0,13.0,13.0,False,False,False
POD-E,well_pressure,13,10,0.3762283556850202,0.3504199219855958,0.10786652198355555,0.3015622398650359,0.3761815508981544,0.01153961628331173,0.01147702522055935,0.0018702604594732484,0.0101770418007971,0.0125804935423969,0.30233252445232994,0.2563980475092361,0.1089535176809202,0.2367250954633689,0.2996630287986969,0.005372856250799229,0.00536296709974695,0.0009303095712884714,0.0046901605249868,0.0058489292947535,7.320302035437696,7.328158499501089,1.6071468519647776,6.655795361914338,8.008495365155843,12925.351898012805,13859.802704925067,4549.306545117999,13734.200993757187,14292.07383213011,8.538240523959853e-07,8.641917175784903e-07,1.5170439515433734e-07,7.484360734575001e-07,9.987518826807689e-07,316800.0,316800.0,0.0,316800.0,316800.0,2534400.0,2534400.0,0.0,2534400.0,2534400.0,1.25942648339842,1.241910395994637,0.08394504072825856,1.2020911250001518,1.3391447919930215,13.0,13.0,0.0,13.0,13.0,False,False,False
final_accuracy,well_pressure,13,10,0.2055099223558671,0.19481417057358624,0.0715542483302336,0.137349325963415,0.2952464498356393,0.2689698690988922,0.26903508666170817,0.0002724537820685143,0.2687712294597519,0.2691743822238012,0.1623278478251446,0.1526025194516475,0.06320286627448779,0.1004089331768077,0.2294634795480659,0.13074023356541337,0.13077578541764864,0.00013965690578143585,0.1306339282066306,0.1308516848593634,167.25370313887282,173.76972684750547,30.367952713696724,155.06590225051482,192.38657492702907,2822.7077041129974,2767.539297321135,260.2345579466813,2728.9038468306867,2860.6055281124495,1.5999436841514382e-05,9.013157868775351e-07,2.5875624604292982e-05,6.954887110732944e-07,1.945426317563813e-05,149728.0,149728.0,0.0,149728.0,149728.0,1197824.0,1197824.0,0.0,1197824.0,1197824.0,0.6617432206992817,0.623701541499031,0.1423143578430971,0.5486494580036378,0.6849100419931347,13.0,13.0,0.0,13.0,13.0,False,False,False
final_pareto,well_pressure,13,10,0.17496950862764285,0.15304486906159176,0.07469679827049862,0.1192285726760123,0.1752404399198742,0.2689698690988922,0.26903508666170817,0.0002724537820685143,0.2687712294597519,0.2691743822238012,0.1396476544434034,0.1175388462952841,0.06346697432755988,0.0909171204652572,0.1512306539582439,0.13074023356541337,0.13077578541764864,0.00013965690578143585,0.1306339282066306,0.1308516848593634,167.23178298859085,173.69629316857814,30.349478099658274,155.0686488682267,192.40056001337584,2993.222421027888,2953.6564867073594,366.2931843019448,2759.513884313561,3140.525710646713,0.0002348319563885069,4.1991699221316384e-05,0.000620622455938506,9.51127785947734e-07,8.507926318806743e-05,120704.0,120704.0,0.0,120704.0,120704.0,965632.0,965632.0,0.0,965632.0,965632.0,0.5578846539989172,0.5259898334988975,0.12132465539589683,0.5040131669957191,0.586913375002041,13.0,13.0,0.0,13.0,13.0,False,False,False
hybrid,well_pressure,13,10,0.25590061823648125,0.24001141332742346,0.05789904150628271,0.224841543671464,0.2783467309295674,0.012586314215045,0.01195783957765875,0.0034508283007118317,0.0091970030076243,0.0160045440098497,0.20579799014200634,0.1948466194810966,0.05166509145873639,0.1732709721950922,0.2347244747654599,0.00597777250883014,0.00566120541620365,0.001697908610669111,0.0043517618289749,0.0077569438735735,7.791049591705709,7.739330138925299,2.024860626118919,6.20200591209936,8.71375457897203,391.15099650844434,373.5819075026229,98.86485712340166,350.0074690314539,382.1039359556262,0.0005819590225641805,7.99654137660028e-07,0.0007516072181282167,6.362782262573788e-07,0.0014535880376146,188708.0,188708.0,0.0,188708.0,188708.0,1509664.0,1509664.0,0.0,1509664.0,1509664.0,0.9716671417983889,0.939834520999284,0.13759173929647145,0.8862405830004718,1.0541672090039356,13.0,13.0,0.0,13.0,13.0,False,False,False
original_basis_optimized_recovery,well_pressure,13,10,0.5405876956955012,0.4794966745003044,0.1439859446343264,0.4708952244873218,0.598678606350523,0.022964633540067468,0.0237068885341593,0.009738487791295342,0.015301715425141,0.0279131711755817,0.4039495717249245,0.3486520439263635,0.15389011252638987,0.3331911710347137,0.3932265607182418,0.011235750389541402,0.01142366653977945,0.004832929071428051,0.0069811612978476,0.0139595768692937,14.368383156425503,13.106845668755211,6.330936635978111,9.001105269450397,18.54869879936448,1067.953262400215,994.4584766071364,246.3292620163143,961.2410865571444,1050.6563678450211,0.0004309075812089508,1.3071729149931999e-06,0.0005750136986079703,6.165413979854071e-07,0.0011111146616583,101860.0,101860.0,0.0,101860.0,101860.0,814880.0,814880.0,0.0,814880.0,814880.0,10.209926687399275,10.074531104499329,0.8754358776760668,9.508314083002915,10.710296749995903,13.0,13.0,0.0,13.0,13.0,False,False,False
rank_optimized_joint,well_pressure,13,10,0.26739583213746193,0.20108419537012295,0.18333287963685535,0.1513026437918345,0.3091607796783516,0.01459084673701207,0.01215117796521805,0.007027341457884007,0.0088974480249642,0.0197494075893515,0.22202124465884698,0.1684485609157511,0.17154030519233895,0.1121900691165301,0.251056284634977,0.00689969089384305,0.0056457329100812505,0.00346721094651772,0.0041235125883689,0.0093295578284552,8.912341164763909,6.9809816865885885,4.053253750782115,6.434437440753094,10.797363578015192,367.7348034062106,348.27505261420305,55.14713713426635,330.87184473874396,376.2777483211531,0.0006991210533820143,1.0473082867044872e-06,0.0009090873875851785,7.600225709532773e-07,0.0018420974360525,259188.0,259188.0,0.0,259188.0,259188.0,2073504.0,2073504.0,0.0,2073504.0,2073504.0,1.1137917291998747,1.0975723335031944,0.17525642300395397,0.9818984160010586,1.2366713330047787,13.0,13.0,0.0,13.0,13.0,False,False,False
POD,well_pressure,14,10,24.725813409239258,25.294854078174737,1.7710408739668464,23.17616770664947,25.385585772003378,0.22367163801266945,0.22000983699610616,0.013105343122685397,0.2135603196725983,0.2403331388354564,22.902108150112284,23.32648623622012,1.752129990016342,21.26088908206678,23.66493665177938,0.10516043663574917,0.10355803467145319,0.005599162796656825,0.1001099583019122,0.1100026470953939,152.87217138983888,156.62597118471274,30.574522757532147,149.32573956087097,166.8578631665708,97.0259021011247,96.26842921923286,2.6240856766167204,94.799030119106,98.31824072961734,0.00186000526240447,0.00185194674059695,3.2431024683715705e-05,0.0018358687293379,0.0018701563308411,316800.0,316800.0,0.0,316800.0,316800.0,2534400.0,2534400.0,0.0,2534400.0,2534400.0,1.292954733499937,1.29505272949973,0.10029715001858687,1.2014440409984672,1.352346416999353,14.0,14.0,0.0,14.0,14.0,False,False,False
POD-E,well_pressure,14,10,0.3641177590280705,0.329482044751609,0.11467610716368971,0.282195897821862,0.3609633468529313,0.011719166621985438,0.01175983660041345,0.0018330835230486403,0.0103441492058419,0.0126148775597839,0.29985733464268144,0.2609680260632227,0.11387018039654442,0.2339356413976727,0.294438894122746,0.005465966648782439,0.0054998046927035495,0.0009120878452731864,0.0047759910617021,0.0058740291191534,7.431606912142056,7.389048369188693,1.6270589605259278,6.80096221521537,7.931243319219032,13521.491979322629,14334.440173032122,4804.893955115919,14285.119344309303,14927.53212195883,7.806398557443031e-07,7.390376150650077e-07,1.363086527854741e-07,6.754436119655637e-07,8.449247903435639e-07,316800.0,316800.0,0.0,316800.0,316800.0,2534400.0,2534400.0,0.0,2534400.0,2534400.0,1.25942648339842,1.241910395994637,0.08394504072825856,1.2020911250001518,1.3391447919930215,14.0,14.0,0.0,14.0,14.0,False,False,False
final_accuracy,well_pressure,14,10,0.2117937909848521,0.22270668885322506,0.06618997572914317,0.1536300647608652,0.2402192214035558,0.2689698690988922,0.26903508666170817,0.0002724537820685143,0.2687712294597519,0.2691743822238012,0.170362803639894,0.17863904417815352,0.06156709832658212,0.1121698706968439,0.2028961686591179,0.13074023356541337,0.13077578541764864,0.00013965690578143585,0.1306339282066306,0.1308516848593634,167.25442120720217,173.7590006948891,30.36751383576062,155.09004601532192,192.4093802296809,4284.016615764874,3991.005453757254,902.1736658622959,3757.36017565442,5420.357196417349,2.7572524818521628e-05,9.692970009457628e-07,5.580026461390997e-05,6.629097629058406e-07,4.2007210523527315e-05,149728.0,149728.0,0.0,149728.0,149728.0,1197824.0,1197824.0,0.0,1197824.0,1197824.0,0.6617432206992817,0.623701541499031,0.1423143578430971,0.5486494580036378,0.6849100419931347,14.0,14.0,0.0,14.0,14.0,False,False,False
final_pareto,well_pressure,14,10,0.17279373747247412,0.1478683467332313,0.07236791050002413,0.1203761149730688,0.1981390368572011,0.2689698690988922,0.26903508666170817,0.0002724537820685143,0.2687712294597519,0.2691743822238012,0.13921085641860068,0.11668978165527011,0.06591093760895661,0.0938254620026183,0.1586019451446544,0.13074023356541337,0.13077578541764864,0.00013965690578143585,0.1306339282066306,0.1308516848593634,167.23069429178616,173.70031772397618,30.348005011607952,155.0777651926167,192.3900577617377,3997.428421355145,3950.4964770016004,455.5991030118141,3635.568771989744,4317.945729852704,0.0002486450827137329,1.82240000320686e-05,0.0006209018568707778,8.048270426382472e-07,6.106548118308761e-05,120704.0,120704.0,0.0,120704.0,120704.0,965632.0,965632.0,0.0,965632.0,965632.0,0.5578846539989172,0.5259898334988975,0.12132465539589683,0.5040131669957191,0.586913375002041,14.0,14.0,0.0,14.0,14.0,False,False,False
hybrid,well_pressure,14,10,0.21683930233559012,0.22023758900241341,0.03645241152341741,0.1946653853832238,0.2507142721872227,0.01200191870294621,0.01143808095328775,0.00312868755875201,0.0091275211462975,0.0140505649968999,0.17734952507239204,0.18431335620607645,0.03671819662199328,0.1543301597283957,0.2076829583823366,0.00566704322517974,0.00530775273409415,0.0015178845701858314,0.0043062364231627,0.0066017348963938,7.546130071211969,6.824891838454568,2.5477541952578955,5.996115545846599,7.640421565680534,475.9246733717364,449.5443474076294,115.08817842803066,406.1597439030464,469.8121653284372,0.0005939181097756739,8.499398398654241e-07,0.0007664429955612542,6.506917341717315e-07,0.0014975366541609,188708.0,188708.0,0.0,188708.0,188708.0,1509664.0,1509664.0,0.0,1509664.0,1509664.0,0.9716671417983889,0.939834520999284,0.13759173929647145,0.8862405830004718,1.0541672090039356,14.0,14.0,0.0,14.0,14.0,False,False,False
original_basis_optimized_recovery,well_pressure,14,10,0.6042168009599002,0.5964253283005597,0.14558164431599355,0.4718840862393443,0.7277455859819992,0.029624509385749804,0.02763260313055175,0.015838512170402632,0.0189677186240629,0.0389760706791212,0.4721829140927835,0.44666132756277577,0.14959337529499545,0.3342084977184686,0.6104714811040286,0.01442276402111246,0.0137344829862493,0.007640069571272817,0.0095572265510352,0.0190719850282625,18.38576130097157,16.942058567867004,9.63178482327716,9.048610839377323,24.59681892768335,2049.2917662888576,1649.9206366915232,1627.399377343016,1251.8018183074632,1704.151732541216,0.000476857708264617,8.349022681429226e-07,0.0006216683061498377,6.093383093602619e-07,0.0011744912255544,101860.0,101860.0,0.0,101860.0,101860.0,814880.0,814880.0,0.0,814880.0,814880.0,10.209926687399275,10.074531104499329,0.8754358776760668,9.508314083002915,10.710296749995903,14.0,14.0,0.0,14.0,14.0,False,False,False
rank_optimized_joint,well_pressure,14,10,0.2842787613160006,0.22008711177196666,0.19434373934782131,0.1508324676219066,0.3105259556884222,0.01544170256960709,0.014372488187025299,0.007285949305562369,0.0085494696163314,0.0213872362013881,0.23705726345111847,0.18516832348958426,0.1822236539094583,0.1160628865527438,0.2503779566726272,0.00734333593889995,0.00676709106921915,0.003585534450871812,0.0040588522994095,0.0103345470666537,9.351163548406705,8.525190530199204,3.978515068983373,6.18373295830201,11.0699239446248,464.7830177566442,450.81360461464044,32.620464541563535,441.9895189728184,488.3956650917363,0.0006962691090280485,9.270037467069784e-07,0.000923650118297326,6.522556821136434e-07,0.001842414473706,259188.0,259188.0,0.0,259188.0,259188.0,2073504.0,2073504.0,0.0,2073504.0,2073504.0,1.1137917291998747,1.0975723335031944,0.17525642300395397,0.9818984160010586,1.2366713330047787,14.0,14.0,0.0,14.0,14.0,False,False,False
POD,well_pressure,15,10,24.099837508300133,24.275024633435727,1.9813172495410625,22.38205301745566,25.14384512231537,0.2211890624884864,0.22316389854524485,0.014063540053849268,0.2148474478191337,0.2259341277775028,22.30748829086974,22.375697577363105,1.9132421972842257,20.609203042674864,23.335368574765813,0.1027613587617612,0.10159476642236626,0.005911984075599404,0.0998553444901709,0.1079099515118536,150.76622324119984,154.16418504449837,30.009263681364896,144.12248298889665,170.50975871025275,99.60099335559451,99.42628643763109,2.647956605097752,97.09196268753595,101.29699702646812,0.0019263532586516602,0.0018782260376063,0.00013618556544466246,0.0018492572029695,0.0019385642256094,316800.0,316800.0,0.0,316800.0,316800.0,2534400.0,2534400.0,0.0,2534400.0,2534400.0,1.292954733499937,1.29505272949973,0.10029715001858687,1.2014440409984672,1.352346416999353,15.0,15.0,0.0,15.0,15.0,False,False,False
POD-E,well_pressure,15,10,0.35294228999141264,0.31361988309598565,0.1252793988931902,0.2595595542885835,0.3495469661458081,0.011576042036818831,0.0112601561603607,0.0018767324824052597,0.0100395207228549,0.0121647665093884,0.28790044752612926,0.23654299377301036,0.1250389692600431,0.2108909312928467,0.2831405905970711,0.005395692345853179,0.00522837625012835,0.0009335682437894728,0.0046286005154492,0.0056918102236908,7.366676377365858,7.372692995300406,1.766265810109273,6.766367404567843,7.787530481051767,14542.947424332006,15367.13445981872,5123.979405427643,15274.426073534987,15973.111892432917,7.964601399748117e-07,7.976203160342949e-07,1.2096840237077436e-07,7.017518335050042e-07,8.471203242302557e-07,316800.0,316800.0,0.0,316800.0,316800.0,2534400.0,2534400.0,0.0,2534400.0,2534400.0,1.25942648339842,1.241910395994637,0.08394504072825856,1.2020911250001518,1.3391447919930215,15.0,15.0,0.0,15.0,15.0,False,False,False
final_accuracy,well_pressure,15,10,0.18772999643282812,0.17992978102991505,0.05812946297091204,0.1306089710411807,0.24234142598762,0.2689698690988922,0.26903508666170817,0.0002724537820685143,0.2687712294597519,0.2691743822238012,0.15041080191278347,0.14967617590230498,0.05409799313651485,0.0992158716717141,0.2003804211882586,0.13074023356541337,0.13077578541764864,0.00013965690578143585,0.1306339282066306,0.1308516848593634,167.24482320310844,173.76080995815445,30.357548911234225,155.10417139421872,192.41097775747735,6004.727040471438,5938.866746912994,1847.3492941469283,4143.939142939445,6977.520215932867,1.3191700735544309e-05,9.199586503043127e-07,2.5148837544459382e-05,6.547668722066047e-07,8.876255638564804e-06,149728.0,149728.0,0.0,149728.0,149728.0,1197824.0,1197824.0,0.0,1197824.0,1197824.0,0.6617432206992817,0.623701541499031,0.1423143578430971,0.5486494580036378,0.6849100419931347,15.0,15.0,0.0,15.0,15.0,False,False,False
final_pareto,well_pressure,15,10,0.194830099990766,0.16012855550189226,0.10575577315442503,0.1354925298740934,0.2193024087347234,0.2689698690988922,0.26903508666170817,0.0002724537820685143,0.2687712294597519,0.2691743822238012,0.15935463202957972,0.13060610681130194,0.0942626693014929,0.1001274518534415,0.1928797411519601,0.13074023356541337,0.13077578541764864,0.00013965690578143585,0.1306339282066306,0.1308516848593634,167.2445702184557,173.74693160770886,30.335407901189896,155.103979735487,192.3921153824251,6470.436478987201,5658.808528891835,2816.8743603110624,4336.071567000599,8086.804750464462,0.00021223934886791047,2.1437030090623066e-05,0.0006134886409069664,8.048270426382472e-07,3.5095240566721954e-05,120704.0,120704.0,0.0,120704.0,120704.0,965632.0,965632.0,0.0,965632.0,965632.0,0.5578846539989172,0.5259898334988975,0.12132465539589683,0.5040131669957191,0.586913375002041,15.0,15.0,0.0,15.0,15.0,False,False,False
hybrid,well_pressure,15,10,0.21405711199032768,0.21509673636629045,0.036202942197496514,0.19853436791591,0.2427114619671517,0.01211467097566323,0.0124496767135872,0.0031148780212858244,0.0094264328478318,0.0136651888267305,0.1771334864301766,0.18601154601439696,0.037893244336155825,0.1570705564169274,0.2074101976961752,0.005743628698424671,0.0058089559891369,0.0015054970818438424,0.0044266725993559,0.006467560501841,7.609303550074744,7.084985863530152,2.5034694326284255,6.109202998346717,8.038117927215998,608.8112345313557,579.6968856154615,85.70863489227305,565.9701387344137,589.0275509162425,0.0005290574255649585,8.682669376730359e-07,0.0007158712091853201,6.422330778533299e-07,0.001414226187976,188708.0,188708.0,0.0,188708.0,188708.0,1509664.0,1509664.0,0.0,1509664.0,1509664.0,0.9716671417983889,0.939834520999284,0.13759173929647145,0.8862405830004718,1.0541672090039356,15.0,15.0,0.0,15.0,15.0,False,False,False
original_basis_optimized_recovery,well_pressure,15,10,0.5761389184188802,0.5365598790617774,0.14366030940999083,0.4444236207467807,0.6944478486268614,0.036364977517602856,0.02482286417878615,0.03549076605102066,0.0222388312959562,0.0382119767894007,0.4373768848283658,0.38375877085442395,0.16725151707148775,0.3106748953592626,0.5968342689960986,0.01761958708787878,0.01186440187355685,0.0174660662551825,0.0107091777290952,0.0186353683164212,22.40093850796916,17.293960569068066,20.5185701934105,8.376307233266015,24.137113925967157,3316.2985736311907,2709.842721184386,1767.8390739999534,2461.41412853302,3138.9679713560045,0.0004740473992377963,9.59428559456553e-07,0.0006302478916416735,5.689247960357793e-07,0.0010539558270807,101860.0,101860.0,0.0,101860.0,101860.0,814880.0,814880.0,0.0,814880.0,814880.0,10.209926687399275,10.074531104499329,0.8754358776760668,9.508314083002915,10.710296749995903,15.0,15.0,0.0,15.0,15.0,False,False,False
rank_optimized_joint,well_pressure,15,10,0.2733717361567415,0.23471922099831324,0.16700443852163435,0.1493875166669413,0.3041839626255256,0.0156540895376018,0.01696394972480475,0.00523692849956403,0.0122802316402745,0.0199410864514304,0.2293676752736616,0.19763254461692845,0.15602283703066216,0.1195387700986607,0.2566784584438811,0.007435291991602119,0.00795931301514835,0.0025671426794075664,0.005779761027979,0.0095048540412352,9.575843461542117,9.579762528371898,3.1443581605473505,7.281065213211546,11.165541982748609,579.9349815370581,550.3681146379959,88.543848312464,539.2559113941447,575.9076404424394,0.0006434962714066124,1.0964924745748338e-06,0.0008639730083736779,7.459247739516423e-07,0.0013568455488394,259188.0,259188.0,0.0,259188.0,259188.0,2073504.0,2073504.0,0.0,2073504.0,2073504.0,1.1137917291998747,1.0975723335031944,0.17525642300395397,0.9818984160010586,1.2366713330047787,15.0,15.0,0.0,15.0,15.0,False,False,False
POD,well_pressure,16,10,24.044694882893594,24.147021636628654,2.0090079868719855,22.07664430656948,25.15422130874212,0.22100272581625088,0.2236587000692696,0.014080415873941514,0.2125695319372279,0.2261015848909901,22.261365760757645,22.31811708723749,1.9392336377144517,20.357660282346917,23.34504619465372,0.10268773661656465,0.1014734289198107,0.005888876568141934,0.0999125003791785,0.107795751465691,150.68584353040268,154.1996574654135,30.274580652976983,144.4825350207628,170.82979456034093,152.0142294291756,149.9712071745715,11.10948501422571,147.4422725740392,155.33937073728717,0.00185816177969865,0.0018526281315931,2.8275570722166883e-05,0.0018482299473861,0.001859770992467,316800.0,316800.0,0.0,316800.0,316800.0,2534400.0,2534400.0,0.0,2534400.0,2534400.0,1.292954733499937,1.29505272949973,0.10029715001858687,1.2014440409984672,1.352346416999353,16.0,16.0,0.0,16.0,16.0,False,False,False
POD-E,well_pressure,16,10,0.3536702756314226,0.3185688537552386,0.12011111079101591,0.2658016347028208,0.3547364795023443,0.011574615287464752,0.011294647608410952,0.001848961166062059,0.0101202137622575,0.012090460725741,0.28718118620702027,0.23477629590027593,0.11943293392295533,0.2171959826452215,0.2874747040341247,0.0053954026250469704,0.0052413020071352,0.0009220345941463455,0.0046667047133773,0.0056502944047182,7.3657327434866655,7.422579001057793,1.7476277358768462,6.664649199187412,7.839146686795282,19736.506327313233,20967.026559316633,6929.132819987859,20772.989252139196,22355.60210194609,7.710518832738631e-07,7.753759356481689e-07,9.668583284928502e-08,7.011278517565277e-07,8.223683917299753e-07,316800.0,316800.0,0.0,316800.0,316800.0,2534400.0,2534400.0,0.0,2534400.0,2534400.0,1.25942648339842,1.241910395994637,0.08394504072825856,1.2020911250001518,1.3391447919930215,16.0,16.0,0.0,16.0,16.0,False,False,False
final_accuracy,well_pressure,16,10,0.17722250614243912,0.18340447565138684,0.03851124187861093,0.1485846108989333,0.1995156912766018,0.2689698690988922,0.26903508666170817,0.0002724537820685143,0.2687712294597519,0.2691743822238012,0.14256522933606686,0.15414650978840644,0.03925417718724672,0.1159205868704781,0.171641480537017,0.13074023356541337,0.13077578541764864,0.00013965690578143585,0.1306339282066306,0.1308516848593634,167.23652612943533,173.7352365807846,30.36206662201077,155.0852256782457,192.3954042358343,11603.758999003066,12566.91096961802,2509.24073973975,9060.57981312472,12877.620440859311,2.0563156393010432e-05,9.802593799269428e-07,4.3840531227774166e-05,8.12969933337483e-07,1.573841351424029e-05,149728.0,149728.0,0.0,149728.0,149728.0,1197824.0,1197824.0,0.0,1197824.0,1197824.0,0.6617432206992817,0.623701541499031,0.1423143578430971,0.5486494580036378,0.6849100419931347,16.0,16.0,0.0,16.0,16.0,False,False,False
final_pareto,well_pressure,16,10,0.18976970296847914,0.15639033176186976,0.09822692565668077,0.1278202590224726,0.2189481232752254,0.2689698690988922,0.26903508666170817,0.0002724537820685143,0.2687712294597519,0.2691743822238012,0.15925366264465238,0.1260428317674669,0.0882502609720593,0.0992211176470767,0.1954443157391864,0.13074023356541337,0.13077578541764864,0.00013965690578143585,0.1306339282066306,0.1308516848593634,167.23979336433712,173.71345010171757,30.343031776749612,155.09675686573908,192.39173408654776,19820.384898853175,12710.659911817907,23314.68498617559,11557.530958055797,13737.81268398797,0.00021801522556674533,2.3426691713984494e-05,0.0005889189312103565,8.552631602230432e-07,6.795143609020957e-05,120704.0,120704.0,0.0,120704.0,120704.0,965632.0,965632.0,0.0,965632.0,965632.0,0.5578846539989172,0.5259898334988975,0.12132465539589683,0.5040131669957191,0.586913375002041,16.0,16.0,0.0,16.0,16.0,False,False,False
hybrid,well_pressure,16,10,0.22802119510499694,0.21540850832706915,0.06835546893221901,0.1883727846205612,0.2503115203498197,0.014347121658537618,0.013326490267754551,0.005972327483919788,0.0095364552843065,0.0179757574729291,0.1902482434892196,0.17585708513798384,0.06660949336048552,0.1587547105957956,0.2218907662475472,0.00684587666485707,0.006223571342016751,0.002910403961380174,0.0045187546434515,0.0086378509796431,8.938705700414339,7.61474776947687,3.9074260712099202,5.695822327412592,11.29606578842423,829.7236396582068,763.4924150349573,211.30298772871896,721.1832976009524,826.1118731139657,0.0005256501563832951,7.839924747761535e-07,0.0007215209431720432,7.239999612828339e-07,0.001494824872153,188708.0,188708.0,0.0,188708.0,188708.0,1509664.0,1509664.0,0.0,1509664.0,1509664.0,0.9716671417983889,0.939834520999284,0.13759173929647145,0.8862405830004718,1.0541672090039356,16.0,16.0,0.0,16.0,16.0,False,False,False
original_basis_optimized_recovery,well_pressure,16,10,0.6018583644983319,0.5248151589236605,0.20054063905968225,0.4474092214757852,0.685712836132172,0.03838276785960685,0.0296595407747546,0.025132739230439783,0.0224974796473308,0.0633898145880634,0.459139762183346,0.369023982615654,0.22121931442408274,0.3045055522789888,0.585232552320558,0.018589040422959315,0.01406292765886375,0.012312464721346778,0.0108476237944316,0.0306264190213231,24.298914826173366,19.115480679300575,16.55385218549037,8.585028942708485,37.92599880508316,6031.966125045339,4762.28115055787,3953.742410708524,3873.8384157581777,6162.445406556054,0.00044648286316907083,7.733383392775081e-07,0.0005864117146215536,7.039473673916961e-07,0.0010253872180355,101860.0,101860.0,0.0,101860.0,101860.0,814880.0,814880.0,0.0,814880.0,814880.0,10.209926687399275,10.074531104499329,0.8754358776760668,9.508314083002915,10.710296749995903,16.0,16.0,0.0,16.0,16.0,False,False,False
rank_optimized_joint,well_pressure,16,10,0.262986544280953,0.22813869679031545,0.14216912606386334,0.1461688250387949,0.3280383336223653,0.01476480030398018,0.0151754743552239,0.004581613780224383,0.011875189657289,0.0167600621819731,0.22133720121949368,0.192436728577915,0.1294975437935146,0.1190770362017032,0.2787976915634243,0.00696698181885778,0.0069995917764286,0.0022494765893757594,0.0055844503003137,0.0079161259825909,9.088467321612688,8.574445881426918,2.9756564849885296,7.735688637602377,9.629309309405896,676.3805711495841,663.1123209024103,66.83025531717365,620.2137526195448,726.4711703719379,0.0007217599000016504,1.0371278269878148e-06,0.0009314730971129385,7.036316017725301e-07,0.0018151936089992,259188.0,259188.0,0.0,259188.0,259188.0,2073504.0,2073504.0,0.0,2073504.0,2073504.0,1.1137917291998747,1.0975723335031944,0.17525642300395397,0.9818984160010586,1.2366713330047787,16.0,16.0,0.0,16.0,16.0,False,False,False
POD,well_pressure,17,10,23.55078595886892,23.640456575550203,1.9192295365724357,21.700355567049623,25.009926122763034,0.22001384874547186,0.2229167798930836,0.014157081091316892,0.2032759898792256,0.2334993743875375,21.718863478863646,21.668296097466083,1.844196507887362,19.87755344651326,23.218578207762327,0.10334196218325047,0.10374694229329856,0.006136158960659466,0.0965031745541859,0.1082733880294677,150.36969994723222,152.46452383799152,32.0739321599743,142.17502573591497,177.8141623644679,156.07423728273108,153.41988334576456,12.403097035715087,150.39000617033028,158.52731066877368,0.0018547076428463202,0.0018557127180230501,2.8095240638668705e-05,0.0018302759999642,0.0018569373383332,316800.0,316800.0,0.0,316800.0,316800.0,2534400.0,2534400.0,0.0,2534400.0,2534400.0,1.292954733499937,1.29505272949973,0.10029715001858687,1.2014440409984672,1.352346416999353,17.0,17.0,0.0,17.0,17.0,False,False,False
POD-E,well_pressure,17,10,0.3353744567438336,0.30025990456272855,0.10426897769532249,0.2678578198674594,0.3433487619194236,0.011355769367453892,0.011025236898760199,0.0016699237070830057,0.0102801170060157,0.0126031077349727,0.27351710699370213,0.23060804385471584,0.10185682568905222,0.2149830150281404,0.2777979285027849,0.00528803970448012,0.0051134539301554,0.0008257642849366152,0.0047685083072996,0.0058972710285731,7.16475845295807,7.147900385613872,1.3734458197962944,6.609200319053548,7.476444580761149,20150.348064646445,21372.090391725775,7122.508091110292,20987.065089910546,22591.89860324028,7.807323260537411e-07,7.875902169905743e-07,1.0620621638198664e-07,6.942330886735896e-07,8.367819543507762e-07,316800.0,316800.0,0.0,316800.0,316800.0,2534400.0,2534400.0,0.0,2534400.0,2534400.0,1.25942648339842,1.241910395994637,0.08394504072825856,1.2020911250001518,1.3391447919930215,17.0,17.0,0.0,17.0,17.0,False,False,False
final_accuracy,well_pressure,17,10,0.18544835208177218,0.1718624996640602,0.04676161085773666,0.1608615641887032,0.1896434110118628,0.2689698690988922,0.26903508666170817,0.0002724537820685143,0.2687712294597519,0.2691743822238012,0.15322013300638615,0.14824398163283592,0.0439896133983952,0.1339714759133143,0.162258054500772,0.13074023356541337,0.13077578541764864,0.00013965690578143585,0.1306339282066306,0.1308516848593634,167.24020430703283,173.73341010427956,30.35774218194357,155.07429481399325,192.40389210276476,inf,inf,,inf,inf,3.9937374444854715e-05,9.84962411221341e-07,0.00010438499516427959,7.299473728018259e-07,8.889097758460285e-06,149728.0,149728.0,0.0,149728.0,149728.0,1197824.0,1197824.0,0.0,1197824.0,1197824.0,0.6617432206992817,0.623701541499031,0.1423143578430971,0.5486494580036378,0.6849100419931347,17.0,17.0,0.0,17.0,17.0,False,False,False
final_pareto,well_pressure,17,10,0.2022259580153185,0.16301809651463384,0.10519299311957828,0.1550060068284307,0.1909387098240468,0.2689698690988922,0.26903508666170817,0.0002724537820685143,0.2687712294597519,0.2691743822238012,0.1678762255271328,0.1329829895570489,0.09321514672627426,0.1193657305241919,0.1626805013403046,0.13074023356541337,0.13077578541764864,0.00013965690578143585,0.1306339282066306,0.1308516848593634,167.2438815977694,173.71304381774115,30.342994954836737,155.0715442118521,192.39234435187515,inf,inf,,inf,inf,0.0002457026639002126,3.658772180998291e-05,0.0005848657419904504,1.2277518714168911e-06,0.0001646036992162,120704.0,120704.0,0.0,120704.0,120704.0,965632.0,965632.0,0.0,965632.0,965632.0,0.5578846539989172,0.5259898334988975,0.12132465539589683,0.5040131669957191,0.586913375002041,17.0,17.0,0.0,17.0,17.0,False,False,False
hybrid,well_pressure,17,10,0.23447211190725076,0.21447097731484677,0.0930401017248971,0.1917296015602066,0.2756476372783491,0.017170918539584003,0.01366597779809035,0.009934704967816652,0.011535982810259,0.0208271157560339,0.1961669428116568,0.1775307583547645,0.08884816096947352,0.1472437971895161,0.2351992418830806,0.00816331789140872,0.006486376547876651,0.004728732497965192,0.005489804402336,0.0100935148648256,10.684178108982852,7.628806513275608,6.159444998252083,7.257282652722794,12.683483422613866,1095.8757270084648,1019.9763806518151,235.45564653883642,920.9272201284408,1329.2534299776362,0.0005507132526291302,8.010676702225399e-07,0.000732608941685905,6.174812000594977e-07,0.0014974326390949,188708.0,188708.0,0.0,188708.0,188708.0,1509664.0,1509664.0,0.0,1509664.0,1509664.0,0.9716671417983889,0.939834520999284,0.13759173929647145,0.8862405830004718,1.0541672090039356,17.0,17.0,0.0,17.0,17.0,False,False,False
original_basis_optimized_recovery,well_pressure,17,10,0.5460912064703045,0.5404409843202005,0.09400181459776666,0.4538295857303119,0.6273734499331428,0.04115679732830123,0.0290045395717664,0.0345619183280695,0.0222768363875152,0.0425858410623735,0.4078152192866728,0.38759911102111294,0.10994806427729573,0.3057893161345051,0.5120925307249503,0.02012458705901191,0.014469126930064951,0.01705810504480299,0.010726084405643,0.0200563031919449,25.595832117151396,19.526203861697226,21.08977332812224,8.769774015400406,29.628369788138293,5080.914045433343,3727.176218430499,4215.85929677875,3502.770407299179,4105.679412776417,0.0003331546052684873,9.089887218332773e-07,0.0004942262922826083,6.036992780899251e-07,0.0006419354661313,101860.0,101860.0,0.0,101860.0,101860.0,814880.0,814880.0,0.0,814880.0,814880.0,10.209926687399275,10.074531104499329,0.8754358776760668,9.508314083002915,10.710296749995903,17.0,17.0,0.0,17.0,17.0,False,False,False
rank_optimized_joint,well_pressure,17,10,0.20616224466270014,0.14676484866866263,0.1530952172983545,0.1099451874176693,0.2386964955141293,0.01425206193513508,0.0132704006710062,0.004861272429424042,0.0111759831687139,0.0177769366918739,0.17456448542723274,0.1198327044307402,0.13774741571722326,0.0819523635743935,0.2136515001439933,0.006726669436322651,0.0062463187417125,0.0023558413592892464,0.0053308729581575,0.0083515728206062,8.659858111358746,8.003269566143784,2.620269241738468,6.937243671877447,10.145004558206509,797.1621198245073,802.0906297611483,70.82113835996915,777.5762225466464,818.5036674768631,0.000659256954881991,8.789172984267537e-07,0.0009093178203323182,7.124060237100978e-07,0.0017808054511359,259188.0,259188.0,0.0,259188.0,259188.0,2073504.0,2073504.0,0.0,2073504.0,2073504.0,1.1137917291998747,1.0975723335031944,0.17525642300395397,0.9818984160010586,1.2366713330047787,17.0,17.0,0.0,17.0,17.0,False,False,False
POD,well_pressure,18,10,27.236041028916695,29.318129355180695,3.681054118909029,23.87357486635328,29.90832109180153,0.2667282767391961,0.2826037514529057,0.03666259266502785,0.2289101101443426,0.2962712250675145,25.78857171538803,28.046330047340547,3.8914181084387884,22.15075961268596,28.603588328949098,0.1278061358823825,0.13555369198097,0.0190653801558708,0.1089772892251221,0.1428811781773031,180.68187241077595,175.03922821556878,42.97379781322,146.1911083278589,227.1628026427785,76.09180913577903,8.170005110294575,112.16985407945246,4.690549051369318,233.67784885978165,0.0018567953624136799,0.0018555811391132,1.4368377146264887e-05,0.0018500557668897,0.0018636437970072,316800.0,316800.0,0.0,316800.0,316800.0,2534400.0,2534400.0,0.0,2534400.0,2534400.0,1.292954733499937,1.29505272949973,0.10029715001858687,1.2014440409984672,1.352346416999353,18.0,18.0,0.0,18.0,18.0,False,False,False
POD-E,well_pressure,18,10,0.31337366316482906,0.3039408112384504,0.10721542874298778,0.2755763515331924,0.3195397700625932,0.011226730268276221,0.0112000342604579,0.001283070011882063,0.0101441131850535,0.0122203315129373,0.2615564361636508,0.25535636115373317,0.09190216900223812,0.2204391980057118,0.2744003731981047,0.00519854370895193,0.0052285019178309,0.0006179453077392186,0.0047490287227225,0.0055779000101137,7.089717594300941,7.010538242631096,1.1519390287433044,6.691259155423094,8.247996775790485,30926.531064292612,28862.919916684063,31840.044548713315,838.7255792849242,59348.75220519339,8.114962510351456e-07,7.255676839696733e-07,1.9260106647761273e-07,6.820150599394805e-07,9.871503956181771e-07,316800.0,316800.0,0.0,316800.0,316800.0,2534400.0,2534400.0,0.0,2534400.0,2534400.0,1.25942648339842,1.241910395994637,0.08394504072825856,1.2020911250001518,1.3391447919930215,18.0,18.0,0.0,18.0,18.0,False,False,False
final_accuracy,well_pressure,18,10,0.17316978738216926,0.15338704776682124,0.05203821909305392,0.1448180207527865,0.1806250152871182,0.2689698690988922,0.26903508666170817,0.0002724537820685143,0.2687712294597519,0.2691743822238012,0.1397667807520006,0.1180753077131028,0.05730068592335655,0.0982606225696017,0.1616281602623872,0.13074023356541337,0.13077578541764864,0.00013965690578143585,0.1306339282066306,0.1308516848593634,167.23214129326578,173.7165925963393,30.35885513371082,155.11580555498335,192.40224265648513,inf,inf,,inf,inf,0.000489720677443987,0.00010977819547952436,0.0007735783068572197,2.3701127815056816e-05,0.0004039746240333,149728.0,149728.0,0.0,149728.0,149728.0,1197824.0,1197824.0,0.0,1197824.0,1197824.0,0.6617432206992817,0.623701541499031,0.1423143578430971,0.5486494580036378,0.6849100419931347,18.0,18.0,0.0,18.0,18.0,False,False,False
final_pareto,well_pressure,18,10,0.16954568850308438,0.1455884258762022,0.06702454090137486,0.1272919954970521,0.1775313791090169,0.2689698690988922,0.26903508666170817,0.0002724537820685143,0.2687712294597519,0.2691743822238012,0.13729083649188295,0.1090080240717167,0.06757126907184212,0.0937030651184727,0.1539409063887348,0.13074023356541337,0.13077578541764864,0.00013965690578143585,0.1306339282066306,0.1308516848593634,167.24116973007244,173.8042371163495,30.37736495624185,155.04955976968702,192.38119594050383,inf,inf,,inf,inf,0.00023962684962381157,4.180451503629215e-05,0.0005745822369321684,1.2359962425775885e-05,0.000140685466126,120704.0,120704.0,0.0,120704.0,120704.0,965632.0,965632.0,0.0,965632.0,965632.0,0.5578846539989172,0.5259898334988975,0.12132465539589683,0.5040131669957191,0.586913375002041,18.0,18.0,0.0,18.0,18.0,False,False,False
hybrid,well_pressure,18,10,0.26669131051482,0.185223402965912,0.2317793476921872,0.1518130187892398,0.2483029559812859,0.01849113023944631,0.0122516929063782,0.01636686695213001,0.0093068206959547,0.0153317162380935,0.22727548198139091,0.15365929371554127,0.22027743338274694,0.1177227835449561,0.2234970729619254,0.008948862392539201,0.00588982241769775,0.008180352813363719,0.004364324464391,0.007419495748914,11.610414957302089,7.42569985266187,10.369817048082854,5.809175576801865,8.733579989880988,4890.846682038324,1540.8692227705064,7234.296952750753,1366.6499887486434,1786.0369005113198,0.0011815786037503559,0.0014367382518548,0.0005162238369981286,0.0008856779473936,0.0014986234361041,188708.0,188708.0,0.0,188708.0,188708.0,1509664.0,1509664.0,0.0,1509664.0,1509664.0,0.9716671417983889,0.939834520999284,0.13759173929647145,0.8862405830004718,1.0541672090039356,18.0,18.0,0.0,18.0,18.0,False,False,False
original_basis_optimized_recovery,well_pressure,18,10,0.4841115711726542,0.4586496429227796,0.07105120944207015,0.4330147110927415,0.559808891112406,0.030063781947086803,0.018839883387366148,0.041537545982429064,0.0110502328070209,0.0244808215551389,0.3378351200849283,0.31781132123643874,0.08079948440274574,0.2787358157424089,0.4030250261937466,0.01478467292470693,0.0092362907600592,0.020300965499670212,0.00551837981382,0.0122470476616364,18.083549157866,10.269586979405593,23.725815636548738,7.689516998792484,15.667593183992013,9993.835042144943,3599.860374106324,11384.27740009192,3403.811881693814,11491.29466332786,0.0008657776947402863,0.000959667921038,0.00041103899178455896,0.0005847838345877,0.0011728963082922,101860.0,101860.0,0.0,101860.0,101860.0,814880.0,814880.0,0.0,814880.0,814880.0,10.209926687399275,10.074531104499329,0.8754358776760668,9.508314083002915,10.710296749995903,18.0,18.0,0.0,18.0,18.0,False,False,False
rank_optimized_joint,well_pressure,18,10,0.20742037157771978,0.18121400639770147,0.12782370160112272,0.1560730377334746,0.1998731595964696,0.01335008785520673,0.011747030665703598,0.006771606626540274,0.0080747204980208,0.0130382313340091,0.1761411070290726,0.15453293150198044,0.11742362546758196,0.1072875646584227,0.1774373965712949,0.00628558540979723,0.0055276852967698,0.003315971976915349,0.0037160002843703,0.0059089364235173,8.220886075190432,7.440931126009571,4.516736991827016,5.517331525499173,8.201872896656761,12541.691020205955,1003.5507376694472,24433.60459286055,861.9167974910633,1333.981958061673,0.0016878419789593427,0.00185195958646425,0.0005993460375636981,0.001812686090256,0.0018733345864724,259188.0,259188.0,0.0,259188.0,259188.0,2073504.0,2073504.0,0.0,2073504.0,2073504.0,1.1137917291998747,1.0975723335031944,0.17525642300395397,0.9818984160010586,1.2366713330047787,18.0,18.0,0.0,18.0,18.0,False,False,False
POD,well_pressure,19,10,26.30414808526993,26.418524439394265,3.8764426798632954,23.339973263009295,29.689699466866234,0.24637182821234477,0.24680343713939895,0.034754366406049786,0.2107541985198338,0.2753567876581462,24.8037983146268,25.081881499599916,3.963126641622759,21.601346057904692,28.279380120073863,0.11848388089736517,0.11846775590574915,0.017342206412486405,0.1011990735788584,0.1330900409887454,166.26350642399873,162.35405557102575,34.89546882928378,146.45983227546128,183.56165528618848,86.53047513149161,12.30357040128435,122.69263728373754,8.723865357279749,259.05716425028334,0.0019175012849679703,0.0018597888496091,0.00013837720687453892,0.0018449489323661,0.0018835892857387,316800.0,316800.0,0.0,316800.0,316800.0,2534400.0,2534400.0,0.0,2534400.0,2534400.0,1.292954733499937,1.29505272949973,0.10029715001858687,1.2014440409984672,1.352346416999353,19.0,19.0,0.0,19.0,19.0,False,False,False
POD-E,well_pressure,19,10,0.31354129483695015,0.303487104331021,0.11053822805023797,0.2785401331486245,0.328068873766214,0.01126406515881311,0.011273521922944299,0.0012093129970550012,0.0103022644617407,0.0119950545073173,0.2605070310239287,0.25890369899994137,0.0923510380024525,0.2252583107059683,0.2689406116191973,0.00521929156021384,0.0051889843815248,0.0005901169143946647,0.0048252771912272,0.0055639575126414,7.127600460107912,7.084218617375985,1.213452881355569,6.52728662749875,8.298154927679388,32228.85727598161,30107.298907530607,32657.019211961575,1253.0732276997153,61330.78535531709,7.719932335404386e-07,7.110000132842171e-07,1.7445008532937323e-07,6.547668722066047e-07,8.546315742782633e-07,316800.0,316800.0,0.0,316800.0,316800.0,2534400.0,2534400.0,0.0,2534400.0,2534400.0,1.25942648339842,1.241910395994637,0.08394504072825856,1.2020911250001518,1.3391447919930215,19.0,19.0,0.0,19.0,19.0,False,False,False
final_accuracy,well_pressure,19,10,0.16224737912029535,0.15036039471145485,0.04357454344175953,0.1412456266288164,0.1689768747336667,0.2689698690988922,0.26903508666170817,0.0002724537820685143,0.2687712294597519,0.2691743822238012,0.1299838330912167,0.1139940909310503,0.04392807136910817,0.1047043455096092,0.1473801521231457,0.13074023356541337,0.13077578541764864,0.00013965690578143585,0.1306339282066306,0.1308516848593634,167.22883604189957,173.71774782749353,30.356185734064905,155.0712683371704,192.41190332447584,inf,inf,,inf,inf,0.0004358288202939077,0.000110544481200228,0.0007503286879592782,2.9060774403134063e-05,0.0001608615338384,149728.0,149728.0,0.0,149728.0,149728.0,1197824.0,1197824.0,0.0,1197824.0,1197824.0,0.6617432206992817,0.623701541499031,0.1423143578430971,0.5486494580036378,0.6849100419931347,19.0,19.0,0.0,19.0,19.0,False,False,False
final_pareto,well_pressure,19,10,0.15600506176591666,0.14301040658110986,0.05862070203378767,0.1233302297490799,0.1764321853660487,0.2689698690988922,0.26903508666170817,0.0002724537820685143,0.2687712294597519,0.2691743822238012,0.12498673191565124,0.10851432518603304,0.05782082913325826,0.1000409453660114,0.1352564012470241,0.13074023356541337,0.13077578541764864,0.00013965690578143585,0.1306339282066306,0.1308516848593634,167.23328653880978,173.78385519667418,30.372277386789,155.04798252275722,192.37692090816623,inf,inf,,inf,inf,0.0002870813594090202,3.1414631595730056e-05,0.0005964032107127547,1.5916037583317522e-05,0.000158301375949,120704.0,120704.0,0.0,120704.0,120704.0,965632.0,965632.0,0.0,965632.0,965632.0,0.5578846539989172,0.5259898334988975,0.12132465539589683,0.5040131669957191,0.586913375002041,19.0,19.0,0.0,19.0,19.0,False,False,False
hybrid,well_pressure,19,10,0.26305170552826695,0.20642849441943165,0.2126845946940372,0.1557068900774929,0.2426777547902251,0.01791344438009581,0.0122850989429779,0.015415939002389224,0.0106628187080032,0.0131058296646872,0.22280598197530738,0.16290639202150825,0.20193587697381518,0.1259595922520816,0.207606937504614,0.00866269301676908,0.0059247806520153,0.007659848873545953,0.0049644550610408,0.0062859362118427,11.25780917594682,7.364225511042,9.732454338783995,5.629939360307253,8.80347597013238,7608.422043002533,2213.018734420719,11851.711998278914,1713.487478797708,2507.832380783234,0.0011074270045054316,0.0013433599623998002,0.000516921832224884,0.0007410579548883,0.0015047741203181,188708.0,188708.0,0.0,188708.0,188708.0,1509664.0,1509664.0,0.0,1509664.0,1509664.0,0.9716671417983889,0.939834520999284,0.13759173929647145,0.8862405830004718,1.0541672090039356,19.0,19.0,0.0,19.0,19.0,False,False,False
original_basis_optimized_recovery,well_pressure,19,10,0.483142003418845,0.4756513844353661,0.06699580871612548,0.4199689019641678,0.5459824977041383,0.028835653742809237,0.01842494172026975,0.03779696296571692,0.0113949816469784,0.0242014017282045,0.3374029260620578,0.32295484260374463,0.07689758511737259,0.2802703904036304,0.3864548660613003,0.0141297073520107,0.0089782037579136,0.018404943086581072,0.0056837676710273,0.0118769611774999,17.41470422743379,9.87412074902446,21.591776164587348,7.963501710217074,15.644816314686768,6387.509564623479,3470.1257250353983,4801.234644176378,2965.536928049281,10700.28071558933,0.000907271365412725,0.0009995371277964,0.0004092993824067614,0.000689156639096,0.001284152255632,101860.0,101860.0,0.0,101860.0,101860.0,814880.0,814880.0,0.0,814880.0,814880.0,10.209926687399275,10.074531104499329,0.8754358776760668,9.508314083002915,10.710296749995903,19.0,19.0,0.0,19.0,19.0,False,False,False
rank_optimized_joint,well_pressure,19,10,0.18648413786126466,0.1608070831161345,0.1052975853685068,0.1293860278462641,0.1722050252315472,0.01238179990897512,0.0112603556756842,0.006089868163209368,0.0079954433368064,0.0115085182934692,0.15700115760169747,0.1286460381005271,0.09804925024649583,0.1024404901011158,0.1535364689628952,0.00581266787523452,0.0051243737071562,0.002972225275891108,0.0037180170268806,0.0054320988508706,7.717649382296374,6.591471603355589,4.380009523212768,5.460130121304602,7.156041691798657,13408.271310947743,1599.9251162777477,25019.859066691646,1492.049121341528,1990.3502551023748,0.0017252607135402795,0.0018601921955197,0.0006560778033844514,0.0018497346466034,0.0018731619699033,259188.0,259188.0,0.0,259188.0,259188.0,2073504.0,2073504.0,0.0,2073504.0,2073504.0,1.1137917291998747,1.0975723335031944,0.17525642300395397,0.9818984160010586,1.2366713330047787,19.0,19.0,0.0,19.0,19.0,False,False,False
POD,well_pressure,20,10,22.93982682587655,23.14443671400044,2.4350426808008447,20.94962272709838,24.232676631949214,0.21340581862515232,0.22167846908307637,0.024621924851882884,0.1982002806967744,0.2258706757359956,21.37247952231501,21.51328597876809,2.277081676453757,19.327458126373735,22.562496659162083,0.10242193967869322,0.10680286330588246,0.011949254939046194,0.0950071287627287,0.1080783430891055,146.08859510234578,146.95812565006491,34.886810579952446,128.3630131145795,170.36271638651203,89.44440607117576,15.183120258733965,122.10419541017016,11.653640138854556,261.50927925429806,0.00188661381652393,0.0018545615601027001,0.00010655263704275002,0.0018429257518557,0.0018670751879633,316800.0,316800.0,0.0,316800.0,316800.0,2534400.0,2534400.0,0.0,2534400.0,2534400.0,1.292954733499937,1.29505272949973,0.10029715001858687,1.2014440409984672,1.352346416999353,20.0,20.0,0.0,20.0,20.0,False,False,False
POD-E,well_pressure,20,10,0.3048113045827855,0.2796217987844065,0.11685290130161535,0.2666502448843915,0.3143990849727772,0.01104546625581968,0.011241983084771,0.0011128042481557154,0.0103363737941065,0.0118267167674017,0.2513999169356349,0.22855665793158475,0.09796555312863413,0.2209104545197374,0.261875904392637,0.00511016165795501,0.0052004895259647,0.0005426128531185599,0.0047335441735008,0.0054386094401121,6.988259501725435,6.882870323462516,1.1690891196727484,6.454629259331165,7.823816758046826,37726.068902787614,35555.45884085628,37561.784776304965,2201.245673187584,72969.54999848628,7.390045067225409e-07,7.529774471973873e-07,9.999635295014381e-08,6.431729346338688e-07,7.772555945027984e-07,316800.0,316800.0,0.0,316800.0,316800.0,2534400.0,2534400.0,0.0,2534400.0,2534400.0,1.25942648339842,1.241910395994637,0.08394504072825856,1.2020911250001518,1.3391447919930215,20.0,20.0,0.0,20.0,20.0,False,False,False
final_accuracy,well_pressure,20,10,0.1534033984480044,0.13758263864782727,0.04564496399355869,0.1255658695148022,0.1619184451255009,0.2689698690988922,0.26903508666170817,0.0002724537820685143,0.2687712294597519,0.2691743822238012,0.12423651629731536,0.10870723112737166,0.043711599495205,0.1040598315766891,0.1315646238703161,0.13074023356541337,0.13077578541764864,0.00013965690578143585,0.1306339282066306,0.1308516848593634,167.22367650776954,173.71798008185164,30.353746900612393,155.05311117620317,192.38760932567203,inf,inf,,inf,inf,0.0004160219601476143,2.7319548848081604e-05,0.0007790058248497083,2.0046052641123252e-05,0.0002446256240867,149728.0,149728.0,0.0,149728.0,149728.0,1197824.0,1197824.0,0.0,1197824.0,1197824.0,0.6617432206992817,0.623701541499031,0.1423143578430971,0.5486494580036378,0.6849100419931347,20.0,20.0,0.0,20.0,20.0,False,False,False
final_pareto,well_pressure,20,10,0.15338962161373024,0.14044779314444855,0.05225127533589654,0.1380628592190529,0.1473932541407061,0.2689698690988922,0.26903508666170817,0.0002724537820685143,0.2687712294597519,0.2691743822238012,0.13031001035729545,0.12032608259374811,0.05241886288888888,0.1153228609384514,0.1280488718952735,0.13074023356541337,0.13077578541764864,0.00013965690578143585,0.1306339282066306,0.1308516848593634,167.2296231746928,173.77568716894478,30.372055468376296,155.05384783536718,192.3650410668635,inf,inf,,inf,inf,0.000254127411291045,5.67365300925221e-05,0.0005710623898093099,3.462875944858109e-05,0.0001996657218087,120704.0,120704.0,0.0,120704.0,120704.0,965632.0,965632.0,0.0,965632.0,965632.0,0.5578846539989172,0.5259898334988975,0.12132465539589683,0.5040131669957191,0.586913375002041,20.0,20.0,0.0,20.0,20.0,False,False,False
hybrid,well_pressure,20,10,0.2727025728689517,0.213488244272938,0.24537583378954786,0.1472138562590843,0.2418180336916548,0.019228240198139922,0.011188738256917751,0.018159594959025895,0.0106321335658337,0.0138426268245105,0.23446478716264077,0.18264589101520864,0.2308734011154342,0.1174413054101908,0.2039017929561389,0.00932225123338217,0.0053566180998109,0.009066851144700194,0.0050969483244852,0.0066627606298345,11.99854879937242,7.457791186543304,11.203223375700405,6.689151562954638,8.103401171103608,8158.319161575551,2491.546067420375,12175.38198261713,2199.771340103456,2813.034501193253,0.001033618578947018,0.0010423432030162,0.0004991231173208145,0.0007253599624369,0.0014966259398882,188708.0,188708.0,0.0,188708.0,188708.0,1509664.0,1509664.0,0.0,1509664.0,1509664.0,0.9716671417983889,0.939834520999284,0.13759173929647145,0.8862405830004718,1.0541672090039356,20.0,20.0,0.0,20.0,20.0,False,False,False
original_basis_optimized_recovery,well_pressure,20,10,0.4616326226924379,0.4612546829335415,0.0768570016287409,0.4121856833522488,0.4922366461806503,0.025724081124010877,0.01661488974387915,0.02871023854035383,0.0122398910019122,0.0246388338822618,0.3100276622743428,0.3143872168649151,0.09111473312858125,0.2299763243886146,0.3374258037824074,0.012661203177248859,0.00831592126608365,0.014009597485994575,0.0061013576603237,0.0119084392911808,15.621892824298737,9.03942349763949,16.426464438016062,8.585948833428883,15.174332885683713,5018.072622827962,3351.2358573758993,3047.895168944375,2905.155221528032,8414.115166181005,0.000826516916544907,0.0008955145676736,0.00036976898648056767,0.0006201932932376,0.0011304780677082,101860.0,101860.0,0.0,101860.0,101860.0,814880.0,814880.0,0.0,814880.0,814880.0,10.209926687399275,10.074531104499329,0.8754358776760668,9.508314083002915,10.710296749995903,20.0,20.0,0.0,20.0,20.0,False,False,False
rank_optimized_joint,well_pressure,20,10,0.16030510376337392,0.1415145652642225,0.04130556642362212,0.1371209202812442,0.1669928937819325,0.01270688654914508,0.01139854859106365,0.005180825402863849,0.0105520408953509,0.0131733473335101,0.13440529374978802,0.1156854738428523,0.04111592299911685,0.1102297159591033,0.1498287511692479,0.005958694001774041,0.00536549445715345,0.0025471913081029232,0.0047663018498397,0.0060475012867468,8.028686387297256,7.471814020330215,4.0884911076374335,5.780304399297501,7.807569137893658,14990.321204155513,2250.7310246673164,27075.16948178333,2050.7126624746206,2777.6599951558655,0.0016738089608915347,0.0018514080563766999,0.0006254065356654234,0.0018375598420905,0.0018850369698957,259188.0,259188.0,0.0,259188.0,259188.0,2073504.0,2073504.0,0.0,2073504.0,2073504.0,1.1137917291998747,1.0975723335031944,0.17525642300395397,0.9818984160010586,1.2366713330047787,20.0,20.0,0.0,20.0,20.0,False,False,False
POD,well_pressure,21,10,20.6977644972365,21.05534615128021,2.655959720675455,19.343575492609656,22.564190160784634,0.19101387955884405,0.19615245545545307,0.024103820091109163,0.1845834731006209,0.2083725551971283,19.236841040914737,19.642568392274846,2.387625439344423,17.983596187559066,20.83109142576644,0.09168821169534684,0.0940085801389712,0.011441232891875054,0.0877141547708016,0.101125785415782,131.552388023184,136.2715171472865,32.18511495887532,118.8859992085035,157.19936699354184,106.35295902965481,20.135150744757226,139.44905581989866,19.51071070558221,298.4572326491902,0.0018622967721952902,0.00185011184589535,3.8922919910079105e-05,0.0018333718646755,0.0018851459849668,316800.0,316800.0,0.0,316800.0,316800.0,2534400.0,2534400.0,0.0,2534400.0,2534400.0,1.292954733499937,1.29505272949973,0.10029715001858687,1.2014440409984672,1.352346416999353,21.0,21.0,0.0,21.0,21.0,False,False,False
POD-E,well_pressure,21,10,0.286878376268653,0.27466598876334847,0.102628781824795,0.2535372831417959,0.3012284463578952,0.01094729251106632,0.010887371413367,0.0009240639819874438,0.0102729292415552,0.0115133933388938,0.23558276633696842,0.22264708558099375,0.08908581836822628,0.2040568166188664,0.2476514534679963,0.00506200935417193,0.00502614950659315,0.0004459762356771192,0.0047784886968682,0.00535631132335,6.938569385349719,7.0851323406744005,1.1916551088717766,6.4529171540831305,7.731538794945465,39440.89656641724,37104.24584046649,38380.19387218158,3047.678762592976,76263.25113183021,8.518172885795454e-07,7.670752168457983e-07,2.425626199635395e-07,6.629098176122889e-07,9.558270698504283e-07,316800.0,316800.0,0.0,316800.0,316800.0,2534400.0,2534400.0,0.0,2534400.0,2534400.0,1.25942648339842,1.241910395994637,0.08394504072825856,1.2020911250001518,1.3391447919930215,21.0,21.0,0.0,21.0,21.0,False,False,False
final_accuracy,well_pressure,21,10,0.1435600560158766,0.12776193547072623,0.047507222698922574,0.11322082619098,0.1586051902941213,0.2689698690988922,0.26903508666170817,0.0002724537820685143,0.2687712294597519,0.2691743822238012,0.11489706209421657,0.10022203395558085,0.04438786101374745,0.0858258100377589,0.1288592499434671,0.13074023356541337,0.13077578541764864,0.00013965690578143585,0.1306339282066306,0.1308516848593634,167.21908419566452,173.71207433824296,30.355024299507065,155.04282342459962,192.38487058270343,inf,inf,,inf,inf,0.00042211488195643965,6.106093608930925e-05,0.0007198821243691626,1.921742107225512e-05,0.0002844088345514,149728.0,149728.0,0.0,149728.0,149728.0,1197824.0,1197824.0,0.0,1197824.0,1197824.0,0.6617432206992817,0.623701541499031,0.1423143578430971,0.5486494580036378,0.6849100419931347,21.0,21.0,0.0,21.0,21.0,False,False,False
final_pareto,well_pressure,21,10,0.1546972887137895,0.1328349849272635,0.056574519991520626,0.1145986945123218,0.188346342754037,0.2689698690988922,0.26903508666170817,0.0002724537820685143,0.2687712294597519,0.2691743822238012,0.13028697639526815,0.11116664974232884,0.0553874040033949,0.0934807816297512,0.1691775769949835,0.13074023356541337,0.13077578541764864,0.00013965690578143585,0.1306339282066306,0.1308516848593634,167.2311744040767,173.788382288921,30.364960242503972,155.0441097225952,192.36267413038297,inf,inf,,inf,inf,0.00022020645488203061,2.8994834587534648e-05,0.0005789239875181305,1.2480894694913571e-05,6.765821051242922e-05,120704.0,120704.0,0.0,120704.0,120704.0,965632.0,965632.0,0.0,965632.0,965632.0,0.5578846539989172,0.5259898334988975,0.12132465539589683,0.5040131669957191,0.586913375002041,21.0,21.0,0.0,21.0,21.0,False,False,False
hybrid,well_pressure,21,10,0.2685529452842813,0.19678760966345277,0.22588704367328627,0.1461399233693789,0.3005503036167311,0.0199104409068063,0.01172998571534635,0.020550580657255717,0.0105077334234837,0.0133064846456651,0.23333775796635053,0.16999164295887956,0.2109670198159185,0.1200907014274895,0.2590589151701136,0.00966253905240995,0.005659769742543751,0.010231454088759024,0.0050277562780908,0.0063286385735044,12.376600316087902,7.112033462608254,12.411909653002526,6.835749681517165,8.505655279242774,11675.900982267656,3555.7612578409285,18485.083796536153,3086.5507090614124,3780.11837824387,0.0010003775052664018,0.00115021616166855,0.000574293589101723,0.0005292550150696,0.0014993120301068,188708.0,188708.0,0.0,188708.0,188708.0,1509664.0,1509664.0,0.0,1509664.0,1509664.0,0.9716671417983889,0.939834520999284,0.13759173929647145,0.8862405830004718,1.0541672090039356,21.0,21.0,0.0,21.0,21.0,False,False,False
original_basis_optimized_recovery,well_pressure,21,10,0.45066697138580514,0.4290333534358688,0.06218144746546921,0.4177186535532136,0.4690556366895816,0.02624584037056325,0.01646039991326025,0.021078933659690647,0.012521391691948,0.0302738779262202,0.2979183385571312,0.2907776071185523,0.06588832943100693,0.2646083124943567,0.3432923731289785,0.012944560008242071,0.0082435730952794,0.010317792673668972,0.0063099077468583,0.0148644638344483,16.51178949485989,9.032433039177533,13.687910379657547,8.792883212586029,21.93468600509517,4784.615843293039,3276.5732721332856,2744.4108698644563,2846.8922182977904,8194.594361075076,0.0007435367473576048,0.0007038676390893,0.0003734850541361227,0.0005017199247849,0.001118014097766,101860.0,101860.0,0.0,101860.0,101860.0,814880.0,814880.0,0.0,814880.0,814880.0,10.209926687399275,10.074531104499329,0.8754358776760668,9.508314083002915,10.710296749995903,21.0,21.0,0.0,21.0,21.0,False,False,False
rank_optimized_joint,well_pressure,21,10,0.13739398233649142,0.13696817391591842,0.045164334703062956,0.1071738229590503,0.1475309550395363,0.01354409503183129,0.0112658923524954,0.006191944783619859,0.0099758637136579,0.0143472036453438,0.11374503554226438,0.11175850438525264,0.041882840414575004,0.0873784415774547,0.128786542380782,0.00640455660007834,0.005340628351746601,0.0030284981786743584,0.0046995877565354,0.0067196658285483,8.484388871971792,7.1061458565074265,4.6007505099432695,6.700411772577479,7.792662209759199,16851.875323682227,4116.709066683454,27495.618552853135,3392.1121652686156,4662.7760013297175,0.0016397252819575897,0.0018540968045354,0.0005953380918019597,0.0015967531353248,0.0018751472405957,259188.0,259188.0,0.0,259188.0,259188.0,2073504.0,2073504.0,0.0,2073504.0,2073504.0,1.1137917291998747,1.0975723335031944,0.17525642300395397,0.9818984160010586,1.2366713330047787,21.0,21.0,0.0,21.0,21.0,False,False,False
POD,well_pressure,22,10,18.861237224709736,19.151121627248223,1.7077253365878249,18.19887831925439,19.8173427876505,0.17742460194552084,0.1788297925917122,0.02066776638693742,0.1654671108407899,0.196453749401728,17.50108205001607,17.78786359322029,1.535284663433075,16.80563672762016,18.378558331799017,0.08513273291265303,0.086087554264252,0.00943921131746614,0.0798325728974333,0.0925462352423355,121.4960664376608,126.04445047714773,27.963373233612735,117.039826549183,134.96543800526868,119.3323947575625,25.841721312755755,151.87255341547205,24.82054225596019,316.15599601831576,0.0018932952067667202,0.00184903806392745,0.00010490715397201169,0.001829952067657,0.0019210322706542,316800.0,316800.0,0.0,316800.0,316800.0,2534400.0,2534400.0,0.0,2534400.0,2534400.0,1.292954733499937,1.29505272949973,0.10029715001858687,1.2014440409984672,1.352346416999353,22.0,22.0,0.0,22.0,22.0,False,False,False
POD-E,well_pressure,22,10,0.28712909804639514,0.2762989527791158,0.10473712241050256,0.248651702185718,0.3044338317255572,0.010981108462775419,0.011112854010210602,0.0009513505548607863,0.0102602152851532,0.0114284918923147,0.23540134970604315,0.22420957619655046,0.09157977166249905,0.2056346025523466,0.2423890741012522,0.00507966433465299,0.005136798251161151,0.00046273361965428405,0.0046984227519873,0.0053410994996491,6.951942107489728,7.051660712596288,1.1712858539481659,6.469559215396771,7.768653160432809,60585.39515667236,58096.83702133679,59658.827376137684,3975.0230254352578,117836.4735986036,8.392217908233152e-07,7.626842037788628e-07,2.3795630510886084e-07,6.685488488826257e-07,9.51127785947734e-07,316800.0,316800.0,0.0,316800.0,316800.0,2534400.0,2534400.0,0.0,2534400.0,2534400.0,1.25942648339842,1.241910395994637,0.08394504072825856,1.2020911250001518,1.3391447919930215,22.0,22.0,0.0,22.0,22.0,False,False,False
final_accuracy,well_pressure,22,10,0.13788400898859612,0.1233581939616208,0.04079634017041983,0.1159840641193162,0.1596069247996646,0.2689698690988922,0.26903508666170817,0.0002724537820685143,0.2687712294597519,0.2691743822238012,0.10981305855540091,0.10031093495701454,0.041112782228069134,0.0775372413806892,0.1303918280180242,0.13074023356541337,0.13077578541764864,0.00013965690578143585,0.1306339282066306,0.1308516848593634,167.2148822642142,173.7026916220375,30.357860306971975,155.03677475620665,192.37666213923816,inf,inf,,inf,inf,0.0003877524421086295,4.6277255625367734e-05,0.0007372326389430202,1.939630076373206e-05,9.322681203195686e-05,149728.0,149728.0,0.0,149728.0,149728.0,1197824.0,1197824.0,0.0,1197824.0,1197824.0,0.6617432206992817,0.623701541499031,0.1423143578430971,0.5486494580036378,0.6849100419931347,22.0,22.0,0.0,22.0,22.0,False,False,False
final_pareto,well_pressure,22,10,0.14345866574496324,0.13506696173606136,0.04027389488038893,0.1136786496658638,0.1592530422061133,0.2689698690988922,0.26903508666170817,0.0002724537820685143,0.2687712294597519,0.2691743822238012,0.11944070552253731,0.1123296175844079,0.04188759305236447,0.0874410776204256,0.1432682320651672,0.13074023356541337,0.13077578541764864,0.00013965690578143585,0.1306339282066306,0.1308516848593634,167.22088563130401,173.74084285746892,30.361595821224036,155.03713588601516,192.3624747280735,inf,inf,,inf,inf,0.00027922001880455367,5.1622650390438366e-05,0.0005776179383042486,8.63502257682131e-06,0.0001512653533766,120704.0,120704.0,0.0,120704.0,120704.0,965632.0,965632.0,0.0,965632.0,965632.0,0.5578846539989172,0.5259898334988975,0.12132465539589683,0.5040131669957191,0.586913375002041,22.0,22.0,0.0,22.0,22.0,False,False,False
hybrid,well_pressure,22,10,0.2538665775973873,0.19696192186289718,0.19348876710399276,0.1528752112263215,0.2540560456373847,0.014156002472059611,0.0120897206950539,0.007512609312029393,0.0104602835931378,0.013016822419285,0.22032131274710093,0.16786479843949254,0.18606353804909564,0.1199900836762467,0.2273659168509726,0.00676429720490006,0.005800070004107399,0.00357382504783165,0.0050165667744763,0.0061796758255188,9.017518787720846,7.069775004160398,5.734342160369791,6.713106721690094,8.995724501258533,16867.511240276097,7088.502769557526,21777.611459343178,6437.56262007769,14510.744260605672,0.0011157817360837403,0.0012868742180175501,0.0005232295738757545,0.0008225297668898,0.0015040961729014,188708.0,188708.0,0.0,188708.0,188708.0,1509664.0,1509664.0,0.0,1509664.0,1509664.0,0.9716671417983889,0.939834520999284,0.13759173929647145,0.8862405830004718,1.0541672090039356,22.0,22.0,0.0,22.0,22.0,False,False,False
original_basis_optimized_recovery,well_pressure,22,10,0.4498000871738513,0.43297242615425996,0.058416204829587405,0.419331226895111,0.4867916504627199,0.02179983403468286,0.01668391468543165,0.014700674210014064,0.0123951045300356,0.0266891378813219,0.29922113089346625,0.2986923047043766,0.05788719148851838,0.2633842837166622,0.3681903483660157,0.010748469057627939,0.00835764708944915,0.007234708471905956,0.0062497608080409,0.0131353752062123,13.924341133610818,8.97993786211246,10.943208191973262,8.454920612537977,16.275966330018544,4453.069585513224,3269.680958025964,2215.035923928155,2923.615082429673,7212.317519596169,0.0008760169812143429,0.0008166248458691,0.0005100366085109591,0.0006754401579098,0.0011195905413719,101860.0,101860.0,0.0,101860.0,101860.0,814880.0,814880.0,0.0,814880.0,814880.0,10.209926687399275,10.074531104499329,0.8754358776760668,9.508314083002915,10.710296749995903,22.0,22.0,0.0,22.0,22.0,False,False,False
rank_optimized_joint,well_pressure,22,10,0.13238583812985455,0.12952408417515304,0.045395708614890465,0.0997674551322106,0.1390358357342284,0.014037255844454921,0.011197247183481,0.006494274517583163,0.0103053833827236,0.0145069126469097,0.10967467203803585,0.10604307959860275,0.041942005404336215,0.0854041439002995,0.1191179841792815,0.00665209953208237,0.0053149993108071,0.003161039245416893,0.0049289786199508,0.006800270340638,8.754837340044068,7.305177988610403,4.582641306967264,6.571094670496979,7.878469987893494,18673.24907752592,4896.466446414821,29584.596627540846,4233.688543787683,5857.194204981395,0.0016750786977463318,0.0018536983082693,0.0005962590755310715,0.0018420128421039,0.0018624743157638,259188.0,259188.0,0.0,259188.0,259188.0,2073504.0,2073504.0,0.0,2073504.0,2073504.0,1.1137917291998747,1.0975723335031944,0.17525642300395397,0.9818984160010586,1.2366713330047787,22.0,22.0,0.0,22.0,22.0,False,False,False
POD,well_pressure,23,10,17.19106644660973,17.213356906461545,2.7398643798042603,15.727614970210157,18.846195486205225,0.1617654372721282,0.16347354672846254,0.024456184407921806,0.1525429800554723,0.1772477996528782,15.947616408010338,15.987991471808723,2.4894863452267106,14.598755343075249,17.55194453524685,0.07770980957314186,0.0785013874809002,0.011686069680305841,0.0730177779655886,0.0846066829722119,111.63829455995067,116.98020320037823,30.362950039081845,94.04836794261873,135.25010496740364,124.1930350208552,34.16449061215857,150.38145980251355,30.576229868224964,316.7993720889583,0.0018734663834640002,0.0018549066391054,6.438830517890025e-05,0.0018445065789252,0.0018692180451204,316800.0,316800.0,0.0,316800.0,316800.0,2534400.0,2534400.0,0.0,2534400.0,2534400.0,1.292954733499937,1.29505272949973,0.10029715001858687,1.2014440409984672,1.352346416999353,23.0,23.0,0.0,23.0,23.0,False,False,False
POD-E,well_pressure,23,10,0.2902936668423222,0.28289020464007764,0.10402588926204918,0.2594120361335886,0.3077666430948381,0.01102670310363571,0.011202241954668651,0.0009417264847802331,0.0103374599996738,0.0115935689656786,0.2386335321765516,0.23158901049810382,0.09098327852807923,0.212526428702666,0.2449470723867088,0.005103234971357279,0.00516590324150735,0.0004651064776647083,0.0047343864647986,0.0053696281753191,6.983722422789969,7.039039560680289,1.2011609264224186,6.4649702786907675,7.867227086636138,63571.76609193273,62988.81175019104,60805.363246261935,4620.865208254115,121727.3268198658,9.142218148458357e-07,7.990263264601755e-07,3.2503067257444943e-07,6.644737108477525e-07,1.11810526901618e-06,316800.0,316800.0,0.0,316800.0,316800.0,2534400.0,2534400.0,0.0,2534400.0,2534400.0,1.25942648339842,1.241910395994637,0.08394504072825856,1.2020911250001518,1.3391447919930215,23.0,23.0,0.0,23.0,23.0,False,False,False
final_accuracy,well_pressure,23,10,0.13903021375967972,0.1261751497352213,0.03991772621618289,0.117540618331342,0.1488773236540869,0.2689698690988922,0.26903508666170817,0.0002724537820685143,0.2687712294597519,0.2691743822238012,0.11140307648001427,0.1032775647242084,0.039427947323284224,0.0930680901520805,0.1371181743404713,0.13074023356541337,0.13077578541764864,0.00013965690578143585,0.1306339282066306,0.1308516848593634,167.21592759875654,173.70668857925435,30.358017516934694,155.0359192653388,192.3749727611391,inf,inf,,inf,inf,0.0004072263766836306,5.512139472201872e-05,0.0007510011145177201,1.9714909750544573e-05,0.0001495498120614,149728.0,149728.0,0.0,149728.0,149728.0,1197824.0,1197824.0,0.0,1197824.0,1197824.0,0.6617432206992817,0.623701541499031,0.1423143578430971,0.5486494580036378,0.6849100419931347,23.0,23.0,0.0,23.0,23.0,False,False,False
final_pareto,well_pressure,23,10,0.13430668657335595,0.1269264339735239,0.037678728958725816,0.1035815670452875,0.1522214106644659,0.2689698690988922,0.26903508666170817,0.0002724537820685143,0.2687712294597519,0.2691743822238012,0.11137542802961051,0.1065861104211826,0.03767563234208475,0.0863715477314771,0.1348283509731379,0.13074023356541337,0.13077578541764864,0.00013965690578143585,0.1306339282066306,0.1308516848593634,167.21533233753235,173.72637177708904,30.358311890210665,155.0370871959177,192.3616642827468,inf,inf,,inf,inf,0.00027112662856755473,0.00012713721804525003,0.000569772455876287,1.2416669160575794e-05,0.000191469609066,120704.0,120704.0,0.0,120704.0,120704.0,965632.0,965632.0,0.0,965632.0,965632.0,0.5578846539989172,0.5259898334988975,0.12132465539589683,0.5040131669957191,0.586913375002041,23.0,23.0,0.0,23.0,23.0,False,False,False
hybrid,well_pressure,23,10,0.2368808883212802,0.18501583502728863,0.16574052068479941,0.1424244657202082,0.2296210190944247,0.01657235597288682,0.012423314022002151,0.011606303582860567,0.0103120420432379,0.013177954183137,0.20252547184771924,0.15593964938606003,0.15863065015674252,0.1209749406649855,0.2026273753196861,0.00798299252010894,0.00586884075717855,0.005703505335743005,0.0049307112081766,0.0062950624712035,10.520288662128433,7.113900408311356,8.169881895413704,6.632571998412456,9.444336472776792,23476.303040009778,14113.842163069232,28904.327764979982,7860.584476896012,20149.045350796172,0.0011009600247965851,0.001302401631551,0.0005290989532746631,0.0008446303233123,0.0014893060751522,188708.0,188708.0,0.0,188708.0,188708.0,1509664.0,1509664.0,0.0,1509664.0,1509664.0,0.9716671417983889,0.939834520999284,0.13759173929647145,0.8862405830004718,1.0541672090039356,23.0,23.0,0.0,23.0,23.0,False,False,False
original_basis_optimized_recovery,well_pressure,23,10,0.45274477867609664,0.4469529648453021,0.05685037908375522,0.4194045419584446,0.4875716487111016,0.02173543529247987,0.01747498940711165,0.01321571452570051,0.0124555955420558,0.0237849042464107,0.3028633565976232,0.3075900347086613,0.05703362038529053,0.2692761269838463,0.3660067523783755,0.01067651720201999,0.0087360775304934,0.006410294973266466,0.0062794714005528,0.0114705508421763,13.692930280544001,9.452600746500046,9.178234204350817,8.28187387925219,15.776193613629694,4266.183207210832,3123.675410918001,2024.2500245613685,2892.2973526091587,6280.37271745974,0.0007598158834708172,0.00080050078198345,0.00041541273275237287,0.0004799292029819,0.0011297857143331,101860.0,101860.0,0.0,101860.0,101860.0,814880.0,814880.0,0.0,814880.0,814880.0,10.209926687399275,10.074531104499329,0.8754358776760668,9.508314083002915,10.710296749995903,23.0,23.0,0.0,23.0,23.0,False,False,False
rank_optimized_joint,well_pressure,23,10,0.1310163137576636,0.1312090169986868,0.03686665527878177,0.1084728359255003,0.1418384576750294,0.013864682174468398,0.01104270626761285,0.006489036963860377,0.0103392318786118,0.0143788678979571,0.10871088570508806,0.11031203444393414,0.03406143475865762,0.0881495576080302,0.1163567472983309,0.00656161147819913,0.005178925029579151,0.003140139352355285,0.0049463655590344,0.0066772517766144,8.581349787755158,7.0924945603909,4.236110530688518,6.641956704744924,7.44860767337988,24463.03425525829,7621.870355064157,34530.081372453795,6168.613673490166,14072.7969634367,0.0016540844608927013,0.0018490468345746499,0.0006077969723580271,0.0017272133458514,0.0018702352782089,259188.0,259188.0,0.0,259188.0,259188.0,2073504.0,2073504.0,0.0,2073504.0,2073504.0,1.1137917291998747,1.0975723335031944,0.17525642300395397,0.9818984160010586,1.2366713330047787,23.0,23.0,0.0,23.0,23.0,False,False,False
POD,well_pressure,24,10,16.471238124970057,16.32159688973743,2.414193565498465,15.460134319738584,18.32364957783042,0.15455164418716497,0.15043148924265665,0.022131767751458174,0.1457010671764838,0.1693670522408149,15.233538596127772,15.211833908847941,2.221914271981274,14.256926309042994,16.949191515975055,0.07394261351455483,0.07222164253188335,0.010391015706714338,0.0705380774531033,0.081483278626763,106.04923912836871,115.40910839012608,25.436695523279372,92.95290893945844,121.5326409199059,156.72297106641037,56.996116456936804,161.86870734104923,51.42625967496366,385.9481140864205,0.0018560272255580099,0.0018537993421073001,0.00010340370189320527,0.0018169248120047,0.00186421366166,316800.0,316800.0,0.0,316800.0,316800.0,2534400.0,2534400.0,0.0,2534400.0,2534400.0,1.292954733499937,1.29505272949973,0.10029715001858687,1.2014440409984672,1.352346416999353,24.0,24.0,0.0,24.0,24.0,False,False,False
POD-E,well_pressure,24,10,0.2887811549164986,0.27904408927231955,0.11104979719883239,0.2609015758232817,0.3080663986158416,0.011095148300806549,0.01115994417362935,0.001007773481271609,0.0104177202997404,0.0116612262270111,0.2365081932183985,0.22917164106563742,0.09803385892770271,0.2130302664415939,0.2451014362990922,0.0051355947218213,0.0051633058084858,0.0004869777453770066,0.004773935869553,0.0054008054853197,7.0194776178000495,7.040435649919656,1.1811796318493946,6.562609865508112,7.927996972162207,72167.63328410003,70702.3733762027,57728.701085255125,17206.934424782943,125016.28616751853,8.646924839936253e-07,7.402857153280814e-07,2.8715088099617966e-07,6.365939918765448e-07,1.173248110580629e-06,316800.0,316800.0,0.0,316800.0,316800.0,2534400.0,2534400.0,0.0,2534400.0,2534400.0,1.25942648339842,1.241910395994637,0.08394504072825856,1.2020911250001518,1.3391447919930215,24.0,24.0,0.0,24.0,24.0,False,False,False
final_accuracy,well_pressure,24,10,0.13711401786335103,0.1243311578625759,0.03942732094778617,0.1192747476415152,0.137838951195212,0.2689698690988922,0.26903508666170817,0.0002724537820685143,0.2687712294597519,0.2691743822238012,0.1110585074766445,0.0994554039310033,0.03604791701836479,0.09313659489569,0.1207186336944885,0.13074023356541337,0.13077578541764864,0.00013965690578143585,0.1306339282066306,0.1308516848593634,167.21543098590394,173.70519835242064,30.35781684066843,155.0362514410573,192.38215435164213,inf,inf,,inf,inf,0.0004361783834583281,6.478211279110318e-05,0.0007417690314102138,2.333928568987176e-05,0.0003971676015044,149728.0,149728.0,0.0,149728.0,149728.0,1197824.0,1197824.0,0.0,1197824.0,1197824.0,0.6617432206992817,0.623701541499031,0.1423143578430971,0.5486494580036378,0.6849100419931347,24.0,24.0,0.0,24.0,24.0,False,False,False
final_pareto,well_pressure,24,10,0.1319717706304047,0.12502328153722414,0.037839520191980655,0.1090196427228863,0.1435507955788035,0.2689698690988922,0.26903508666170817,0.0002724537820685143,0.2687712294597519,0.2691743822238012,0.11002285329940706,0.10400438531249434,0.03660301708021594,0.0822617506010244,0.126563388081105,0.13074023356541337,0.13077578541764864,0.00013965690578143585,0.1306339282066306,0.1308516848593634,167.21432115582178,173.7213860707411,30.358481006045363,155.03586581746004,192.36785860709784,inf,inf,,inf,inf,0.0002882206135289628,0.00011808881576605,0.0005599041270949868,3.463847367259275e-05,0.0002257960526398,120704.0,120704.0,0.0,120704.0,120704.0,965632.0,965632.0,0.0,965632.0,965632.0,0.5578846539989172,0.5259898334988975,0.12132465539589683,0.5040131669957191,0.586913375002041,24.0,24.0,0.0,24.0,24.0,False,False,False
hybrid,well_pressure,24,10,0.2114225247237575,0.18861884274518495,0.09645290661798969,0.1442901676538082,0.2341436738428029,0.01423249660030379,0.0116498313675853,0.00829594003151444,0.0104755104899055,0.0137495227703764,0.1729686096801055,0.1589956234915125,0.07572520563632358,0.1240700078750039,0.2118100895685535,0.006761935269846049,0.0056146094531773,0.0039564636448621605,0.0048889979489961,0.0064494358806753,9.056558415619095,7.123053108228261,6.327993662986592,6.6081562425652836,8.325460596779811,67613.54353351965,19204.445151516626,121969.16249261412,14882.073226969644,37184.81753827942,0.0011706354969974633,0.0013174609962162999,0.00048199511511738804,0.0011807891654128,0.001498241541385,188708.0,188708.0,0.0,188708.0,188708.0,1509664.0,1509664.0,0.0,1509664.0,1509664.0,0.9716671417983889,0.939834520999284,0.13759173929647145,0.8862405830004718,1.0541672090039356,24.0,24.0,0.0,24.0,24.0,False,False,False
original_basis_optimized_recovery,well_pressure,24,10,0.45514823484497946,0.449915925017786,0.05863400060289444,0.4195771816161751,0.4889669725987066,0.02251480143229056,0.01711243896198045,0.014915841772307455,0.0125646909075151,0.0236218185525748,0.3057256438582029,0.29709114037537687,0.062034815178075145,0.2639455002551606,0.3693673610073306,0.011056606959995618,0.00832265184708665,0.007280677271438821,0.0063397049690654,0.0113962966906719,14.193234293923704,9.547190501419239,10.288772455790488,8.474010860744677,14.229284190149048,4230.641763296987,3188.2560008194478,1978.644047146311,2838.1720949186497,6013.614727793277,0.0006995632518723629,0.0007237476503840999,0.0003924185093387746,0.0004790579548711,0.0010939796315265,101860.0,101860.0,0.0,101860.0,101860.0,814880.0,814880.0,0.0,814880.0,814880.0,10.209926687399275,10.074531104499329,0.8754358776760668,9.508314083002915,10.710296749995903,24.0,24.0,0.0,24.0,24.0,False,False,False
rank_optimized_joint,well_pressure,24,10,0.12488791791033324,0.1274807810037375,0.037091933591522804,0.1019256129779726,0.1398812376561911,0.013642921448279999,0.0108904134216695,0.0067876762859396264,0.0097815008740464,0.0143782131599093,0.10249429222531334,0.10650745609677234,0.034117316067511415,0.0821808194698142,0.1123041969737483,0.0064597915049177095,0.005100544298145,0.0033009680083069225,0.0046024779336362,0.0066684438920112,8.423913524762659,6.899636803107764,4.45183961463196,5.708728392420058,7.318846267595551,31666.30447370749,17190.74250945149,34362.96327887154,13825.920393096112,18130.10687816431,0.0015976600887096213,0.00184824718421175,0.0005860352728519741,0.0016748762556156,0.0018552252556143,259188.0,259188.0,0.0,259188.0,259188.0,2073504.0,2073504.0,0.0,2073504.0,2073504.0,1.1137917291998747,1.0975723335031944,0.17525642300395397,0.9818984160010586,1.2366713330047787,24.0,24.0,0.0,24.0,24.0,False,False,False
POD,well_pressure,25,10,15.928258848356347,15.818342329181469,2.639067414480266,15.598069922492243,16.755034374030863,0.1463274556076263,0.14858208876191936,0.01864569383204692,0.1363618024894592,0.1550515556316405,14.701487138929688,14.593843869855771,2.4281736687131628,14.402175261745828,15.484080018584104,0.07012060076233849,0.07092984561916679,0.00871013083241174,0.0658559525646065,0.0747081261355925,100.8107880541319,105.92890457480547,24.609329423759373,92.98159733521234,116.9971928948899,208.14750347223344,159.62589623860364,138.6046285634468,104.03263170418424,395.2105685510855,0.0018943119060188002,0.0018626719924815,8.28354516462225e-05,0.0018469273157901,0.0018918743759482,316800.0,316800.0,0.0,316800.0,316800.0,2534400.0,2534400.0,0.0,2534400.0,2534400.0,1.292954733499937,1.29505272949973,0.10029715001858687,1.2014440409984672,1.352346416999353,25.0,25.0,0.0,25.0,25.0,False,False,False
POD-E,well_pressure,25,10,0.2880071558341567,0.2832259692757691,0.10947386493972469,0.2599377305722446,0.3050183076829097,0.011049311118171121,0.01106909380868975,0.0009637850718728514,0.0103747791433434,0.0115804400373457,0.23617622589538662,0.2321096873300906,0.09630559602252989,0.2120487571811524,0.2496784503999694,0.00511466136871668,0.0051144608615801505,0.0004698256227651921,0.0047982507232654,0.005397260556036,6.997571061353033,7.094886822717996,1.2023284220347719,6.47069045651181,7.9188018788841905,79336.00283920433,81228.35647802785,55348.37980689964,25577.76718234957,130825.30071963796,8.145044929754072e-07,7.847744487471095e-07,2.0061463285157878e-07,6.381578851120085e-07,9.348345644723036e-07,316800.0,316800.0,0.0,316800.0,316800.0,2534400.0,2534400.0,0.0,2534400.0,2534400.0,1.25942648339842,1.241910395994637,0.08394504072825856,1.2020911250001518,1.3391447919930215,25.0,25.0,0.0,25.0,25.0,False,False,False
final_accuracy,well_pressure,25,10,0.1387607946578741,0.12795762153835244,0.03458411491619866,0.1194208370391771,0.1626310893903841,0.2689698690988922,0.26903508666170817,0.0002724537820685143,0.2687712294597519,0.2691743822238012,0.11316625053641287,0.1087771592079391,0.03377349218394225,0.0903876706014636,0.1365860808235796,0.13074023356541337,0.13077578541764864,0.00013965690578143585,0.1306339282066306,0.1308516848593634,167.21684327203602,173.71103437507549,30.359169334292393,155.03555598259894,192.3805840333935,inf,inf,,inf,inf,0.00043536281202549286,5.570316166530321e-05,0.000693982696999695,3.0613097717155724e-05,0.0005323057593795,149728.0,149728.0,0.0,149728.0,149728.0,1197824.0,1197824.0,0.0,1197824.0,1197824.0,0.6617432206992817,0.623701541499031,0.1423143578430971,0.5486494580036378,0.6849100419931347,25.0,25.0,0.0,25.0,25.0,False,False,False
final_pareto,well_pressure,25,10,0.13783451658401344,0.13072331044386254,0.04404553901112113,0.1070411361574582,0.1650131307468176,0.2689698690988922,0.26903508666170817,0.0002724537820685143,0.2687712294597519,0.2691743822238012,0.11667546965379601,0.11158370018333419,0.04068263311476094,0.084081436550854,0.1460859597789034,0.13074023356541337,0.13077578541764864,0.00013965690578143585,0.1306339282066306,0.1308516848593634,167.21675683660078,173.71026333936246,30.357004907306866,155.03545267896578,192.392927398474,inf,inf,,inf,inf,0.00027923963007605294,5.8464909780287376e-05,0.0005781259836803676,1.2559518802305332e-05,0.0002382556391184,120704.0,120704.0,0.0,120704.0,120704.0,965632.0,965632.0,0.0,965632.0,965632.0,0.5578846539989172,0.5259898334988975,0.12132465539589683,0.5040131669957191,0.586913375002041,25.0,25.0,0.0,25.0,25.0,False,False,False
hybrid,well_pressure,25,10,0.20214122798098028,0.19267448688841335,0.06495501248462254,0.143802666837361,0.219351275447697,0.01466617620003357,0.0116808609170121,0.008664538853582966,0.0103411359678569,0.0137343047930328,0.16131299411111946,0.15237592182624543,0.04573864982326075,0.1229359339149188,0.198520105125328,0.0070167022209042095,0.00560987918214775,0.00415136595462873,0.0049396451166522,0.0064701707027718,9.307142892545905,6.821916411732449,6.451708898436108,6.548190274169599,9.127249774345383,18141.76792739309,15437.911653429046,14512.542357582173,10815.853911129216,17559.690406745143,0.0011713442045206228,0.00136987061278725,0.00048422387803432845,0.0009969345263194,0.0014645610902615,188708.0,188708.0,0.0,188708.0,188708.0,1509664.0,1509664.0,0.0,1509664.0,1509664.0,0.9716671417983889,0.939834520999284,0.13759173929647145,0.8862405830004718,1.0541672090039356,25.0,25.0,0.0,25.0,25.0,False,False,False
original_basis_optimized_recovery,well_pressure,25,10,0.4469666381830013,0.4411197172842925,0.05339943122887932,0.4166522435055476,0.4713567336900474,0.02620630370260449,0.01603720406053945,0.022771845884232186,0.0126195417330682,0.0241851477662663,0.2962262978727085,0.2923665585389252,0.058279350149026715,0.2625667270739736,0.3365154273765857,0.01290194539878584,0.00791723408220015,0.01113305773669988,0.0063833721968885,0.0117023944923151,16.431684620088376,9.432759523602467,15.032530377665147,8.267331448561709,11.983882763015744,3825.959176287163,3147.954671956277,1485.4354861831953,2924.3497012515413,4257.049131030098,0.0006771510338482052,0.00067941995866175,0.00035678727517389724,0.0004795291353278,0.0008611842105646,101860.0,101860.0,0.0,101860.0,101860.0,814880.0,814880.0,0.0,814880.0,814880.0,10.209926687399275,10.074531104499329,0.8754358776760668,9.508314083002915,10.710296749995903,25.0,25.0,0.0,25.0,25.0,False,False,False
rank_optimized_joint,well_pressure,25,10,0.10899788718168872,0.10027006369438995,0.03948004755616944,0.0901548907387578,0.1214833875683399,0.012793598650980339,0.0109934937766509,0.005357227161975545,0.009746933629263,0.0143770871694466,0.08684413521149538,0.07782596925889555,0.03662784067796916,0.0691434395937964,0.0988942586341684,0.00603892210357342,0.0051799720858554,0.0025899344702868523,0.004601558151741,0.0067009512129064,7.945212606718234,6.9029298710685065,3.9488423248344855,5.61847317835089,7.803936487951999,50464.919082203145,18685.991645236183,68769.90571001114,17011.137126079742,19467.125415445014,0.0016061253135273373,0.00184751127818525,0.000592851195591757,0.0017147659774562,0.0018552252481196,259188.0,259188.0,0.0,259188.0,259188.0,2073504.0,2073504.0,0.0,2073504.0,2073504.0,1.1137917291998747,1.0975723335031944,0.17525642300395397,0.9818984160010586,1.2366713330047787,25.0,25.0,0.0,25.0,25.0,False,False,False
POD,well_pressure,26,10,15.704530845791814,15.461100604947113,2.646281609171022,15.209767499274635,16.77270026794599,0.14544366220757848,0.14808431720712661,0.019137940771165055,0.1366526104215113,0.1506526507489143,14.454238510527734,14.20505940445604,2.442612376540866,13.998827927233746,15.444856362646831,0.06971005324583332,0.0706650278571942,0.008983541766422645,0.065967537891149,0.0719061210320909,100.14768464672342,105.53068724320923,24.69234868484981,91.49703318718602,117.63493632078558,232.767583339039,163.87195504841122,128.309671317821,127.69555507172586,406.5341925353103,0.0018726479624051003,0.0018566967406048501,5.120603302139064e-05,0.0018450319549266,0.0018636171654159,316800.0,316800.0,0.0,316800.0,316800.0,2534400.0,2534400.0,0.0,2534400.0,2534400.0,1.292954733499937,1.29505272949973,0.10029715001858687,1.2014440409984672,1.352346416999353,26.0,26.0,0.0,26.0,26.0,False,False,False
POD-E,well_pressure,26,10,0.28746390266262073,0.28614836359599305,0.10899030683920634,0.2505088975539001,0.3050285389669084,0.01100875100089893,0.011149204413547751,0.0010633759093711163,0.0101641126953054,0.0118026606224671,0.23479882079242462,0.23366559272785958,0.09593783474513344,0.2019683502910373,0.2536429083337245,0.00509785679088951,0.0052055501405423,0.0005147358151681132,0.0046506367095718,0.0054515591858867,6.955651102553913,6.941174082556571,1.1586704423145173,6.418731979044929,7.634337937057829,84910.05693971581,86908.23198775835,57425.6346814531,27186.46055509671,133631.6655814828,8.001270639636604e-07,7.186729208867353e-07,2.06931774608974e-07,6.212406271816533e-07,1.0137894270500463e-06,316800.0,316800.0,0.0,316800.0,316800.0,2534400.0,2534400.0,0.0,2534400.0,2534400.0,1.25942648339842,1.241910395994637,0.08394504072825856,1.2020911250001518,1.3391447919930215,26.0,26.0,0.0,26.0,26.0,False,False,False
final_accuracy,well_pressure,26,10,0.13618101635848348,0.1318561868983415,0.03315691325806842,0.114622058820777,0.1583836565089138,0.2689698690988922,0.26903508666170817,0.0002724537820685143,0.2687712294597519,0.2691743822238012,0.11172724128622631,0.10717976316999325,0.03149560550763836,0.0858048598063505,0.134398453436305,0.13074023356541337,0.13077578541764864,0.00013965690578143585,0.1306339282066306,0.1308516848593634,167.21634515120746,173.7041502045138,30.360812060635954,155.03542914567683,192.39771385934125,inf,inf,,inf,inf,0.0004293430766890956,0.00011108991351561779,0.0007166723738318925,3.0730263173800744e-05,0.0002601309473752,149728.0,149728.0,0.0,149728.0,149728.0,1197824.0,1197824.0,0.0,1197824.0,1197824.0,0.6617432206992817,0.623701541499031,0.1423143578430971,0.5486494580036378,0.6849100419931347,26.0,26.0,0.0,26.0,26.0,False,False,False
final_pareto,well_pressure,26,10,0.13425369217769806,0.12553184916871035,0.04462444561468569,0.0993884594449227,0.1625652659896132,0.2689698690988922,0.26903508666170817,0.0002724537820685143,0.2687712294597519,0.2691743822238012,0.11302072148022776,0.10564425742734501,0.04081793599879432,0.0857497160537829,0.1436343873806843,0.13074023356541337,0.13077578541764864,0.00013965690578143585,0.1306339282066306,0.1308516848593634,167.2150839089016,173.70756113917747,30.35619321827403,155.03575668502398,192.3889428230318,inf,inf,,inf,inf,0.00023143712556577715,2.344454888340184e-05,0.0005860715571575287,8.866857180172311e-06,8.040601501409384e-05,120704.0,120704.0,0.0,120704.0,120704.0,965632.0,965632.0,0.0,965632.0,965632.0,0.5578846539989172,0.5259898334988975,0.12132465539589683,0.5040131669957191,0.586913375002041,26.0,26.0,0.0,26.0,26.0,False,False,False
hybrid,well_pressure,26,10,0.1923837140326007,0.18204279221076505,0.0666723187106312,0.140364131915408,0.2069105224967676,0.014030367908688886,0.0114769217350966,0.007871668158221054,0.0101071348406755,0.0137969441549071,0.15122859405697403,0.14683611229490057,0.0477293641927596,0.11353661308272,0.1788976039201559,0.006724758849798121,0.0054988508387719005,0.0038035577644019735,0.004790472805679,0.0065025902754326,8.900441045074661,6.772585304847608,5.943527547179521,6.196990322247794,9.204777527385996,14386.663541466321,11651.991321777707,8398.678679992208,9103.505827212275,15562.315544272396,0.001199706172173598,0.0014335928909647,0.0005043721400750385,0.0011916785714627,0.0015081215563516,188708.0,188708.0,0.0,188708.0,188708.0,1509664.0,1509664.0,0.0,1509664.0,1509664.0,0.9716671417983889,0.939834520999284,0.13759173929647145,0.8862405830004718,1.0541672090039356,26.0,26.0,0.0,26.0,26.0,False,False,False
original_basis_optimized_recovery,well_pressure,26,10,0.4445642310458767,0.44163008289213357,0.05523403517973452,0.4093986111430251,0.4755470264939939,0.027417870646053062,0.01702665308820275,0.025442889755019037,0.011678603951968,0.0240006164690793,0.29248872145750426,0.27863640313020877,0.05767668034023782,0.2643276994944922,0.3534429559156252,0.013515089907837969,0.00840770243308625,0.01247541660843624,0.0058001739293973,0.0116112807826099,17.21930589928487,8.957511871923515,16.610452287687874,8.204172486054519,14.44067278178274,3731.8205307725925,3209.1058565980547,1229.6267668803628,2787.8367320693337,4264.515857137699,0.0007056201112835256,0.00066955529323045,0.000411630750510339,0.0004003186090573,0.0011268286315655,101860.0,101860.0,0.0,101860.0,101860.0,814880.0,814880.0,0.0,814880.0,814880.0,10.209926687399275,10.074531104499329,0.8754358776760668,9.508314083002915,10.710296749995903,26.0,26.0,0.0,26.0,26.0,False,False,False
rank_optimized_joint,well_pressure,26,10,0.10943800724280861,0.10244883512494976,0.03993663730026147,0.0895722919565918,0.1178839856870193,0.01301246554389747,0.0125956708614781,0.0052465143220877565,0.0093719145292961,0.0142203686613439,0.0877746548506465,0.08202518662606076,0.036826063868173865,0.0722898242658466,0.0947786238731758,0.006157079095699161,0.005928752007917,0.0025429393680625246,0.0043931513477096,0.0068175051060701,8.103316680854618,6.948341613010211,3.9139691475156004,5.69984576227495,9.486449213228438,58148.396433197995,25321.301106191764,70038.61734982724,22768.99231914539,32830.67984700298,0.0016128034466193104,0.00184327474814095,0.0005912244231310369,0.0018351535112386,0.0018552290150415,259188.0,259188.0,0.0,259188.0,259188.0,2073504.0,2073504.0,0.0,2073504.0,2073504.0,1.1137917291998747,1.0975723335031944,0.17525642300395397,0.9818984160010586,1.2366713330047787,26.0,26.0,0.0,26.0,26.0,False,False,False
POD,well_pressure,27,10,15.442341256940736,15.46463672625387,2.2964119405050756,15.03758706838785,16.879446997144175,0.14282807434335024,0.14790304018734018,0.015007296351754825,0.1374140650646952,0.1493654958193276,14.177262381243441,14.173920052214656,2.1030280623191007,13.768958366993235,15.524699682477408,0.06847181478796496,0.0705180276156811,0.007118233316003757,0.0662986047712684,0.0719697669806356,98.33081450323519,104.73244260837103,23.114148708114083,92.14321220675468,114.63670933544346,350.3972276415105,211.01809130808124,242.22233854522634,184.38917479791817,614.198590619798,0.0018632312022548302,0.0018607192932425499,2.7273631192217103e-05,0.0018425103383317,0.0018819266917311,316800.0,316800.0,0.0,316800.0,316800.0,2534400.0,2534400.0,0.0,2534400.0,2534400.0,1.292954733499937,1.29505272949973,0.10029715001858687,1.2014440409984672,1.352346416999353,27.0,27.0,0.0,27.0,27.0,False,False,False
POD-E,well_pressure,27,10,0.2896432888367556,0.2938333148039056,0.1110954497432804,0.2481005034273312,0.3178923385181187,0.011025953835005289,0.01113046715449435,0.0010680666405765643,0.0101159286542235,0.0119227511033625,0.23725721599889998,0.23696832585135152,0.09841495388692745,0.1989928411070897,0.2631113893931364,0.00510785022072415,0.0051969590412267,0.0005196680486996465,0.0046268718640342,0.0055133238278237,6.966303274365501,6.942141377804847,1.1665230049960205,6.439792560595783,7.734199747427434,107503.26230182467,111155.17739038402,59269.61318581316,42185.84080210642,161403.67164797251,7.967744285198755e-07,7.792932182266832e-07,2.212486122813897e-07,6.312706715189256e-07,8.142255557371877e-07,316800.0,316800.0,0.0,316800.0,316800.0,2534400.0,2534400.0,0.0,2534400.0,2534400.0,1.25942648339842,1.241910395994637,0.08394504072825856,1.2020911250001518,1.3391447919930215,27.0,27.0,0.0,27.0,27.0,False,False,False
final_accuracy,well_pressure,27,10,0.13708928414458954,0.13297113696054,0.03389195535362681,0.1140197374887223,0.1566099142278893,0.2689698690988922,0.26903508666170817,0.0002724537820685143,0.2687712294597519,0.2691743822238012,0.11259742635191845,0.10894055800627786,0.03214835548420771,0.0857677282869016,0.1360917856406058,0.13074023356541337,0.13077578541764864,0.00013965690578143585,0.1306339282066306,0.1308516848593634,167.21729374293102,173.70999111189715,30.36121066100687,155.03494272401397,192.395168621882,inf,inf,,inf,inf,0.0004765026954954675,7.73121879811597e-05,0.0007157095187230217,2.3245616488620863e-05,0.0005466444210496,149728.0,149728.0,0.0,149728.0,149728.0,1197824.0,1197824.0,0.0,1197824.0,1197824.0,0.6617432206992817,0.623701541499031,0.1423143578430971,0.5486494580036378,0.6849100419931347,27.0,27.0,0.0,27.0,27.0,False,False,False
final_pareto,well_pressure,27,10,0.13414998697642785,0.1262801612365029,0.04522174463555655,0.0982032328153025,0.1599196340953352,0.2689698690988922,0.26903508666170817,0.0002724537820685143,0.2687712294597519,0.2691743822238012,0.1128160900846031,0.10644278306896704,0.04120127849828057,0.0867723085459113,0.1411875955061874,0.13074023356541337,0.13077578541764864,0.00013965690578143585,0.1306339282066306,0.1308516848593634,167.21496143578787,173.70556373731472,30.356201798241283,155.03555526617092,192.3896744594607,inf,inf,,inf,inf,0.00027532531277304356,6.479276315185689e-05,0.0006556382991670215,2.3608082704967293e-05,0.0001577659774527,120704.0,120704.0,0.0,120704.0,120704.0,965632.0,965632.0,0.0,965632.0,965632.0,0.5578846539989172,0.5259898334988975,0.12132465539589683,0.5040131669957191,0.586913375002041,27.0,27.0,0.0,27.0,27.0,False,False,False
hybrid,well_pressure,27,10,0.1877075820298162,0.17433562525733493,0.06251310997918313,0.1438620485185868,0.2050759640562245,0.0137836201667246,0.0114195653156222,0.008034183409101742,0.01001320746325,0.0139548637981486,0.1460810712512955,0.13971036647251134,0.04099502685623957,0.1104024005647463,0.1701646567554154,0.00657887180904775,0.00552957982315025,0.0038790908350783636,0.0047302653445987,0.0065426741662152,8.764047962584291,6.670797289229432,6.132035660400544,6.316130903641694,8.99924642718234,12596.802749655608,11928.517199451448,3712.5325551790065,9326.416501121896,15654.972853626809,0.001273515257147127,0.0013757675451073,0.0006212815314179758,0.0011977036390584,0.0015140476240951,188708.0,188708.0,0.0,188708.0,188708.0,1509664.0,1509664.0,0.0,1509664.0,1509664.0,0.9716671417983889,0.939834520999284,0.13759173929647145,0.8862405830004718,1.0541672090039356,27.0,27.0,0.0,27.0,27.0,False,False,False
original_basis_optimized_recovery,well_pressure,27,10,0.4423403543300224,0.43447053003621683,0.05618408687654034,0.4083896665412307,0.4763016376299725,0.02790621190682984,0.01746117079124815,0.02649548396766173,0.0114544402932605,0.0240347541981245,0.28779521109888395,0.27445971717468287,0.05828925072817677,0.2456416699153333,0.3432721241265766,0.013745566589194819,0.0086350528583644,0.013005652636726307,0.0056662125598985,0.0116203267537904,17.585126192813682,9.242931411649998,17.61233963678058,8.049120365651055,14.376315704452558,3589.125378997754,3294.4681292497953,1147.156693742112,2849.4657416384052,3793.113608287904,0.0006898237172933066,0.00071823449249665,0.00038996253548034403,0.0003801444285532,0.0009156738721815,101860.0,101860.0,0.0,101860.0,101860.0,814880.0,814880.0,0.0,814880.0,814880.0,10.209926687399275,10.074531104499329,0.8754358776760668,9.508314083002915,10.710296749995903,27.0,27.0,0.0,27.0,27.0,False,False,False
rank_optimized_joint,well_pressure,27,10,0.10867484090042848,0.1010256340248373,0.039806989957645186,0.0903916820057811,0.1147919781173107,0.01263309089951171,0.01077421471185995,0.0051607659293761085,0.0092998987765412,0.014239244907031,0.08685455184898469,0.07819628664662814,0.036803454164708156,0.0711397299136805,0.0911705017646089,0.00596744230087171,0.0051308753285498,0.0024859427527336143,0.0043657024180936,0.0066305190895899,7.843635781910133,6.977170194009128,3.777782179221256,5.6550757601112025,7.729534614421282,89703.68194767044,43284.17900281033,93982.24778981051,25884.113394571687,99638.95075015895,0.001549746052631587,0.0018003237781883,0.0005772395722289934,0.0014656914135592,0.0018499210525892,259188.0,259188.0,0.0,259188.0,259188.0,2073504.0,2073504.0,0.0,2073504.0,2073504.0,1.1137917291998747,1.0975723335031944,0.17525642300395397,0.9818984160010586,1.2366713330047787,27.0,27.0,0.0,27.0,27.0,False,False,False
POD,well_pressure,28,10,14.992439371151562,15.366210851032477,1.9635727526421043,13.895391617190873,16.42539056356931,0.1375392265273313,0.13883768324977605,0.012159851934713344,0.1364177619410243,0.1457710619057888,13.755733987184493,14.108079637517573,1.819046544235461,12.625887894633276,15.16392391920797,0.06579885146650047,0.0665147335763049,0.0057316111355720815,0.0657323267606061,0.0685425682942806,94.80008435582933,98.79838955405786,22.058892457374828,90.40265063769723,106.0386832611592,593.632688946641,565.9543489421723,278.5784977678799,343.177348096332,868.7518256293396,0.0018945308909746497,0.0018574434511275,0.00011477262266764157,0.0018455764436105,0.0018842384135249,316800.0,316800.0,0.0,316800.0,316800.0,2534400.0,2534400.0,0.0,2534400.0,2534400.0,1.292954733499937,1.29505272949973,0.10029715001858687,1.2014440409984672,1.352346416999353,28.0,28.0,0.0,28.0,28.0,False,False,False
POD-E,well_pressure,28,10,0.29188542183914745,0.2962127603728781,0.1136010564154856,0.2511475963255042,0.3166577891051744,0.01104498276996992,0.01113569906445005,0.0011398668375123494,0.0100651480853749,0.0121447452325893,0.2385554941833669,0.23948855610148356,0.10010814037506417,0.2029763872133668,0.2653156810513461,0.00511856861402722,0.00519909169060025,0.0005573601396081474,0.0046014776211966,0.0056300599909418,6.972641640816072,6.890303951871225,1.1576871076215391,6.437470421253371,7.754464763768839,163636.40966368472,147592.10212108464,93478.99416555764,81866.24189277548,234377.09028885933,8.131270611980803e-07,8.038834384660047e-07,1.881497451269649e-07,6.406691846178663e-07,9.63345814681843e-07,316800.0,316800.0,0.0,316800.0,316800.0,2534400.0,2534400.0,0.0,2534400.0,2534400.0,1.25942648339842,1.241910395994637,0.08394504072825856,1.2020911250001518,1.3391447919930215,28.0,28.0,0.0,28.0,28.0,False,False,False
final_accuracy,well_pressure,28,10,0.13482889949630658,0.13109983940654207,0.03360611661460798,0.1124590355583604,0.154648412959147,0.2689698690988922,0.26903508666170817,0.0002724537820685143,0.2687712294597519,0.2691743822238012,0.11054933076025801,0.1061749406831845,0.0317511200023686,0.0841829162599374,0.135617027090243,0.13074023356541337,0.13077578541764864,0.00013965690578143585,0.1306339282066306,0.1308516848593634,167.2153732552714,173.7009466889276,30.3604760055375,155.03482917762736,192.39441169043917,inf,inf,,inf,inf,0.0003899517857031473,3.3336936096184624e-05,0.0007494126443430409,1.2254699232245804e-05,9.534398494927296e-05,149728.0,149728.0,0.0,149728.0,149728.0,1197824.0,1197824.0,0.0,1197824.0,1197824.0,0.6617432206992817,0.623701541499031,0.1423143578430971,0.5486494580036378,0.6849100419931347,28.0,28.0,0.0,28.0,28.0,False,False,False
final_pareto,well_pressure,28,10,0.13092880607259733,0.12190923862148205,0.040983623521189255,0.0955272007374754,0.1545863552655766,0.2689698690988922,0.26903508666170817,0.0002724537820685143,0.2687712294597519,0.2691743822238012,0.10971512449425705,0.10146556326898509,0.03698649763647744,0.0831670348954741,0.1362589325876159,0.13074023356541337,0.13077578541764864,0.00013965690578143585,0.1306339282066306,0.1308516848593634,167.21310928661038,173.70278968338482,30.356929982463857,155.03605321095517,192.3831664302695,inf,inf,,inf,inf,0.00039815867820921494,0.00026611293987955,0.0005799704696266763,1.660024812243725e-05,0.0005061538270508,120704.0,120704.0,0.0,120704.0,120704.0,965632.0,965632.0,0.0,965632.0,965632.0,0.5578846539989172,0.5259898334988975,0.12132465539589683,0.5040131669957191,0.586913375002041,28.0,28.0,0.0,28.0,28.0,False,True,False
hybrid,well_pressure,28,10,0.1832392497254914,0.16252755529438856,0.06085381141275097,0.1464067209713608,0.2050588738017033,0.01375493386671755,0.011141041833949799,0.008503444026418486,0.0091906932867891,0.0140327614466641,0.14168686866491892,0.13432856267722726,0.03946412171727919,0.1105546611683048,0.1592811374903602,0.00654774032745354,0.0053490830448762,0.004115147589387937,0.0044856719587024,0.0065822393965721,8.753506604906523,6.664792980553166,6.459200014872611,5.57669273195322,8.770466132478456,11334.863021936531,10593.075725142247,2789.502724982881,9234.673997599672,12707.722285414784,0.0011761370917306394,0.0013483693609097,0.0005149023494676498,0.0010813859624427,0.0015230739322999,188708.0,188708.0,0.0,188708.0,188708.0,1509664.0,1509664.0,0.0,1509664.0,1509664.0,0.9716671417983889,0.939834520999284,0.13759173929647145,0.8862405830004718,1.0541672090039356,28.0,28.0,0.0,28.0,28.0,False,False,False
original_basis_optimized_recovery,well_pressure,28,10,0.4414270675102143,0.43538168602113647,0.05401561613126944,0.4120501774656883,0.4742792591213142,0.028225792586014202,0.0176219762999665,0.026805853834704296,0.0115499444072514,0.0240739622309076,0.2852235805298484,0.2759859482527929,0.052988787173867784,0.2573091248194832,0.3389664842225388,0.0138998435906002,0.0087145566676741,0.01315940704300138,0.0057236690909469,0.0116426658813233,17.808354127675592,9.258714033605656,17.8653786701506,8.1119986694702,14.662042184055352,3569.3561531405503,3364.305650695348,985.2178173039503,2922.7784840350205,3701.3072997158424,0.0006771849300619976,0.0006621757481359,0.0003626489231740561,0.0005029489398282,0.0008042709849629,101860.0,101860.0,0.0,101860.0,101860.0,814880.0,814880.0,0.0,814880.0,814880.0,10.209926687399275,10.074531104499329,0.8754358776760668,9.508314083002915,10.710296749995903,28.0,28.0,0.0,28.0,28.0,False,False,False
rank_optimized_joint,well_pressure,28,10,0.10729843952243012,0.09907020132388131,0.039866566955761455,0.0904137234680376,0.1135207286262226,0.012574367132216801,0.01085286683808195,0.00501011920906699,0.0093212123245846,0.0142589106712092,0.08539310683075538,0.0749057367506326,0.036978304796492556,0.0696996603413471,0.0903743553152477,0.00593729854543689,0.005170623562265501,0.0024114719504166955,0.0043791415608711,0.0066402328312088,7.805346352449556,7.02865408719741,3.6755174281606706,5.666967269341418,7.740179012220016,126495.37848522971,78694.13115106846,101487.86538963484,71415.09757058466,107874.37568046142,0.0015348791037563172,0.00176356892481455,0.0005740866872725675,0.0014802161653948,0.0018546475563964,259188.0,259188.0,0.0,259188.0,259188.0,2073504.0,2073504.0,0.0,2073504.0,2073504.0,1.1137917291998747,1.0975723335031944,0.17525642300395397,0.9818984160010586,1.2366713330047787,28.0,28.0,0.0,28.0,28.0,False,True,False
POD,well_pressure,29,10,14.957709332130117,15.405138245268406,1.9252548783168275,13.9567392025984,16.26121059266385,0.1377030854862272,0.13906236444368364,0.0124965603345519,0.1352966146701669,0.1443008994548595,13.684735157822605,14.09491857981363,1.7642957706867153,12.675563682831822,14.898990273252403,0.0658123218568698,0.06675812909763404,0.0059074801806400555,0.0646050340281454,0.0684807611415896,94.91631972205036,100.63469333581378,22.28785206035489,87.99209320940523,106.65874184198304,2521.305464547474,1636.7604967600355,2248.902143129589,919.6756664945548,4476.094394364041,0.0018981250315736498,0.00185789504886405,9.298496350161667e-05,0.0018421616541467,0.0019271873458265,316800.0,316800.0,0.0,316800.0,316800.0,2534400.0,2534400.0,0.0,2534400.0,2534400.0,1.292954733499937,1.29505272949973,0.10029715001858687,1.2014440409984672,1.352346416999353,29.0,29.0,0.0,29.0,29.0,False,False,False
POD-E,well_pressure,29,10,0.29121861823539147,0.3007837575980272,0.11150340566183144,0.2472636131428538,0.3153065849119858,0.011023689824643412,0.01108877496421315,0.0011356437240413527,0.0100247835083565,0.0122305846910968,0.23794904024031277,0.23762205914091256,0.09889155385601002,0.1983591105980089,0.2641392713012728,0.005109489037685879,0.005134587258778699,0.000558255885748997,0.0045809057190055,0.0056751899532128,6.95987602405358,6.8885277214202905,1.1712988299615563,6.411013493004757,7.806429374780481,529589.1927901064,602131.3678046336,205829.02588637234,278297.4561559518,651639.774444225,8.228999961699759e-07,8.287894790309405e-07,1.6808377714011468e-07,7.055112606271598e-07,8.843985015939557e-07,316800.0,316800.0,0.0,316800.0,316800.0,2534400.0,2534400.0,0.0,2534400.0,2534400.0,1.25942648339842,1.241910395994637,0.08394504072825856,1.2020911250001518,1.3391447919930215,29.0,29.0,0.0,29.0,29.0,False,False,False
final_accuracy,well_pressure,29,10,0.13759962208982274,0.13268867909706994,0.0354547980046433,0.1122172584579231,0.1538369126242551,0.2689698690988922,0.26903508666170817,0.0002724537820685143,0.2687712294597519,0.2691743822238012,0.11325494196752665,0.108900199872872,0.032984515569598305,0.0842780397612155,0.1332001047033779,0.13074023356541337,0.13077578541764864,0.00013965690578143585,0.1306339282066306,0.1308516848593634,167.21744918639192,173.7093762683769,30.36112789306852,155.03499500393872,192.3946303272317,inf,inf,,inf,inf,0.00045365426014633726,0.0001143016917265,0.0007157533181651212,4.612218043276746e-05,0.0003893110901992,149728.0,149728.0,0.0,149728.0,149728.0,1197824.0,1197824.0,0.0,1197824.0,1197824.0,0.6617432206992817,0.623701541499031,0.1423143578430971,0.5486494580036378,0.6849100419931347,29.0,29.0,0.0,29.0,29.0,False,False,False
final_pareto,well_pressure,29,10,0.13171377630946074,0.12134821728000131,0.04122689803829834,0.0942836239979023,0.1576900407322499,0.2689698690988922,0.26903508666170817,0.0002724537820685143,0.2687712294597519,0.2691743822238012,0.11056943110409442,0.1015877780981633,0.03711503704097354,0.0817621389697095,0.1395816048535469,0.13074023356541337,0.13077578541764864,0.00013965690578143585,0.1306339282066306,0.1308516848593634,167.2135837442773,173.703940656933,30.35774396486455,155.03604312044715,192.38231147502552,inf,inf,,inf,inf,0.00033051193533904544,4.9539157908271536e-05,0.0005813922599990198,1.6286338364820984e-05,0.0005241616540877,120704.0,120704.0,0.0,120704.0,120704.0,965632.0,965632.0,0.0,965632.0,965632.0,0.5578846539989172,0.5259898334988975,0.12132465539589683,0.5040131669957191,0.586913375002041,29.0,29.0,0.0,29.0,29.0,False,False,False
hybrid,well_pressure,29,10,0.18425271022033696,0.16799508767195193,0.06432974144860848,0.124861226951314,0.2286773549196078,0.014239034698519509,0.01189490090839555,0.008258295501765964,0.0101467825131188,0.0139585439637677,0.14398158950389622,0.13883550025854313,0.04495757405727309,0.1018753418282533,0.1905222190798175,0.00678687705676979,0.0057630275414502,0.004004072955968788,0.0048005150332846,0.0065424283627748,9.05602788946452,7.021820700653268,6.322309778364745,6.403187999144886,8.917028931554647,10132.301454177901,9603.545328150394,1749.474501085064,9040.931061634012,10418.523014989212,0.0012182720233200012,0.0013181791992361,0.0004942625738425741,0.0011301763759246,0.0015140291353397,188708.0,188708.0,0.0,188708.0,188708.0,1509664.0,1509664.0,0.0,1509664.0,1509664.0,0.9716671417983889,0.939834520999284,0.13759173929647145,0.8862405830004718,1.0541672090039356,29.0,29.0,0.0,29.0,29.0,False,False,False
original_basis_optimized_recovery,well_pressure,29,10,0.4403826789329872,0.4343454635326487,0.05385076620280534,0.4108848768734268,0.4741961594047083,0.028471306156965796,0.01768658519315815,0.0273368631235759,0.0115028545207773,0.0239115433455744,0.28398826105741193,0.2733753042370411,0.05135838431360698,0.2591393194334869,0.3343626441190399,0.014018526937226657,0.00874976005305065,0.013433709459638227,0.0056980607972562,0.0115741377111303,17.945521572086232,9.343019019939252,18.092336407422746,8.07856145724519,14.589306624884294,3601.1866099017416,3441.986535765205,989.7436984091877,2876.9715208934026,3740.658986120819,0.0006610148811996529,0.0006541762218114,0.00034840450655360914,0.0004914664736462,0.000863229954859,101860.0,101860.0,0.0,101860.0,101860.0,814880.0,814880.0,0.0,814880.0,814880.0,10.209926687399275,10.074531104499329,0.8754358776760668,9.508314083002915,10.710296749995903,29.0,29.0,0.0,29.0,29.0,False,True,False
rank_optimized_joint,well_pressure,29,10,0.11713543600600924,0.10467096133377826,0.047790946322559306,0.0903130577626853,0.1366953850658039,0.012928002832510272,0.0121396290684366,0.004744687838639621,0.0101361420533365,0.0144874612901137,0.09515737472385812,0.08161769434327484,0.04447264563614482,0.0663938076899647,0.1183567272596441,0.006106360508438579,0.0057504181576842495,0.002285340670646286,0.0047710425151676,0.006740327222733,8.025979193657873,7.302153136103707,3.5258063345275708,5.886184206945328,7.872908371196464,272248.8478710081,239264.7882914507,153723.91457767223,188712.142070612,349541.4396912115,0.0015669679826981052,0.0018435786353217,0.0005839218129596535,0.001611161030084,0.0018600012556276,259188.0,259188.0,0.0,259188.0,259188.0,2073504.0,2073504.0,0.0,2073504.0,2073504.0,1.1137917291998747,1.0975723335031944,0.17525642300395397,0.9818984160010586,1.2366713330047787,29.0,29.0,0.0,29.0,29.0,False,False,False
POD,well_pressure,30,10,14.678870115311184,15.163340875321918,1.9833742345324024,13.069386013305689,15.880995097690434,0.13461738243085047,0.13718177483467364,0.011927514690411978,0.1309440895456404,0.1391742502150129,13.427471430268099,13.848037515088862,1.8150695636807346,11.924284077122469,14.574357195010853,0.06436461135024675,0.0650970420498386,0.005670675077882916,0.0626757284733211,0.0670200091200408,92.69287179864044,95.50122784270337,21.326655799604822,88.6049718895683,106.83210671489536,8268.38217964521,6734.702993072326,3737.7186247768145,5569.874138073806,12371.308863965109,0.00183428176616345,0.00183920457143385,5.690175986450331e-05,0.0018324454887126,0.0018590466766854,316800.0,316800.0,0.0,316800.0,316800.0,2534400.0,2534400.0,0.0,2534400.0,2534400.0,1.292954733499937,1.29505272949973,0.10029715001858687,1.2014440409984672,1.352346416999353,30.0,30.0,0.0,30.0,30.0,False,False,False
POD-E,well_pressure,30,10,0.2904084218322215,0.2999422627699003,0.10934038260656706,0.2507038838748533,0.3175175389833599,0.01108761672097704,0.0110711651348314,0.001110476506663737,0.0101665313277873,0.0120943377131666,0.23729161492835935,0.2339028693987094,0.09745567475059008,0.2026001561696738,0.2685818004057509,0.00514148893322707,0.0051395239339576005,0.0005481410948616547,0.004684663674141,0.0056028109738727,7.006399737972069,7.018154510859148,1.211447549580422,6.391974925185809,7.901923027510977,905340.4770810886,832132.2644148988,418781.42729995336,647166.5878655076,921201.6856879656,7.898180386230097e-07,7.777217755013643e-07,1.6226715928246992e-07,6.322105282994645e-07,8.468045039046416e-07,316800.0,316800.0,0.0,316800.0,316800.0,2534400.0,2534400.0,0.0,2534400.0,2534400.0,1.25942648339842,1.241910395994637,0.08394504072825856,1.2020911250001518,1.3391447919930215,30.0,30.0,0.0,30.0,30.0,False,False,False
final_accuracy,well_pressure,30,10,0.13691199173890362,0.13131473081563766,0.036594173103385814,0.1092852684882617,0.1536810837374235,0.2689698690988922,0.26903508666170817,0.0002724537820685143,0.2687712294597519,0.2691743822238012,0.11253610310088935,0.1068654004619564,0.03347498314372013,0.0813622518395678,0.1361476141327789,0.13074023356541337,0.13077578541764864,0.00013965690578143585,0.1306339282066306,0.1308516848593634,167.21694597468496,173.7086575265298,30.361252752398467,155.03549817520667,192.39031163719164,inf,inf,,inf,inf,0.0004077895684244208,4.012813535934713e-05,0.0007505929571210739,2.730576692611203e-05,0.0001720087669476,149728.0,149728.0,0.0,149728.0,149728.0,1197824.0,1197824.0,0.0,1197824.0,1197824.0,0.6617432206992817,0.623701541499031,0.1423143578430971,0.5486494580036378,0.6849100419931347,30.0,30.0,0.0,30.0,30.0,False,False,False
final_pareto,well_pressure,30,10,0.1343478268586811,0.11946829028927705,0.04800276774464839,0.0944567041954156,0.1545228931507431,0.2689698690988922,0.26903508666170817,0.0002724537820685143,0.2687712294597519,0.2691743822238012,0.11164780578501703,0.09911978292590165,0.04176163287260328,0.0781781432168747,0.1366535238754789,0.13074023356541337,0.13077578541764864,0.00013965690578143585,0.1306339282066306,0.1308516848593634,167.21415434759734,173.70177638032493,30.35602577828961,155.0364874767528,192.3793893564029,inf,inf,,inf,inf,0.00024285977444814293,3.3249375964007234e-05,0.000590657295068531,1.58806391195149e-05,0.0001124646014637,120704.0,120704.0,0.0,120704.0,120704.0,965632.0,965632.0,0.0,965632.0,965632.0,0.5578846539989172,0.5259898334988975,0.12132465539589683,0.5040131669957191,0.586913375002041,30.0,30.0,0.0,30.0,30.0,False,False,False
hybrid,well_pressure,30,10,0.18509042448725863,0.16403281941674006,0.06369230632310653,0.1262908275685766,0.234603648410266,0.01445740669838412,0.01238084894184675,0.008627378208326224,0.0101596014397326,0.0139605904646223,0.14426129861447815,0.13817392512869242,0.04467879613889138,0.1036960845065036,0.1899490977452819,0.00688985764522784,0.0059655536230589,0.004196597345957669,0.0048077948070715,0.0065453250062678,9.204506257617199,7.2818916823175375,6.600025896732571,6.412990693752145,8.944300122040211,10195.473046643217,9712.291329889296,1706.6036162930704,9068.672185410716,10323.43376843477,0.001245552475187323,0.0012414827706516002,0.0006566051478617397,0.0010815216165453,0.0015333295789725,188708.0,188708.0,0.0,188708.0,188708.0,1509664.0,1509664.0,0.0,1509664.0,1509664.0,0.9716671417983889,0.939834520999284,0.13759173929647145,0.8862405830004718,1.0541672090039356,30.0,30.0,0.0,30.0,30.0,False,False,False
original_basis_optimized_recovery,well_pressure,30,10,0.4428992859166486,0.437056987264839,0.05241018535796115,0.4141168836483261,0.4736469697145935,0.02882654902725725,0.01776618070909385,0.028127292673833286,0.0114318187920787,0.0237184016002335,0.28708599055716155,0.2936596894404627,0.05180275221865648,0.2535381330298785,0.3337542687083285,0.014175444155912851,0.00879015362166,0.013840166790025765,0.0056566465720148,0.0114753384568271,18.176396442265847,9.373216046405595,18.56708798406785,8.029460622421892,14.684462133853836,3516.0683085667915,3207.1709267064634,1007.3364224061805,2915.0245780778823,3521.474950132783,0.0006442107782016989,0.0006117774135322501,0.00036468581365859456,0.0004638458646552,0.0008185325864736,101860.0,101860.0,0.0,101860.0,101860.0,814880.0,814880.0,0.0,814880.0,814880.0,10.209926687399275,10.074531104499329,0.8754358776760668,9.508314083002915,10.710296749995903,30.0,30.0,0.0,30.0,30.0,False,False,False
rank_optimized_joint,well_pressure,30,10,0.11636258829199704,0.1038833517373628,0.05039298574974957,0.0905426191562832,0.1389539056227093,0.01235312084971231,0.010842434500338751,0.004825304105510752,0.0095558924548195,0.0142469039990525,0.09439635593234533,0.08002041081262545,0.046646130514334194,0.0573348562820646,0.1205519808552317,0.005815983876858951,0.0050651385376692,0.002346407063870501,0.0044083742368758,0.0066076244202702,7.683809888512009,6.766434344380052,3.60905685462583,5.8504089362865415,7.851049083449673,464936.5116296265,409630.9905490088,195536.4827406552,361513.90063793294,628803.7845420084,0.0015667205203061048,0.0018417995000033,0.0005869389350090377,0.0015143339624046,0.0018678887819878,259188.0,259188.0,0.0,259188.0,259188.0,2073504.0,2073504.0,0.0,2073504.0,2073504.0,1.1137917291998747,1.0975723335031944,0.17525642300395397,0.9818984160010586,1.2366713330047787,30.0,30.0,0.0,30.0,30.0,False,False,False
