method,regime,budget,placement,rmse_p_mean,rmse_p_median,rmse_p_sd,rmse_so_mean,rmse_so_median,rmse_so_sd,score_mean,score_median,score_sd,condition_mean,condition_median,condition_sd,online_seconds_per_snapshot_mean,online_seconds_per_snapshot_median,online_seconds_per_snapshot_sd,basis_seconds_mean,basis_seconds_median,basis_seconds_sd,basis_clustering_placement_seconds_mean,basis_clustering_placement_seconds_median,basis_clustering_placement_seconds_sd
POD-E,grid,2,cluster_constrained,1.0918011055247883,0.8135402549336792,0.565849421494517,0.01354998018704465,0.01339805645741325,0.008626340080548273,8.728237077375603,7.250227065318598,5.379703324717107,64.79941836156739,82.17267320705068,43.314607081003096,0.000322315726307554,4.4705261541110345e-07,0.0007470151456347951,1.313853704200301,1.2764763754967134,0.13878942460393157,13.38655334149953,13.366374561999692,0.5581624266571243
POD-E,grid,2,condition_joint,1.2381490571642706,1.178890210205612,0.29229437206918624,0.0036096286625862104,0.0035414304167112,0.00020993638392692801,2.8818974879635624,2.9336375178043745,0.503281687095566,5.846257508861225,5.836404075431883,0.09549582068482725,3.589686617706249e-05,4.4376691877736915e-07,7.501903549753016e-05,1.313853704200301,1.2764763754967134,0.13878942460393157,13.38655334149953,13.366374561999692,0.5581624266571243
POD-E,grid,2,qr_joint,1.2381490571642706,1.178890210205612,0.29229437206918624,0.0036096286625862104,0.0035414304167112,0.00020993638392692801,2.8818974879635624,2.9336375178043745,0.503281687095566,5.846257508861225,5.836404075431883,0.09549582068482725,3.418283232532823e-05,4.373421114379246e-07,7.116183445225186e-05,1.313853704200301,1.2764763754967134,0.13878942460393157,13.38655334149953,13.366374561999692,0.5581624266571243
POD-E,grid,2,qr_whitened,1.0574435747496813,1.030482800608441,0.2695755469296936,0.016764192112148822,0.017810595166379152,0.003940767326901853,11.104211882482307,11.274491480593127,3.6750778038087604,26.400056497873685,26.186859108937828,0.673843062278402,4.1825408282279764e-05,4.2825939131137404e-07,8.74169414181939e-05,1.313853704200301,1.2764763754967134,0.13878942460393157,13.38655334149953,13.366374561999692,0.5581624266571243
POD-E,grid,2,well_region,1.2381490571642706,1.178890210205612,0.29229437206918624,0.0036096286625862104,0.0035414304167112,0.00020993638392692801,2.8818974879635624,2.9336375178043745,0.503281687095566,5.846257508861225,5.836404075431883,0.09549582068482725,4.156566317117297e-05,4.5034214149621364e-07,8.681408421926734e-05,1.313853704200301,1.2764763754967134,0.13878942460393157,13.38655334149953,13.366374561999692,0.5581624266571243
POD-E,grid,5,cluster_constrained,0.5952080653766231,0.4182827323179586,0.42345554811295333,0.00409830645272772,0.0034610708291947,0.001980595434450034,2.6636197254112557,2.5345969373806025,0.57017972792243,250.36651939904036,257.90755513961386,23.504039986816053,0.0003734304195633473,4.669473811991065e-07,0.000786317033142197,1.313853704200301,1.2764763754967134,0.13878942460393157,13.38655334149953,13.366374561999692,0.5581624266571243
POD-E,grid,5,condition_joint,0.633318172341715,0.6046214157871594,0.17264318582220786,0.00109441635462284,0.0009044509410168001,0.00047188338132836123,0.9727654745002774,1.0978457262215848,0.23911667883215898,70.0063781509225,69.4937708983453,2.5386208130732304,0.0002115781330792244,4.4235716095978496e-07,0.0005884531162406497,1.313853704200301,1.2764763754967134,0.13878942460393157,13.38655334149953,13.366374561999692,0.5581624266571243
POD-E,grid,5,qr_joint,0.6333181723418251,0.6046214157877102,0.1726431858221893,0.001094416354623,0.0009044509410176,0.0004718833813282904,0.9727654745004661,1.0978457262225279,0.23911667883224705,70.0063781509225,69.49377089834528,2.538620813073233,0.00024339642705696265,4.642819189221452e-07,0.0006800893674013144,1.313853704200301,1.2764763754967134,0.13878942460393157,13.38655334149953,13.366374561999692,0.5581624266571243
POD-E,grid,5,qr_whitened,0.6863435574832287,0.6345306644801394,0.24451805277531913,0.01772379203916239,0.0175614479930011,0.004489786971297575,11.172153133251985,10.78857970386748,2.623802238896926,123.9687210514827,122.24150622378423,7.495163133631156,0.0004175000000045565,4.6977067157920256e-07,0.0008804406756137256,1.313853704200301,1.2764763754967134,0.13878942460393157,13.38655334149953,13.366374561999692,0.5581624266571243
POD-E,grid,5,well_region,0.6333181723418251,0.6046214157877102,0.1726431858221893,0.001094416354623,0.0009044509410176,0.0004718833813282904,0.9727654745004661,1.0978457262225279,0.23911667883224705,70.0063781509225,69.49377089834528,2.538620813073233,0.00021316770226097845,4.3812780544735997e-07,0.0005920359902267966,1.313853704200301,1.2764763754967134,0.13878942460393157,13.38655334149953,13.366374561999692,0.5581624266571243
POD-E,grid,10,cluster_constrained,0.17209060258603243,0.17121653414593735,0.03491094053983179,0.00102578851299013,0.00094105175555445,0.00034563593987998743,0.7028583417823762,0.7260057830986713,0.12714472839385782,1657023.0375474722,60046.127350262235,3373314.8888957603,5.177315740313914e-07,4.2935338350979234e-07,2.0216447070778139e-07,1.313853704200301,1.2764763754967134,0.13878942460393157,13.38655334149953,13.366374561999692,0.5581624266571243
POD-E,grid,10,condition_joint,0.40390389746751776,0.35409671696008427,0.16420869672449834,0.0011336484089830901,0.0010982481003644,0.00030546585664707136,0.9040212552907695,0.8508614894002529,0.2683827572418015,184.08074416509348,183.76234961088284,7.322353741593168,5.073308278596435e-07,4.370338406021658e-07,1.497916963958937e-07,1.313853704200301,1.2764763754967134,0.13878942460393157,13.38655334149953,13.366374561999692,0.5581624266571243
POD-E,grid,10,qr_joint,0.40390389746767213,0.35409671696008427,0.1642086967243278,0.0011336484089833,0.0010982481003644,0.00030546585664692065,0.9040212552910669,0.8508614894017438,0.2683827572417926,184.08074416509348,183.76234961088284,7.322353741593176,5.392849627406078e-07,4.7133459216789025e-07,1.4145722105564551e-07,1.313853704200301,1.2764763754967134,0.13878942460393157,13.38655334149953,13.366374561999692,0.5581624266571243
POD-E,grid,10,qr_whitened,0.43650794693804373,0.3932107440315996,0.15341528921971326,0.01187195521888736,0.01059794432722295,0.0062247956809046694,7.651602240980097,6.615647982326642,4.525876118299349,303.6409811977202,302.7464736612503,30.748160971021107,5.192669105008805e-07,4.6350374704934097e-07,1.6110056570810334e-07,1.313853704200301,1.2764763754967134,0.13878942460393157,13.38655334149953,13.366374561999692,0.5581624266571243
POD-E,grid,10,well_region,0.43235098273540107,0.3907810670075061,0.14402880298692927,0.00114446605539862,0.0010982481003644,0.0003305205469751567,0.9188430913721326,0.8345180699277008,0.26988578612955144,185.23556725817565,184.69032825691292,5.528658118211247,4.734654083263297e-07,4.495639149169613e-07,6.55965113037716e-08,1.313853704200301,1.2764763754967134,0.13878942460393157,13.38655334149953,13.366374561999692,0.5581624266571243
POD-E,grid,16,cluster_constrained,0.1433265415976895,0.12426348444571281,0.05499568109439396,0.00105640749412821,0.0009728968826492499,0.00029636006092315954,0.7081001729386693,0.6798472894494088,0.14623806572997297,57216739.691777304,32936128.923559427,49992960.36270301,4.748744385481525e-07,4.406353302082902e-07,6.680217314538178e-08,1.313853704200301,1.2764763754967134,0.13878942460393157,13.38655334149953,13.366374561999692,0.5581624266571243
POD-E,grid,16,condition_joint,0.11665740203293198,0.1035102492501631,0.03048503765710927,0.00117235474780612,0.0010938934666600499,0.0004847122029474826,0.7649299748284089,0.6661787231881207,0.27418690362550613,421.9558553088481,418.15456868409234,32.31650233715025,4.867473625949115e-07,4.475263185463006e-07,8.034895036595776e-08,1.313853704200301,1.2764763754967134,0.13878942460393157,13.38655334149953,13.366374561999692,0.5581624266571243
POD-E,grid,16,qr_joint,0.11665740203293255,0.1035102492501653,0.030485037657108874,0.00117235474780614,0.0010938934666600499,0.00048471220294745907,0.7649299748284195,0.6661787231881207,0.27418690362549697,421.9558553088481,418.1545686840923,32.31650233715026,5.676067699905821e-07,4.815187992762662e-07,1.9556808239238137e-07,1.313853704200301,1.2764763754967134,0.13878942460393157,13.38655334149953,13.366374561999692,0.5581624266571243
POD-E,grid,16,qr_whitened,0.34817941275337927,0.32173972518464006,0.0950801164035585,0.0037517210576068502,0.0038795622092501003,0.0007344979264293162,2.5295269343578237,2.6183282957879497,0.6661567230221301,552.1161373309734,540.0474096362881,56.82145610574111,4.842729352351586e-07,4.645977392477593e-07,5.507845494011135e-08,1.313853704200301,1.2764763754967134,0.13878942460393157,13.38655334149953,13.366374561999692,0.5581624266571243
POD-E,grid,16,well_region,0.2671486922347046,0.2466617213949063,0.09267825867220478,0.00127639706219467,0.0012810087261047,0.0004393654153194128,0.9187104883333219,0.7163682871905578,0.325507380067629,434.9741861633793,444.1073340422248,29.85263008795345,4.816729292235008e-07,4.425150437693679e-07,1.1996222432036786e-07,1.313853704200301,1.2764763754967134,0.13878942460393157,13.38655334149953,13.366374561999692,0.5581624266571243
POD-E,grid,20,cluster_constrained,0.12943429258143793,0.12526939736219,0.03399952332696919,0.00104419250816001,0.00094559639607055,0.00031049755249341866,0.693475779618921,0.6507678266459223,0.14628291834381785,113759346.6552058,93609536.22345795,65675826.51812841,0.00036983186014400354,4.879398592240073e-07,0.0007785467952439707,1.313853704200301,1.2764763754967134,0.13878942460393157,13.38655334149953,13.366374561999692,0.5581624266571243
POD-E,grid,20,condition_joint,0.09013906305934713,0.08440702187012974,0.031906765960652755,0.0007277717856370299,0.0006797534359513501,0.00020765639891079133,0.49001628727328317,0.4580820745786597,0.13553922676799665,708.7206778362929,731.7546857715317,58.13393946775653,0.00037066879623378084,4.960826952167948e-07,0.0007803331143525569,1.313853704200301,1.2764763754967134,0.13878942460393157,13.38655334149953,13.366374561999692,0.5581624266571243
POD-E,grid,20,qr_joint,0.09013906305933687,0.08440702187013341,0.03190676596065792,0.0007277717856370299,0.0006797534359513,0.0002076563989107882,0.49001628727326674,0.4580820745786597,0.1355392267679813,708.7206778362929,731.7546857715317,58.133939467756505,0.0003701651624075076,5.416691682259448e-07,0.0007791586280238547,1.313853704200301,1.2764763754967134,0.13878942460393157,13.38655334149953,13.366374561999692,0.5581624266571243
POD-E,grid,20,qr_whitened,0.2978038484866839,0.23331866185770989,0.12025788215145106,0.00358835240361707,0.00312910378359095,0.001678475630592842,2.3614202825010837,2.0098308828068374,1.0553721340312712,910.2483088866966,872.3103549908345,166.94921655062694,0.00036975905337808726,5.725263129951278e-07,0.0007783242123727483,1.313853704200301,1.2764763754967134,0.13878942460393157,13.38655334149953,13.366374561999692,0.5581624266571243
POD-E,grid,20,well_region,0.2306000003261751,0.20243858163200978,0.11288871367064765,0.00076772549559689,0.0007037606244281,0.0001910994180414331,0.5795984883725498,0.5456654417750317,0.12657301841353533,698.2393594386879,674.66855125016,73.50070030284043,0.0003696232766838108,5.057969739349012e-07,0.0007780827236730236,1.313853704200301,1.2764763754967134,0.13878942460393157,13.38655334149953,13.366374561999692,0.5581624266571243
POD-E,grid,30,cluster_constrained,0.09100363858922741,0.0934791831847471,0.016260985563103778,0.0010161506927919201,0.0009687038974238,0.0002697396638662989,0.663491306841903,0.6237841779761687,0.1487333802212026,2589797467.4933596,2428906643.4015737,1114208245.7378743,0.0003715865278174003,5.07676687495979e-07,0.0007821412570362591,1.313853704200301,1.2764763754967134,0.13878942460393157,13.38655334149953,13.366374561999692,0.5581624266571243
POD-E,grid,30,condition_joint,0.026640394243569183,0.02480051471914465,0.009545989656457336,0.00054077629059897,0.00055573543029105,0.0001330864770861211,0.34737824825525343,0.3447270384039163,0.09602258212918542,4019.6747886478906,3951.9436549192933,479.5960097280435,0.00038159310752507744,5.267894793130261e-07,0.0008037422879108669,1.313853704200301,1.2764763754967134,0.13878942460393157,13.38655334149953,13.366374561999692,0.5581624266571243
POD-E,grid,30,qr_joint,0.02664039424356951,0.0248005147191444,0.009545989656457664,0.00054077629059897,0.00055573543029105,0.0001330864770861211,0.34737824825525415,0.3447270384039163,0.09602258212918523,4019.6747886478915,3951.943654919297,479.596009728043,0.00037124573909681053,5.350902254686207e-07,0.0007814741151069589,1.313853704200301,1.2764763754967134,0.13878942460393157,13.38655334149953,13.366374561999692,0.5581624266571243
POD-E,grid,30,qr_whitened,0.21949018735881726,0.18936953965330955,0.10359859692565378,0.0006773742646959999,0.00071594948703275,0.00012640353005569538,0.5284757636493129,0.5710726781085862,0.15366157819576132,6192.831362360767,6346.701822803733,899.3398202241631,0.00039748809547853327,5.274135157679509e-07,0.0008392574974289751,1.313853704200301,1.2764763754967134,0.13878942460393157,13.38655334149953,13.366374561999692,0.5581624266571243
POD-E,grid,30,well_region,0.04740551002607414,0.03849899952227035,0.027786377979818668,0.00053012749913858,0.0005418297475735,0.00013400882379712033,0.34823964261502494,0.3544125307229482,0.09619618221784079,4128.152629152168,4007.720150114692,395.01959115452945,0.0003826076443570951,5.051691627350488e-07,0.000806097707588165,1.313853704200301,1.2764763754967134,0.13878942460393157,13.38655334149953,13.366374561999692,0.5581624266571243
POD-E,grid,50,cluster_constrained,0.0406133186713392,0.0451159938105705,0.015066211869615096,0.00072931217294507,0.0006741410111919,0.00021714321238451757,0.4671993230493146,0.44773484782033784,0.1406644897425405,3311363.923778871,2926074.9770671735,2432106.2179297754,0.000371929887215874,5.18642868575311e-07,0.0007830292477019696,1.313853704200301,1.2764763754967134,0.13878942460393157,13.38655334149953,13.366374561999692,0.5581624266571243
POD-E,grid,50,condition_joint,0.02725157124012676,0.02447089543246985,0.011378127014777167,0.0005101735098127201,0.00051788297940515,0.00010725338354879153,0.3325041184855014,0.3612398468758493,0.09619127714802439,7361.264523188091,7205.0131565743195,544.8964347689966,0.00036821046391591827,5.159774336515737e-07,0.000775135055341374,1.313853704200301,1.2764763754967134,0.13878942460393157,13.38655334149953,13.366374561999692,0.5581624266571243
POD-E,grid,50,qr_joint,0.02773827440968632,0.024470895432470198,0.011576549621645492,0.00051745698413398,0.00051788297940515,0.00012050139951601004,0.3381224566790107,0.361239846875849,0.10762976055957522,7398.027985495925,7270.4400389034145,564.7593095370976,0.00037362130302028625,5.560752087101144e-07,0.0007864001992908084,1.313853704200301,1.2764763754967134,0.13878942460393157,13.38655334149953,13.366374561999692,0.5581624266571243
POD-E,grid,50,qr_whitened,0.026886540374993363,0.0232740835843559,0.011058855961610086,0.0006214431388465601,0.0006150319445372501,0.00016507681096489268,0.4070975245812729,0.39993997984515295,0.14586652641286224,7347.991026226167,7120.732156945033,685.7976454459903,0.0003689833345861897,6.264060100232411e-07,0.0007765646777733141,1.313853704200301,1.2764763754967134,0.13878942460393157,13.38655334149953,13.366374561999692,0.5581624266571243
POD-E,grid,50,well_region,0.04960228105258489,0.04432136345735155,0.030640269534788742,0.00054020948614439,0.0005740956058722501,0.0001244287067949961,0.36468213717371906,0.410341022119613,0.11350136956625097,8937.561045105762,8967.865309715336,1249.1524735265948,0.0003707415097689769,5.344586395238407e-07,0.0007803205613094843,1.313853704200301,1.2764763754967134,0.13878942460393157,13.38655334149953,13.366374561999692,0.5581624266571243
POD-E,grid,75,cluster_constrained,0.02163733170242222,0.02035498331480335,0.008360002608965616,0.00060556763896671,0.00061513199804265,0.00016493194357544526,0.3859555613197997,0.40471100659350073,0.11945828852907148,86015.46213089164,87315.11073799625,42038.7146139095,5.950503691565246e-07,5.582669404986546e-07,8.717269528797033e-08,1.313853704200301,1.2764763754967134,0.13878942460393157,13.38655334149953,13.366374561999692,0.5581624266571243
POD-E,grid,75,condition_joint,0.02779620315682957,0.024657129643287548,0.010949137033197002,0.00052896031441479,0.00051083888241655,0.000150825435629299,0.3489336085193958,0.3359500321333717,0.1364960604776717,7139.6449655573615,7057.081911821056,580.4383694311548,6.087413525972095e-07,5.678270564456575e-07,9.230176022071731e-08,1.313853704200301,1.2764763754967134,0.13878942460393157,13.38655334149953,13.366374561999692,0.5581624266571243
POD-E,grid,75,qr_joint,0.02939787163139127,0.02465712964328785,0.01434816596122156,0.00052831072010114,0.00051083888241655,0.00015137748330633778,0.34985557775366083,0.3359500321333727,0.13808191159122213,7207.375527049958,7113.890230226559,542.4591823597607,6.49969176874195e-07,5.852142974727304e-07,1.253788823675098e-07,1.313853704200301,1.2764763754967134,0.13878942460393157,13.38655334149953,13.366374561999692,0.5581624266571243
POD-E,grid,75,qr_whitened,0.029359668468850707,0.025293283740901347,0.01436676178195748,0.00056499749660143,0.00053864912449345,0.0001599672158548635,0.37318616321190684,0.3705636215119581,0.14547013688257127,7108.647664995986,7031.43364491236,548.9488859422021,6.264406118517448e-07,6.210827170188462e-07,1.0899327530197455e-07,1.313853704200301,1.2764763754967134,0.13878942460393157,13.38655334149953,13.366374561999692,0.5581624266571243
POD-E,grid,75,well_region,0.049389924485150546,0.04217900941805995,0.02784061152976641,0.0005258475090315,0.00050936572049245,0.0001435059894144987,0.35751361448410474,0.36144869571312754,0.1319651147212181,8640.801044962263,8549.09242322675,1166.2259923151275,6.461797049706732e-07,5.612518610800372e-07,1.7295230000183523e-07,1.313853704200301,1.2764763754967134,0.13878942460393157,13.38655334149953,13.366374561999692,0.5581624266571243
POD-E,grid,100,cluster_constrained,0.01893921859047152,0.01802200019800245,0.004980076066622934,0.0005203919098287701,0.0005302247038224,0.00012328934873005227,0.33717096942507124,0.35267537888021006,0.11180903608393226,5909.748736804501,5845.641032424498,381.8045467313791,6.50626310730297e-07,5.836466021391151e-07,1.6754973999631437e-07,1.313853704200301,1.2764763754967134,0.13878942460393157,13.38655334149953,13.366374561999692,0.5581624266571243
POD-E,grid,100,condition_joint,0.02722980668797522,0.024628394973268547,0.010136564026752679,0.00052692269740673,0.00049809419835735,0.00012946392571807822,0.3465139356023873,0.32863146733697535,0.11877345997906336,7217.42600870225,7127.3691119542555,321.3428843936174,6.649751829760695e-07,6.206127886285767e-07,1.353343435807544e-07,1.313853704200301,1.2764763754967134,0.13878942460393157,13.38655334149953,13.366374561999692,0.5581624266571243
POD-E,grid,100,qr_joint,0.02722980668797604,0.02462839497326875,0.010136564026753163,0.0005269226974067501,0.00049809419835735,0.0001294639257180762,0.3465139356024013,0.32863146733697685,0.11877345997907329,7217.42600870225,7127.369111954258,321.34288439361484,6.733390986674318e-07,6.450488734500189e-07,9.009700708144394e-08,1.313853704200301,1.2764763754967134,0.13878942460393157,13.38655334149953,13.366374561999692,0.5581624266571243
POD-E,grid,100,qr_whitened,0.02732372448986093,0.0245400959622187,0.01009093067478515,0.00055278775259924,0.0005454161937919,0.00013596985677624815,0.36298465575010064,0.3752321426185645,0.1239642958630187,7145.3063851931,7040.316603625493,332.5538860525124,6.34430078316928e-07,6.235902144265522e-07,7.080315269064395e-08,1.313853704200301,1.2764763754967134,0.13878942460393157,13.38655334149953,13.366374561999692,0.5581624266571243
POD-E,grid,100,well_region,0.05306559791366468,0.048351569816002346,0.028824511768920594,0.0005011070737863199,0.0004966162775118,0.00011040703937209735,0.3428195070740495,0.34854115660336327,0.11004916200597052,8738.066226491737,8589.529014593356,1202.630632821427,6.472751906551281e-07,6.463045232029478e-07,6.375358386475159e-08,1.313853704200301,1.2764763754967134,0.13878942460393157,13.38655334149953,13.366374561999692,0.5581624266571243
POD-E,grid,150,cluster_constrained,0.01908853378503334,0.01831726838296935,0.005405028386546719,0.0005030164831840501,0.00050415912745745,0.00010100824901535675,0.3262478103921829,0.32861457943386785,0.10020883910139286,6231.589109581195,6174.594851712658,251.05940534672155,6.982157946935386e-07,6.91105247496214e-07,5.103147067245833e-08,1.313853704200301,1.2764763754967134,0.13878942460393157,13.38655334149953,13.366374561999692,0.5581624266571243
POD-E,grid,150,condition_joint,0.02473298134076697,0.022601757807648303,0.008508482913014535,0.00050344720323234,0.0005147818406832,0.00010965767004429043,0.33099921090843243,0.3374781884825552,0.10916447309829402,7427.323772049906,7344.836264102993,474.91920046873713,7.541984951218128e-07,6.903233008784822e-07,2.2043471755497274e-07,1.313853704200301,1.2764763754967134,0.13878942460393157,13.38655334149953,13.366374561999692,0.5581624266571243
POD-E,grid,150,qr_joint,0.02473298134076789,0.022601757807648552,0.008508482913015182,0.00050344720323235,0.0005147818406832,0.00010965767004428168,0.3309992109084361,0.3374781884825653,0.10916447309830207,7427.323772049906,7344.8362641029935,474.91920046874014,6.959263188939514e-07,6.809172929961346e-07,5.5061918952187284e-08,1.313853704200301,1.2764763754967134,0.13878942460393157,13.38655334149953,13.366374561999692,0.5581624266571243
POD-E,grid,150,qr_whitened,0.02470371876236898,0.0226186993356388,0.008495692474136774,0.0005174407355948201,0.0005223363354475499,0.00011241848635582411,0.3396080102059972,0.34512450847472564,0.11162053462045299,7427.462946337968,7379.753583290949,460.56482647990674,7.064218166340282e-07,6.687030116537292e-07,9.362785259143e-08,1.313853704200301,1.2764763754967134,0.13878942460393157,13.38655334149953,13.366374561999692,0.5581624266571243
POD-E,grid,150,well_region,0.04926954979851527,0.0404201770677579,0.027710987101837888,0.00048555820829178,0.00047120052139155,0.00010335860384019702,0.3317451506780995,0.3469662582327166,0.10545579607488224,9103.255418118564,9043.265291031144,1277.4513904257426,6.984646652678126e-07,6.694849582714609e-07,7.015537487213245e-08,1.313853704200301,1.2764763754967134,0.13878942460393157,13.38655334149953,13.366374561999692,0.5581624266571243
POD-E,grid,200,cluster_constrained,0.02004390747342377,0.0190403181229079,0.005310970607322467,0.00048565425818373,0.00049785400465,0.00010730626025645311,0.3166831302349558,0.3219328575972986,0.10389124752988227,6776.321677008107,6782.9406163931635,232.98507078859942,0.00038242381053171863,8.344323397526532e-07,0.0006150426195086929,1.313853704200301,1.2764763754967134,0.13878942460393157,13.38655334149953,13.366374561999692,0.5581624266571243
POD-E,grid,200,condition_joint,0.02418051472402661,0.0237685542422105,0.007187560672725772,0.00046962687247422005,0.00047083022417330003,9.456006943271617e-05,0.30846708891179253,0.31131498094574683,0.0960949706451387,7512.608368519906,7431.066063511712,376.07014187258335,0.00046377305790020753,8.021616624209582e-07,0.0007463299566881675,1.313853704200301,1.2764763754967134,0.13878942460393157,13.38655334149953,13.366374561999692,0.5581624266571243
POD-E,grid,200,qr_joint,0.02418051472402807,0.02376855424221045,0.007187560672727493,0.00046962687247422005,0.00047083022417330003,9.456006943271617e-05,0.30846708891179586,0.31131498094575555,0.09609497064514012,7512.608368519909,7431.066063511716,376.0701418725827,0.0004645317669146238,9.146315825549899e-07,0.0007477394628658851,1.313853704200301,1.2764763754967134,0.13878942460393157,13.38655334149953,13.366374561999692,0.5581624266571243
POD-E,grid,200,qr_whitened,0.0241090603384507,0.023456598719094952,0.00721023962227485,0.00048103998074496,0.00047647613587044997,0.00010504227093660918,0.3162056954638884,0.31837423605652904,0.10422481398836336,7467.734213897958,7410.399562778318,393.25476794546216,0.00045935823909802235,8.338007811610971e-07,0.0007395433500343008,1.313853704200301,1.2764763754967134,0.13878942460393157,13.38655334149953,13.366374561999692,0.5581624266571243
POD-E,grid,200,well_region,0.04645100097833331,0.033270635440321,0.02774674342657982,0.00046245916127963,0.00045727399186125004,0.00010608634494611316,0.3154077819391412,0.32914375905755733,0.10355895407092153,9422.644372571345,9201.617782332134,1251.0902327632969,0.0005608342729254441,8.754699168852846e-07,0.0009018051726854192,1.313853704200301,1.2764763754967134,0.13878942460393157,13.38655334149953,13.366374561999692,0.5581624266571243
POD-E,grid,300,cluster_constrained,0.022275722526881307,0.02156360404363995,0.006426921627440481,0.00044331627474433,0.00045734589637045004,9.298687254780198e-05,0.29019665669610484,0.3012888415415353,0.09093988200211255,7708.204206565153,7636.981123740139,416.98778003371837,0.0003308234345773886,9.98748107935841e-07,0.0005318086525518121,1.313853704200301,1.2764763754967134,0.13878942460393157,13.38655334149953,13.366374561999692,0.5581624266571243
POD-E,grid,300,condition_joint,0.02227572252687378,0.021563604043628302,0.006426921627431434,0.00044331627474432004,0.00045734589637034997,9.29868725477551e-05,0.2901966566961025,0.3012888415414958,0.09093988200209097,7708.204206565152,7636.981123740138,416.98778003371916,0.00033122456089974204,9.428270671453636e-07,0.0005324705437777468,1.313853704200301,1.2764763754967134,0.13878942460393157,13.38655334149953,13.366374561999692,0.5581624266571243
POD-E,grid,300,qr_joint,0.02227572252687347,0.02156360404362835,0.0064269216274299495,0.00044331627474432004,0.00045734589637034997,9.29868725477551e-05,0.2901966566961051,0.3012888415414954,0.09093988200209135,7708.204206565155,7636.9811237401345,416.98778003371496,0.0003319016909802202,9.671052691572228e-07,0.0005335223421639593,1.313853704200301,1.2764763754967134,0.13878942460393157,13.38655334149953,13.366374561999692,0.5581624266571243
POD-E,grid,300,qr_whitened,0.02230648686448424,0.0215405941294479,0.006438345813485589,0.00044647276879888,0.0004577789687093,9.405294340529755e-05,0.2924788103383579,0.30281941775221566,0.09235760928916778,7699.728228150209,7643.276977779671,417.56395310725367,0.00033150842706859517,9.127481216022086e-07,0.0005328268322339139,1.313853704200301,1.2764763754967134,0.13878942460393157,13.38655334149953,13.366374561999692,0.5581624266571243
POD-E,grid,300,well_region,0.04506657387981274,0.033415457055418096,0.027186691038797405,0.00043695653265654003,0.00043761004630655,0.00010165316546704924,0.29808986421575223,0.3179515806501534,0.09764109594488922,9980.78127249172,9899.041415650245,1278.9057345110505,0.0005361557947239611,9.702368303730776e-07,0.0008632953734812502,1.313853704200301,1.2764763754967134,0.13878942460393157,13.38655334149953,13.366374561999692,0.5581624266571243
POD-E,well_joint,1,condition_joint,1.2000812021169156,1.1474962991815598,0.22963619370097582,0.00353800620413057,0.0034992319311590997,0.00021144450717504703,2.821862360527489,2.8156161972635765,0.5100237299197955,5.85915682738875,5.847559286667195,0.09541335502527663,5.16163906051e-07,4.998421223389504e-07,7.771147144606383e-08,1.313853704200301,1.2764763754967134,0.13878942460393157,13.38655334149953,13.366374561999692,0.5581624266571243
POD-E,well_joint,1,condition_pressure,1.2101529829479045,1.00816619196919,0.47842861368320044,0.01755952535437657,0.0159537446531725,0.005091369497722782,11.33409139993792,10.500820288603522,3.0811635793466965,inf,inf,,4.896631561083145e-07,4.4454889274832507e-07,1.0721778279789255e-07,1.313853704200301,1.2764763754967134,0.13878942460393157,13.38655334149953,13.366374561999692,0.5581624266571243
POD-E,well_joint,1,configured,1.1860539852680207,0.988532184751223,0.4786138986783568,0.01757730970810692,0.015913579259246552,0.005144359115222335,11.368975299875425,10.570754097690259,3.219948653327288,inf,inf,,8.747488749563637e-07,8.331766899997241e-07,1.8858634156361065e-07,1.313853704200301,1.2764763754967134,0.13878942460393157,13.38655334149953,13.366374561999692,0.5581624266571243
POD-E,well_joint,1,dg_joint,1.2000812021169156,1.1474962991815598,0.22963619370097582,0.00353800620413057,0.0034992319311590997,0.00021144450717504703,2.821862360527489,2.8156161972635765,0.5100237299197955,5.85915682738875,5.847559286667195,0.09541335502527663,6.087721687394958e-07,5.405714012825988e-07,1.4707586436735527e-07,1.313853704200301,1.2764763754967134,0.13878942460393157,13.38655334149953,13.366374561999692,0.5581624266571243
POD-E,well_joint,1,dg_pressure,1.2101529829479045,1.00816619196919,0.47842861368320044,0.01755952535437657,0.0159537446531725,0.005091369497722782,11.33409139993792,10.500820288603522,3.0811635793466965,inf,inf,,5.145984974469206e-07,4.606804566692449e-07,1.0145212003760629e-07,1.313853704200301,1.2764763754967134,0.13878942460393157,13.38655334149953,13.366374561999692,0.5581624266571243
POD-E,well_joint,2,condition_joint,0.6792568069861498,0.5827673680777079,0.2794148316349865,0.00117976109704123,0.00103818617099135,0.0004704489937437697,1.0713745853330179,0.9581901489677467,0.386116574603958,60.17556365019609,59.97248691644193,1.40841755901503,4.566729303337354e-07,4.589586532709742e-07,5.511710901312821e-08,1.313853704200301,1.2764763754967134,0.13878942460393157,13.38655334149953,13.366374561999692,0.5581624266571243
POD-E,well_joint,2,condition_pressure,0.45158545528438043,0.4026903764889299,0.24854113252191753,0.00328290003346682,0.00329329403304825,0.0002673429119162583,2.281651346338175,2.294911056117079,0.3946339423338571,inf,inf,,4.730556406171754e-07,4.481503823544494e-07,9.342821040033576e-08,1.313853704200301,1.2764763754967134,0.13878942460393157,13.38655334149953,13.366374561999692,0.5581624266571243
POD-E,well_joint,2,configured,0.9484880325888895,0.841738536566163,0.25957234563130777,0.00376438577823541,0.0035813601561331997,0.0005225827291485922,2.807834467362575,2.8418004413966864,0.4464552903746661,inf,inf,,5.546368394201076e-07,4.835526209019992e-07,1.2786428402263286e-07,1.313853704200301,1.2764763754967134,0.13878942460393157,13.38655334149953,13.366374561999692,0.5581624266571243
POD-E,well_joint,2,dg_joint,0.6792568069861498,0.5827673680777079,0.2794148316349865,0.00117976109704123,0.00103818617099135,0.0004704489937437697,1.0713745853330179,0.9581901489677467,0.386116574603958,60.17556365019609,59.97248691644193,1.40841755901503,4.705203030979667e-07,4.447030281662045e-07,7.496567556580032e-08,1.313853704200301,1.2764763754967134,0.13878942460393157,13.38655334149953,13.366374561999692,0.5581624266571243
POD-E,well_joint,2,dg_pressure,0.45158545528438043,0.4026903764889299,0.24854113252191753,0.00328290003346682,0.00329329403304825,0.0002673429119162583,2.281651346338175,2.294911056117079,0.3946339423338571,inf,inf,,4.640345801284215e-07,4.3139095252722895e-07,7.389427428587947e-08,1.313853704200301,1.2764763754967134,0.13878942460393157,13.38655334149953,13.366374561999692,0.5581624266571243
POD-E,well_joint,3,condition_joint,0.41962455910381297,0.392052829786813,0.0938834959035416,0.0008745140997424801,0.00084760663469265,0.00018275064096918278,0.7463548012775036,0.7180085411590692,0.14356492239391289,372.1745298428983,381.0716639265164,54.1617097261781,4.956127887091046e-07,4.3123309707087007e-07,1.1929075025212274e-07,1.313853704200301,1.2764763754967134,0.13878942460393157,13.38655334149953,13.366374561999692,0.5581624266571243
POD-E,well_joint,3,condition_pressure,0.31582763742055553,0.2799444211925154,0.14271023363737537,0.0013438660514869202,0.00130736034913305,0.0002795053534282227,0.9815138268881505,0.988310441699901,0.2058437655329103,1.1067732748549526e+19,4.2998595820319314e+18,1.4855761913781068e+19,4.719939799296592e-07,4.5833458946282534e-07,7.753174827396653e-08,1.313853704200301,1.2764763754967134,0.13878942460393157,13.38655334149953,13.366374561999692,0.5581624266571243
POD-E,well_joint,3,configured,0.9360089162926268,0.8938769100644394,0.33106708117556227,0.00362794580654057,0.00351849836887765,0.0007108005147133239,2.6942040278922734,2.594569650716568,0.43177261146735324,inf,inf,,4.814541417251068e-07,4.31075186908063e-07,9.477958749290266e-08,1.313853704200301,1.2764763754967134,0.13878942460393157,13.38655334149953,13.366374561999692,0.5581624266571243
POD-E,well_joint,3,dg_joint,0.41962455910381297,0.392052829786813,0.0938834959035416,0.0008745140997424801,0.00084760663469265,0.00018275064096918278,0.7463548012775036,0.7180085411590692,0.14356492239391289,372.1745298428983,381.0716639265164,54.1617097261781,4.805458669771294e-07,4.5410523395040035e-07,7.212984393231809e-08,1.313853704200301,1.2764763754967134,0.13878942460393157,13.38655334149953,13.366374561999692,0.5581624266571243
POD-E,well_joint,3,dg_pressure,0.31582763742055553,0.2799444211925154,0.14271023363737537,0.0013438660514869202,0.00130736034913305,0.0002795053534282227,0.9815138268881505,0.988310441699901,0.2058437655329103,1.1067732748549526e+19,4.2998595820319314e+18,1.4855761913781068e+19,4.79636848221456e-07,4.431353328325891e-07,9.785440322237921e-08,1.313853704200301,1.2764763754967134,0.13878942460393157,13.38655334149953,13.366374561999692,0.5581624266571243
POD-E,well_joint,4,condition_joint,0.4362733969038318,0.45031629154575764,0.14993968231060664,0.0008259191201311101,0.00085164240012635,0.00024670754337892105,0.7316753978456214,0.7471657729410139,0.22046465614260594,578.5473354592169,573.3225076030074,92.28703080677805,4.765669247608184e-07,4.4157521434205315e-07,6.393439079270431e-08,1.313853704200301,1.2764763754967134,0.13878942460393157,13.38655334149953,13.366374561999692,0.5581624266571243
POD-E,well_joint,4,condition_pressure,0.2962395228606494,0.24976204695182475,0.16147578134542445,0.0013301636968362398,0.0013890737977611,0.0003230077928366059,0.9664566630117022,0.9862867890294443,0.2421407455411142,2.3862880900900704e+19,2.664343811929251e+19,1.3323714988027142e+19,4.633451202320621e-07,4.415714395971255e-07,5.373916440025064e-08,1.313853704200301,1.2764763754967134,0.13878942460393157,13.38655334149953,13.366374561999692,0.5581624266571243
POD-E,well_joint,4,configured,0.38842183146679343,0.3625416504193279,0.11528919174423996,0.0023704682681918,0.0020449912722674,0.0011458158452353339,1.6436196381199615,1.3552515289390206,0.671151622445044,inf,inf,,5.054819523234312e-07,4.783797159237801e-07,9.696908345559635e-08,1.313853704200301,1.2764763754967134,0.13878942460393157,13.38655334149953,13.366374561999692,0.5581624266571243
POD-E,well_joint,4,dg_joint,0.4362733969038318,0.45031629154575764,0.14993968231060664,0.0008259191201311101,0.00085164240012635,0.00024670754337892105,0.7316753978456214,0.7471657729410139,0.22046465614260594,578.5473354592169,573.3225076030074,92.28703080677805,4.920428647236072e-07,4.6538346061041875e-07,7.60618352367264e-08,1.313853704200301,1.2764763754967134,0.13878942460393157,13.38655334149953,13.366374561999692,0.5581624266571243
POD-E,well_joint,4,dg_pressure,0.2962395228606494,0.24976204695182475,0.16147578134542445,0.0013301636968362398,0.0013890737977611,0.0003230077928366059,0.9664566630117022,0.9862867890294443,0.2421407455411142,2.3862880900900704e+19,2.664343811929251e+19,1.3323714988027142e+19,4.708962403395374e-07,4.3969547342775126e-07,7.832524695440549e-08,1.313853704200301,1.2764763754967134,0.13878942460393157,13.38655334149953,13.366374561999692,0.5581624266571243
POD-E,well_joint,5,condition_joint,0.40620841201959185,0.42955815284926435,0.1025925920282504,0.00072679542814674,0.0007480214104313499,0.0001293977149993302,0.6691788655652082,0.6054239846946572,0.1958935895229901,810.9784333858058,780.4817322433544,81.68412794586786,4.820804649095674e-07,4.5128197092352844e-07,9.36335790082449e-08,1.313853704200301,1.2764763754967134,0.13878942460393157,13.38655334149953,13.366374561999692,0.5581624266571243
POD-E,well_joint,5,condition_pressure,0.2600048625510275,0.24029470458128388,0.07808577720055,0.00102251822011658,0.0009319894925084,0.0003810567076675643,0.7499516284511631,0.8123292725576381,0.20841060893994517,8.016186535454225e+18,6.307402049210059e+18,5.780810043632897e+18,4.783202992503609e-07,4.384398236748223e-07,8.369206095361265e-08,1.313853704200301,1.2764763754967134,0.13878942460393157,13.38655334149953,13.366374561999692,0.5581624266571243
POD-E,well_joint,5,configured,0.39222020272067853,0.36681224310071625,0.10594600181636617,0.0017560803269377802,0.0017103709309104,0.0004742139337770391,1.2835197716843154,1.2640895811205923,0.3143893838827787,1.9705811471860908e+34,7.743258381833047e+32,4.6186384643489245e+34,5.358706895416057e-07,4.5206769228618786e-07,1.3598551450313984e-07,1.313853704200301,1.2764763754967134,0.13878942460393157,13.38655334149953,13.366374561999692,0.5581624266571243
POD-E,well_joint,5,dg_joint,0.40620841201959185,0.42955815284926435,0.1025925920282504,0.00072679542814674,0.0007480214104313499,0.0001293977149993302,0.6691788655652082,0.6054239846946572,0.1958935895229901,810.9784333858058,780.4817322433544,81.68412794586786,5.194240602440572e-07,4.746240908997763e-07,9.673549482886183e-08,1.313853704200301,1.2764763754967134,0.13878942460393157,13.38655334149953,13.366374561999692,0.5581624266571243
POD-E,well_joint,5,dg_pressure,0.2600048625510275,0.24029470458128388,0.07808577720055,0.00102251822011658,0.0009319894925084,0.0003810567076675643,0.7499516284511631,0.8123292725576381,0.20841060893994517,8.016186535454225e+18,6.307402049210059e+18,5.780810043632897e+18,4.976188085178488e-07,4.6162408819471147e-07,9.84644384601341e-08,1.313853704200301,1.2764763754967134,0.13878942460393157,13.38655334149953,13.366374561999692,0.5581624266571243
POD-E,well_joint,6,condition_joint,0.3093404418017304,0.294946178116391,0.07257811046207266,0.00075495895767695,0.0007855763722301,9.200651440145673e-05,0.634217353620232,0.6045187760601345,0.1529222046351033,1057.6486256011308,1028.5613702719593,95.893595659606,5.030390960549502e-07,4.619360790689497e-07,1.0258388310574676e-07,1.313853704200301,1.2764763754967134,0.13878942460393157,13.38655334149953,13.366374561999692,0.5581624266571243
POD-E,well_joint,6,condition_pressure,0.23468792631762597,0.22923004110159007,0.06446123126859543,0.0008803421503636499,0.0008628822139845999,0.0002468404851370808,0.6573230443247732,0.6511603375986876,0.14282361903570662,3.973867095789695e+19,4.954988448291265e+18,8.69377312855195e+19,4.82298497458976e-07,4.4157141224390133e-07,8.681678755748128e-08,1.313853704200301,1.2764763754967134,0.13878942460393157,13.38655334149953,13.366374561999692,0.5581624266571243
POD-E,well_joint,6,configured,0.31300066939261784,0.29949607444470927,0.09801468628296284,0.00099701132473315,0.000965402177337,0.00033981304342056896,0.7742227750354673,0.8296073769578284,0.23694942739292976,2.4912055283835606e+21,6.025476974077765e+20,3.918808679554187e+21,5.800112820654072e-07,4.879360844790796e-07,1.94370304992359e-07,1.313853704200301,1.2764763754967134,0.13878942460393157,13.38655334149953,13.366374561999692,0.5581624266571243
POD-E,well_joint,6,dg_joint,0.3093404418017304,0.294946178116391,0.07257811046207266,0.00075495895767695,0.0007855763722301,9.200651440145673e-05,0.634217353620232,0.6045187760601345,0.1529222046351033,1057.6486256011308,1028.5613702719593,95.893595659606,5.218353454212666e-07,4.57706778262973e-07,1.1367516135003505e-07,1.313853704200301,1.2764763754967134,0.13878942460393157,13.38655334149953,13.366374561999692,0.5581624266571243
POD-E,well_joint,6,dg_pressure,0.23468792631762597,0.22923004110159007,0.06446123126859543,0.0008803421503636499,0.0008628822139845999,0.0002468404851370808,0.6573230443247732,0.6511603375986876,0.14282361903570662,3.973867095789695e+19,4.954988448291265e+18,8.69377312855195e+19,5.026007496972421e-07,4.603721858334861e-07,1.0382289965573833e-07,1.313853704200301,1.2764763754967134,0.13878942460393157,13.38655334149953,13.366374561999692,0.5581624266571243
POD-E,well_joint,7,condition_joint,0.30952206948976285,0.29492539831190867,0.05571287369559977,0.00072095087189955,0.0007313042809533,9.871179042640587e-05,0.6149991312146941,0.5675758973709513,0.16574318563043763,1438.723567759796,1375.785118459348,203.37639332832563,4.783526362319077e-07,4.4690225473815166e-07,8.110032107218784e-08,1.313853704200301,1.2764763754967134,0.13878942460393157,13.38655334149953,13.366374561999692,0.5581624266571243
POD-E,well_joint,7,condition_pressure,0.2341109631034322,0.2225487671535056,0.06293686707305653,0.00088053330136638,0.0008876932586423,0.00023246799109882932,0.6584333941093206,0.6611297505377219,0.14534833198454183,7.631699738026908e+19,9.697586708506485e+18,1.4409641716891563e+20,4.930458691573345e-07,4.515977365426943e-07,9.446041112020656e-08,1.313853704200301,1.2764763754967134,0.13878942460393157,13.38655334149953,13.366374561999692,0.5581624266571243
POD-E,well_joint,7,configured,0.24525420352255253,0.22805288525128495,0.060487726285917545,0.00086130057409598,0.00083439227125735,0.00023763029128961026,0.6502558307795703,0.6933054836648573,0.14851595651512112,1.8874557016022524e+21,1.0504756727763782e+21,1.6395996421387846e+21,5.086157838568875e-07,4.890338240692013e-07,7.775184755722773e-08,1.313853704200301,1.2764763754967134,0.13878942460393157,13.38655334149953,13.366374561999692,0.5581624266571243
POD-E,well_joint,7,dg_joint,0.30952206948976285,0.29492539831190867,0.05571287369559977,0.00072095087189955,0.0007313042809533,9.871179042640587e-05,0.6149991312146941,0.5675758973709513,0.16574318563043763,1438.723567759796,1375.785118459348,203.37639332832563,5.435481213673922e-07,4.4408271174975913e-07,1.5894909426441637e-07,1.313853704200301,1.2764763754967134,0.13878942460393157,13.38655334149953,13.366374561999692,0.5581624266571243
POD-E,well_joint,7,dg_pressure,0.23277479162852183,0.22193605551318316,0.06339552442176867,0.00088512378763715,0.0009106456899961499,0.00023250777755248135,0.6604407925375823,0.6611297505377219,0.1480375596344972,7.776047611725819e+19,1.1347607216802095e+19,1.4337865252246466e+20,4.7280751952124217e-07,4.4721052557391055e-07,7.724285860459442e-08,1.313853704200301,1.2764763754967134,0.13878942460393157,13.38655334149953,13.366374561999692,0.5581624266571243
POD-E,well_joint,8,condition_joint,0.30988152820551257,0.2865832574342012,0.05198430569901121,0.00068987118626797,0.00065391558363045,0.00019301195391740626,0.5865241570670877,0.5287258692139803,0.1634193464808652,2528.8659085816043,2169.0759023810624,625.5552438866363,4.6632330097902314e-07,4.5018797872511013e-07,3.678941910650849e-08,1.313853704200301,1.2764763754967134,0.13878942460393157,13.38655334149953,13.366374561999692,0.5581624266571243
POD-E,well_joint,8,condition_pressure,0.22031539756677304,0.21663025576661143,0.0371713746898672,0.00092408363626659,0.00089339598800065,0.00025000489962395586,0.6797659151585382,0.6302974964390056,0.18051940736634806,1.7059060337855404e+19,1.1010308572625764e+19,1.7041672482976979e+19,4.912902352914802e-07,4.5801882384365947e-07,7.963103442979795e-08,1.313853704200301,1.2764763754967134,0.13878942460393157,13.38655334149953,13.366374561999692,0.5581624266571243
POD-E,well_joint,8,configured,0.22804824280099645,0.23289191768486572,0.03389054063625709,0.00067620946067122,0.0006277855725266,0.0002516914702154169,0.519355127087952,0.5316928807138533,0.11234358743163446,1.0400786067735873e+21,2.780470501060443e+20,2.153276756933781e+21,5.014729215605955e-07,4.832368279296093e-07,6.064821590221603e-08,1.313853704200301,1.2764763754967134,0.13878942460393157,13.38655334149953,13.366374561999692,0.5581624266571243
POD-E,well_joint,8,dg_joint,0.30768724845122813,0.3015451654377177,0.05768054335514598,0.00072246099300343,0.00065391558363045,0.00020755563599342513,0.6104572507995153,0.5287258692139803,0.19850741309014105,3056.0910111552403,2886.441973135205,1145.6625431044997,5.023827116771888e-07,4.873157954158583e-07,5.2427254528476527e-08,1.313853704200301,1.2764763754967134,0.13878942460393157,13.38655334149953,13.366374561999692,0.5581624266571243
POD-E,well_joint,8,dg_pressure,0.22031539756561314,0.21663025576661143,0.037171374690758915,0.00092408363626862,0.0008933959880108,0.00025000489962398204,0.6797659151588797,0.6302974964390056,0.1805194073667021,1.218202710591894e+19,1.0704892739770247e+19,1.0464401410899522e+19,5.197368388911499e-07,4.710225739404279e-07,8.722587536005597e-08,1.313853704200301,1.2764763754967134,0.13878942460393157,13.38655334149953,13.366374561999692,0.5581624266571243
POD-E,well_joint,9,condition_joint,0.31789518443173725,0.29481398908479856,0.05930416827971031,0.0006974945270175499,0.00071490984656295,0.00018205520432184745,0.6035401189111941,0.5526095173608856,0.18554533814374422,3973.2169680005527,3887.2535911120067,429.1523927359852,5.046691731514788e-07,4.6397745018453806e-07,7.840413812728902e-08,1.313853704200301,1.2764763754967134,0.13878942460393157,13.38655334149953,13.366374561999692,0.5581624266571243
POD-E,well_joint,9,condition_pressure,0.23669951187425795,0.2302823035800901,0.048833828486381424,0.0009046415288528099,0.0008513461610964,0.0002667681719671801,0.6807572072867775,0.5972193606242595,0.21640728932393508,3.4061567436707466e+18,3.376638469537087e+18,1.4443564552747126e+18,5.044172937225522e-07,4.716503851402803e-07,7.980318245945528e-08,1.313853704200301,1.2764763754967134,0.13878942460393157,13.38655334149953,13.366374561999692,0.5581624266571243
POD-E,well_joint,9,configured,0.24805472430360842,0.23241148790801444,0.0503166393562631,0.00068222700492199,0.0006510507114722999,0.0002320430484128835,0.5351356712274761,0.563833034832635,0.1130931226508197,1.7499813617462307e+19,1.724469161846461e+19,3.5427663564336527e+18,5.104323278821976e-07,4.863721638903918e-07,6.655292728796071e-08,1.313853704200301,1.2764763754967134,0.13878942460393157,13.38655334149953,13.366374561999692,0.5581624266571243
POD-E,well_joint,9,dg_joint,0.3539280012358952,0.3113684785035147,0.1245476204447284,0.0007135217831175801,0.000694202658755,0.00019910443555203923,0.6384546425586393,0.5526095173608856,0.2348808037062438,5187.222201021451,5666.790331001515,1291.796952472744,5.144751836419722e-07,4.624097822041468e-07,1.0782731748958286e-07,1.313853704200301,1.2764763754967134,0.13878942460393157,13.38655334149953,13.366374561999692,0.5581624266571243
POD-E,well_joint,9,dg_pressure,0.22653031757007094,0.2209422379360379,0.04937912826478668,0.0009081003023889801,0.00086864002875815,0.00026633960897247313,0.6786991655414882,0.5887830680163938,0.21729266894350877,2.9216160670258985e+18,2.884650527504524e+18,7.45219885810182e+17,5.333014942015892e-07,4.862142810808089e-07,1.1324931282211142e-07,1.313853704200301,1.2764763754967134,0.13878942460393157,13.38655334149953,13.366374561999692,0.5581624266571243
POD-E,well_joint,10,condition_joint,0.34973909317623486,0.33040380643147804,0.07770015848634995,0.00068584933319907,0.00068590401722605,0.00016915095309032898,0.6155612019827662,0.5638468342544205,0.1791386171576356,5663.727092160204,5450.111288643392,1082.602683966186,5.163225547508582e-07,4.566127860645546e-07,1.1526406118634471e-07,1.313853704200301,1.2764763754967134,0.13878942460393157,13.38655334149953,13.366374561999692,0.5581624266571243
POD-E,well_joint,10,condition_pressure,0.22627044008545855,0.2230069393115043,0.054404912790168555,0.00080022606695427,0.0008053799477023,0.00022259884934236766,0.6133837077904956,0.5411008781037527,0.2015388773280309,4.5126810106030095e+18,3.9358670268607524e+18,2.623105445900571e+18,5.245300811186742e-07,4.721127913939185e-07,1.1696517739245826e-07,1.313853704200301,1.2764763754967134,0.13878942460393157,13.38655334149953,13.366374561999692,0.5581624266571243
POD-E,well_joint,10,configured,0.2609050438258656,0.27207210838305074,0.04475198432710262,0.0006695518657974201,0.00064519457517245,0.00024006628993632792,0.5383064423814516,0.5363733018881367,0.1486216747902962,inf,inf,,4.874676659867812e-07,4.581767066532424e-07,5.5350876561787387e-08,1.313853704200301,1.2764763754967134,0.13878942460393157,13.38655334149953,13.366374561999692,0.5581624266571243
POD-E,well_joint,10,dg_joint,0.37241825371678866,0.30739983329038345,0.12982668588025126,0.00069820409706064,0.00066997976099675,0.00019070049387075676,0.6395041773865013,0.5638468342544205,0.21868005004975585,6810.805548991996,7245.009051678161,1605.1702991826546,5.067992562435119e-07,4.7243233175801215e-07,8.409222329838162e-08,1.313853704200301,1.2764763754967134,0.13878942460393157,13.38655334149953,13.366374561999692,0.5581624266571243
POD-E,well_joint,10,dg_pressure,0.2262704400825498,0.2230069393115043,0.05440491278443796,0.0008002260669541701,0.0008053799477023,0.00022259884934256553,0.6133837077876844,0.5411008781037527,0.20153887732205278,4.4066599403498373e+18,4.3935625313316106e+18,1.9712528989349071e+18,5.603375850346892e-07,5.00466158793875e-07,1.7047067791427049e-07,1.313853704200301,1.2764763754967134,0.13878942460393157,13.38655334149953,13.366374561999692,0.5581624266571243
POD-E,well_joint,11,condition_joint,0.44703976356331293,0.3977213622229341,0.1914344125570499,0.00075152955285198,0.0007352275720776,0.00021103317308430122,0.7006505884018289,0.602003928847189,0.24493935935377545,9056.82715297968,8758.826934213876,1724.2181583482306,6.783526437619659e-07,4.6522183040913227e-07,6.133381289202443e-07,1.313853704200301,1.2764763754967134,0.13878942460393157,13.38655334149953,13.366374561999692,0.5581624266571243
POD-E,well_joint,11,condition_pressure,0.25846022184466144,0.2640691040965103,0.060354521101839316,0.00080980654368507,0.00079699768611815,0.00021865066400067685,0.6405910666830199,0.5946961267706461,0.20233121682004748,4.5406116978284027e+18,4.400536940725609e+18,1.529697713484258e+18,5.771000073046276e-07,4.5582709205511925e-07,1.9995143721722058e-07,1.313853704200301,1.2764763754967134,0.13878942460393157,13.38655334149953,13.366374561999692,0.5581624266571243
POD-E,well_joint,11,configured,0.25271231295133195,0.24040304416764074,0.04445238176801317,0.00072315173517323,0.000654638405931,0.00024787015625837687,0.5645383377444533,0.5953506627005378,0.13175787776670458,inf,inf,,5.477135359831295e-07,4.851202888823906e-07,1.4190793770145987e-07,1.313853704200301,1.2764763754967134,0.13878942460393157,13.38655334149953,13.366374561999692,0.5581624266571243
POD-E,well_joint,11,dg_joint,0.4428683352963699,0.38782169321579174,0.15424054862539996,0.00073317547241123,0.00072647211701655,0.00018851048229184142,0.711247918900936,0.6475725424606598,0.2725320450435891,23559.989261307237,23629.23402643379,13956.72939013034,5.814218057732665e-07,4.854285870713735e-07,1.9761567437459958e-07,1.313853704200301,1.2764763754967134,0.13878942460393157,13.38655334149953,13.366374561999692,0.5581624266571243
POD-E,well_joint,11,dg_pressure,0.2557076599369489,0.2640691040965103,0.06260918696379239,0.00081589679971869,0.00079699768611815,0.00021327061911918113,0.6440880303437794,0.5946961267748645,0.1995485179605619,4.983927129191297e+18,4.683634698717273e+18,1.8847446099872443e+18,5.451436021060619e-07,4.667894710362994e-07,1.537732187708791e-07,1.313853704200301,1.2764763754967134,0.13878942460393157,13.38655334149953,13.366374561999692,0.5581624266571243
POD-E,well_joint,12,condition_joint,0.6136434900796647,0.4655741673192908,0.3444610478943841,0.00079632509842104,0.0007558156996493,0.0002616425375457444,0.8643764431865429,0.6885836991119223,0.506635871148868,14283.406631568136,14416.793397532503,3118.4098519464164,5.290421048490877e-07,4.5864663504351183e-07,1.2515561783470682e-07,1.313853704200301,1.2764763754967134,0.13878942460393157,13.38655334149953,13.366374561999692,0.5581624266571243
POD-E,well_joint,12,condition_pressure,0.29484249460261225,0.2742260777753681,0.0973689624263409,0.00084364341190717,0.00081211211027675,0.00021327847487024996,0.6945975172500596,0.6116124997256123,0.25028154540677067,7.020024687042722e+18,6.715748671284234e+18,2.8186527156341453e+18,5.363714286035165e-07,4.747781989644316e-07,1.5417166948251065e-07,1.313853704200301,1.2764763754967134,0.13878942460393157,13.38655334149953,13.366374561999692,0.5581624266571243
POD-E,well_joint,12,configured,0.2698458904590514,0.26089673754240084,0.05784777266966519,0.00072981122040491,0.00068761337907515,0.00021933639746354647,0.5791890006778646,0.5877140056343357,0.13732517799580068,3.7869071444605095e+35,3.5889234214401166e+35,1.602641546274878e+35,5.523812105000383e-07,5.084586614669349e-07,1.2801874742287973e-07,1.313853704200301,1.2764763754967134,0.13878942460393157,13.38655334149953,13.366374561999692,0.5581624266571243
POD-E,well_joint,12,dg_joint,0.6088263999647239,0.583828054680888,0.19772229702009017,0.00094466603098171,0.0010220325011080001,0.0002526984803762683,0.9187612274743889,0.8762615240640557,0.34937956843476314,39974.71771459728,43409.37024024263,11929.684603208398,5.289481246416786e-07,4.672631194650483e-07,1.0908482761822862e-07,1.313853704200301,1.2764763754967134,0.13878942460393157,13.38655334149953,13.366374561999692,0.5581624266571243
POD-E,well_joint,12,dg_pressure,0.29484249460564027,0.2742260777846046,0.09736896242661239,0.00084364341190847,0.0008121121102791,0.00021327847486947996,0.69459751725312,0.6116124997290735,0.25028154540781244,7.24296117738521e+18,7.289482130155441e+18,2.890468123469473e+18,5.275067738502433e-07,4.702406273226961e-07,1.0487441054243146e-07,1.313853704200301,1.2764763754967134,0.13878942460393157,13.38655334149953,13.366374561999692,0.5581624266571243
POD-E,well_joint,13,condition_joint,0.7459938824040455,0.8326372813445517,0.20893266663636487,0.00096691314093705,0.00094553845775605,0.00023250404337596625,1.0280671979353466,0.9362173111389211,0.4094951611776296,25910.738557285622,25289.923514123988,3686.2188314276905,6.076766830550409e-07,5.120638984647628e-07,2.3546282149598224e-07,1.313853704200301,1.2764763754967134,0.13878942460393157,13.38655334149953,13.366374561999692,0.5581624266571243
POD-E,well_joint,13,condition_pressure,0.23158572932312294,0.23196010557158758,0.048143705335174716,0.00083207527066916,0.0007663202241218,0.00021287312925293377,0.6483027262654003,0.6214396974334297,0.23305387921832899,8.594914235567666e+18,8.277409502285122e+18,3.021743182878471e+18,5.041977348632382e-07,4.60056392861096e-07,9.895898694712893e-08,1.313853704200301,1.2764763754967134,0.13878942460393157,13.38655334149953,13.366374561999692,0.5581624266571243
POD-E,well_joint,13,configured,0.2749781673771802,0.2790678182245268,0.06009924319195282,0.00074943280558276,0.00068835953545625,0.00018382145370276674,0.5996954890046099,0.5684539982568202,0.14250364159607146,3.78298215434532e+21,3.3997058231400394e+21,1.1015940465992048e+21,5.256894748759477e-07,4.82142863084415e-07,1.0664800976380028e-07,1.313853704200301,1.2764763754967134,0.13878942460393157,13.38655334149953,13.366374561999692,0.5581624266571243
POD-E,well_joint,13,dg_joint,0.8348074560385095,0.8549106737089804,0.385903252687883,0.00111465529558023,0.0010794838392759,0.0004344314485862097,1.1666828154368403,1.0725395776183613,0.5876830729344293,59267.589070793576,59018.14411357239,12470.039481308051,5.493097826120745e-07,5.08142868494545e-07,1.271816637164535e-07,1.313853704200301,1.2764763754967134,0.13878942460393157,13.38655334149953,13.366374561999692,0.5581624266571243
POD-E,well_joint,13,dg_pressure,0.2315857293291707,0.23196010557158758,0.04814370534856059,0.0008320752706684001,0.0007663202241234501,0.0002128731292511875,0.6483027262705372,0.6214396974346459,0.2330538792289737,7.746344756504766e+18,7.604329973018018e+18,3.03768848203032e+18,5.609646631681353e-07,4.9514286578948e-07,1.350508811002972e-07,1.313853704200301,1.2764763754967134,0.13878942460393157,13.38655334149953,13.366374561999692,0.5581624266571243
POD-E,well_joint,14,condition_joint,0.7606009726582628,0.7848385161024197,0.3015929586657497,0.0013806567127136401,0.0013358704571932,0.0006702592740744908,1.324027487859173,1.160037612454338,0.8294455151435904,40716.98335525046,37922.72561079073,10760.899060426696,5.637233014677168e-07,5.018796640031628e-07,1.283197207742092e-07,1.313853704200301,1.2764763754967134,0.13878942460393157,13.38655334149953,13.366374561999692,0.5581624266571243
POD-E,well_joint,14,condition_pressure,0.3176142256162595,0.25930312769047004,0.13172310057206651,0.0007915129221278599,0.00085216076168395,0.00023384680915812552,0.6581333798879786,0.6350508625652973,0.25488096527540843,9.023785977139544e+18,8.476797964872598e+18,3.3375320392954496e+18,5.834902292275031e-07,5.156616680324078e-07,1.7471617209546122e-07,1.313853704200301,1.2764763754967134,0.13878942460393157,13.38655334149953,13.366374561999692,0.5581624266571243
POD-E,well_joint,14,configured,0.22312794902826213,0.2127941207638261,0.06784635469774164,0.00073989225734794,0.0006612982370445,0.000184794999433874,0.572227458957774,0.549554432554744,0.1449832621105558,7.355313552721995e+20,6.224293359194438e+20,3.125441787324873e+20,6.168857148999027e-07,5.325789259627629e-07,1.899793723863097e-07,1.313853704200301,1.2764763754967134,0.13878942460393157,13.38655334149953,13.366374561999692,0.5581624266571243
POD-E,well_joint,14,dg_joint,0.8314223272504092,0.8290152867964351,0.3614631678130422,0.00115184007731565,0.0011029052069885,0.0004207427877671821,1.1853824814558969,1.0292224204260165,0.5657488842518206,114130.90943317697,91977.56674078858,78963.97314803231,5.475255591563768e-07,4.855902172726601e-07,1.4229138031203343e-07,1.313853704200301,1.2764763754967134,0.13878942460393157,13.38655334149953,13.366374561999692,0.5581624266571243
POD-E,well_joint,14,dg_pressure,0.31761422562112307,0.25930312769013225,0.1317231005836039,0.00079151292212736,0.00085216076168395,0.00023384680915775478,0.6581333798925075,0.6350508625652973,0.2548809652858027,9.16390551871974e+18,8.476797964872598e+18,3.1463017789763763e+18,5.767232932314921e-07,4.918533670575939e-07,1.587387988648477e-07,1.313853704200301,1.2764763754967134,0.13878942460393157,13.38655334149953,13.366374561999692,0.5581624266571243
POD-E,well_joint,15,condition_joint,0.29152892002646724,0.24429155936740737,0.131803135310025,0.00050250979002774,0.0005167446573111,8.83262767392003e-05,0.4823456857626696,0.4508912090539182,0.2172392922131516,118117.42729086829,118782.9629386715,43157.13712429598,0.0005555575195499862,6.732481327853201e-07,0.0008936014111590037,1.313853704200301,1.2764763754967134,0.13878942460393157,13.38655334149953,13.366374561999692,0.5581624266571243
POD-E,well_joint,15,condition_pressure,0.16987748042557366,0.16208537282527524,0.04690955772152678,0.00057113269656125,0.0005703700692441,0.0001165065377514255,0.4458979808089961,0.4734100744938696,0.11927972130434072,1.1338008589810844e+19,1.0467689878330155e+19,3.969121727896171e+18,0.0005559805443547882,5.899135266689766e-07,0.0008943412048037634,1.313853704200301,1.2764763754967134,0.13878942460393157,13.38655334149953,13.366374561999692,0.5581624266571243
POD-E,well_joint,15,configured,0.15462848365932363,0.15848662791542814,0.04279510889574477,0.0007334645239969,0.00074003062472215,0.00014548155935372012,0.5405320843094017,0.5632938770830653,0.14224436420127576,1.5841653865357493e+21,1.3752526120165546e+21,9.283705660744675e+20,0.0005577460834576942,6.109022573021738e-07,0.0008972034562596258,1.313853704200301,1.2764763754967134,0.13878942460393157,13.38655334149953,13.366374561999692,0.5581624266571243
POD-E,well_joint,15,dg_joint,0.3384614141527259,0.33777221730125073,0.08301712726917357,0.0005468203882616201,0.0005689094167185,0.00010002359631507633,0.522089270928872,0.5575592326188654,0.1690660363449649,345636.2642638127,342904.5536970373,89628.33487034599,0.0005582023187856781,6.947067644555626e-07,0.0008978514368898145,1.313853704200301,1.2764763754967134,0.13878942460393157,13.38655334149953,13.366374561999692,0.5581624266571243
POD-E,well_joint,15,dg_pressure,0.1698774804255539,0.16208537282527524,0.04690955772154371,0.00057113269656126,0.0005703700692441,0.00011650653775143523,0.44589798080898185,0.4734100744938696,0.1192797213043184,9.965572614636476e+18,1.0156214587641713e+19,2.6888223389993247e+18,0.0005547540090289559,6.004098067112631e-07,0.0008923381845381953,1.313853704200301,1.2764763754967134,0.13878942460393157,13.38655334149953,13.366374561999692,0.5581624266571243
POD-E,well_joint,16,condition_joint,0.2784797749256577,0.22376965799746812,0.12643384566605176,0.00053132585431363,0.00052845131119915,0.00010169085033482989,0.49440971999358424,0.4722163913788425,0.19857800609866622,348390.50580957613,300002.75878918916,173790.00044711368,0.0005626620939902786,5.697067700067352e-07,0.0009054076420858398,1.313853704200301,1.2764763754967134,0.13878942460393157,13.38655334149953,13.366374561999692,0.5581624266571243
POD-E,well_joint,16,condition_pressure,0.17987406005990197,0.17134375577005634,0.052722271645619115,0.0005843052743069,0.00056980982092015,0.00010017403702893257,0.452928065328408,0.44626820504371817,0.10829978283557073,4.829687260601618e+19,2.96488829398577e+19,4.337364644469411e+19,0.0005554052939943832,6.343947379513735e-07,0.0008933445261263102,1.313853704200301,1.2764763754967134,0.13878942460393157,13.38655334149953,13.366374561999692,0.5581624266571243
POD-E,well_joint,16,configured,0.15231034253217726,0.15773274784680774,0.04477114024716002,0.00073224570806159,0.0007353968013095501,0.0001453056832716294,0.5394525710155064,0.5620695667427145,0.14611415952112092,7.568266725592901e+21,6.212627291435159e+21,5.603857536517443e+21,0.0005644237481257045,6.472443799834866e-07,0.0009083464326249407,1.313853704200301,1.2764763754967134,0.13878942460393157,13.38655334149953,13.366374561999692,0.5581624266571243
POD-E,well_joint,16,dg_joint,0.3092977407341358,0.2846654540715743,0.13647480693400674,0.00056028544134348,0.000583106971656,0.00012703839871628777,0.5257910979235808,0.504637691950389,0.22269359846410572,1518366.0159766106,1284686.9634146846,1043748.4089447369,0.0005551877511388051,6.937631602833201e-07,0.0008929707255638293,1.313853704200301,1.2764763754967134,0.13878942460393157,13.38655334149953,13.366374561999692,0.5581624266571243
POD-E,well_joint,16,dg_pressure,0.1798740600598993,0.17134375577005634,0.05272227164561908,0.0005843052743069,0.00056980982092015,0.00010017403702893257,0.4529280653284097,0.4462682050437181,0.10829978283557082,5.0902733343494136e+19,2.8501036863493865e+19,4.425381939413207e+19,0.000554534836090808,5.592105446708969e-07,0.0008919822279917308,1.313853704200301,1.2764763754967134,0.13878942460393157,13.38655334149953,13.366374561999692,0.5581624266571243
POD-E,well_joint,17,condition_joint,0.2549978414340811,0.21498638857791552,0.12611897243519074,0.00053242264242285,0.00054878938537525,0.00011427893706842224,0.4768624896417699,0.4412369181433708,0.1887041610601508,141926.95876471477,144149.0178993525,36141.8733665704,0.0006003798872240565,6.688609218165362e-07,0.0009734221271793202,1.313853704200301,1.2764763754967134,0.13878942460393157,13.38655334149953,13.366374561999692,0.5581624266571243
POD-E,well_joint,17,condition_pressure,0.1887825590638161,0.18530199287221016,0.07762372606167231,0.0005706217791000201,0.0005779980040746,0.000104273705962267,0.44835737799302544,0.45610006352525,0.11574117434096172,734645.7245397754,412545.3411025806,780683.5043604187,0.0005619360601471974,6.987782098051804e-07,0.0009039371279820164,1.313853704200301,1.2764763754967134,0.13878942460393157,13.38655334149953,13.366374561999692,0.5581624266571243
POD-E,well_joint,17,configured,0.11084606783475184,0.11333833983112654,0.026707784993337255,0.00067261056864261,0.0006707993612459001,0.00011556321251281396,0.47441495349830654,0.4952568365721737,0.10132233852973331,1.320350198257414e+20,1.3202317010033125e+20,7.989192305845266e+19,0.0005559510014941516,5.994661478325725e-07,0.000894183836472273,1.313853704200301,1.2764763754967134,0.13878942460393157,13.38655334149953,13.366374561999692,0.5581624266571243
POD-E,well_joint,17,dg_joint,0.2906233589631889,0.2727034325878392,0.1492077621876125,0.00056815679772389,0.0005875977871140001,0.00011464096714407384,0.5254737737748024,0.46095271755278877,0.22752225608678966,338326.6641319539,348104.1467384803,164237.58031137913,0.00060542606540427,6.046390801640157e-07,0.000982573283517687,1.313853704200301,1.2764763754967134,0.13878942460393157,13.38655334149953,13.366374561999692,0.5581624266571243
POD-E,well_joint,17,dg_pressure,0.18878255906381125,0.18530199287222143,0.0776237260616801,0.0005706217791000201,0.0005779980040746,0.000104273705962267,0.4483573779930216,0.45610006352525,0.11574117434094883,734645.7245397868,412545.3411025775,780683.5043604284,0.0005562867804443828,7.501579042089949e-07,0.0008947321184886486,1.313853704200301,1.2764763754967134,0.13878942460393157,13.38655334149953,13.366374561999692,0.5581624266571243
POD-E,well_joint,18,condition_joint,0.20796257207393026,0.18168802616323332,0.08371435402146087,0.0005558502755105301,0.00055086609931755,0.00012066591371082297,0.45890016220709484,0.4547220213579466,0.1311153438894337,73908.63607965063,76208.40126522255,18861.63030121432,0.0005610947353310858,6.168533615064212e-07,0.0009026112939587122,1.313853704200301,1.2764763754967134,0.13878942460393157,13.38655334149953,13.366374561999692,0.5581624266571243
POD-E,well_joint,18,condition_pressure,0.1262003551562522,0.12309533573458875,0.04978647001153757,0.0005476454688601101,0.0005701720033222,0.00010187216469968647,0.4090707499905938,0.41596675200527505,0.11812324976370953,199369.51978928637,205895.1604630319,73795.3473820763,0.0006047578631645038,5.764398481819387e-07,0.0009796599025949976,1.313853704200301,1.2764763754967134,0.13878942460393157,13.38655334149953,13.366374561999692,0.5581624266571243
POD-E,well_joint,18,configured,0.11181344006069963,0.1143976971045131,0.02677509910950899,0.0006684017745151001,0.0006665588967268499,0.00011435807009375391,0.47237026274989696,0.4941371982090237,0.10183081466949033,24298723.280735485,5962039.304439433,49512323.02977429,0.0005584968676796134,6.340827197239111e-07,0.0008983339172783946,1.313853704200301,1.2764763754967134,0.13878942460393157,13.38655334149953,13.366374561999692,0.5581624266571243
POD-E,well_joint,18,dg_joint,0.24612852520277695,0.1778884044910541,0.1474849715603946,0.00055084838745679,0.0005701095494883501,0.00011964946266716751,0.49038496967128004,0.4587446546831851,0.20200644815581048,133319.36585300893,137216.6505257841,43217.03707083951,0.0005589385345929063,5.477782099462234e-07,0.000899089117257364,1.313853704200301,1.2764763754967134,0.13878942460393157,13.38655334149953,13.366374561999692,0.5581624266571243
POD-E,well_joint,18,dg_pressure,0.1262003551562238,0.1230953357345957,0.049786470011469484,0.0005476454688601001,0.0005701720033222,0.00010187216469966739,0.409070749990568,0.41596675200527505,0.11812324976365385,199369.51978928625,205895.1604630319,73795.3473820764,0.0006187330195568423,5.624999886963349e-07,0.0010102511894020882,1.313853704200301,1.2764763754967134,0.13878942460393157,13.38655334149953,13.366374561999692,0.5581624266571243
POD-E,well_joint,19,condition_joint,0.1923704874463968,0.1542764927830803,0.09112016590246627,0.00055361107979579,0.0005510760780279,0.00011706291568387189,0.4501024273689251,0.4312038699510349,0.131382397549193,55524.56978622391,54581.447756992406,24088.591752411176,0.0005906679496191783,5.961729017089828e-07,0.0009555745525432044,1.313853704200301,1.2764763754967134,0.13878942460393157,13.38655334149953,13.366374561999692,0.5581624266571243
POD-E,well_joint,19,condition_pressure,0.14997438642888286,0.14084062901384103,0.05897054439399954,0.0005573891621288299,0.0005670319419994,9.20164720831808e-05,0.4310231999599038,0.4128530461583987,0.12491005867478813,84802.98338362126,75269.97977545238,36007.83208891978,0.0005819526646464212,6.22496249581358e-07,0.0009387884398343311,1.313853704200301,1.2764763754967134,0.13878942460393157,13.38655334149953,13.366374561999692,0.5581624266571243
POD-E,well_joint,19,configured,0.11234339259722428,0.11192358978113759,0.025287645606772234,0.0006511165342687399,0.00066195239620755,0.00010551976881578406,0.465030336981722,0.453397917466074,0.11940956691614417,1092738.9523532153,970358.0062433952,378280.8138879162,0.0005606521909756041,7.921353381221651e-07,0.0009016922760452541,1.313853704200301,1.2764763754967134,0.13878942460393157,13.38655334149953,13.366374561999692,0.5581624266571243
POD-E,well_joint,19,dg_joint,0.23989824124359366,0.23192263521694056,0.11566739368182265,0.00055892358919564,0.0005671669518634,0.00012983358422755112,0.48055217959991336,0.48521422890367616,0.1493606226825467,76407.8801779746,67166.30036002453,35748.3525205978,0.0005624202691853076,7.019060236293319e-07,0.0009046831529079104,1.313853704200301,1.2764763754967134,0.13878942460393157,13.38655334149953,13.366374561999692,0.5581624266571243
POD-E,well_joint,19,dg_pressure,0.14401452998452538,0.12982101211192065,0.05796151114515172,0.00055552951202591,0.0005670319419994,9.13998648366103e-05,0.42739889121914576,0.4128530461583987,0.12501773242410613,75342.79666438335,64927.09302145902,36676.071496434735,0.0006158911661628617,7.233721774362056e-07,0.001004282335682868,1.313853704200301,1.2764763754967134,0.13878942460393157,13.38655334149953,13.366374561999692,0.5581624266571243
POD-E,well_joint,20,condition_joint,0.1633927591797822,0.13645616659129284,0.07037336853964238,0.00055613226414795,0.00056129588372065,0.00011567303374659413,0.4333281154214007,0.4289757538960901,0.12962968203742364,35298.2745815409,28932.043604879535,19204.316193002684,0.0005550869037513077,7.075451096061169e-07,0.0008928295193192044,1.313853704200301,1.2764763754967134,0.13878942460393157,13.38655334149953,13.366374561999692,0.5581624266571243
POD-E,well_joint,20,condition_pressure,0.17217799529814837,0.16560791459488416,0.06396231151850872,0.0005563342580744001,0.0005641813346999,0.00011207216756511634,0.4363945295263362,0.44365825246148793,0.11184656148221035,50799.8355360556,31995.991327311247,41271.178272797646,0.0005585527894808181,7.097443635312882e-07,0.0008984756079125556,1.313853704200301,1.2764763754967134,0.13878942460393157,13.38655334149953,13.366374561999692,0.5581624266571243
POD-E,well_joint,20,configured,0.09714651746256177,0.09805910434744769,0.01319187738940187,0.00066022654868204,0.0006893282682246501,0.00010851119572818991,0.46132181101474534,0.45735485101103013,0.11893908754024646,614464.3466292568,512758.48414717923,259945.96809082347,0.0005566457391075647,6.560150271761267e-07,0.0008953378458148196,1.313853704200301,1.2764763754967134,0.13878942460393157,13.38655334149953,13.366374561999692,0.5581624266571243
POD-E,well_joint,20,dg_joint,0.15425647112413968,0.1453044851860332,0.0747405376850526,0.0005528651411667699,0.00056205684513315,0.00011849777596113443,0.4289982983388546,0.45800483438693257,0.11827779948687471,53359.84339929595,35938.269578209576,40519.165136250645,0.0005557373127844369,6.906353464591688e-07,0.0008937972427150078,1.313853704200301,1.2764763754967134,0.13878942460393157,13.38655334149953,13.366374561999692,0.5581624266571243
POD-E,well_joint,20,dg_pressure,0.1721779952981525,0.16560791459490415,0.06396231151852111,0.00055633425807439,0.0005641813346999,0.00011207216756509667,0.43639452952633473,0.44365825246148793,0.11184656148220784,50799.835536055354,31995.991327311203,41271.178272796984,0.0005559883142897574,6.56169162594006e-07,0.0008943053526489105,1.313853704200301,1.2764763754967134,0.13878942460393157,13.38655334149953,13.366374561999692,0.5581624266571243
POD-E,well_joint,21,condition_joint,0.13653344394608255,0.11674152838325565,0.06474970973220791,0.00055953132149831,0.0005605808540913,0.0001224738192551394,0.4234520844971629,0.42384591589117093,0.1383912883665058,26321.408694480393,23616.160459894636,8129.393233859617,0.0005581796699167488,7.1052631014902e-07,0.0008976300961800465,1.313853704200301,1.2764763754967134,0.13878942460393157,13.38655334149953,13.366374561999692,0.5581624266571243
POD-E,well_joint,21,condition_pressure,0.1286898473758655,0.13848663828795885,0.054809356966284285,0.00057315867736256,0.0005971656271828,0.00012416791257087483,0.42760948888477923,0.41481996999644877,0.12673307157639327,34012.16437853328,29883.387340755762,16257.496801855019,0.0005941623443559348,7.131917177195332e-07,0.000960223705488599,1.313853704200301,1.2764763754967134,0.13878942460393157,13.38655334149953,13.366374561999692,0.5581624266571243
POD-E,well_joint,21,configured,0.09559577988925663,0.0936200930891038,0.010675777376367771,0.0006512266455024599,0.00068145384322675,0.00010505165525026508,0.4565563609740989,0.5004948976495363,0.11598824819396636,335752.7921173024,330750.71480025176,62691.838080250236,0.0005645729007599237,6.743421249837383e-07,0.0009083926434802165,1.313853704200301,1.2764763754967134,0.13878942460393157,13.38655334149953,13.366374561999692,0.5581624266571243
POD-E,well_joint,21,dg_joint,0.10361757202139277,0.11699816991565995,0.04178729005597912,0.00057583496110784,0.0005960298921920001,0.0001266393556856965,0.41491850679426695,0.3997084765717568,0.12242042555163793,33249.901596194,29573.93761706003,16712.952736629577,0.0005627650676697141,7.288496332117041e-07,0.0009051279960000546,1.313853704200301,1.2764763754967134,0.13878942460393157,13.38655334149953,13.366374561999692,0.5581624266571243
POD-E,well_joint,21,dg_pressure,0.1286898473758773,0.13848663828801433,0.054809356966287436,0.00057315867736256,0.0005971656271828,0.00012416791257087483,0.4276094888847853,0.41481996999644877,0.12673307157640173,34012.16437853327,29883.38734075572,16257.49680185504,0.0005669305142942023,6.392556520553544e-07,0.0009120169941656308,1.313853704200301,1.2764763754967134,0.13878942460393157,13.38655334149953,13.366374561999692,0.5581624266571243
POD-E,well_joint,22,condition_joint,0.10693014870302442,0.1160082655004579,0.04361482669370328,0.00057107583271307,0.00057844147378365,0.00012464843397151534,0.4144969937764923,0.38715156959877384,0.12814747528725867,24169.34165271893,21659.024445538293,7367.783292399556,0.0005726755932375983,5.949248014459091e-07,0.0009219951966353165,1.313853704200301,1.2764763754967134,0.13878942460393157,13.38655334149953,13.366374561999692,0.5581624266571243
POD-E,well_joint,22,condition_pressure,0.12379969863565318,0.13669541034397764,0.05395560718701002,0.0005766423804005599,0.00060518854023865,0.0001263266972842429,0.42633783995427954,0.41487338701053644,0.12605477548728758,32176.028965564234,29140.46332771665,15008.375633439906,0.0005749027563958695,7.048834494273074e-07,0.0009253065286353107,1.313853704200301,1.2764763754967134,0.13878942460393157,13.38655334149953,13.366374561999692,0.5581624266571243
POD-E,well_joint,22,configured,0.09501806421418528,0.09383187732549045,0.010163309418853942,0.00064876211897799,0.00068313619012915,0.00010378764564081584,0.45458095600930637,0.49773032484517366,0.11514051509088902,258786.07478610464,256575.49717898958,69187.21611129996,0.0005878353075273312,7.805451205879086e-07,0.0009483154196723951,1.313853704200301,1.2764763754967134,0.13878942460393157,13.38655334149953,13.366374561999692,0.5581624266571243
POD-E,well_joint,22,dg_joint,0.10532776622440583,0.1175886769461119,0.0428282329763198,0.00057687365294843,0.00057844147378365,0.00012901545726203746,0.41743865517348366,0.3893697098642446,0.13156414699184962,25618.931910342308,21782.805982702703,8944.77159842169,0.0005803770992431657,6.464586586208271e-07,0.0009358728164463036,1.313853704200301,1.2764763754967134,0.13878942460393157,13.38655334149953,13.366374561999692,0.5581624266571243
POD-E,well_joint,22,dg_pressure,0.12379969863564966,0.13669541034394894,0.053955607187011846,0.00057664238040058,0.00060518854023865,0.00012632669728427227,0.4263378399542804,0.41487338701053644,0.12605477548728672,32176.028965564175,29140.463327716716,15008.375633439702,0.0005589235593974821,6.481842094108014e-07,0.0008992279624177136,1.313853704200301,1.2764763754967134,0.13878942460393157,13.38655334149953,13.366374561999692,0.5581624266571243
POD-E,well_joint,23,condition_joint,0.09582542625259861,0.09103602870104116,0.03822836069937818,0.0005743739296305,0.0005793936264572,0.0001318819957103446,0.41117723468839007,0.37644450036338,0.13371069498119414,21884.669354042566,20420.253075529286,4807.75629125247,0.000556824936840458,5.991541569583342e-07,0.0008956485065844387,1.313853704200301,1.2764763754967134,0.13878942460393157,13.38655334149953,13.366374561999692,0.5581624266571243
POD-E,well_joint,23,condition_pressure,0.12464437108838386,0.1361461121331684,0.05317372088303921,0.000577447626305,0.0005769481976459999,0.00013161593464031243,0.4277517951844335,0.40305342583425535,0.13450535179129638,25770.10141463064,21825.457989375005,8805.935215102025,0.0005560278812043708,5.545112881214266e-07,0.0008944059776781621,1.313853704200301,1.2764763754967134,0.13878942460393157,13.38655334149953,13.366374561999692,0.5581624266571243
POD-E,well_joint,23,configured,0.10416501258254848,0.10823304850258636,0.012500155105048148,0.0006619884757327,0.00068538731007275,0.00011512399954739306,0.46770384951265065,0.4682257273513927,0.1257969403878424,165468.9885609501,151819.22218987174,47498.82209355337,0.000556634491729874,7.496842010737977e-07,0.0008952739504150215,1.313853704200301,1.2764763754967134,0.13878942460393157,13.38655334149953,13.366374561999692,0.5581624266571243
POD-E,well_joint,23,dg_joint,0.09286319927988188,0.09103602870101479,0.032854987117632066,0.00057336961119462,0.00057622793778345,0.0001302860009179863,0.4082256710665571,0.37571164883092895,0.12888641518874652,24398.080123827647,21082.177497648176,7901.0160262711,0.0005582688278273337,5.885037962046164e-07,0.0008979730843058851,1.313853704200301,1.2764763754967134,0.13878942460393157,13.38655334149953,13.366374561999692,0.5581624266571243
POD-E,well_joint,23,dg_pressure,0.12464437108838858,0.13614611213318362,0.053173720883042855,0.00057744762630499,0.0005769481976459999,0.00013161593464029609,0.42775179518443646,0.40305342583425535,0.13450535179130008,25770.101414630662,21825.457989375027,8805.935215102032,0.0005833437338331713,5.670413624362221e-07,0.0009408397281031265,1.313853704200301,1.2764763754967134,0.13878942460393157,13.38655334149953,13.366374561999692,0.5581624266571243
POD-E,well_joint,24,condition_joint,0.09161073161437855,0.0881052425222601,0.03230261166821567,0.00057410839487628,0.0005766033181062,0.00013182792106253649,0.4078308268162608,0.37428260407269726,0.12947754121044008,20634.98492796564,18869.943087284893,4661.014025297549,0.0005568794789450398,5.551353245763515e-07,0.000895774833742671,1.313853704200301,1.2764763754967134,0.13878942460393157,13.38655334149953,13.366374561999692,0.5581624266571243
POD-E,well_joint,24,condition_pressure,0.10703048347391261,0.11050178693642546,0.040827669161679535,0.00057514431045369,0.000576017250303,0.0001317588766193384,0.4168958521139513,0.38956069196577436,0.1313585631648357,24694.821082621977,21327.06152371694,7877.204229100752,0.0005638973383474345,6.027556192112345e-07,0.0009074721832441472,1.313853704200301,1.2764763754967134,0.13878942460393157,13.38655334149953,13.366374561999692,0.5581624266571243
POD-E,well_joint,24,configured,0.10729855118143501,0.10653008821866095,0.013585304365906615,0.0006526178515083,0.0006776357415957,9.95190827774628e-05,0.46776165704373796,0.46584067384806405,0.13233917743860368,84443.88582673264,86224.56966302145,14738.937777385447,0.0005563393481221416,5.850526399182198e-07,0.0008948687804757522,1.313853704200301,1.2764763754967134,0.13878942460393157,13.38655334149953,13.366374561999692,0.5581624266571243
POD-E,well_joint,24,dg_joint,0.09063648584710368,0.08502896785210574,0.03093246639709367,0.000572676235924,0.0005758207019387,0.00012946714358086643,0.4060940137787675,0.37239490005569564,0.12732309346216153,23960.197369140213,20367.09660036434,8557.453859159572,0.0005576331451135992,5.249060183602449e-07,0.0008969651834234671,1.313853704200301,1.2764763754967134,0.13878942460393157,13.38655334149953,13.366374561999692,0.5581624266571243
POD-E,well_joint,24,dg_pressure,0.10267498545040858,0.11045970487002195,0.037489598307842834,0.0005791369012014,0.0005801938345702,0.00012753535995340683,0.4169347694205629,0.3872190039469568,0.1301366591291099,25803.51134702029,21925.121212400743,8882.779166463182,0.0005566249992475066,6.790413815332086e-07,0.0008952585981508989,1.313853704200301,1.2764763754967134,0.13878942460393157,13.38655334149953,13.366374561999692,0.5581624266571243
POD-E,well_joint,25,condition_joint,0.08946003720875359,0.08358117170603524,0.03277128445763726,0.00057445720902668,0.0005761796114795,0.000132510318420164,0.4071862072250709,0.37437389776667973,0.13053405529250303,19772.51611487672,18518.815830893713,3863.7916427110686,0.0005578464293183541,5.751917205656409e-07,0.00089738495358233,1.313853704200301,1.2764763754967134,0.13878942460393157,13.38655334149953,13.366374561999692,0.5581624266571243
POD-E,well_joint,25,condition_pressure,0.08986343603875825,0.0866266819446973,0.029189656778388244,0.00057520650052099,0.00057769332302075,0.00013083037174276457,0.40708394496194045,0.3722944870997895,0.12677995280772286,24651.518102738715,21326.234334454202,7938.971224162482,0.0005647059533903716,5.64849630647682e-07,0.0009086543053344813,1.313853704200301,1.2764763754967134,0.13878942460393157,13.38655334149953,13.366374561999692,0.5581624266571243
POD-E,well_joint,25,configured,0.10108892443877823,0.1016853700059887,0.016693376136018446,0.0006203208651242101,0.0006539136819662999,0.00011174869873704435,0.4415145377709429,0.44900335248174106,0.12093395144952802,54660.55553988379,58102.29022518526,8882.799857674008,0.0005553347120467063,6.198308146576208e-07,0.0008932776196433017,1.313853704200301,1.2764763754967134,0.13878942460393157,13.38655334149953,13.366374561999692,0.5581624266571243
POD-E,well_joint,25,dg_joint,0.08719737786753098,0.07885156233836355,0.029422486489405146,0.00057336645950243,0.0005774000625764499,0.00013089490814422776,0.40484763042156063,0.3708750506833532,0.1276990083790922,20924.969452469835,19074.49311068584,4898.870309911726,0.0005505210526122781,5.714285460517818e-07,0.0008856156630965249,1.313853704200301,1.2764763754967134,0.13878942460393157,13.38655334149953,13.366374561999692,0.5581624266571243
POD-E,well_joint,25,dg_pressure,0.08711598728288397,0.08014573977585515,0.02925227453701313,0.0005750610911693401,0.00057769332302075,0.00013072207752162296,0.4059665074075257,0.3722944870997881,0.1281057316256163,24675.84411330041,21326.23433445423,7917.5148061788495,0.0005559018150359526,5.317969793450311e-07,0.0008942662703744031,1.313853704200301,1.2764763754967134,0.13878942460393157,13.38655334149953,13.366374561999692,0.5581624266571243
POD-E,well_joint,26,condition_joint,0.08561317958523801,0.0781775370718453,0.02896661470789866,0.00057420098729588,0.0005768459919743,0.00013112568061370586,0.4045570217823757,0.3700698819554672,0.1280475607233683,19864.947736235637,18671.092641269017,3962.6789674866172,0.0005577998443596679,5.502857073539294e-07,0.0008973132132983109,1.313853704200301,1.2764763754967134,0.13878942460393157,13.38655334149953,13.366374561999692,0.5581624266571243
POD-E,well_joint,26,condition_pressure,0.08607008718006924,0.0788978543046007,0.02892242884770532,0.0005754614192684099,0.0005778312402187,0.00013096489071785943,0.40559337099984527,0.3711788407014255,0.1279107131896631,20606.773113679326,18946.967781571908,4494.35572515544,0.000591817542858474,5.684511202538063e-07,0.0009572868394154226,1.313853704200301,1.2764763754967134,0.13878942460393157,13.38655334149953,13.366374561999692,0.5581624266571243
POD-E,well_joint,26,configured,0.09866662640409399,0.1062889263592629,0.017089857479576254,0.0006326392020683501,0.000647356256378,0.00010649074018723215,0.44623916432322003,0.46028497882092706,0.11191320825879449,31243.98068437758,32239.502488132173,5362.0405894704845,0.0005610688909819413,5.593646800887763e-07,0.0009025142816540555,1.313853704200301,1.2764763754967134,0.13878942460393157,13.38655334149953,13.366374561999692,0.5581624266571243
POD-E,well_joint,26,dg_joint,0.08561317958522999,0.0781775370718661,0.028966614707897766,0.0005742009872958601,0.00057684599197425,0.00013112568061371895,0.4045570217823686,0.37006988195545887,0.12804756072336257,19864.94773623567,18671.092641269002,3962.678967486652,0.0005600324571500256,5.659473975910281e-07,0.0009009112248650915,1.313853704200301,1.2764763754967134,0.13878942460393157,13.38655334149953,13.366374561999692,0.5581624266571243
POD-E,well_joint,26,dg_pressure,0.08607008718006828,0.07889785430460275,0.0289224288477027,0.0005754614192684099,0.0005778312402187,0.00013096489071785943,0.40559337099984144,0.37117884070142715,0.12791071318965144,20606.773113679326,18946.967781571926,4494.355725155423,0.0005556695797023991,6.237481245893593e-07,0.0008938318030020801,1.313853704200301,1.2764763754967134,0.13878942460393157,13.38655334149953,13.366374561999692,0.5581624266571243
POD-E,well_joint,27,condition_joint,0.08519983781435186,0.0790773111950866,0.028317111201579384,0.00057464019911771,0.0005767545586514,0.00013135561874958837,0.40450279203463946,0.3705037284729752,0.1276598983295791,19901.833191731006,18818.105129729927,3865.729826108155,0.0005663247496179273,5.648533780393856e-07,0.0009116000649299926,1.313853704200301,1.2764763754967134,0.13878942460393157,13.38655334149953,13.366374561999692,0.5581624266571243
POD-E,well_joint,27,condition_pressure,0.08510828282312909,0.07811473258333015,0.028702775823595837,0.00057568499213258,0.00057665857557795,0.0001314235207186906,0.40516463500049016,0.3694792558827229,0.1280169158660935,20450.077423053506,19066.015173673368,4292.8798624097235,0.0005697610909823717,5.245902527410789e-07,0.0009175222232205458,1.313853704200301,1.2764763754967134,0.13878942460393157,13.38655334149953,13.366374561999692,0.5581624266571243
POD-E,well_joint,27,configured,0.09312332250172015,0.09419561739154556,0.023049098094668822,0.00061879016232831,0.00062427075325445,0.00010564300196103857,0.43685737067976904,0.44068312739697285,0.1152451528670872,28192.477553485496,28058.345881075373,4844.3689376967195,0.000569661560904255,6.32364691070568e-07,0.0009170512505728927,1.313853704200301,1.2764763754967134,0.13878942460393157,13.38655334149953,13.366374561999692,0.5581624266571243
POD-E,well_joint,27,dg_joint,0.08479319072923633,0.0778222831268108,0.028542196676023788,0.00057452597940211,0.0005761030922283,0.00013134195510925345,0.4041698577344494,0.3688390569719635,0.12775935298539132,19964.8135830467,18818.105129729905,3955.968165899789,0.00055956080827477,6.057330997156582e-07,0.0009001378740471789,1.313853704200301,1.2764763754967134,0.13878942460393157,13.38655334149953,13.366374561999692,0.5581624266571243
POD-E,well_joint,27,dg_pressure,0.08530755860284726,0.07824973651069085,0.028653618199808262,0.00057543486863376,0.0005772628765056,0.00013120496703859493,0.4050925465809903,0.3705355388868574,0.12788877205691893,19801.82280813995,18711.67249865687,3878.999734270355,0.0005576908518713342,5.656315772654139e-07,0.0008971448943007436,1.313853704200301,1.2764763754967134,0.13878942460393157,13.38655334149953,13.366374561999692,0.5581624266571243
POD-E,well_joint,28,condition_joint,0.08442332818447476,0.07798498980398695,0.028106015647392596,0.0005742758165905701,0.00057592385880405,0.0001307044326964081,0.40374681305763155,0.36929833753096053,0.12691285794428256,20032.221232600252,18934.91379221587,3881.04873236232,0.0005576981827104455,5.648496306476821e-07,0.0008971224586742117,1.313853704200301,1.2764763754967134,0.13878942460393157,13.38655334149953,13.366374561999692,0.5581624266571243
POD-E,well_joint,28,condition_pressure,0.08486386215371279,0.0783977018360117,0.02828574633641766,0.00057559265442037,0.0005765305019273,0.00013127298602743663,0.4048282716566979,0.3699728229038374,0.127501860195678,20322.175032104726,19074.163956766723,4058.7933835590547,0.000558595426324376,5.571766956919398e-07,0.0008985654177608289,1.313853704200301,1.2764763754967134,0.13878942460393157,13.38655334149953,13.366374561999692,0.5581624266571243
POD-E,well_joint,28,configured,0.08426841112143713,0.08335066071891631,0.02028258725516605,0.0006184041327985,0.00062351380486615,0.00010410546514892008,0.43160799010901885,0.4302556628641914,0.11354156876762656,28300.812190791818,28104.501777172205,4823.663935587174,0.0005587142842125365,5.599924912886287e-07,0.0008987971585945681,1.313853704200301,1.2764763754967134,0.13878942460393157,13.38655334149953,13.366374561999692,0.5581624266571243
POD-E,well_joint,28,dg_joint,0.0843202934861775,0.0772516811307025,0.027856367263651247,0.00057423778155236,0.0005759968100228501,0.00013079340091253817,0.4036410417316282,0.3687931455884158,0.12696381531098264,20165.90871894737,19014.14528453503,3994.77770031931,0.0005566358706715447,6.135676648726869e-07,0.0008954133172771049,1.313853704200301,1.2764763754967134,0.13878942460393157,13.38655334149953,13.366374561999692,0.5581624266571243
POD-E,well_joint,28,dg_pressure,0.08472433572967326,0.0774524090343242,0.028001285855973588,0.00057544485493654,0.0005771677431229,0.00013114586718291716,0.4047487675657326,0.37011724886925473,0.12752440400370918,19903.850357503128,18892.86173891865,3824.093516666193,0.0005560992804445012,5.744059992029815e-07,0.0008944672571538412,1.313853704200301,1.2764763754967134,0.13878942460393157,13.38655334149953,13.366374561999692,0.5581624266571243
POD-E,well_joint,29,condition_joint,0.0841088043206201,0.0775236967745164,0.0275957106702369,0.00057471817103461,0.0005757829281357,0.00013068918244948084,0.4038119136761494,0.3692238257255399,0.12671906712816708,20097.973919157528,19122.407514419654,3895.135200126629,0.00055683975638509,7.077105145523311e-07,0.0008956515874702034,1.313853704200301,1.2764763754967134,0.13878942460393157,13.38655334149953,13.366374561999692,0.5581624266571243
POD-E,well_joint,29,condition_pressure,0.0844202418469672,0.07811487758503485,0.027976621224130374,0.00057527053219671,0.0005762776078724,0.0001308684041452713,0.40431441344262165,0.369848681537241,0.12692312203974376,19991.956780352873,19002.90922582795,3842.6507336751083,0.0005576680751698496,6.704247876987757e-07,0.000896927638460085,1.313853704200301,1.2764763754967134,0.13878942460393157,13.38655334149953,13.366374561999692,0.5581624266571243
POD-E,well_joint,29,configured,0.07906478165611433,0.07789930465644415,0.02364447685810505,0.0005831137164394601,0.00058091553416395,0.0001015897960642579,0.4063967655341223,0.3891020753634632,0.11166007685428848,23493.714917427416,22571.02680480465,4542.472172747933,0.0005553791353402669,6.094924721313654e-07,0.0008933598403312087,1.313853704200301,1.2764763754967134,0.13878942460393157,13.38655334149953,13.366374561999692,0.5581624266571243
POD-E,well_joint,29,dg_joint,0.08431979170947998,0.07752369677451329,0.02755402057518154,0.0005742204763511799,0.0005757829281357,0.0001304967666518918,0.40357782516799495,0.3692238257255424,0.12654082347300544,20149.082413864286,19122.407514419636,3947.900168008095,0.0005566320496394915,6.849925130906802e-07,0.0008953325573510093,1.313853704200301,1.2764763754967134,0.13878942460393157,13.38655334149953,13.366374561999692,0.5581624266571243
POD-E,well_joint,29,dg_pressure,0.08408904816956331,0.07737600661869964,0.027569321282047504,0.00057511667023908,0.0005763789642558501,0.0001305856071177455,0.40398842482148556,0.36929455406770695,0.12650816355504724,20087.112116080254,19068.362176032082,3852.995777991602,0.0005603291984869264,7.313608780111138e-07,0.000901241087283646,1.313853704200301,1.2764763754967134,0.13878942460393157,13.38655334149953,13.366374561999692,0.5581624266571243
POD-E,well_joint,30,condition_joint,0.08397055428487707,0.0775632730577892,0.027327606931772244,0.00057494076772166,0.0005761495604816,0.00013026236559154423,0.4037759730560454,0.36977656842095813,0.12608767682295674,20179.54669430554,19188.550294584602,3877.2147728284826,0.0005709797932255895,7.442030252598198e-07,0.0009185238348265697,1.313853704200301,1.2764763754967134,0.13878942460393157,13.38655334149953,13.366374561999692,0.5581624266571243
POD-E,well_joint,30,condition_pressure,0.08397055428491901,0.07756327305781424,0.027327606931760555,0.00057494076772168,0.00057614956048165,0.00013026236559157133,0.4037759730560765,0.3697765684209916,0.1260876768229717,20179.546694305536,19188.5502945846,3877.2147728284813,0.0005607530699287247,6.840563763486207e-07,0.0009018688154670023,1.313853704200301,1.2764763754967134,0.13878942460393157,13.38655334149953,13.366374561999692,0.5581624266571243
POD-E,well_joint,30,configured,0.08397055428490785,0.07756327305780125,0.027327606931764777,0.00057494076772168,0.0005761495604816,0.0001302623655915612,0.40377597305604807,0.36977656842089673,0.12608767682295366,20179.546694305533,19188.550294584602,3877.2147728284963,0.0005651409774473697,7.247819352537897e-07,0.0009091587487695404,1.313853704200301,1.2764763754967134,0.13878942460393157,13.38655334149953,13.366374561999692,0.5581624266571243
POD-E,well_joint,30,dg_joint,0.08397055428488136,0.0775632730578104,0.027327606931761308,0.00057494076772167,0.0005761495604816,0.0001302623655915622,0.4037759730560473,0.3697765684209855,0.12608767682294353,20179.546694305518,19188.550294584595,3877.214772828489,0.000564015163153561,6.644774308862319e-07,0.0009071862421845502,1.313853704200301,1.2764763754967134,0.13878942460393157,13.38655334149953,13.366374561999692,0.5581624266571243
POD-E,well_joint,30,dg_pressure,0.0839705542849238,0.07756327305781696,0.02732760693176672,0.00057494076772167,0.0005761495604816,0.0001302623655915712,0.4037759730560674,0.36977656842099643,0.12608767682296246,20179.546694305533,19188.550294584602,3877.2147728284817,0.0005863281969811061,6.875037305368657e-07,0.0009457270900358041,1.313853704200301,1.2764763754967134,0.13878942460393157,13.38655334149953,13.366374561999692,0.5581624266571243
POD-E,well_pressure,1,condition_joint,11.740684969046475,10.449244952271563,3.7388044206003763,0.12490065311855872,0.1107289948521631,0.03976823750380004,81.82669673263278,78.20770731974129,21.927334978981502,1.0,1.0,0.0,5.144744451049212e-07,4.555150464744328e-07,1.273929251478575e-07,1.313853704200301,1.2764763754967134,0.13878942460393157,13.38655334149953,13.366374561999692,0.5581624266571243
POD-E,well_pressure,1,condition_pressure,1.209133089389956,1.0058683200676903,0.4785913648677972,0.0175702694582939,0.0159757525173094,0.005125309108699506,11.338290994296683,10.486426144105387,3.0971857625278774,1.0,1.0,0.0,5.041368411157169e-07,4.6130826786909726e-07,1.355392567792608e-07,1.313853704200301,1.2764763754967134,0.13878942460393157,13.38655334149953,13.366374561999692,0.5581624266571243
POD-E,well_pressure,1,configured,1.184769750017894,0.9841305845471995,0.47889170169977313,0.017590873129810138,0.01591000491454185,0.00517257714776964,11.375252724864469,10.55841956337869,3.2347599379118375,1.0,1.0,0.0,5.783218101780386e-07,5.593684274804799e-07,1.8816359539296132e-07,1.313853704200301,1.2764763754967134,0.13878942460393157,13.38655334149953,13.366374561999692,0.5581624266571243
POD-E,well_pressure,1,dg_joint,11.740684969046475,10.449244952271563,3.7388044206003763,0.12490065311855872,0.1107289948521631,0.03976823750380004,81.82669673263278,78.20770731974129,21.927334978981502,1.0,1.0,0.0,6.831135380666535e-07,5.147255586435723e-07,4.819051598763622e-07,1.313853704200301,1.2764763754967134,0.13878942460393157,13.38655334149953,13.366374561999692,0.5581624266571243
POD-E,well_pressure,1,dg_pressure,1.209133089389956,1.0058683200676903,0.4785913648677972,0.0175702694582939,0.0159757525173094,0.005125309108699506,11.338290994296683,10.486426144105387,3.0971857625278774,1.0,1.0,0.0,5.78791738568308e-07,4.414173315324702e-07,3.8020832316689497e-07,1.313853704200301,1.2764763754967134,0.13878942460393157,13.38655334149953,13.366374561999692,0.5581624266571243
POD-E,well_pressure,2,condition_joint,1.2839910047173981,1.0423909590878258,0.5926096508073392,0.02103664120876044,0.0195345063320456,0.007738956272330798,13.401019564299762,12.05364087474971,4.413383185647775,5.439220833146625,5.40620419038471,0.13903053857057007,4.873751956773431e-07,4.649135322201493e-07,1.2872470792175756e-07,1.313853704200301,1.2764763754967134,0.13878942460393157,13.38655334149953,13.366374561999692,0.5581624266571243
POD-E,well_pressure,2,condition_pressure,0.46131530761614314,0.4146224409868013,0.24627622059655344,0.01185956567074985,0.011758501823642051,0.0012893790037668727,7.654242231505501,7.828147553958657,1.6634588597593634,5.492791232145503,5.465825710050003,0.10922602199240679,6.71929329908558e-07,4.61154159804442e-07,5.543909159778305e-07,1.313853704200301,1.2764763754967134,0.13878942460393157,13.38655334149953,13.366374561999692,0.5581624266571243
POD-E,well_pressure,2,configured,1.1715450942419783,0.9078683000988176,0.49528288686127714,0.01739164707022611,0.0162001897531639,0.005474176391143655,11.252980067144573,10.046254800296028,3.4812114280503823,153.44594059590545,150.40494581060932,10.484406905944079,5.046661533555366e-07,4.838646664826858e-07,1.0613449570550586e-07,1.313853704200301,1.2764763754967134,0.13878942460393157,13.38655334149953,13.366374561999692,0.5581624266571243
POD-E,well_pressure,2,dg_joint,1.2839910047173981,1.0423909590878258,0.5926096508073392,0.02103664120876044,0.0195345063320456,0.007738956272330798,13.401019564299762,12.05364087474971,4.413383185647775,5.439220833146625,5.40620419038471,0.13903053857057007,4.930473681140159e-07,4.490939865266918e-07,1.1392945649615005e-07,1.313853704200301,1.2764763754967134,0.13878942460393157,13.38655334149953,13.366374561999692,0.5581624266571243
POD-E,well_pressure,2,dg_pressure,0.46131530761614314,0.4146224409868013,0.24627622059655344,0.01185956567074985,0.011758501823642051,0.0012893790037668727,7.654242231505501,7.828147553958657,1.6634588597593634,5.492791232145503,5.465825710050003,0.10922602199240679,4.86559413121383e-07,4.498722131059442e-07,1.1161129412614586e-07,1.313853704200301,1.2764763754967134,0.13878942460393157,13.38655334149953,13.366374561999692,0.5581624266571243
POD-E,well_pressure,3,condition_joint,0.622363149836349,0.6240411244004141,0.17778505086443824,0.01571462424295099,0.0142136827717043,0.003981148726989308,10.220483376262175,9.520478993672073,3.501537168389449,37.4620012286901,35.050971862611306,4.701683413628048,5.156639219380747e-07,4.2904136528233e-07,1.5029255713651383e-07,1.313853704200301,1.2764763754967134,0.13878942460393157,13.38655334149953,13.366374561999692,0.5581624266571243
POD-E,well_pressure,3,condition_pressure,0.3473077781714632,0.3171015117517153,0.12527670068729319,0.011772326026795229,0.01243651528830385,0.0016480917288447523,7.491177039679148,7.535497765629314,1.7188132560506384,33.19937099528605,32.13842189394999,3.5257088035381963,4.7653533725761213e-07,4.418834304713637e-07,1.207945820989869e-07,1.313853704200301,1.2764763754967134,0.13878942460393157,13.38655334149953,13.366374561999692,0.5581624266571243
POD-E,well_pressure,3,configured,1.1594607321929158,0.9146500402040854,0.5005332939603039,0.01740666012731072,0.0157662813620262,0.005462852564317423,11.21882607698416,10.077144336960426,3.3833382123132374,1216.9787614873635,1215.0913957234602,46.75539767909396,4.996548895198936e-07,4.4016165442631714e-07,1.4372072665672612e-07,1.313853704200301,1.2764763754967134,0.13878942460393157,13.38655334149953,13.366374561999692,0.5581624266571243
POD-E,well_pressure,3,dg_joint,0.622363149836349,0.6240411244004141,0.17778505086443824,0.01571462424295099,0.0142136827717043,0.003981148726989308,10.220483376262175,9.520478993672073,3.501537168389449,37.4620012286901,35.050971862611306,4.701683413628048,5.151007464068025e-07,4.3828571561016713e-07,1.4728754374877768e-07,1.313853704200301,1.2764763754967134,0.13878942460393157,13.38655334149953,13.366374561999692,0.5581624266571243
POD-E,well_pressure,3,dg_pressure,0.3473077781714632,0.3171015117517153,0.12527670068729319,0.011772326026795229,0.01243651528830385,0.0016480917288447523,7.491177039679148,7.535497765629314,1.7188132560506384,33.19937099528605,32.13842189394999,3.5257088035381963,5.046060200276456e-07,4.918571418025215e-07,1.2305599096910432e-07,1.313853704200301,1.2764763754967134,0.13878942460393157,13.38655334149953,13.366374561999692,0.5581624266571243
POD-E,well_pressure,4,condition_joint,0.6477039351353708,0.6180939915349488,0.20628325221115854,0.01598230236375867,0.01425685028707845,0.004235453309704273,10.422450934290534,9.580013789658725,3.759665225896657,79.53798648989428,79.43234004562402,15.53815483710251,5.862451146647363e-07,4.5003006856230303e-07,3.3939245043589154e-07,1.313853704200301,1.2764763754967134,0.13878942460393157,13.38655334149953,13.366374561999692,0.5581624266571243
POD-E,well_pressure,4,condition_pressure,0.3221988626308086,0.2842046591392671,0.135414472572389,0.01084775881079009,0.0111129238059673,0.0021322095085527567,6.890089470502483,6.811467396467822,1.7210802980081479,50.47949037940483,49.649501676791715,3.154245275496024,5.074248025964077e-07,4.188609055656576e-07,1.4416084160215604e-07,1.313853704200301,1.2764763754967134,0.13878942460393157,13.38655334149953,13.366374561999692,0.5581624266571243
POD-E,well_pressure,4,configured,0.508333750327645,0.4894606836111641,0.17921285747643417,0.01090812997143489,0.0098679506911489,0.002129379329675515,7.018949669719113,7.043162251644124,1.782655328738995,1400.4496768239349,1416.2622212011843,53.499210141887666,5.810759351956413e-07,4.46582687020834e-07,3.8933029170186855e-07,1.313853704200301,1.2764763754967134,0.13878942460393157,13.38655334149953,13.366374561999692,0.5581624266571243
POD-E,well_pressure,4,dg_joint,0.6477039351353708,0.6180939915349488,0.20628325221115854,0.01598230236375867,0.01425685028707845,0.004235453309704273,10.422450934290534,9.580013789658725,3.759665225896657,79.53798648989428,79.43234004562402,15.53815483710251,3.0053578874295845e-06,4.6319172882187864e-07,8.00120317262763e-06,1.313853704200301,1.2764763754967134,0.13878942460393157,13.38655334149953,13.366374561999692,0.5581624266571243
POD-E,well_pressure,4,dg_pressure,0.3221988626308086,0.2842046591392671,0.135414472572389,0.01084775881079009,0.0111129238059673,0.0021322095085527567,6.890089470502483,6.811467396467822,1.7210802980081479,50.47949037940483,49.649501676791715,3.154245275496024,5.588668951750698e-07,4.392217702925541e-07,3.5225839592875755e-07,1.313853704200301,1.2764763754967134,0.13878942460393157,13.38655334149953,13.366374561999692,0.5581624266571243
POD-E,well_pressure,5,condition_joint,0.6450331993980682,0.631187251433436,0.2306057454020572,0.01686934192709134,0.0164753237438034,0.0036873549530718726,10.970107145564779,11.012546324791124,3.5535066105659925,115.06064219190685,113.57206819477534,6.274016265252616,4.890014980289441e-07,4.295075189276718e-07,1.0397007242125615e-07,1.313853704200301,1.2764763754967134,0.13878942460393157,13.38655334149953,13.366374561999692,0.5581624266571243
POD-E,well_pressure,5,condition_pressure,0.32642833884543465,0.28437863103371097,0.12189709302866078,0.01063460821520016,0.01033686434416355,0.0016946584206014486,6.768184229978644,6.853112163215954,1.4750456526265352,65.94419255294052,66.93822512057884,4.5326447643753465,4.980563999265712e-07,4.589586532709742e-07,1.0379413053716828e-07,1.313853704200301,1.2764763754967134,0.13878942460393157,13.38655334149953,13.366374561999692,0.5581624266571243
POD-E,well_pressure,5,configured,0.497020290695513,0.48899902653382227,0.165854188318632,0.01104735416963604,0.0100346746842468,0.0022413998990915905,7.109749139644949,7.066420532530401,1.9082115523996084,2150.329791389295,2161.9942179484365,99.91585254611537,5.402255580581977e-07,4.4486465836749095e-07,1.6177540246978595e-07,1.313853704200301,1.2764763754967134,0.13878942460393157,13.38655334149953,13.366374561999692,0.5581624266571243
POD-E,well_pressure,5,dg_joint,0.6450331993980682,0.631187251433436,0.2306057454020572,0.01686934192709134,0.0164753237438034,0.0036873549530718726,10.970107145564779,11.012546324791124,3.5535066105659925,115.06064219190685,113.57206819477534,6.274016265252616,4.983699280520047e-07,4.453308120128327e-07,1.275225323444143e-07,1.313853704200301,1.2764763754967134,0.13878942460393157,13.38655334149953,13.366374561999692,0.5581624266571243
POD-E,well_pressure,5,dg_pressure,0.32642833884543465,0.28437863103371097,0.12189709302866078,0.01063460821520016,0.01033686434416355,0.0016946584206014486,6.768184229978644,6.853112163215954,1.4750456526265352,65.94419255294052,66.93822512057884,4.5326447643753465,4.878751797902685e-07,4.2371804492471083e-07,1.1498112220729805e-07,1.313853704200301,1.2764763754967134,0.13878942460393157,13.38655334149953,13.366374561999692,0.5581624266571243
POD-E,well_pressure,6,condition_joint,0.4998272832766779,0.5521841349516674,0.17590657797236003,0.01377267431657701,0.013400578398965649,0.0036570691852583744,8.837428957902159,8.290250866758917,2.9856478526005534,145.74811069551905,143.9210111326484,11.924288676698126,4.770360817901678e-07,4.50187951371886e-07,9.372491879511394e-08,1.313853704200301,1.2764763754967134,0.13878942460393157,13.38655334149953,13.366374561999692,0.5581624266571243
POD-E,well_pressure,6,condition_pressure,0.3301127885448866,0.2973584935835512,0.12817030557518372,0.0103544253034203,0.0099894537956662,0.0012930022672565627,6.599991644960663,6.659819636025301,1.3410607301609652,86.60429521307852,85.23719834190784,6.654832216217965,5.092421125119931e-07,4.826127914746845e-07,1.0475992867549374e-07,1.313853704200301,1.2764763754967134,0.13878942460393157,13.38655334149953,13.366374561999692,0.5581624266571243
POD-E,well_pressure,6,configured,0.3725499639277825,0.321979786562376,0.14308956939359166,0.0115290958866611,0.011756070711342902,0.001985980826135643,7.312716574948469,7.359823475507527,1.626888499206826,2205.4934744739585,2223.8871178521795,109.00069275306683,5.258451092505086e-07,5.042255585628064e-07,1.0158807352233422e-07,1.313853704200301,1.2764763754967134,0.13878942460393157,13.38655334149953,13.366374561999692,0.5581624266571243
POD-E,well_pressure,6,dg_joint,0.4998272832766779,0.5521841349516674,0.17590657797236003,0.01377267431657701,0.013400578398965649,0.0036570691852583744,8.837428957902159,8.290250866758917,2.9856478526005534,145.74811069551905,143.9210111326484,11.924288676698126,4.953624027662147e-07,4.4360900861456204e-07,9.937374856000452e-08,1.313853704200301,1.2764763754967134,0.13878942460393157,13.38655334149953,13.366374561999692,0.5581624266571243
POD-E,well_pressure,6,dg_pressure,0.3301127885448866,0.2973584935835512,0.12817030557518372,0.0103544253034203,0.0099894537956662,0.0012930022672565627,6.599991644960663,6.659819636025301,1.3410607301609652,86.60429521307852,85.23719834190784,6.654832216217965,4.991218025351461e-07,4.620902144868291e-07,1.0124057711976888e-07,1.313853704200301,1.2764763754967134,0.13878942460393157,13.38655334149953,13.366374561999692,0.5581624266571243
POD-E,well_pressure,7,condition_joint,0.507641299674365,0.4878575215249018,0.1715999574439746,0.013804602526986709,0.0141935042154442,0.004087432608122487,8.865967434645809,8.845186538066812,3.245082101334792,207.86688139505242,210.0884925112216,17.814667000055742,4.828947375675566e-07,4.721165387856221e-07,9.149290208394864e-08,1.313853704200301,1.2764763754967134,0.13878942460393157,13.38655334149953,13.366374561999692,0.5581624266571243
POD-E,well_pressure,7,condition_pressure,0.33506366126712195,0.31028443317339205,0.1303634615903736,0.01020951687737247,0.009742876067547649,0.0015419480927918493,6.4864539465575834,6.499538151249652,1.3179244526869813,124.71245541060384,124.17939703900234,4.89009329574279,5.076127684818707e-07,4.603684110885584e-07,1.0631273116051553e-07,1.313853704200301,1.2764763754967134,0.13878942460393157,13.38655334149953,13.366374561999692,0.5581624266571243
POD-E,well_pressure,7,configured,0.35289851185304866,0.32399069666757835,0.14356985092716576,0.01191341493208999,0.012057746512348099,0.002065171758534492,7.514569969951461,7.152352029161904,1.5455436043514175,2438.605238605209,2461.7021378546897,124.09167364371946,4.924827100379966e-07,4.968684439326784e-07,6.95748801862894e-08,1.313853704200301,1.2764763754967134,0.13878942460393157,13.38655334149953,13.366374561999692,0.5581624266571243
POD-E,well_pressure,7,dg_joint,0.507641299674365,0.4878575215249018,0.1715999574439746,0.013804602526986709,0.0141935042154442,0.004087432608122487,8.865967434645809,8.845186538066812,3.245082101334792,207.86688139505242,210.0884925112216,17.814667000055742,4.7396616380017504e-07,4.4219927815020203e-07,7.28413736419415e-08,1.313853704200301,1.2764763754967134,0.13878942460393157,13.38655334149953,13.366374561999692,0.5581624266571243
POD-E,well_pressure,7,dg_pressure,0.338415258205338,0.31028443317339205,0.13064181189849564,0.01023356660747348,0.0098036792560624,0.0015263229279416956,6.506840175550083,6.499538151249652,1.326470954689071,124.62511873101066,123.74271364103653,4.879105196641058,5.108714237182464e-07,4.4141352943431844e-07,1.6219304883053832e-07,1.313853704200301,1.2764763754967134,0.13878942460393157,13.38655334149953,13.366374561999692,0.5581624266571243
POD-E,well_pressure,8,condition_joint,0.5293364662701965,0.47169412257065213,0.18566140050251076,0.0147901763749472,0.0146959695710705,0.003469402295540926,9.468454223707866,8.987981988259897,2.961067064313984,239.10489985169238,238.27388513409505,30.63308675097393,4.6040150848973575e-07,4.304511504531383e-07,6.475798052156018e-08,1.313853704200301,1.2764763754967134,0.13878942460393157,13.38655334149953,13.366374561999692,0.5581624266571243
POD-E,well_pressure,8,condition_pressure,0.4031346506948633,0.39779738089658556,0.11979701311127473,0.01128133025469486,0.0112980896588249,0.0018858772978795262,7.183139469645208,7.366144117045486,1.5371747605253698,140.3920608840759,138.6066936502558,9.001021455828825,5.415736781205646e-07,4.6992480699708195e-07,1.6036600445895957e-07,1.313853704200301,1.2764763754967134,0.13878942460393157,13.38655334149953,13.366374561999692,0.5581624266571243
POD-E,well_pressure,8,configured,0.3675972949266394,0.3269844445119692,0.11549812877846741,0.01163574731531369,0.01141546850734485,0.001604836982355841,7.326869160583503,7.336020229593473,1.1288485860876465,3645.7575608263405,3638.7217457585257,145.25025569288653,5.093661648539925e-07,4.44075189613128e-07,1.303750091996801e-07,1.313853704200301,1.2764763754967134,0.13878942460393157,13.38655334149953,13.366374561999692,0.5581624266571243
POD-E,well_pressure,8,dg_joint,0.523824830141964,0.46949763865258987,0.18373657134406082,0.01471115227360662,0.0146411220697334,0.003481042046245375,9.410645732020715,8.987981988259897,2.9417594248153502,239.92803853122828,237.75504570440484,33.31502247408521,4.970887085051745e-07,4.6569922622958467e-07,9.282808151185793e-08,1.313853704200301,1.2764763754967134,0.13878942460393157,13.38655334149953,13.366374561999692,0.5581624266571243
POD-E,well_pressure,8,dg_pressure,0.40313465069486315,0.3977973808965847,0.11979701311127482,0.01128133025469487,0.0112980896588249,0.0018858772978795153,7.183139469645212,7.366144117045513,1.5371747605253694,140.39206088407593,138.6066936502558,9.001021455828818,4.711466153411377e-07,4.4940600475415415e-07,7.118322321057869e-08,1.313853704200301,1.2764763754967134,0.13878942460393157,13.38655334149953,13.366374561999692,0.5581624266571243
POD-E,well_pressure,9,condition_joint,0.5294135240083219,0.477913440865256,0.20069362375666114,0.01447658902267462,0.0141037869923866,0.0037725955103199947,9.279738925613648,8.824532521159297,3.149567654787716,269.0296410658444,266.85207568508537,23.582081936767423,5.082075096337698e-07,4.41259394016439e-07,1.1710527564837026e-07,1.313853704200301,1.2764763754967134,0.13878942460393157,13.38655334149953,13.366374561999692,0.5581624266571243
POD-E,well_pressure,9,condition_pressure,0.3795736080809825,0.37315308271686726,0.08986531512211397,0.0111583302493786,0.011472265828212501,0.0016352451190642574,7.1220517292722105,7.195134530018747,1.526882505409885,166.441540710176,167.03871596788707,7.37466261681867,5.13596242491534e-07,4.996879869210709e-07,9.823520639934926e-08,1.313853704200301,1.2764763754967134,0.13878942460393157,13.38655334149953,13.366374561999692,0.5581624266571243
POD-E,well_pressure,9,configured,0.37453870939720985,0.33554933498023576,0.11493577105333373,0.011740339446393421,0.011560474430806999,0.0016873490162572025,7.393182049128088,7.32419814526512,1.1797218748751785,4003.0039422272603,3993.540269649854,117.26242462015392,5.190157914915844e-07,4.609962222884108e-07,1.1698832831763736e-07,1.313853704200301,1.2764763754967134,0.13878942460393157,13.38655334149953,13.366374561999692,0.5581624266571243
POD-E,well_pressure,9,dg_joint,0.5249087769078787,0.4751179322779959,0.18633928633484276,0.01413020238971488,0.014103786992386451,0.003466856728528023,9.001452638114776,8.874670439544287,2.6476239663730867,282.5712988466204,286.61921167983434,27.562008171491836,4.927323300906114e-07,4.393834552002889e-07,8.651565419763741e-08,1.313853704200301,1.2764763754967134,0.13878942460393157,13.38655334149953,13.366374561999692,0.5581624266571243
POD-E,well_pressure,9,dg_pressure,0.365017459520498,0.3456831696821998,0.08829817972362122,0.01132174704142471,0.011472265828212501,0.0015568945099959741,7.210301379547505,7.195134530018747,1.4651166525471389,166.9756046021869,167.0387159678871,7.886530726219425,5.330511356119234e-07,5.134699362438676e-07,1.1019482164675991e-07,1.313853704200301,1.2764763754967134,0.13878942460393157,13.38655334149953,13.366374561999692,0.5581624266571243
POD-E,well_pressure,10,condition_joint,0.5174608359381578,0.4833870581558217,0.16053478921604125,0.01413299418351413,0.0141480502332067,0.0034271668507928257,9.022440027300178,8.968110811066888,2.719946913770635,306.7584961369553,303.93002426541216,32.845494470260014,4.832075162146493e-07,4.594285816612437e-07,8.063799522235507e-08,1.313853704200301,1.2764763754967134,0.13878942460393157,13.38655334149953,13.366374561999692,0.5581624266571243
POD-E,well_pressure,10,condition_pressure,0.3673885776518385,0.3270879167360222,0.0880584503791036,0.0114613411874719,0.0114676745543866,0.0016612517485169005,7.287359705701242,6.870253014363191,1.5415728953302987,192.42507797872832,185.98795411392078,13.830022338382983,4.989014941974915e-07,4.426691518340232e-07,1.2225877035938506e-07,1.313853704200301,1.2764763754967134,0.13878942460393157,13.38655334149953,13.366374561999692,0.5581624266571243
POD-E,well_pressure,10,configured,0.3704211531738916,0.33206035024322156,0.11451040857184935,0.01160190238737025,0.0113664886116229,0.0015060146420219599,7.318982408993163,7.362683237352526,1.1590947960382283,11364.9496622224,11160.688664488145,520.6591255718085,5.357142838061248e-07,4.6021427567067895e-07,1.3747298033692777e-07,1.313853704200301,1.2764763754967134,0.13878942460393157,13.38655334149953,13.366374561999692,0.5581624266571243
POD-E,well_pressure,10,dg_joint,0.5414381562271362,0.49891210583337775,0.18448600945802415,0.01440256574738304,0.01415224022809635,0.003645282902780675,9.13885051694081,9.22730332353159,2.6408087332027375,325.4249361047662,335.5848915307464,24.355440307893858,5.252187915366927e-07,4.539473784940415e-07,1.4188040293102886e-07,1.313853704200301,1.2764763754967134,0.13878942460393157,13.38655334149953,13.366374561999692,0.5581624266571243
POD-E,well_pressure,10,dg_pressure,0.3673885776518384,0.3270879167360222,0.08805845037910358,0.01146134118747191,0.0114676745543866,0.0016612517485168844,7.287359705701247,6.870253014363213,1.5415728953302967,192.42507797872832,185.98795411392078,13.830022338382983,4.923255767067544e-07,4.832368552828334e-07,6.420425390234065e-08,1.313853704200301,1.2764763754967134,0.13878942460393157,13.38655334149953,13.366374561999692,0.5581624266571243
POD-E,well_pressure,11,condition_joint,0.5002409813479208,0.4841634811562042,0.16502947178350216,0.013831771221660499,0.01306256900086215,0.0032008806600871153,8.754290770373803,8.320592598317628,2.296521001496154,374.83169440125437,370.1698737599942,43.8268534633447,5.434218151197258e-07,4.6507144238295636e-07,2.868518675775539e-07,1.313853704200301,1.2764763754967134,0.13878942460393157,13.38655334149953,13.366374561999692,0.5581624266571243
POD-E,well_pressure,11,condition_pressure,0.36761720599411446,0.336067437543857,0.09040386844607506,0.01166727815163441,0.0115048161813449,0.001888698468521925,7.377047615589563,6.9557254555685955,1.4356652824987373,221.2978400749633,209.71693765799444,27.12431844469216,6.055458559553119e-07,4.3484208146040156e-07,3.722039526164007e-07,1.313853704200301,1.2764763754967134,0.13878942460393157,13.38655334149953,13.366374561999692,0.5581624266571243
POD-E,well_pressure,11,configured,0.35460074025315047,0.3298560516516374,0.10668049568911125,0.01165149455486736,0.011366494811501999,0.001622740449658298,7.330797357889023,7.322081019323301,1.1712853649863688,12572.323677872617,12078.164193939045,1077.6317910920277,4.890977430833098e-07,4.3609023642992337e-07,1.189618271519256e-07,1.313853704200301,1.2764763754967134,0.13878942460393157,13.38655334149953,13.366374561999692,0.5581624266571243
POD-E,well_pressure,11,dg_joint,0.5282282495669086,0.4780720989513748,0.162058713339924,0.014198862862766401,0.014651004534473648,0.0036480648563593427,9.025297282358554,8.907203127880267,2.708494984082195,356.94617235428933,357.3270122545773,24.725448042454694,7.108082781244714e-07,4.707067809680379e-07,7.647680747053808e-07,1.313853704200301,1.2764763754967134,0.13878942460393157,13.38655334149953,13.366374561999692,0.5581624266571243
POD-E,well_pressure,11,dg_pressure,0.37696055893761665,0.3360674375438564,0.09777167440093625,0.01179564076093108,0.0115048161813449,0.0020885433572643388,7.4682504152281,6.955725455568592,1.617045055642026,219.39366584020848,209.7169376579945,24.050619277665305,6.381894780858595e-07,4.655413434200017e-07,5.377141624412117e-07,1.313853704200301,1.2764763754967134,0.13878942460393157,13.38655334149953,13.366374561999692,0.5581624266571243
POD-E,well_pressure,12,condition_joint,0.4577238153247284,0.40011259640385566,0.13180913292442883,0.01332059244811529,0.01279983510169165,0.002966898852023358,8.442424511722976,8.306752630644457,2.2222456935984187,459.3426411156805,455.28731274540144,74.05199424474166,5.168541373082794e-07,4.490902391349883e-07,1.3683256941665912e-07,1.313853704200301,1.2764763754967134,0.13878942460393157,13.38655334149953,13.366374561999692,0.5581624266571243
POD-E,well_pressure,12,condition_pressure,0.3864016076095569,0.3528136245932666,0.09799982295023049,0.01207166995774479,0.011810217401064499,0.002072356035940638,7.686419146425534,7.231424660294707,1.7952067553975422,270.920542660876,263.2176036835747,28.78633416320475,5.037278064729688e-07,4.887217784885149e-07,1.2864620118072786e-07,1.313853704200301,1.2764763754967134,0.13878942460393157,13.38655334149953,13.366374561999692,0.5581624266571243
POD-E,well_pressure,12,configured,0.3556701998260115,0.3294799097724048,0.0971922148256839,0.01119726908492387,0.01120011034542355,0.0013459332045121814,7.080340622940224,7.274533051513618,1.1694072899914898,13979.161163660488,13360.266308640492,1219.7669297715333,5.094639033943947e-07,4.429849448064132e-07,1.4667185353318487e-07,1.313853704200301,1.2764763754967134,0.13878942460393157,13.38655334149953,13.366374561999692,0.5581624266571243
POD-E,well_pressure,12,dg_joint,0.5315330347476197,0.4729738591948604,0.17721142632532255,0.01413072770905649,0.0139771737652781,0.003785510121237965,9.001922159540353,8.976549925970101,2.8573443766312767,390.2509691240019,377.6147369246255,30.26363469788969,5.899443482819076e-07,4.503458615346931e-07,3.960606851909661e-07,1.313853704200301,1.2764763754967134,0.13878942460393157,13.38655334149953,13.366374561999692,0.5581624266571243
POD-E,well_pressure,12,dg_pressure,0.3864016076095568,0.3528136245932666,0.09799982295023055,0.01207166995774478,0.011810217401064499,0.00207235603594065,7.686419146425534,7.2314246602947065,1.7952067553975422,270.9205426608759,263.2176036835747,28.786334163204764,5.855270542372438e-07,4.295112389661512e-07,2.960515409758301e-07,1.313853704200301,1.2764763754967134,0.13878942460393157,13.38655334149953,13.366374561999692,0.5581624266571243
POD-E,well_pressure,13,condition_joint,0.44781210218545864,0.413523416608675,0.1483501571360981,0.013314187740431851,0.012307716417889851,0.0030336537565116327,8.436805713930337,8.010304209223515,2.2665323714727363,524.6425060143673,522.843592131735,93.96708022202255,5.302323202192923e-07,4.3577819084923693e-07,2.285841467984644e-07,1.313853704200301,1.2764763754967134,0.13878942460393157,13.38655334149953,13.366374561999692,0.5581624266571243
POD-E,well_pressure,13,condition_pressure,0.39226696231778185,0.34780281629548404,0.10587807043949966,0.01213259121555824,0.01138824000859455,0.002234658601853403,7.732861581112816,7.3354522935322795,1.8848145555960962,320.8372014468678,313.3218303048029,23.071530338401526,4.881887352689261e-07,4.3750002160073166e-07,9.94240179626007e-08,1.313853704200301,1.2764763754967134,0.13878942460393157,13.38655334149953,13.366374561999692,0.5581624266571243
POD-E,well_pressure,13,configured,0.35308759263703016,0.32849521083510846,0.09390847897632545,0.01123566180120862,0.01147702522055935,0.001305740528695185,7.104075602460396,7.328158499501089,1.1531071848881889,14691.378476359474,13867.027544666853,1602.108874977196,5.053255739411745e-07,4.379699499910011e-07,1.4983170371572333e-07,1.313853704200301,1.2764763754967134,0.13878942460393157,13.38655334149953,13.366374561999692,0.5581624266571243
POD-E,well_pressure,13,dg_joint,0.5148408798603703,0.4624845265599087,0.17849461639190506,0.01398821934252234,0.013715774516837451,0.0036444944969707673,8.89588892552129,8.490512813085719,2.7232419093683684,417.76012697932356,414.4033719427913,29.777630900071134,5.24467666531892e-07,4.4532706462112923e-07,2.3021943985956616e-07,1.313853704200301,1.2764763754967134,0.13878942460393157,13.38655334149953,13.366374561999692,0.5581624266571243
POD-E,well_pressure,13,dg_pressure,0.3922669623177818,0.3478028162954836,0.10587807043949969,0.01213259121555824,0.01138824000859455,0.002234658601853403,7.732861581112816,7.335452293532278,1.8848145555960962,320.8372014468678,313.32183030480286,23.071530338401562,5.150684148959003e-07,4.816729346941457e-07,1.2020827861321632e-07,1.313853704200301,1.2764763754967134,0.13878942460393157,13.38655334149953,13.366374561999692,0.5581624266571243
POD-E,well_pressure,14,condition_joint,0.4218802467521412,0.3685598447327474,0.13374268583287358,0.01306698136798699,0.0126143903492312,0.002789905831550816,8.273097728201327,8.049173578227016,2.139863540450843,646.1730659617738,690.3875237801071,86.92414450489882,5.198300860321527e-07,4.672631741714965e-07,1.287080416756038e-07,1.313853704200301,1.2764763754967134,0.13878942460393157,13.38655334149953,13.366374561999692,0.5581624266571243
POD-E,well_pressure,14,condition_pressure,0.3907957194435346,0.3219239584320239,0.12620901914565064,0.012394317432343979,0.0117017335950296,0.0021619033129284602,7.889611905974793,7.562746529735914,1.8877932291223476,391.5098587963404,382.1735827470875,33.99236264091124,4.755962408967036e-07,4.4423309977593503e-07,9.266191576803078e-08,1.313853704200301,1.2764763754967134,0.13878942460393157,13.38655334149953,13.366374561999692,0.5581624266571243
POD-E,well_pressure,14,configured,0.34005726812311593,0.32062677680623514,0.09715664031872462,0.01141068033164714,0.01175983660041345,0.0012506915537369532,7.212007354138665,7.389048369188693,1.174547399366537,15362.016559405101,14345.421577572186,1820.2116806803044,5.042285783587486e-07,4.4956016752525776e-07,1.2967782647476092e-07,1.313853704200301,1.2764763754967134,0.13878942460393157,13.38655334149953,13.366374561999692,0.5581624266571243
POD-E,well_pressure,14,dg_joint,0.5066356086960023,0.4245713310871913,0.1849393724544071,0.01408600822614757,0.01380816935530785,0.0036364258185618025,8.932379476679742,8.52703529602039,2.669789377660675,434.93972473405046,434.9619258187673,29.763766158953327,4.718022502405583e-07,4.276278327198181e-07,1.062258365062048e-07,1.313853704200301,1.2764763754967134,0.13878942460393157,13.38655334149953,13.366374561999692,0.5581624266571243
POD-E,well_pressure,14,dg_pressure,0.39079571944353464,0.3219239584320239,0.12620901914565064,0.012394317432343979,0.0117017335950296,0.0021619033129284602,7.889611905974793,7.562746529735907,1.8877932291223471,391.5098587963404,382.1735827470875,33.9923626409113,4.6720000463572884e-07,4.335864864139208e-07,7.394646336430615e-08,1.313853704200301,1.2764763754967134,0.13878942460393157,13.38655334149953,13.366374561999692,0.5581624266571243
POD-E,well_pressure,15,condition_joint,0.43043801809574883,0.37565157752639067,0.13439152409710353,0.013136054168868542,0.013049610671941249,0.0027691535069724314,8.32894720820214,8.429618971266887,2.1447701061203097,716.2821613602421,749.4151443119429,88.0186002468224,5.120300734678242e-07,4.5535713631162576e-07,1.4035276765009883e-07,1.313853704200301,1.2764763754967134,0.13878942460393157,13.38655334149953,13.366374561999692,0.5581624266571243
POD-E,well_pressure,15,condition_pressure,0.39974859016163233,0.3199560413603634,0.14138550585046938,0.01254410269695649,0.011798921551973051,0.0023986190528362404,7.992100371864538,7.655224782109828,2.0267806023269554,498.9850515532471,495.55797950995463,70.66555871073193,4.6347067153074296e-07,4.4564660498522276e-07,6.520533947039823e-08,1.313853704200301,1.2764763754967134,0.13878942460393157,13.38655334149953,13.366374561999692,0.5581624266571243
POD-E,well_pressure,15,configured,0.3222180175825876,0.2998117087601862,0.09800053130848684,0.0111620467281451,0.0112601561603607,0.0009935206969987132,7.0723756618533375,7.372692995300406,1.1747865980074075,16477.64064772692,15509.66891782497,1916.960107999379,5.998127678885384e-07,4.5990223008999256e-07,4.1550748931298814e-07,1.313853704200301,1.2764763754967134,0.13878942460393157,13.38655334149953,13.366374561999692,0.5581624266571243
POD-E,well_pressure,15,dg_joint,0.4771175216268123,0.3421442164187055,0.19580546950195343,0.01411250262454063,0.01298503215857855,0.003471458690038978,8.936379888740607,8.260811213524075,2.6055162042013262,481.24017766430006,464.9706426676697,54.79155209582077,5.007834616642362e-07,4.3812783280058403e-07,1.6342291387484368e-07,1.313853704200301,1.2764763754967134,0.13878942460393157,13.38655334149953,13.366374561999692,0.5581624266571243
POD-E,well_pressure,15,dg_pressure,0.39974859016163233,0.3199560413603632,0.1413855058504694,0.01254410269695649,0.011798921551973051,0.0023986190528362404,7.992100371864536,7.655224782109819,2.0267806023269563,498.9850515532471,495.55797950995463,70.66555871073196,4.991842280632179e-07,4.5504137069245983e-07,1.3475486801083113e-07,1.313853704200301,1.2764763754967134,0.13878942460393157,13.38655334149953,13.366374561999692,0.5581624266571243
POD-E,well_pressure,16,condition_joint,0.4138473997091861,0.3746268314611835,0.11652205678161312,0.01302725456693753,0.012921038410693801,0.0024415764171922443,8.294029495829383,8.44315806225428,2.096942168802562,818.0403239609424,813.061797828163,40.687172817261576,4.860255657170051e-07,4.791654372864395e-07,6.7669063228292e-08,1.313853704200301,1.2764763754967134,0.13878942460393157,13.38655334149953,13.366374561999692,0.5581624266571243
POD-E,well_pressure,16,condition_pressure,0.3965884630229173,0.3164304815748614,0.1324886247454462,0.012634375209439289,0.012045462055675651,0.002409717856896215,8.048689174513793,7.831207083716825,2.024420208980299,588.6365184999074,588.7428288254368,45.26566478852645,4.570481235676102e-07,4.4486091097578745e-07,7.021008197894666e-08,1.313853704200301,1.2764763754967134,0.13878942460393157,13.38655334149953,13.366374561999692,0.5581624266571243
POD-E,well_pressure,16,configured,0.3265881423372223,0.2999069147153184,0.10172753891853249,0.01115791813347849,0.011294647608410952,0.0009572065207651342,7.070509583005682,7.422579001057793,1.1562144971156247,22134.39006537158,21139.002851653633,1927.0052464947667,5.055127903482969e-07,4.586466350435118e-07,1.3078018038992267e-07,1.313853704200301,1.2764763754967134,0.13878942460393157,13.38655334149953,13.366374561999692,0.5581624266571243
POD-E,well_pressure,16,dg_joint,0.4364337124364349,0.3580244319860739,0.14376062033099216,0.013383725409175831,0.012936393113474949,0.002834924045370911,8.511646601867408,8.210343222819507,2.2817274651247965,591.9747420719302,589.1779127163072,37.84485193875115,4.893157975152975e-07,4.6068420406094844e-07,9.583231333514063e-08,1.313853704200301,1.2764763754967134,0.13878942460393157,13.38655334149953,13.366374561999692,0.5581624266571243
POD-E,well_pressure,16,dg_pressure,0.3965884630229174,0.31643048157486153,0.1324886247454462,0.01263437520943928,0.012045462055675651,0.0024097178568962237,8.048689174513793,7.831207083716818,2.024420208980299,588.6365184999074,588.7428288254368,45.26566478852631,4.6378346111912533e-07,4.390639148361953e-07,7.878351694956359e-08,1.313853704200301,1.2764763754967134,0.13878942460393157,13.38655334149953,13.366374561999692,0.5581624266571243
POD-E,well_pressure,17,condition_joint,0.41022066461049667,0.35193978484396604,0.11980987897847768,0.01306605712833089,0.01298722629738285,0.0024886837178434195,8.30088080497514,8.330783230596282,2.0743800004845014,832.7463534379922,825.5640482492643,40.63758438345039,4.5307143525696617e-07,4.351504070026086e-07,5.232284985765482e-08,1.313853704200301,1.2764763754967134,0.13878942460393157,13.38655334149953,13.366374561999692,0.5581624266571243
POD-E,well_pressure,17,condition_pressure,0.3804097609071247,0.326773071900495,0.10573276862998832,0.01237868688057828,0.012125483085221551,0.0020164161585608923,7.850140749253008,7.768927235425463,1.6901543020940812,689.6556551562082,689.043879302814,25.77678051881725,4.632210460074834e-07,4.450187937853704e-07,6.522158529762155e-08,1.313853704200301,1.2764763754967134,0.13878942460393157,13.38655334149953,13.366374561999692,0.5581624266571243
POD-E,well_pressure,17,configured,0.3171684669224243,0.2864831443155966,0.0974274233915776,0.011108198504435809,0.011025236898760199,0.001240208319037304,6.988808886791172,7.147900385613872,0.9822444605400985,22565.441696175945,21558.319964426195,2185.668966835609,4.80357140672036e-07,4.6600752441856757e-07,8.089734064001763e-08,1.313853704200301,1.2764763754967134,0.13878942460393157,13.38655334149953,13.366374561999692,0.5581624266571243
POD-E,well_pressure,17,dg_joint,0.4331955710179164,0.34887369867944806,0.14640346975147633,0.013386633664870681,0.01266659239474615,0.0029568783786885987,8.53091464537461,8.390918457774527,2.3755163078952197,635.204113502217,636.0092649468993,38.32339473549929,4.733706731699351e-07,4.4956014017203365e-07,7.51529779424787e-08,1.313853704200301,1.2764763754967134,0.13878942460393157,13.38655334149953,13.366374561999692,0.5581624266571243
POD-E,well_pressure,17,dg_pressure,0.38040976090712475,0.3267730719004952,0.10573276862998827,0.01237868688057828,0.012125483085221551,0.0020164161585608923,7.850140749253008,7.768927235425463,1.6901543020940801,689.6556551562081,689.043879302814,25.77678051881719,4.4580301072070364e-07,4.4470677555790806e-07,4.555636394751857e-08,1.313853704200301,1.2764763754967134,0.13878942460393157,13.38655334149953,13.366374561999692,0.5581624266571243
POD-E,well_pressure,18,condition_joint,0.3937442149397888,0.32220316398630044,0.12773755124182154,0.01250822099903702,0.0123494165042354,0.0024048685754345035,7.988857939352718,7.612835484935381,2.2272763441847006,985.2786317960456,980.2617032851472,153.91169173792636,4.4718120838830574e-07,4.489361037171089e-07,3.0191075582732995e-08,1.313853704200301,1.2764763754967134,0.13878942460393157,13.38655334149953,13.366374561999692,0.5581624266571243
POD-E,well_pressure,18,condition_pressure,0.32837563779191703,0.29233502843316816,0.10530956591467784,0.01169090409470129,0.0116932493001591,0.0015380563699070881,7.427159097558548,7.335798303208836,1.6206268361823037,820.9046556396266,820.5483151249141,32.3927641694125,4.5617068137385347e-07,4.628759358494886e-07,2.9730686244121065e-08,1.313853704200301,1.2764763754967134,0.13878942460393157,13.38655334149953,13.366374561999692,0.5581624266571243
POD-E,well_pressure,18,configured,0.2942259937209283,0.2667650760891802,0.11736567984276461,0.010953500543922,0.01084562767238915,0.0010117574255672193,6.905641060930982,7.12299382404194,1.0084258032431765,62956.30001691944,62613.48601706156,4960.07577983351,4.574556319004527e-07,4.4768042661095587e-07,3.655051232836901e-08,1.313853704200301,1.2764763754967134,0.13878942460393157,13.38655334149953,13.366374561999692,0.5581624266571243
POD-E,well_pressure,18,dg_joint,0.36025303662999775,0.3198657650581325,0.10788345668366277,0.0120674982113487,0.0117880638994243,0.0019108223446104302,7.705447397865344,7.550725430521334,1.967542749666464,753.7670371274289,736.4145833043683,63.88580384849609,4.6071504755645876e-07,4.506579071153795e-07,5.720786352987714e-08,1.313853704200301,1.2764763754967134,0.13878942460393157,13.38655334149953,13.366374561999692,0.5581624266571243
POD-E,well_pressure,18,dg_pressure,0.32837563779191703,0.29233502843316816,0.10530956591467783,0.01169090409470129,0.0116932493001591,0.0015380563699070881,7.427159097558548,7.335798303208833,1.620626836182304,820.9046556396264,820.5483151249141,32.39276416941242,4.51315030030192e-07,4.456428575935192e-07,4.118605051928357e-08,1.313853704200301,1.2764763754967134,0.13878942460393157,13.38655334149953,13.366374561999692,0.5581624266571243
POD-E,well_pressure,19,condition_joint,0.35986212825052966,0.3186347049272149,0.1319658471860802,0.01225572134833927,0.011722776422901149,0.0022553730002160526,7.779397662901414,7.361671303514087,1.9835887012282136,1478.0518142824278,1463.34683655221,291.88093145803657,4.5259999149808087e-07,4.4486091097578745e-07,3.474904079353256e-08,1.313853704200301,1.2764763754967134,0.13878942460393157,13.38655334149953,13.366374561999692,0.5581624266571243
POD-E,well_pressure,19,condition_pressure,0.3301565029202932,0.2942969994398559,0.1139290724050856,0.0117505839102869,0.01170620038301175,0.0016266970849402353,7.45116425782317,7.255950743267403,1.6227923806177948,1408.8746001368895,1323.6589609614502,179.44435022244144,4.3868947108066115e-07,4.5081576257173844e-07,2.5444911749041345e-08,1.313853704200301,1.2764763754967134,0.13878942460393157,13.38655334149953,13.366374561999692,0.5581624266571243
POD-E,well_pressure,19,configured,0.2927281253339138,0.2649806168071182,0.11954815441440018,0.01098749655599067,0.010883195536636449,0.0009056234124243596,6.938580698561646,7.155386562936974,1.054013089248629,66059.43120771198,64772.22000464324,7132.022566980615,4.516593961804909e-07,4.4360900861456204e-07,3.7114638391494415e-08,1.313853704200301,1.2764763754967134,0.13878942460393157,13.38655334149953,13.366374561999692,0.5581624266571243
POD-E,well_pressure,19,dg_joint,0.34789301678560247,0.30561541693973926,0.11016109320428669,0.01198126422641326,0.01170474820710295,0.0016247573398981666,7.6194542554424824,7.466036662950408,1.739257855822414,1206.0151857934825,1111.0020038818761,227.72852278444455,4.5751804648723483e-07,4.53477422750548e-07,5.0641429032908485e-08,1.313853704200301,1.2764763754967134,0.13878942460393157,13.38655334149953,13.366374561999692,0.5581624266571243
POD-E,well_pressure,19,dg_pressure,0.3319647854760216,0.29662820988966543,0.1137348135023386,0.01174569140987904,0.01184692114978215,0.0016441252597639057,7.453051627827189,7.255950743267399,1.6499033915857844,1465.0720828279304,1406.5145767960807,201.49012645158507,4.471511307830705e-07,4.428270893500544e-07,3.263185364832399e-08,1.313853704200301,1.2764763754967134,0.13878942460393157,13.38655334149953,13.366374561999692,0.5581624266571243
POD-E,well_pressure,20,condition_joint,0.34204421031154836,0.3078337464950288,0.12608972828630258,0.01197265165343515,0.0117448884539475,0.0017874252420440222,7.5823271110717005,7.289748719749202,1.6666781780472733,2169.3262684464985,2006.0508745332684,394.1361751507693,4.5563910428707704e-07,4.50969952696066e-07,3.982938230880123e-08,1.313853704200301,1.2764763754967134,0.13878942460393157,13.38655334149953,13.366374561999692,0.5581624266571243
POD-E,well_pressure,20,condition_pressure,0.3227451976046208,0.2998696745272248,0.10831596552731182,0.01168822015270218,0.0118474965522966,0.001463692355302131,7.4317887078445395,7.310419219652279,1.6378440282622013,2285.403160974906,2251.2946222213795,271.0324858926999,4.65945864780771e-07,4.4298122476793373e-07,7.052017370637927e-08,1.313853704200301,1.2764763754967134,0.13878942460393157,13.38655334149953,13.366374561999692,0.5581624266571243
POD-E,well_pressure,20,configured,0.29071764626880403,0.26558531302875454,0.1241359259214788,0.010853801238242412,0.0107506539451925,0.0009170385854949864,6.8594278240789155,6.882870323462516,1.0706201228147783,76414.23082147978,74798.9737685796,6281.34657706887,4.5892931967343493e-07,4.404774473987072e-07,4.072166828466721e-08,1.313853704200301,1.2764763754967134,0.13878942460393157,13.38655334149953,13.366374561999692,0.5581624266571243
POD-E,well_pressure,20,dg_joint,0.3176859829866797,0.2986975182408952,0.10895988854789315,0.01171130848507269,0.01196041880593195,0.0013753500778048188,7.438229461476309,7.289279446238515,1.569762650212834,2180.1318453978497,2140.987420335785,280.3537588555874,4.5147218524401345e-07,4.495601401720336e-07,2.344540224353976e-08,1.313853704200301,1.2764763754967134,0.13878942460393157,13.38655334149953,13.366374561999692,0.5581624266571243
POD-E,well_pressure,20,dg_pressure,0.3227451976046208,0.29986967452722474,0.10831596552731182,0.01168822015270217,0.0118474965522966,0.0014636923553021488,7.4317887078445395,7.310419219652276,1.6378440282622018,2285.403160974904,2251.2946222213786,271.03248589270237,4.622488741279769e-07,4.5018797872511013e-07,3.674066600810792e-08,1.313853704200301,1.2764763754967134,0.13878942460393157,13.38655334149953,13.366374561999692,0.5581624266571243
POD-E,well_pressure,21,condition_joint,0.32688985108596547,0.2959377744514396,0.11979225326702389,0.011821300964221031,0.0118605629174222,0.0016601280635968366,7.506415861479823,7.205575822247569,1.7013172662780793,3264.8374083931326,3320.9161537734944,371.93491617758923,4.556075277251605e-07,4.589586806241983e-07,3.370908944109069e-08,1.313853704200301,1.2764763754967134,0.13878942460393157,13.38655334149953,13.366374561999692,0.5581624266571243
POD-E,well_pressure,21,condition_pressure,0.31389681074812203,0.29774895116374533,0.10893338636888764,0.01159174091252781,0.0116927050185754,0.001376460751507877,7.349589536748455,7.237560992658823,1.5079667116426547,3169.7420718860226,3086.363980793444,502.5143454376834,4.514729456636438e-07,4.436090633210103e-07,2.4303299982803563e-08,1.313853704200301,1.2764763754967134,0.13878942460393157,13.38655334149953,13.366374561999692,0.5581624266571243
POD-E,well_pressure,21,configured,0.2772100270029091,0.26672522623527084,0.10714868333819456,0.01076029079175836,0.01071842566315875,0.0007953122857498789,6.8158420949894465,7.0851323406744005,1.1401087656386053,78625.82249770142,76618.03175520556,6481.136919289914,4.7603308282708545e-07,4.490902117817642e-07,7.936238104134749e-08,1.313853704200301,1.2764763754967134,0.13878942460393157,13.38655334149953,13.366374561999692,0.5581624266571243
POD-E,well_pressure,21,dg_joint,0.31269655804332286,0.28927436930376826,0.1150436631749537,0.01164601582893866,0.0116582571415075,0.001490161533412648,7.3795788713870705,7.156589202034143,1.5461166518077312,3130.2270519110916,3198.805079118257,489.04194703665473,4.905082667911691e-07,4.594285816612436e-07,8.308355832384962e-08,1.313853704200301,1.2764763754967134,0.13878942460393157,13.38655334149953,13.366374561999692,0.5581624266571243
POD-E,well_pressure,21,dg_pressure,0.31389681074812203,0.2977489511637455,0.10893338636888761,0.01159174091252781,0.0116927050185754,0.001376460751507877,7.349589536748454,7.237560992658819,1.507966711642655,3169.742071886022,3086.3639807934405,502.5143454376832,4.894097831933514e-07,4.6303007126736794e-07,6.358200499292889e-08,1.313853704200301,1.2764763754967134,0.13878942460393157,13.38655334149953,13.366374561999692,0.5581624266571243
POD-E,well_pressure,22,condition_joint,0.3250189225153529,0.29371442665281783,0.12211499427259874,0.01177702491185823,0.0118943997833042,0.0016184003156661123,7.483219719600332,7.14250860900367,1.6942159805257737,4110.3058162245625,3961.50590178913,464.4275346718906,4.540729352633672e-07,4.3937968045536117e-07,4.063637723045972e-08,1.313853704200301,1.2764763754967134,0.13878942460393157,13.38655334149953,13.366374561999692,0.5581624266571243
POD-E,well_pressure,22,condition_pressure,0.3120280902106466,0.29247071202788266,0.11018057156887288,0.01158119225126804,0.01162155489012155,0.0014345557041669792,7.325353347578108,7.105873602348485,1.4454791017471675,3864.976674205881,3752.3397967994415,483.8506051789349,4.4959248262422537e-07,4.414173041792461e-07,4.310268387269611e-08,1.313853704200301,1.2764763754967134,0.13878942460393157,13.38655334149953,13.366374561999692,0.5581624266571243
POD-E,well_pressure,22,configured,0.2809499419057492,0.269950600344358,0.10859926269237363,0.01080779521877232,0.0106529073841622,0.0008669923342118449,6.841581334325573,7.051660712596288,1.1429083440815933,121866.06467034885,117091.0685418487,12825.973315962156,4.7211653331497724e-07,4.3843985102804647e-07,6.977335813099722e-08,1.313853704200301,1.2764763754967134,0.13878942460393157,13.38655334149953,13.366374561999692,0.5581624266571243
POD-E,well_pressure,22,dg_joint,0.31310577937781187,0.2937144266528203,0.11252385217764835,0.011614144145048789,0.01171276282516195,0.0014911216601707074,7.359361454974611,7.135477559482454,1.5355469291644896,4125.4424596113295,4048.593557707406,424.58777292207117,4.505954979992423e-07,4.4690228209137583e-07,2.6031586187209744e-08,1.313853704200301,1.2764763754967134,0.13878942460393157,13.38655334149953,13.366374561999692,0.5581624266571243
POD-E,well_pressure,22,dg_pressure,0.3120280902106466,0.2924707120278828,0.11018057156887287,0.01158119225126804,0.01162155489012155,0.0014345557041669792,7.325353347578108,7.105873602348481,1.4454791017471667,3864.976674205881,3752.339796799437,483.8506051789358,4.5820676784654315e-07,4.539436037491139e-07,3.9868416795691366e-08,1.313853704200301,1.2764763754967134,0.13878942460393157,13.38655334149953,13.366374561999692,0.5581624266571243
POD-E,well_pressure,23,condition_joint,0.31615775591265544,0.29427466686289294,0.11547418035082037,0.01163379400096566,0.01164161101084565,0.001454889523379711,7.3656789021539195,7.115197026622177,1.4903281249528468,10012.074814166466,11528.706382219178,3425.201358575514,4.5441728500173167e-07,4.450188211385945e-07,3.633308958886362e-08,1.313853704200301,1.2764763754967134,0.13878942460393157,13.38655334149953,13.366374561999692,0.5581624266571243
POD-E,well_pressure,23,condition_pressure,0.31468676857851524,0.29708678723428544,0.10941076718386408,0.01157480258901009,0.01155790944759205,0.0014697252376648132,7.324077979977211,7.0941179624557,1.4628070481715247,4563.6646406187265,4504.048118635551,494.9760551514555,4.693932299103056e-07,4.4188720521629137e-07,6.456522996207027e-08,1.313853704200301,1.2764763754967134,0.13878942460393157,13.38655334149953,13.366374561999692,0.5581624266571243
POD-E,well_pressure,23,configured,0.2827822217965191,0.2757528919720216,0.10893059417001086,0.010864959927921549,0.01063636741311875,0.0008982846157787258,6.876799819593745,7.039039560680289,1.1613079510516402,130475.84678022443,121320.82018309907,24538.95557946737,4.602436092682183e-07,4.4642480421125103e-07,3.617964442220842e-08,1.313853704200301,1.2764763754967134,0.13878942460393157,13.38655334149953,13.366374561999692,0.5581624266571243
POD-E,well_pressure,23,dg_joint,0.3158560597449643,0.29427466686289483,0.11477599182243331,0.011639194840638089,0.0116416110108501,0.0014727808972528104,7.367876392127229,7.10900396271491,1.4913198465691861,12347.796845958903,12004.01306626378,1011.543799376089,4.625939842859718e-07,4.539511258857452e-07,3.691853083108431e-08,1.313853704200301,1.2764763754967134,0.13878942460393157,13.38655334149953,13.366374561999692,0.5581624266571243
POD-E,well_pressure,23,dg_pressure,0.31468676857851524,0.2970867872342856,0.1094107671838641,0.01157480258901009,0.01155790944759205,0.0014697252376648132,7.324077979977211,7.094117962455696,1.4628070481715243,4563.664640618725,4504.048118635553,494.9760551514558,4.645992436750855e-07,4.5425939672150385e-07,6.456286767357155e-08,1.313853704200301,1.2764763754967134,0.13878942460393157,13.38655334149953,13.366374561999692,0.5581624266571243
POD-E,well_pressure,24,condition_joint,0.31377954334361224,0.29490309977445656,0.11591965894284052,0.01157544100533567,0.01147997786430535,0.0014667690406379543,7.314959193829668,7.0067478947370665,1.4175747792632996,15608.534571241145,15323.502587252999,2075.7344016718316,4.6973832912701073e-07,4.508157625717384e-07,5.1745608607158616e-08,1.313853704200301,1.2764763754967134,0.13878942460393157,13.38655334149953,13.366374561999692,0.5581624266571243
POD-E,well_pressure,24,condition_pressure,0.3203966118235182,0.2981384938552044,0.11516303170550457,0.01164628827485141,0.01148040012067315,0.0015540846607857814,7.366154570594672,7.075044190801103,1.4866966399732915,14384.402534667159,13829.207280397655,1446.0586546651025,4.5914586967809644e-07,4.396879786443441e-07,4.152787590639453e-08,1.313853704200301,1.2764763754967134,0.13878942460393157,13.38655334149953,13.366374561999692,0.5581624266571243
POD-E,well_pressure,24,configured,0.2869917062865019,0.2771014014854301,0.11085092858634915,0.01091157796225166,0.0107314547755681,0.0009479280357044224,6.906957342168371,7.040435649919656,1.1760892499093514,138766.03365287595,128212.197417773,27806.45888793122,4.585826996174691e-07,4.602142483174549e-07,3.005474410539244e-08,1.313853704200301,1.2764763754967134,0.13878942460393157,13.38655334149953,13.366374561999692,0.5581624266571243
POD-E,well_pressure,24,dg_joint,0.3079058576016811,0.2936970237727803,0.11462363085396886,0.01146588579495398,0.0115007132281812,0.0013598718617391327,7.244204686254345,7.058704835867982,1.366182795028876,15527.040661160863,14985.833821057666,3171.689507808947,4.6359700513163346e-07,4.461165607287163e-07,5.244734356515053e-08,1.313853704200301,1.2764763754967134,0.13878942460393157,13.38655334149953,13.366374561999692,0.5581624266571243
POD-E,well_pressure,24,dg_pressure,0.29729338360010743,0.29321118215149766,0.1057542118454477,0.011339552764521501,0.011333301632946751,0.0012526656400920848,7.172487556491447,7.088929591742131,1.3355191121107726,19323.325049484312,18612.812583615658,2129.5534071305683,4.80575189633379e-07,4.5096992534284195e-07,8.37352928395291e-08,1.313853704200301,1.2764763754967134,0.13878942460393157,13.38655334149953,13.366374561999692,0.5581624266571243
POD-E,well_pressure,25,condition_joint,0.3032415194627226,0.2959388696736306,0.10911373840905825,0.011419555544392961,0.011408436208339201,0.0013271025368294526,7.222789993616085,6.985511255639967,1.3712575322929832,33891.30562782068,35457.468603590176,7083.436202681602,4.6466240774020836e-07,4.4423681981441446e-07,4.339929815793017e-08,1.313853704200301,1.2764763754967134,0.13878942460393157,13.38655334149953,13.366374561999692,0.5581624266571243
POD-E,well_pressure,25,condition_pressure,0.30550789437476544,0.29335280220808974,0.11862988586142348,0.01149940823452036,0.01144277082261485,0.0014286025880765043,7.245109872892625,7.069833549816182,1.2762675976777744,20598.658148100643,19616.72502879239,2392.361096678551,4.7659774090310465e-07,4.6177819625936675e-07,4.6650386521521377e-08,1.313853704200301,1.2764763754967134,0.13878942460393157,13.38655334149953,13.366374561999692,0.5581624266571243
POD-E,well_pressure,25,configured,0.2871344638216919,0.2832259692757691,0.10988321500627991,0.01095384030962033,0.0110452242613128,0.0009125568381938763,6.933561749806083,7.094886822717996,1.1590547502193644,147551.59277068486,137998.55558223632,26721.5015633579,4.755654083424829e-07,4.683609137616184e-07,4.05548755684142e-08,1.313853704200301,1.2764763754967134,0.13878942460393157,13.38655334149953,13.366374561999692,0.5581624266571243
POD-E,well_pressure,25,dg_joint,0.29954062714794355,0.29143747124771646,0.10855306288473045,0.011343816935338012,0.011316007643624,0.0012633873456105807,7.1724509656763455,7.022476456167349,1.3342498652669663,22457.903562559957,21145.535418290365,4467.175272709094,4.5983759989205724e-07,4.681992562071078e-07,2.5319272707281984e-08,1.313853704200301,1.2764763754967134,0.13878942460393157,13.38655334149953,13.366374561999692,0.5581624266571243
POD-E,well_pressure,25,dg_pressure,0.30133399944577016,0.2933528022080898,0.10916871561054907,0.011397850516612431,0.01144277082261485,0.001300975300351133,7.2072751395201236,7.069833549816179,1.3525562968908993,21093.880248474066,19616.725028792574,2807.3210922019016,5.068601499910334e-07,4.6913911298764665e-07,9.373870963229794e-08,1.313853704200301,1.2764763754967134,0.13878942460393157,13.38655334149953,13.366374561999692,0.5581624266571243
POD-E,well_pressure,26,condition_joint,0.2940498984709171,0.2928387585743243,0.10679012724524402,0.01124067563795689,0.01115321674191385,0.0011846934240412747,7.105992537301981,7.014020243125424,1.2840316471920425,41363.5210278998,40738.50047044498,3647.5634929050143,5.03416543194492e-07,4.509737000877696e-07,1.1811108358218401e-07,1.313853704200301,1.2764763754967134,0.13878942460393157,13.38655334149953,13.366374561999692,0.5581624266571243
POD-E,well_pressure,26,condition_pressure,0.30149372556279286,0.2944054889640182,0.1115635493078582,0.01137825454956418,0.01135916439645095,0.0013276475483459187,7.186641813476205,6.991319708736226,1.3192604887839403,23972.81490877976,22909.20094133624,2692.577558561081,4.661646632204547e-07,4.4736846308994166e-07,5.349658906267124e-08,1.313853704200301,1.2764763754967134,0.13878942460393157,13.38655334149953,13.366374561999692,0.5581624266571243
POD-E,well_pressure,26,configured,0.2880868241954861,0.28614836359599305,0.10935212495530942,0.011009943000622,0.0109984429279372,0.0011360625265654644,6.949127254297521,6.941174082556571,1.1283842926513155,153327.43189375685,144854.35823298033,28088.015972739486,4.687954853743987e-07,4.4485716358408386e-07,4.685377980926413e-08,1.313853704200301,1.2764763754967134,0.13878942460393157,13.38655334149953,13.366374561999692,0.5581624266571243
POD-E,well_pressure,26,dg_joint,0.29404989847091734,0.2928387585743253,0.10679012724524806,0.01124067563795787,0.0111532167419141,0.0011846934240416992,7.105992537302521,7.014020243125438,1.2840316471917859,41363.521027899784,40738.5004704452,3647.5634929049875,4.819225492761155e-07,4.685150491794977e-07,4.858598612525242e-08,1.313853704200301,1.2764763754967134,0.13878942460393157,13.38655334149953,13.366374561999692,0.5581624266571243
POD-E,well_pressure,26,dg_pressure,0.30149372556279286,0.2944054889640181,0.11156354930785828,0.0113782545495642,0.01135916439645095,0.0013276475483459248,7.186641813476214,6.991319708736222,1.3192604887839354,23972.814908779816,22909.200941336283,2692.577558561028,4.940797006746375e-07,4.458045151480298e-07,1.1112676821520268e-07,1.313853704200301,1.2764763754967134,0.13878942460393157,13.38655334149953,13.366374561999692,0.5581624266571243
POD-E,well_pressure,27,condition_joint,0.2945052761145614,0.29643325736076853,0.10878363443554079,0.01121114943634087,0.01113781099336285,0.001185759632313988,7.083529754771051,7.002061667356344,1.2618487366913271,52886.51661947245,50625.514395162725,9662.086722413005,5.411646544191062e-07,5.231842149619741e-07,9.936026853086383e-08,1.313853704200301,1.2764763754967134,0.13878942460393157,13.38655334149953,13.366374561999692,0.5581624266571243
POD-E,well_pressure,27,condition_pressure,0.2983612548519531,0.2960190588319329,0.1081755528188399,0.01128595193148567,0.011180614614853548,0.0012937546545413012,7.133273596696945,6.982636452171089,1.3176811284610004,38904.42368338855,38598.30639325615,2724.4851867988214,4.911338350266442e-07,4.714925023306974e-07,1.0434524919466214e-07,1.313853704200301,1.2764763754967134,0.13878942460393157,13.38655334149953,13.366374561999692,0.5581624266571243
POD-E,well_pressure,27,configured,0.290799322963989,0.2938333148039056,0.11119273069334075,0.01103729962536809,0.0110095532869314,0.001132903093821865,6.968197113913756,6.942141377804847,1.1478647527611463,185434.58949562692,172728.89710218026,40228.80168172912,5.387210432016396e-07,4.4705261541110345e-07,1.5251044853451418e-07,1.313853704200301,1.2764763754967134,0.13878942460393157,13.38655334149953,13.366374561999692,0.5581624266571243
POD-E,well_pressure,27,dg_joint,0.2954097533631214,0.29643325736076975,0.10829207573040238,0.011232886694773899,0.01113781099336285,0.0012155406554374385,7.097117800304298,7.002061667356476,1.2693637684128116,47897.20472668087,47957.633916168605,4024.6887959836718,5.541037743179394e-07,5.388496252375522e-07,1.1810213058530349e-07,1.313853704200301,1.2764763754967134,0.13878942460393157,13.38655334149953,13.366374561999692,0.5581624266571243
POD-E,well_pressure,27,dg_pressure,0.29675816181093945,0.29615775688072277,0.10948656973963479,0.01127247140682899,0.0111839496934321,0.001249252909345274,7.11955179325812,6.98552745421186,1.2726116124372406,44333.94821366224,43016.907772185776,3967.440513059572,4.92793989728408e-07,4.6538346061041875e-07,6.745592649277383e-08,1.313853704200301,1.2764763754967134,0.13878942460393157,13.38655334149953,13.366374561999692,0.5581624266571243
POD-E,well_pressure,28,condition_joint,0.2906302338318313,0.29757668338187837,0.10696492563504661,0.01113975871432228,0.0111200350924615,0.0011263540528229994,7.041739960105721,7.019529006858018,1.2403028251669441,95317.63981300227,84881.3557990056,24468.23834976811,5.026300723534918e-07,4.868421196338853e-07,6.724174015309531e-08,1.313853704200301,1.2764763754967134,0.13878942460393157,13.38655334149953,13.366374561999692,0.5581624266571243
POD-E,well_pressure,28,condition_pressure,0.2969810274120126,0.29866275218135396,0.1103957120058613,0.01124563153421215,0.0111361420319974,0.0012592405335710875,7.100707053747821,6.974486902168439,1.258732632008486,61760.912143626585,55423.20495027653,18463.00215543895,4.701127783531897e-07,4.5770675090974886e-07,4.738315480366228e-08,1.313853704200301,1.2764763754967134,0.13878942460393157,13.38655334149953,13.366374561999692,0.5581624266571243
POD-E,well_pressure,28,configured,0.29234927621090057,0.2962127603728781,0.11436880074152114,0.01104343782750177,0.011016245256631849,0.0011587320443948168,6.966388306107719,6.890303951871225,1.1245553717723618,268899.21397200425,253349.42251934647,70477.1179877851,4.941413439004998e-07,4.780714177347972e-07,5.930795697616423e-08,1.313853704200301,1.2764763754967134,0.13878942460393157,13.38655334149953,13.366374561999692,0.5581624266571243
POD-E,well_pressure,28,dg_joint,0.2900811418523853,0.29631100607073485,0.10702686696110912,0.011125747181982549,0.01108726770024505,0.0011135792163644244,7.03310038838581,7.028380501769522,1.2377336526440608,97276.59117728751,90196.58898888185,23413.313990203766,4.758466158983038e-07,4.6177819625936675e-07,6.870817872762498e-08,1.313853704200301,1.2764763754967134,0.13878942460393157,13.38655334149953,13.366374561999692,0.5581624266571243
POD-E,well_pressure,28,dg_pressure,0.2959350096170126,0.2974656760525824,0.10908136345186045,0.01121499193162754,0.01116381529606285,0.0012160980958478528,7.0896104305127565,6.96224098048806,1.2815270220223018,94633.2480308451,92483.69446624645,13980.05492908203,4.7190073825930126e-07,4.677368226002454e-07,4.105863169789839e-08,1.313853704200301,1.2764763754967134,0.13878942460393157,13.38655334149953,13.366374561999692,0.5581624266571243
POD-E,well_pressure,29,condition_joint,0.29118231272219547,0.29778684183909687,0.10844563526712851,0.01109568397066811,0.0110812303369187,0.0011111631406069084,7.020951419347748,6.992321823306304,1.2639422233046766,469001.4138261202,479455.35277894465,155948.5953975122,5.001887205123369e-07,4.782255257994524e-07,6.662919817826205e-08,1.313853704200301,1.2764763754967134,0.13878942460393157,13.38655334149953,13.366374561999692,0.5581624266571243
POD-E,well_pressure,29,condition_pressure,0.2944090728133769,0.3009997954769943,0.10992149783207324,0.01117596339641125,0.01111063612396265,0.0011995684181218638,7.057802065520062,6.989257658007725,1.2314123218299315,330256.0388348792,321223.0834224852,80868.06514162615,5.164488719398142e-07,4.772894711170653e-07,1.332234643701852e-07,1.313853704200301,1.2764763754967134,0.13878942460393157,13.38655334149953,13.366374561999692,0.5581624266571243
POD-E,well_pressure,29,configured,0.2928930379362201,0.3007837575980272,0.11246126182966204,0.01102951814787142,0.011028999023980551,0.001158964745882018,6.960786361556478,6.8885277214202905,1.1551292259165087,731246.750713801,747503.0647265038,99983.65882918723,4.879383438553913e-07,4.738420895755964e-07,4.0770604463124404e-08,1.313853704200301,1.2764763754967134,0.13878942460393157,13.38655334149953,13.366374561999692,0.5581624266571243
POD-E,well_pressure,29,dg_joint,0.2892629670895003,0.297786841839098,0.10796313779399903,0.0110854644007359,0.0110812303369187,0.001041188563637155,7.013230188315704,7.0438068162109495,1.2341477042149973,622266.5530571884,502126.8298009725,493320.0652270994,4.799496323391936e-07,4.6882709476018427e-07,3.985450038144714e-08,1.313853704200301,1.2764763754967134,0.13878942460393157,13.38655334149953,13.366374561999692,0.5581624266571243
POD-E,well_pressure,29,dg_pressure,0.2936357722323626,0.29953113842988094,0.10981067166528746,0.01116760885372264,0.01108877496421315,0.001194125446881423,7.052234493604314,7.002689521702889,1.2292998375420165,291176.3858390511,270124.6067178798,95149.02620260438,5.370932364227124e-07,4.94984955626673e-07,1.331134083534863e-07,1.313853704200301,1.2764763754967134,0.13878942460393157,13.38655334149953,13.366374561999692,0.5581624266571243
POD-E,well_pressure,30,condition_joint,0.29040842183221716,0.2999422627698959,0.10934038260657242,0.01108761672097769,0.0110711651348313,0.001110476506663966,7.006399737972411,7.0181545108590475,1.211447549580101,905340.4770809192,832132.2644145933,418781.42730011925,4.852435972166941e-07,4.702368525777685e-07,5.029910003067697e-08,1.313853704200301,1.2764763754967134,0.13878942460393157,13.38655334149953,13.366374561999692,0.5581624266571243
POD-E,well_pressure,30,condition_pressure,0.29040842183222104,0.299942262769895,0.10934038260656641,0.01108761672097692,0.0110711651348314,0.0011104765066637752,7.006399737972005,7.018154510859036,1.2114475495804327,905340.4770811275,832132.2644149151,418781.4273001103,4.7161502836279125e-07,4.531616571313821e-07,5.294950768644631e-08,1.313853704200301,1.2764763754967134,0.13878942460393157,13.38655334149953,13.366374561999692,0.5581624266571243
POD-E,well_pressure,30,configured,0.29040842183221294,0.2999422627699003,0.10934038260658417,0.01108761672097997,0.0110711651348313,0.0011104765066646113,7.006399737973649,7.018154510859148,1.2114475495792112,905340.4770810285,832132.264414833,418781.42729996756,5.03101521583022e-07,5.178571745658756e-07,5.680241579619745e-08,1.313853704200301,1.2764763754967134,0.13878942460393157,13.38655334149953,13.366374561999692,0.5581624266571243
POD-E,well_pressure,30,dg_joint,0.29040842183221766,0.2999422627698969,0.10934038260657339,0.01108761672097808,0.011071165134831251,0.0011104765066640733,7.006399737972645,7.0181545108591274,1.2114475495799903,905340.4770809317,832132.2644146101,418781.4273002761,4.687029986530262e-07,4.5927444624336426e-07,2.9188902333693284e-08,1.313853704200301,1.2764763754967134,0.13878942460393157,13.38655334149953,13.366374561999692,0.5581624266571243
POD-E,well_pressure,30,dg_pressure,0.29040842183222104,0.29994226276989494,0.10934038260656649,0.011087616720976929,0.0110711651348314,0.0011104765066637784,7.006399737972011,7.018154510859027,1.2114475495804289,905340.4770810604,832132.2644149037,418781.42729997204,4.743413570340499e-07,4.707067809680379e-07,2.962235125762064e-08,1.313853704200301,1.2764763754967134,0.13878942460393157,13.38655334149953,13.366374561999692,0.5581624266571243
final_accuracy,grid,2,cluster_constrained,0.8168800958409822,0.736938501022075,0.3420935316638462,0.21651153476712795,0.2688721258581967,0.11047525263686507,133.44501417481337,165.1918034678242,73.63413085250008,371.0130774428664,427.3095187579784,414.6677223782727,6.84765187009847e-06,4.741578825479863e-07,2.0198297205320293e-05,0.5140098833020602,0.49178081250283867,0.06527272684411946,12.577963554301096,12.30897035399903,0.6667995961985725
final_accuracy,grid,2,condition_joint,0.540937737516791,0.5138684714592353,0.24587905138159524,0.18938245747184396,0.2686886266756616,0.12798327976817633,113.97595455084236,154.01597080413913,81.12888883727483,37.36479898986683,51.208350008132385,24.175678017810803,2.3777872263593943e-06,4.5629702044538874e-07,6.021619907547059e-06,0.5140098833020602,0.49178081250283867,0.06527272684411946,12.577963554301096,12.30897035399903,0.6667995961985725
final_accuracy,grid,2,qr_joint,0.540937737516791,0.5138684714592353,0.24587905138159524,0.18938245747184396,0.2686886266756616,0.12798327976817633,113.97595455084236,154.01597080413913,81.12888883727483,37.36479898986683,51.208350008132385,24.175678017810803,2.465288735106867e-06,5.343045041059612e-07,6.031376575463924e-06,0.5140098833020602,0.49178081250283867,0.06527272684411946,12.577963554301096,12.30897035399903,0.6667995961985725
final_accuracy,grid,2,qr_whitened,159.67079961146285,159.93110628009848,1.0156553483230981,0.00401107339744558,0.0027875409426909997,0.002860308261015013,90.4100127969126,66.52426311545256,45.22498704592793,97.38530912582122,70.3546160488275,57.51277067678445,1.7471900005178984e-05,5.006278163483856e-07,5.362104945868982e-05,0.5140098833020602,0.49178081250283867,0.06527272684411946,12.577963554301096,12.30897035399903,0.6667995961985725
final_accuracy,grid,2,well_region,0.5679601497379657,0.5143273139351672,0.28475605884553423,0.18938245747179,0.2686886266756616,0.1279832797682633,113.98622538495624,154.01445033426853,81.126576292245,37.37934698454965,51.346288102840155,24.17314608379232,4.995990211067062e-06,4.309210514901836e-07,1.4415543674736428e-05,0.5140098833020602,0.49178081250283867,0.06527272684411946,12.577963554301096,12.30897035399903,0.6667995961985725
final_accuracy,grid,5,cluster_constrained,0.3888222523555327,0.2558753380005212,0.27763906099712715,0.1884944587186849,0.2686886266756616,0.12941309545880533,113.28377804438105,153.98900493675745,81.99835066497758,4255.355369716251,4097.073448743476,347.88003105411514,0.00015089091503706593,4.595902392157543e-07,0.00047559446492842234,0.5140098833020602,0.49178081250283867,0.06527272684411946,12.577963554301096,12.30897035399903,0.6667995961985725
final_accuracy,grid,5,condition_joint,0.3066507265005373,0.2882648582844777,0.07518469511429954,0.18845989335679528,0.2686886266756616,0.12946875645569483,113.21933325286,154.00841760754577,82.12903716035035,392.86772037566016,464.49592440309334,148.67838444564725,0.00018629862256636087,4.5489098266628404e-07,0.000587637425248061,0.5140098833020602,0.49178081250283867,0.06527272684411946,12.577963554301096,12.30897035399903,0.6667995961985725
final_accuracy,grid,5,qr_joint,0.3066507265005373,0.2882648582844777,0.07518469511429954,0.18845989335679528,0.2686886266756616,0.12946875645569483,113.21933325286,154.00841760754577,82.12903716035035,392.86772037566016,464.49592440309334,148.67838444564725,0.00018986168721120178,4.843383422646588e-07,0.0005981592103112258,0.5140098833020602,0.49178081250283867,0.06527272684411946,12.577963554301096,12.30897035399903,0.6667995961985725
final_accuracy,grid,5,qr_whitened,34.115969829529135,2.606930366334301,66.32781312752537,0.00235148074937553,0.00198523704231265,0.0012536665568890538,30.75189166287969,2.51024024211548,59.88098912010125,21288.167104291475,19489.209137896665,22397.36274119949,0.00019382418497553383,4.854323618163011e-07,0.0006113242810347435,0.5140098833020602,0.49178081250283867,0.06527272684411946,12.577963554301096,12.30897035399903,0.6667995961985725
final_accuracy,grid,5,well_region,0.2820008371940199,0.2140097788389882,0.10442594928388517,0.188475483123353,0.2686886266756616,0.1294436437910034,113.21705141496838,153.98310723742986,82.09090514542085,378.23735393624713,448.7294138578439,137.47929515554688,0.00018632575263740077,4.566090386728511e-07,0.0005877795785288288,0.5140098833020602,0.49178081250283867,0.06527272684411946,12.577963554301096,12.30897035399903,0.6667995961985725
final_accuracy,grid,10,cluster_constrained,0.2036763523822951,0.1994015703287209,0.05942354221746599,0.18845985297940995,0.2686886266756616,0.1294688214398816,113.16556764022091,153.9908701347485,82.14065513402795,29413600.20591579,25555214.840405736,9497861.607002717,5.428571351611272e-07,4.945188019813312e-07,1.1419431677671666e-07,0.5140098833020602,0.49178081250283867,0.06527272684411946,12.577963554301096,12.30897035399903,0.6667995961985725
final_accuracy,grid,10,condition_joint,0.26431188921517873,0.23020431435216634,0.09743419689722825,0.00308753031969869,0.0040454040074613,0.0017555121604037318,1.9927001263823982,2.407559965086487,1.0747362514896308,1089.651417224852,1131.3095698138388,150.33547736113164,5.497496169851743e-07,5.404135458262398e-07,1.049871805922734e-07,0.5140098833020602,0.49178081250283867,0.06527272684411946,12.577963554301096,12.30897035399903,0.6667995961985725
final_accuracy,grid,10,qr_joint,0.26431188921517873,0.23020431435216634,0.09743419689722825,0.00308753031969869,0.0040454040074613,0.0017555121604037318,1.9927001263823982,2.407559965086487,1.0747362514896308,1089.651417224852,1131.3095698138388,150.33547736113164,6.231203079188621e-07,6.206128159818008e-07,1.207926041317732e-07,0.5140098833020602,0.49178081250283867,0.06527272684411946,12.577963554301096,12.30897035399903,0.6667995961985725
final_accuracy,grid,10,qr_whitened,0.8955074525948918,0.9391401972520361,0.2681922378155144,0.00204943419400665,0.00178902582558305,0.0010281747161400292,1.7976217377852923,1.5828520433855289,0.9625400105686157,75785.8199182703,98030.57407565482,52872.887628397104,5.996248238856547e-07,5.529436201410354e-07,1.0294979333622246e-07,0.5140098833020602,0.49178081250283867,0.06527272684411946,12.577963554301096,12.30897035399903,0.6667995961985725
final_accuracy,grid,10,well_region,0.26645279455622706,0.22263745817922875,0.11137029472838277,0.00309358218069069,0.0040454026829276,0.001745494684800835,1.9997876110002735,2.4037592065514835,1.061023998379345,1079.674905286586,1128.9421105906686,166.0723696673142,5.219293201580308e-07,4.833947380924163e-07,9.99063507684356e-08,0.5140098833020602,0.49178081250283867,0.06527272684411946,12.577963554301096,12.30897035399903,0.6667995961985725
final_accuracy,grid,16,cluster_constrained,0.32450771887339663,0.1511876372608827,0.301730913393632,0.16193222304149119,0.26854189237456355,0.1380337380754245,94.27681396722382,120.67005313395632,83.61010741765567,349041706.33730686,298975538.0420601,202363166.29813194,5.825496284392684e-07,5.145676758339895e-07,1.8160549799797784e-07,0.5140098833020602,0.49178081250283867,0.06527272684411946,12.577963554301096,12.30897035399903,0.6667995961985725
final_accuracy,grid,16,condition_joint,0.20704607210298334,0.16729370276322864,0.09455581886052922,0.00304323763113421,0.00404621581586555,0.0018198672357630544,1.937362347847516,2.4072055523482296,1.1216162709246613,4390.095119773846,4322.387974560989,2160.7513000820095,6.433593960920055e-07,4.7415785519476226e-07,2.877467232469485e-07,0.5140098833020602,0.49178081250283867,0.06527272684411946,12.577963554301096,12.30897035399903,0.6667995961985725
final_accuracy,grid,16,qr_joint,0.20724808912585796,0.16729370276322864,0.09467501139782593,0.0030418799061465397,0.00404621581586555,0.0018220994614272183,1.9364717581370443,2.4072055523482296,1.1230108031929402,4409.871749911546,4322.387974560989,2133.741021445477,6.772225507783627e-07,5.36026307504232e-07,2.7107866540043905e-07,0.5140098833020602,0.49178081250283867,0.06527272684411946,12.577963554301096,12.30897035399903,0.6667995961985725
final_accuracy,grid,16,qr_whitened,1.0352061595755984,1.0266004149718906,0.3721649119692662,0.0022746741970899,0.00185738635028615,0.0013399056238150373,1.9828049752540575,1.9513967754636647,1.021507790577622,180948.9730456363,237251.52434454556,134090.75903993324,6.3674887130212e-07,4.860601730161535e-07,2.450314128928009e-07,0.5140098833020602,0.49178081250283867,0.06527272684411946,12.577963554301096,12.30897035399903,0.6667995961985725
final_accuracy,grid,16,well_region,0.21808613344431987,0.22672537616924,0.07539665119704432,0.0030366681021139,0.00404620970062395,0.0018304950194292507,1.9468837768687788,2.4119072419179526,1.1519194561228583,4026.6590461052983,3731.813184886353,2166.9649280494177,6.356518702490493e-07,4.782255531526766e-07,2.804716466603326e-07,0.5140098833020602,0.49178081250283867,0.06527272684411946,12.577963554301096,12.30897035399903,0.6667995961985725
final_accuracy,grid,20,cluster_constrained,0.4933462938135557,0.3882171686298569,0.32536315922873493,0.10898765951459129,0.0041965294824966,0.13760398456184286,59.62823101084024,3.430819082617382,77.37506281858708,inf,inf,,8.473691729219504e-07,9.547293302603066e-07,2.8422785205980147e-07,0.5140098833020602,0.49178081250283867,0.06527272684411946,12.577963554301096,12.30897035399903,0.6667995961985725
final_accuracy,grid,20,condition_joint,0.17680029104045406,0.18849246573837997,0.05439025746088088,0.00087642990398291,0.0008901894054349001,0.00042369273130630526,0.6179955310652179,0.6079203800354941,0.21695517719745966,4.761463948338133e+22,2.4916961216954058e+22,8.451883777428563e+22,9.815466117124333e-07,1.1806052799172056e-06,3.6702856062200815e-07,0.5140098833020602,0.49178081250283867,0.06527272684411946,12.577963554301096,12.30897035399903,0.6667995961985725
final_accuracy,grid,20,qr_joint,0.21781310481609695,0.2275270003625705,0.09587025937994115,0.00061695790461794,0.00055167579693455,0.00023427080447520007,0.49007822194124884,0.48046631048902577,0.16567920110129059,86660.79905849774,113422.32425181652,59639.24910939001,1.0452691749652105e-06,1.2039473725402295e-06,4.0254493897730267e-07,0.5140098833020602,0.49178081250283867,0.06527272684411946,12.577963554301096,12.30897035399903,0.6667995961985725
final_accuracy,grid,20,qr_whitened,0.7780118416912126,0.6949275017985388,0.3925284270771665,0.0018578062295351399,0.0014371513717869,0.0011295461854893445,1.5962336743924408,1.5296147482560332,0.8040966484974797,356005.5168920569,396353.22059578635,278516.5838412374,1.0753759277959991e-06,1.269421034494303e-06,4.3037415173289127e-07,0.5140098833020602,0.49178081250283867,0.06527272684411946,12.577963554301096,12.30897035399903,0.6667995961985725
final_accuracy,grid,20,well_region,0.2926476938886585,0.24934417101756579,0.13657403344435123,0.00061669160807647,0.0005953592172388,0.00022197388544312714,0.541055658573815,0.47542198210621023,0.22089325674641838,100219.67345639388,140397.21145440626,68241.3351078299,9.998443595105712e-07,1.136751879834661e-06,3.771370080788093e-07,0.5140098833020602,0.49178081250283867,0.06527272684411946,12.577963554301096,12.30897035399903,0.6667995961985725
final_accuracy,grid,30,cluster_constrained,0.26804760082078805,0.2450827885059323,0.14761727604795397,0.00310328849540482,0.0040446068611010005,0.0017280507194296268,1.9944512804707677,2.458742621251703,1.132708484442395,inf,inf,,1.0916345857374399e-06,1.2224323258042e-06,4.407209708746299e-07,0.5140098833020602,0.49178081250283867,0.06527272684411946,12.577963554301096,12.30897035399903,0.6667995961985725
final_accuracy,grid,30,condition_joint,0.12475637043129222,0.1244267341589614,0.025992626193768083,0.00076556690391873,0.00076506381130645,0.0003236796237387998,0.5273348473772755,0.5148143033462008,0.18537643835303955,1.3433631232907892e+24,1.1635800281603214e+24,1.711869108685759e+24,1.2284774375690805e-06,1.5230262877430095e-06,5.133451860555924e-07,0.5140098833020602,0.49178081250283867,0.06527272684411946,12.577963554301096,12.30897035399903,0.6667995961985725
final_accuracy,grid,30,qr_joint,0.1901158435543051,0.16718273973303643,0.10138321237468881,0.0004500345141966,0.000451792478339,0.00014611068132474727,0.3845703066886201,0.3563349044630259,0.18073317198023103,1080711.490795274,1370697.6570246145,778686.5225508908,1.339535351450506e-06,1.5952368573236623e-06,5.644934283102672e-07,0.5140098833020602,0.49178081250283867,0.06527272684411946,12.577963554301096,12.30897035399903,0.6667995961985725
final_accuracy,grid,30,qr_whitened,0.31700642902409293,0.2599171862046556,0.1246029818091515,0.00060974071384283,0.00059513665923245,0.0003013522314023069,0.5544160122959055,0.4967782439048129,0.2789882228989534,1238499.9941248833,1534400.2002043203,903424.2320226979,1.44016239778979e-06,1.735274423494991e-06,6.388159737789264e-07,0.5140098833020602,0.49178081250283867,0.06527272684411946,12.577963554301096,12.30897035399903,0.6667995961985725
final_accuracy,grid,30,well_region,0.2790016775435712,0.23187895315578827,0.14524704156396337,0.00048316374198701,0.00046688177552285,0.0001877664990283682,0.4636416334593959,0.39078947497355543,0.265269471000563,849810.4886043845,1049781.7837108627,602898.1475856962,1.3288217938077965e-06,1.6021315657001523e-06,5.744568967604005e-07,0.5140098833020602,0.49178081250283867,0.06527272684411946,12.577963554301096,12.30897035399903,0.6667995961985725
final_accuracy,grid,50,cluster_constrained,0.08433372391869862,0.08143550079489255,0.025967403296192047,0.0006537672748875699,0.0006275256745745,0.0002483560094494747,0.43840381930454697,0.41032664773650296,0.13411106709872644,2.578160745171239e+54,5.91937068494032e+38,4.5968821994579275e+54,1.130764663903939e-06,1.339601502487702e-06,4.239759152152549e-07,0.5140098833020602,0.49178081250283867,0.06527272684411946,12.577963554301096,12.30897035399903,0.6667995961985725
final_accuracy,grid,50,condition_joint,0.10070700301835374,0.09852985053098745,0.023612694616854422,0.0005481287653657299,0.0005288775294079,0.0002542023348656527,0.38389890964086654,0.3596218646686232,0.14779448953317112,2.521554765738355e+22,2.2763452374663322e+22,2.2920845825273342e+22,1.2276323323568707e-06,1.4929511169447823e-06,4.917327710192106e-07,0.5140098833020602,0.49178081250283867,0.06527272684411946,12.577963554301096,12.30897035399903,0.6667995961985725
final_accuracy,grid,50,qr_joint,0.1180159208384215,0.12211295145188575,0.024306506576916544,0.00039856469961305,0.0003957642426378,0.00014177799477478197,0.315034154192952,0.2889417001234448,0.13240309182561083,887502.3098703623,1163253.5370294673,611158.4920202824,1.3705511285076127e-06,1.6301691674809425e-06,5.524056139350426e-07,0.5140098833020602,0.49178081250283867,0.06527272684411946,12.577963554301096,12.30897035399903,0.6667995961985725
final_accuracy,grid,50,qr_whitened,0.11251456239853648,0.10643702448949495,0.026878073753468897,0.00041676938722866,0.0004074629408104,0.0001394026308795907,0.3229385791412721,0.31560763348806553,0.13061580817429866,845726.0274120917,1123329.8451651698,579758.8354687952,1.444015794178065e-06,1.7269736773393964e-06,6.329297327060688e-07,0.5140098833020602,0.49178081250283867,0.06527272684411946,12.577963554301096,12.30897035399903,0.6667995961985725
final_accuracy,grid,50,well_region,0.1865070673789892,0.1740179129028544,0.07328963739319459,0.00038973771368233,0.00035593624175475,0.00011929818105088106,0.35663794985767316,0.28209453119556754,0.1784636166244773,939520.6273920716,1300216.235570211,642591.9390286866,1.3176684236745665e-06,1.609334572265625e-06,5.281440655282424e-07,0.5140098833020602,0.49178081250283867,0.06527272684411946,12.577963554301096,12.30897035399903,0.6667995961985725
final_accuracy,grid,75,cluster_constrained,0.07271711935282446,0.0667804348802517,0.020480887752936747,0.00045704004045757,0.0003944287437049,0.0002209121784830945,0.32275473357856194,0.2715610713863388,0.1714028274115612,2946193.5835380605,3035799.7667488884,2576744.998933292,0.00018121106089469068,1.9918571298948973e-06,0.0005675387802469645,0.5140098833020602,0.49178081250283867,0.06527272684411946,12.577963554301096,12.30897035399903,0.6667995961985725
final_accuracy,grid,75,condition_joint,0.08948872021667129,0.08616002425190016,0.015545089918919574,0.0004516622195614,0.00045003128715105,0.00019521126785454728,0.32708065637828976,0.2765055117606111,0.14532531156455572,1694116.5130934077,2173087.4518537903,1180021.399229077,0.00018600692255448453,2.071424814105678e-06,0.0005823272474651958,0.5140098833020602,0.49178081250283867,0.06527272684411946,12.577963554301096,12.30897035399903,0.6667995961985725
final_accuracy,grid,75,qr_joint,0.0986268012508812,0.08827341121826116,0.02428215648035119,0.00037968291269307,0.00036729279523015003,0.0001074260466907617,0.292524049936738,0.2765055117606168,0.10715967017789141,851054.5648701048,1183722.956137539,581703.2615299696,0.0001860316120341027,2.1654173031123706e-06,0.0005824022868560376,0.5140098833020602,0.49178081250283867,0.06527272684411946,12.577963554301096,12.30897035399903,0.6667995961985725
final_accuracy,grid,75,qr_whitened,0.10495305271732244,0.10967664406171655,0.02447320689224218,0.00040686021742875,0.00035390899320525003,0.00014677740507420775,0.31288704092956177,0.31402707829023574,0.13288209750530414,846274.0725087132,1169755.5819484382,579542.7961514358,0.00018635488722383125,2.1729285805136026e-06,0.000583478640260619,0.5140098833020602,0.49178081250283867,0.06527272684411946,12.577963554301096,12.30897035399903,0.6667995961985725
final_accuracy,grid,75,well_region,0.18126134272979794,0.183279991269864,0.0769922972281556,0.00037877869206773,0.0003552300963585,0.00011529083322635701,0.34447314751348973,0.28538682625736067,0.15637967359257263,916438.9775464579,1230436.8738572355,628018.6111593759,0.0001332229654098022,2.1088684237688164e-06,0.00041554234417094687,0.5140098833020602,0.49178081250283867,0.06527272684411946,12.577963554301096,12.30897035399903,0.6667995961985725
final_accuracy,grid,100,cluster_constrained,0.061938411403336155,0.0603583184732399,0.010284346747686697,0.00039854701443963,0.00036455153700275,0.00016633274980071213,0.28042793420189577,0.25704143757066467,0.12572881591913376,1396912.1737404806,1921632.534164812,961284.8181149493,0.0001291347120182114,2.1950187707754005e-06,0.000402164002719523,0.5140098833020602,0.49178081250283867,0.06527272684411946,12.577963554301096,12.30897035399903,0.6667995961985725
final_accuracy,grid,100,condition_joint,0.08712139605299977,0.0827649761892644,0.01702332244109025,0.00036314016799966,0.00035082485489379997,0.00013203334164824866,0.2741276716354044,0.2518574615243216,0.11671621935936459,914001.1727272521,1274034.4376937055,623916.1782457607,0.00015746704361263466,2.1954887265188945e-06,0.0004919427092861734,0.5140098833020602,0.49178081250283867,0.06527272684411946,12.577963554301096,12.30897035399903,0.6667995961985725
final_accuracy,grid,100,qr_joint,0.0884301186571036,0.08394162374772005,0.016921654642102917,0.00035662481974971,0.0003700173344526,0.00012457269070700015,0.27236771748508704,0.25185746152432176,0.11902785293684831,832227.1345143877,1164788.5360564592,567007.2673148032,0.00015816957895189461,2.3602744504455757e-06,0.0004936856650238857,0.5140098833020602,0.49178081250283867,0.06527272684411946,12.577963554301096,12.30897035399903,0.6667995961985725
final_accuracy,grid,100,qr_whitened,0.0873639547999529,0.08602400766896455,0.016587355452811925,0.000377347601574,0.00037300184537065,0.00014552955997375195,0.284485197305672,0.27676913997305524,0.1288854258603455,810933.454057544,1130238.0279883218,552608.2318906937,0.00015314774359843266,2.3809511354980867e-06,0.00047794686607606246,0.5140098833020602,0.49178081250283867,0.06527272684411946,12.577963554301096,12.30897035399903,0.6667995961985725
final_accuracy,grid,100,well_region,0.16850459290650124,0.16653472615835863,0.06347976465102963,0.00036078165826044,0.0003541400835967,0.00011392067549015197,0.32518736817890037,0.2818230443820222,0.15282772355322924,889629.7102305561,1226210.32052925,606770.8201999483,0.0001845329571408035,2.3829887318687473e-06,0.0005767592809554457,0.5140098833020602,0.49178081250283867,0.06527272684411946,12.577963554301096,12.30897035399903,0.6667995961985725
final_accuracy,grid,150,cluster_constrained,0.061909515812421455,0.06073060830216335,0.011491648762545992,0.00035934824780301,0.0003367259360235,0.00013024998831947677,0.25924691852236503,0.2637052180055483,0.1125426608721769,1181400.9569476268,1618879.7329721923,811861.9454815616,0.00010567932479722891,3.364819554521009e-06,0.0003247268989013649,0.5140098833020602,0.49178081250283867,0.06527272684411946,12.577963554301096,12.30897035399903,0.6667995961985725
final_accuracy,grid,150,condition_joint,0.07960220867706383,0.0783086489264128,0.013417861165166948,0.00034086057827761005,0.0003171920897716,0.00012099559241976455,0.25625178762235434,0.2545534040550552,0.10507723200691126,851814.9552328574,1181905.578203721,580454.656308123,0.00012753279998949273,3.484804472094752e-06,0.0003939785193635509,0.5140098833020602,0.49178081250283867,0.06527272684411946,12.577963554301096,12.30897035399903,0.6667995961985725
final_accuracy,grid,150,qr_joint,0.07960220867706388,0.07830864892641375,0.013417861165167029,0.00034086057827774997,0.00031719208977155,0.0001209955924199957,0.2562517876224394,0.2545534040550512,0.10507723200708376,851814.955232857,1181905.5782037205,580454.6563081228,0.00012914840075322004,3.666981211793434e-06,0.0003988323931311805,0.5140098833020602,0.49178081250283867,0.06527272684411946,12.577963554301096,12.30897035399903,0.6667995961985725
final_accuracy,grid,150,qr_whitened,0.08030409237471195,0.0772914994433852,0.01399220806240746,0.00034708177925766995,0.00030915202541274996,0.00013338166800866172,0.2611441134863476,0.2513863476645468,0.11503311151609631,845486.2164474241,1176331.9972816533,576111.9362293256,0.0001451124075160759,3.5977443479722773e-06,0.00044949213634972655,0.5140098833020602,0.49178081250283867,0.06527272684411946,12.577963554301096,12.30897035399903,0.6667995961985725
final_accuracy,grid,150,well_region,0.14179847041369947,0.1509520753113297,0.04828999104863449,0.00035036920766178,0.00032195817035535,0.00011557227764509857,0.30139556155334557,0.2773264524154338,0.13149057207626177,897300.4687420393,1261038.0653749802,610384.5792169219,0.0001593814541367347,3.6569548874946412e-06,0.000493821458845893,0.5140098833020602,0.49178081250283867,0.06527272684411946,12.577963554301096,12.30897035399903,0.6667995961985725
final_accuracy,grid,200,cluster_constrained,0.06262117137902747,0.0601104998501695,0.012485368603814804,0.00032922892161662,0.00030659613991259997,0.00010834939557485783,0.24046985083846023,0.24327519469116488,0.09649543708889373,1056361.8375581321,1478227.079164546,722635.2920372187,0.0002393330210496678,4.5966503934241495e-06,0.00038532740199076243,0.5140098833020602,0.49178081250283867,0.06527272684411946,12.577963554301096,12.30897035399903,0.6667995961985725
final_accuracy,grid,200,condition_joint,0.07603505784668509,0.0782279371339605,0.014998997598761138,0.00033279788365203,0.00029945321444655,0.00011842148754817057,0.2503096442075633,0.2399855432407498,0.10669646404550578,894089.9586545788,1258410.1069353307,609825.1490777569,0.00027273367819920973,4.575812050817128e-06,0.000436733662000208,0.5140098833020602,0.49178081250283867,0.06527272684411946,12.577963554301096,12.30897035399903,0.6667995961985725
final_accuracy,grid,200,qr_joint,0.07603505784667955,0.07822793713394399,0.014998997598762416,0.00033279788365204,0.0002994532144465,0.00011842148754818329,0.25030964420756907,0.2399855432407188,0.10669646404551285,894089.9586545791,1258410.1069353311,609825.1490777571,0.00027742503008268665,4.5798834961667455e-06,0.00044508881975545704,0.5140098833020602,0.49178081250283867,0.06527272684411946,12.577963554301096,12.30897035399903,0.6667995961985725
final_accuracy,grid,200,qr_whitened,0.07570864607624611,0.07687283605360196,0.014083530683911117,0.00033453762970769,0.00030041192857815,0.00012110043132289831,0.2507541478337408,0.242076125889507,0.10714777514899877,887150.6477063755,1247842.9547989832,604763.6760324262,0.0002684338977466233,4.73606017574885e-06,0.00042994115853171817,0.5140098833020602,0.49178081250283867,0.06527272684411946,12.577963554301096,12.30897035399903,0.6667995961985725
final_accuracy,grid,200,well_region,0.12949616996852614,0.1381880803201837,0.04413167657315747,0.00033771173870963,0.00031102490219015,0.00011768208657127446,0.286585724718497,0.2625039814640564,0.13021958582737886,963198.1597264663,1336125.7603023578,656206.6569481301,0.00034598038721450966,4.672304487741671e-06,0.0005573242345368461,0.5140098833020602,0.49178081250283867,0.06527272684411946,12.577963554301096,12.30897035399903,0.6667995961985725
final_accuracy,grid,300,cluster_constrained,0.06756978855959794,0.0695261101210673,0.012635839570694047,0.00032229545544451,0.00029689073103655,0.00011051061267042089,0.2387201991829607,0.22674303951064034,0.09797728591710028,954954.5946761991,1331833.808301928,652432.144388233,0.00020247170977561357,5.72556390600363e-06,0.00032136150878549934,0.5140098833020602,0.49178081250283867,0.06527272684411946,12.577963554301096,12.30897035399903,0.6667995961985725
final_accuracy,grid,300,condition_joint,0.06756978855961057,0.0695261101211317,0.012635839570678858,0.00032229545544454005,0.0002968907310365,0.00011051061267047006,0.23872019918298273,0.2267430395106366,0.09797728591714763,954954.5946761991,1331833.8083019285,652432.1443882331,0.00020458950526324604,5.801533820646766e-06,0.0003247080439736613,0.5140098833020602,0.49178081250283867,0.06527272684411946,12.577963554301096,12.30897035399903,0.6667995961985725
final_accuracy,grid,300,qr_joint,0.06756978855961863,0.06952611012113274,0.012635839570683888,0.0003222954554445,0.00029689073103660003,0.00011051061267045962,0.2387201991829624,0.22674303951065974,0.09797728591711663,954954.594676199,1331833.8083019278,652432.144388233,0.00020498621578505537,6.008458636041128e-06,0.0003248679645274368,0.5140098833020602,0.49178081250283867,0.06527272684411946,12.577963554301096,12.30897035399903,0.6667995961985725
final_accuracy,grid,300,qr_whitened,0.06886486476897649,0.0694891287826771,0.014715773096275777,0.00032456614462859,0.00029521386094095,0.00011614749429932453,0.2413103662327205,0.22977911194959505,0.10191481195193093,952311.0883657604,1328738.0699444604,650289.0247386837,0.000201728415036039,5.752815813774986e-06,0.0003190287747381424,0.5140098833020602,0.49178081250283867,0.06527272684411946,12.577963554301096,12.30897035399903,0.6667995961985725
final_accuracy,grid,300,well_region,0.11491527254362728,0.11432506923065215,0.04139426401577299,0.0003241641961114,0.0002990561583883,0.00011227097041906056,0.27052442784515857,0.24440655135867073,0.12131720864389334,1060200.4606072798,1485028.4218465849,722894.5153952739,0.0002779425127806675,5.8956766703264105e-06,0.0004429949007230526,0.5140098833020602,0.49178081250283867,0.06527272684411946,12.577963554301096,12.30897035399903,0.6667995961985725
final_accuracy,well_joint,1,condition_joint,1.2534508713526589,1.1203941451325279,0.32141557848427704,0.00342567396791163,0.00341006330917205,0.00017008528909907725,2.7648235168924566,2.766214253307168,0.4530648415959118,185.2545175272753,263.59623384706407,126.28373004651709,4.622118044915938e-06,4.500161649184861e-06,3.406831820901748e-07,0.5140098833020602,0.49178081250283867,0.06527272684411946,12.577963554301096,12.30897035399903,0.6667995961985725
final_accuracy,well_joint,1,condition_pressure,1.048136402104202,0.9310198324561727,0.387983763403012,0.2689698690988922,0.26903508666170817,0.00027245378206851566,167.68265428907358,174.3837218869141,30.375842709099324,94933802.60806575,105309427.10284786,77786871.37008142,4.526754141841224e-06,4.488875927741437e-06,1.9874350099855354e-07,0.5140098833020602,0.49178081250283867,0.06527272684411946,12.577963554301096,12.30897035399903,0.6667995961985725
final_accuracy,well_joint,1,configured,1.0295376546888861,0.9095005623524164,0.383656636792661,0.2689698690988922,0.26903508666170817,0.00027245378206851566,167.67143877484287,174.35512149095325,30.373567994339194,2399500752.0271635,1984173633.507069,2306579285.437574,5.7764090254073054e-06,5.657582691935403e-06,3.9471946187554665e-07,0.5140098833020602,0.49178081250283867,0.06527272684411946,12.577963554301096,12.30897035399903,0.6667995961985725
final_accuracy,well_joint,1,dg_joint,1.2534508713526589,1.1203941451325279,0.32141557848427704,0.00342567396791163,0.00341006330917205,0.00017008528909907725,2.7648235168924566,2.766214253307168,0.4530648415959118,185.2545175272753,263.59623384706407,126.28373004651709,4.616728568050478e-06,4.579729333395643e-06,1.7556566479928099e-07,0.5140098833020602,0.49178081250283867,0.06527272684411946,12.577963554301096,12.30897035399903,0.6667995961985725
final_accuracy,well_joint,1,dg_pressure,1.048136402104202,0.9310198324561727,0.387983763403012,0.2689698690988922,0.26903508666170817,0.00027245378206851566,167.68265428907358,174.3837218869141,30.375842709099324,94933802.60806575,105309427.10284786,77786871.37008142,4.619424058696872e-06,4.514413554251152e-06,3.3381358525128157e-07,0.5140098833020602,0.49178081250283867,0.06527272684411946,12.577963554301096,12.30897035399903,0.6667995961985725
final_accuracy,well_joint,2,condition_joint,0.8717804644140795,0.8044443808055854,0.21502787379842964,0.00134109133070953,0.0011804678489202,0.00034860793279807556,1.2734665396216274,1.257849466402368,0.28796583510770535,28068.870708422823,39779.56299778972,19265.419095624125,1.1967230074832398e-05,5.40255663016657e-07,2.9233132948147313e-05,0.5140098833020602,0.49178081250283867,0.06527272684411946,12.577963554301096,12.30897035399903,0.6667995961985725
final_accuracy,well_joint,2,condition_pressure,0.4634487288139962,0.41850205582550504,0.239052994902308,0.0040272345315664005,0.0039741608966109,0.00022094006890426205,2.748783756411059,2.768786016543015,0.4485613771526162,126961832.36447808,140759031.219732,103878677.62305278,6.354166910575731e-06,4.262217949407133e-07,1.5210217983763086e-05,0.5140098833020602,0.49178081250283867,0.06527272684411946,12.577963554301096,12.30897035399903,0.6667995961985725
final_accuracy,well_joint,2,configured,1.0534886143779663,0.860955830912957,0.4638432481718114,0.0036793628976170395,0.0036757889904770503,0.00013624673474588834,2.8147106038925815,2.886601507741526,0.4690656186324927,3422171115.367135,2812386349.31153,3326321120.052485,8.337982481977738e-05,5.974323535600635e-07,0.0002604427832749812,0.5140098833020602,0.49178081250283867,0.06527272684411946,12.577963554301096,12.30897035399903,0.6667995961985725
final_accuracy,well_joint,2,dg_joint,0.8717804644140795,0.8044443808055854,0.21502787379842964,0.00134109133070953,0.0011804678489202,0.00034860793279807556,1.2734665396216274,1.257849466402368,0.28796583510770535,28068.870708422823,39779.56299778972,19265.419095624125,1.1998434600077178e-05,4.957707043425564e-07,2.9296574889121807e-05,0.5140098833020602,0.49178081250283867,0.06527272684411946,12.577963554301096,12.30897035399903,0.6667995961985725
final_accuracy,well_joint,2,dg_pressure,0.4634487288139962,0.41850205582550504,0.239052994902308,0.0040272345315664005,0.0039741608966109,0.00022094006890426205,2.748783756411059,2.768786016543015,0.4485613771526162,126961832.36447808,140759031.219732,103878677.62305278,6.3748744391237505e-06,4.517556467055014e-07,1.5179396094256872e-05,0.5140098833020602,0.49178081250283867,0.06527272684411946,12.577963554301096,12.30897035399903,0.6667995961985725
final_accuracy,well_joint,3,condition_joint,0.52518536076054,0.5201103965605445,0.1331104048267685,0.00107386306508137,0.0009936394346795499,0.00023018011696826883,0.9224187108298907,0.9708028321581065,0.2122295547215844,84478.45598133496,117169.2780255971,57986.84896025003,3.8726283455065844e-05,5.651616488751444e-07,9.291349578547819e-05,0.5140098833020602,0.49178081250283867,0.06527272684411946,12.577963554301096,12.30897035399903,0.6667995961985725
final_accuracy,well_joint,3,condition_pressure,0.3335690998981657,0.3031594897508957,0.14560458236862464,0.00156374900394322,0.00159889375222925,0.00044798378611252495,1.1313551099562138,1.067391998600065,0.35213975653993607,157747240.05085316,175576816.39592794,128756309.27340499,2.8197994735569734e-05,5.036015221078817e-07,6.440291709860569e-05,0.5140098833020602,0.49178081250283867,0.06527272684411946,12.577963554301096,12.30897035399903,0.6667995961985725
final_accuracy,well_joint,3,configured,1.0206982383293677,0.8063668225906959,0.5534114197929082,0.00367943760679386,0.00367600475245325,0.00013584597839858873,2.792838738369892,2.8109499314198914,0.4406875914195675,4295839779.12008,3612839568.7590423,4124727570.555576,5.150313233769225e-05,5.413533752535546e-07,0.00015987198189267382,0.5140098833020602,0.49178081250283867,0.06527272684411946,12.577963554301096,12.30897035399903,0.6667995961985725
final_accuracy,well_joint,3,dg_joint,0.5713915095415338,0.5108392192373276,0.22838798519020403,0.0011524207273014698,0.0009936394346795499,0.00036520597263437344,0.9685475861350547,0.9972515710834339,0.21301442065282783,172100.9855661157,117169.2780255971,213877.74957146225,3.8738972938502456e-05,5.23650368607316e-07,9.309524460631197e-05,0.5140098833020602,0.49178081250283867,0.06527272684411946,12.577963554301096,12.30897035399903,0.6667995961985725
final_accuracy,well_joint,3,dg_pressure,0.3335690998981657,0.3031594897508957,0.14560458236862464,0.00156374900394322,0.00159889375222925,0.00044798378611252495,1.1313551099562138,1.067391998600065,0.35213975653993607,157747240.05085316,175576816.39592794,128756309.27340499,2.809370449074975e-05,5.06736803362216e-07,6.415752404258514e-05,0.5140098833020602,0.49178081250283867,0.06527272684411946,12.577963554301096,12.30897035399903,0.6667995961985725
final_accuracy,well_joint,4,condition_joint,0.5064495903312528,0.5119712875958053,0.1494545795949473,0.00099182349747422,0.0009412808814521499,0.00023302437472490293,0.8639257879169758,0.8527655209595238,0.22603651791458498,126957.8769559864,167869.60084913758,88676.21143951877,5.407872346327885e-07,5.280338595376202e-07,6.580781792903786e-08,0.5140098833020602,0.49178081250283867,0.06527272684411946,12.577963554301096,12.30897035399903,0.6667995961985725
final_accuracy,well_joint,4,condition_pressure,0.30091493668544034,0.2578629918221969,0.1674618495089003,0.0013986329968534998,0.00145497059318815,0.0005311823482560863,1.0121062841660624,1.0157682529666694,0.40251520208821945,181110623.61305523,201575152.73027632,147768880.5825245,5.516315789812743e-07,5.095601484487604e-07,1.2237113852825146e-07,0.5140098833020602,0.49178081250283867,0.06527272684411946,12.577963554301096,12.30897035399903,0.6667995961985725
final_accuracy,well_joint,4,configured,0.3883185145916236,0.4048589792721097,0.08647472902683417,0.00219406530678293,0.0019905661056774998,0.0006209825515784733,1.5696171503058092,1.4172289289787996,0.5296398250427746,8911636927.328928,8668199742.400269,7544240314.156597,6.338661751898944e-07,5.897518964676901e-07,1.2623646686845202e-07,0.5140098833020602,0.49178081250283867,0.06527272684411946,12.577963554301096,12.30897035399903,0.6667995961985725
final_accuracy,well_joint,4,dg_joint,0.5682364850854815,0.5119712875958053,0.2706379519617796,0.00104834306568182,0.00094042759091175,0.0003631512315026534,0.8993972268039009,0.906257709561956,0.20077076569113894,224010.75331411147,170420.24117742403,248251.85732404064,6.229661560890482e-07,5.885037414981683e-07,1.6342876957731072e-07,0.5140098833020602,0.49178081250283867,0.06527272684411946,12.577963554301096,12.30897035399903,0.6667995961985725
final_accuracy,well_joint,4,dg_pressure,0.30091493668544034,0.2578629918221969,0.1674618495089003,0.0013986329968534998,0.00145497059318815,0.0005311823482560863,1.0121062841660624,1.0157682529666694,0.40251520208821945,181110623.61305523,201575152.73027632,147768880.5825245,5.857150365346412e-07,5.734661697756667e-07,1.0416168623932644e-07,0.5140098833020602,0.49178081250283867,0.06527272684411946,12.577963554301096,12.30897035399903,0.6667995961985725
final_accuracy,well_joint,5,condition_joint,0.4893298720639721,0.4892209472169035,0.13641755351630117,0.00082886756587625,0.0007587785560556,0.00021875787540731652,0.7626589362524763,0.7397648688014606,0.23229752971612574,219769.85784918995,223935.8465836323,226204.49671530334,6.227774516665342e-07,6.016616543660403e-07,1.203693703978603e-07,0.5140098833020602,0.49178081250283867,0.06527272684411946,12.577963554301096,12.30897035399903,0.6667995961985725
final_accuracy,well_joint,5,condition_pressure,0.25978728772490123,0.2385662721365617,0.07728891058635473,0.00108683692071337,0.00103856860408415,0.0005006492457984631,0.785898768402862,0.8011577285722649,0.2752370248948294,209571841.0880494,235085181.01322716,168177872.3737373,6.48371414876634e-07,5.693947244260488e-07,1.7881229828571453e-07,0.5140098833020602,0.49178081250283867,0.06527272684411946,12.577963554301096,12.30897035399903,0.6667995961985725
final_accuracy,well_joint,5,configured,0.4020310969365906,0.41044217957675166,0.07895530780512601,0.00177347345123711,0.00181833665611355,0.00023450024605563158,1.3215720638262294,1.2552028018060524,0.3230819761761472,12497193606.586437,12198892270.792503,10211174046.616268,6.426060171815377e-07,6.400375986730862e-07,7.30631672157591e-08,0.5140098833020602,0.49178081250283867,0.06527272684411946,12.577963554301096,12.30897035399903,0.6667995961985725
final_accuracy,well_joint,5,dg_joint,0.5104933784172847,0.4930578190893095,0.14363128239136994,0.0009247235984309699,0.0007681996510557,0.0004054072939887081,0.7956461252578938,0.8583336515796958,0.14552901604961124,1024986.6544414995,228054.1643087389,2536907.0129188546,6.269729165342825e-07,6.242142782347011e-07,1.0345380949080583e-07,0.5140098833020602,0.49178081250283867,0.06527272684411946,12.577963554301096,12.30897035399903,0.6667995961985725
final_accuracy,well_joint,5,dg_pressure,0.25978728772490123,0.2385662721365617,0.07728891058635473,0.00108683692071337,0.00103856860408415,0.0005006492457984631,0.785898768402862,0.8011577285722649,0.2752370248948294,209571841.0880494,235085181.01322716,168177872.3737373,6.194864649192564e-07,6.273458394505559e-07,1.250627129711598e-07,0.5140098833020602,0.49178081250283867,0.06527272684411946,12.577963554301096,12.30897035399903,0.6667995961985725
final_accuracy,well_joint,6,condition_joint,0.5247174762307238,0.5384402845536176,0.10533612474173533,0.00080648005652658,0.0007439933994837,0.0002087846344408131,0.771107626518875,0.7629740222327981,0.19870725531361463,904005.9284036666,1208704.1191073032,629367.2990114024,6.68231562424199e-07,6.591503357836851e-07,1.1649488937648349e-07,0.5140098833020602,0.49178081250283867,0.06527272684411946,12.577963554301096,12.30897035399903,0.6667995961985725
final_accuracy,well_joint,6,condition_pressure,0.2340402784990518,0.2311079439158165,0.05621651751486238,0.0008533320380762399,0.00084538320045525,0.00017315798732373198,0.648175880104646,0.6246543860294622,0.14021637561842554,233909618.5006168,258120779.80055133,188068029.15175307,6.397548921605838e-07,6.179511558029913e-07,1.2509904877664815e-07,0.5140098833020602,0.49178081250283867,0.06527272684411946,12.577963554301096,12.30897035399903,0.6667995961985725
final_accuracy,well_joint,6,configured,0.3248267246350841,0.31618218334293674,0.07829599370552412,0.0008298432465629101,0.0008594827446327001,0.0002114787124809466,0.6942605207239271,0.6594467202565923,0.2281634012378042,18074802795.84777,19121651212.724396,15173620691.103819,6.636909655158766e-07,6.737142590774378e-07,1.2096620489628738e-07,0.5140098833020602,0.49178081250283867,0.06527272684411946,12.577963554301096,12.30897035399903,0.6667995961985725
final_accuracy,well_joint,6,dg_joint,0.47510118840726195,0.4849210953048929,0.11864660343612927,0.0008300108469792599,0.0007540104429037,0.00023765173178251465,0.7445338712898064,0.7063064816417012,0.17672304494684488,2473395.5823467663,1231975.1730608079,3581656.2471686164,6.910090243244278e-07,6.799812109605234e-07,1.3505527618091653e-07,0.5140098833020602,0.49178081250283867,0.06527272684411946,12.577963554301096,12.30897035399903,0.6667995961985725
final_accuracy,well_joint,6,dg_pressure,0.2340402784990518,0.2311079439158165,0.05621651751486238,0.0008533320380762399,0.00084538320045525,0.00017315798732373198,0.648175880104646,0.6246543860294622,0.14021637561842554,233909618.5006168,258120779.80055133,188068029.15175307,6.451759346466708e-07,6.502180310365344e-07,1.2543051517270662e-07,0.5140098833020602,0.49178081250283867,0.06527272684411946,12.577963554301096,12.30897035399903,0.6667995961985725
final_accuracy,well_joint,7,condition_joint,0.5072863172375639,0.5178001709831445,0.15905155261042092,0.00086200044174176,0.0008345953314317499,0.00016132558224931314,0.8017750016929991,0.7659442553192328,0.17789363121878135,993328.1466190137,1335540.0126231266,689741.7916707884,7.343353551315297e-07,7.562631711843459e-07,1.6268140978101266e-07,0.5140098833020602,0.49178081250283867,0.06527272684411946,12.577963554301096,12.30897035399903,0.6667995961985725
final_accuracy,well_joint,7,condition_pressure,0.23807998521635748,0.2307842458313368,0.052708651200706925,0.00084861172816983,0.0008552179538157,0.00018183493012442805,0.6478706559241931,0.5883994790663256,0.15873943101295682,266096671.62094992,288182363.5103741,216995086.70074907,6.958338321725789e-07,6.954887110732944e-07,1.5198172384629594e-07,0.5140098833020602,0.49178081250283867,0.06527272684411946,12.577963554301096,12.30897035399903,0.6667995961985725
final_accuracy,well_joint,7,configured,0.26428753828803586,0.26765224989360936,0.04259266134998777,0.00076099592951162,0.00078032005242365,0.00016253692169833697,0.6083924868718753,0.5900422230803228,0.14982828714360225,21433250347.931885,24598862266.582073,17870877796.79475,7.536984781850185e-07,7.670751621393501e-07,1.395949643111668e-07,0.5140098833020602,0.49178081250283867,0.06527272684411946,12.577963554301096,12.30897035399903,0.6667995961985725
final_accuracy,well_joint,7,dg_joint,0.4271439853530999,0.3966546436072982,0.14456061934067485,0.00087432758851374,0.0008345953314317499,0.00017201376084261338,0.7530070123783976,0.704280741000808,0.16641224145449918,2728252.760954527,1357138.3915414647,3951399.9249083404,7.307646597851124e-07,7.348082595525828e-07,1.5316305739093713e-07,0.5140098833020602,0.49178081250283867,0.06527272684411946,12.577963554301096,12.30897035399903,0.6667995961985725
final_accuracy,well_joint,7,dg_pressure,0.23807998521635748,0.2307842458313368,0.052708651200706925,0.00084861172816983,0.0008552179538157,0.00018183493012442805,0.6478706559241931,0.5883994790663256,0.15873943101295682,266096671.62094992,288182363.5103741,216995086.70074907,7.019736790938541e-07,7.183609026592729e-07,1.3311739565253596e-07,0.5140098833020602,0.49178081250283867,0.06527272684411946,12.577963554301096,12.30897035399903,0.6667995961985725
final_accuracy,well_joint,8,condition_joint,0.60663955008495,0.5971934153716303,0.21339201618211762,0.00086568765726049,0.0009425333516912,0.00024056016519486672,0.8551114907828676,0.7871805358880797,0.3128561892853615,1152513.1799697517,1620238.953804859,796621.5999132195,0.000928188879700403,0.000914214913545321,0.0009778169214223077,0.5140098833020602,0.49178081250283867,0.06527272684411946,12.577963554301096,12.30897035399903,0.6667995961985725
final_accuracy,well_joint,8,condition_pressure,0.27212914167839125,0.2566714923839491,0.07819065528584086,0.00113688164544886,0.0009068262442178999,0.0007091563550035297,0.8058162290172411,0.8200243535305085,0.3270552247221522,301519373.0616844,334442159.0715617,237725560.58809078,0.0009261723361052281,0.000917677003763331,0.0009756796734400648,0.5140098833020602,0.49178081250283867,0.06527272684411946,12.577963554301096,12.30897035399903,0.6667995961985725
final_accuracy,well_joint,8,configured,0.29791971678766355,0.2727339481843152,0.08138880247053833,0.0008971082780106599,0.00081884719508275,0.0002911164912985042,0.7017138853696162,0.6432342134833853,0.2177725528762036,29315146356.168175,33036198205.90413,26978025617.95504,0.0009481967413597324,0.0009227116240520561,0.0009993380833616071,0.5140098833020602,0.49178081250283867,0.06527272684411946,12.577963554301096,12.30897035399903,0.6667995961985725
final_accuracy,well_joint,8,dg_joint,0.48683194970949967,0.40816648667422606,0.2197670210482194,0.00099742460435237,0.00092341726632245,0.0005609454587221896,0.8089951493280679,0.8360414772268271,0.20769844307570198,3193975.5652612452,1634762.9162662493,4579262.467221416,0.0009285258774446841,0.0009174552030064395,0.0009781884716698374,0.5140098833020602,0.49178081250283867,0.06527272684411946,12.577963554301096,12.30897035399903,0.6667995961985725
final_accuracy,well_joint,8,dg_pressure,0.27212914167839125,0.2566714923839491,0.07819065528584086,0.00113688164544886,0.0009068262442178999,0.0007091563550035297,0.8058162290172411,0.8200243535305085,0.3270552247221522,301519373.0616844,334442159.0715617,237725560.58809078,0.0009311772571330227,0.0009183358420808972,0.0009810722356268326,0.5140098833020602,0.49178081250283867,0.06527272684411946,12.577963554301096,12.30897035399903,0.6667995961985725
final_accuracy,well_joint,9,condition_joint,0.5647691213644521,0.5467227233380618,0.20307940662412,0.0008286639668218,0.0009285970841329499,0.0002276716357123473,0.8142416868436374,0.7624752223924365,0.31538285552447476,2475666.2160318466,1882939.508666832,3886549.1807008386,0.0009201603398384153,0.0009154376578619661,0.0009691975185810036,0.5140098833020602,0.49178081250283867,0.06527272684411946,12.577963554301096,12.30897035399903,0.6667995961985725
final_accuracy,well_joint,9,condition_pressure,0.26773865705598315,0.25598226923206957,0.08187171090197373,0.00114535991107257,0.0008929300369496,0.000710994387898349,0.8059923862676847,0.7982863207937262,0.31974286709233063,356516968.6159722,460623495.97524107,271119736.9607936,0.0009302917917298583,0.000920953165418711,0.000980214862410999,0.5140098833020602,0.49178081250283867,0.06527272684411946,12.577963554301096,12.30897035399903,0.6667995961985725
final_accuracy,well_joint,9,configured,0.28374122887149483,0.2740341622707558,0.0696429332531497,0.00094514568276544,0.0008171895677862499,0.00040408723204073073,0.7051521389791998,0.7142636498233251,0.18106483087666084,33211341781.01779,37427075370.6413,30482514473.307392,0.0009232327999987511,0.0009138588609214766,0.000972511497394424,0.5140098833020602,0.49178081250283867,0.06527272684411946,12.577963554301096,12.30897035399903,0.6667995961985725
final_accuracy,well_joint,9,dg_joint,0.41531374742594257,0.3061721147139521,0.2568054582432078,0.00097784955553963,0.0009002293170393999,0.0005686195365429063,0.7483292017260473,0.7947270915558287,0.18706498295367024,5599654.59890273,2020025.8763289964,6081544.039506745,0.0009256388135422667,0.0009155488721870757,0.00097509751653662,0.5140098833020602,0.49178081250283867,0.06527272684411946,12.577963554301096,12.30897035399903,0.6667995961985725
final_accuracy,well_joint,9,dg_pressure,0.26773865705598315,0.25598226923206957,0.08187171090197373,0.00114535991107257,0.0008929300369496,0.000710994387898349,0.8059923862676847,0.7982863207937262,0.31974286709233063,356516968.6159722,460623495.97524107,271119736.9607936,0.0009277224939793664,0.0009162031616634447,0.0009773142827052598,0.5140098833020602,0.49178081250283867,0.06527272684411946,12.577963554301096,12.30897035399903,0.6667995961985725
final_accuracy,well_joint,10,condition_joint,0.417573749489227,0.36221582474472114,0.23659427871492233,0.00082449602806444,0.00092647133372105,0.0002294471284092903,0.7212659955661499,0.7406455445406879,0.24346561373019168,7434573.180500811,7870374.329598116,6859630.615535946,0.0009284242473665378,0.0009240422969971698,0.0009777702637341484,0.5140098833020602,0.49178081250283867,0.06527272684411946,12.577963554301096,12.30897035399903,0.6667995961985725
final_accuracy,well_joint,10,condition_pressure,0.25336906646997753,0.23799660089409594,0.10253598586320492,0.0010422419200035,0.0008808488376779501,0.0004902654328287754,0.7511941982906029,0.810401973233281,0.2660396621503081,388818536.9398248,490794813.7605338,294349587.6135878,0.00093173674811935,0.0009214033533974388,0.0009814737450116312,0.5140098833020602,0.49178081250283867,0.06527272684411946,12.577963554301096,12.30897035399903,0.6667995961985725
final_accuracy,well_joint,10,configured,0.33025882884592306,0.2991202522380142,0.09128679412280909,0.00094501274092679,0.0008165736917023999,0.0004041350784923091,0.7353663245553926,0.7244545234503158,0.20621923692469651,1558640282056.727,662536540664.648,2227250350190.1797,0.0009765055458607425,0.0009224359361033312,0.0010381551520908857,0.5140098833020602,0.49178081250283867,0.06527272684411946,12.577963554301096,12.30897035399903,0.6667995961985725
final_accuracy,well_joint,10,dg_joint,0.31090380409929796,0.3371654312290831,0.06845461693021063,0.00095957244624698,0.0009027884935154499,0.0005666132539573887,0.7176729674080116,0.7670088167543068,0.22645503821865068,10014545.29431793,13516182.983907506,6993902.643281567,0.0009252436405944305,0.00092005216165007,0.0009745020896854926,0.5140098833020602,0.49178081250283867,0.06527272684411946,12.577963554301096,12.30897035399903,0.6667995961985725
final_accuracy,well_joint,10,dg_pressure,0.25336906646997753,0.23799660089409594,0.10253598586320492,0.0010422419200035,0.0008808488376779501,0.0004902654328287754,0.7511941982906029,0.810401973233281,0.2660396621503081,388818536.9398248,490794813.7605338,294349587.6135878,0.0009304971187996597,0.0009186420714361187,0.00098011887435599,0.5140098833020602,0.49178081250283867,0.06527272684411946,12.577963554301096,12.30897035399903,0.6667995961985725
final_accuracy,well_joint,11,condition_joint,0.3692170586860159,0.33836170280739164,0.133479092958682,0.0008213116990286699,0.0008967307271176,0.00024582385221043855,0.7017390822296272,0.6942164626732998,0.24243845993309948,10754343.23030451,14606991.914682034,7457517.914963437,0.000949539629330224,0.0009263892556519594,0.0010010163615726652,0.5140098833020602,0.49178081250283867,0.06527272684411946,12.577963554301096,12.30897035399903,0.6667995961985725
final_accuracy,well_joint,11,condition_pressure,0.2585868666032449,0.2055574291258794,0.11021336819642061,0.00106707134880231,0.00091314601752705,0.0004999040557750283,0.777906423681598,0.7946485544115917,0.26493851557778675,487381741.8995409,636289432.495321,373821235.50937307,0.0009304040097596333,0.0009247680150418317,0.0009799586873478227,0.5140098833020602,0.49178081250283867,0.06527272684411946,12.577963554301096,12.30897035399903,0.6667995961985725
final_accuracy,well_joint,11,configured,0.3157159748524695,0.3064693929230921,0.07077816551727137,0.00096931772991846,0.0009116547114311,0.0003982339181863333,0.7497067801137653,0.7740593578819827,0.20586910769283073,1698606814483.5566,741168976603.8489,2375173718784.5615,0.0009586079263205073,0.0009190452669040592,0.0010138228019656156,0.5140098833020602,0.49178081250283867,0.06527272684411946,12.577963554301096,12.30897035399903,0.6667995961985725
final_accuracy,well_joint,11,dg_joint,0.3423046717573296,0.33836170236342195,0.09593103251566416,0.00093201523494954,0.0008842918415775,0.0005459217543700212,0.7281726465749481,0.7671414419146699,0.24481984227246226,11568787.661393343,14464770.014048561,8473091.09883683,0.0009354885022463792,0.0009272362180113098,0.0009852307504498406,0.5140098833020602,0.49178081250283867,0.06527272684411946,12.577963554301096,12.30897035399903,0.6667995961985725
final_accuracy,well_joint,11,dg_pressure,0.2608130667799241,0.21668843000927515,0.10901553685850635,0.00105677050689967,0.00091314601752705,0.000509437102784202,0.7713606806940188,0.7946485544115917,0.2724431604017186,457475273.740595,570865653.7708786,356530880.1353567,0.0009342989030239534,0.0009250964887500912,0.0009840224186228796,0.5140098833020602,0.49178081250283867,0.06527272684411946,12.577963554301096,12.30897035399903,0.6667995961985725
final_accuracy,well_joint,12,condition_joint,0.3644128624973816,0.32268207105442026,0.1738898995138009,0.0008256186312910399,0.0008833754384195,0.00020366226668631348,0.705922915799996,0.7100401949519137,0.25814576428764124,13230346.122617858,17385347.891109902,9467242.58880797,0.0009580530082625981,0.0009290816127676905,0.001012146522668255,0.5140098833020602,0.49178081250283867,0.06527272684411946,12.577963554301096,12.30897035399903,0.6667995961985725
final_accuracy,well_joint,12,condition_pressure,0.24199047646319533,0.22469918984656384,0.09358860354839052,0.00102766574797573,0.00091529987305115,0.000438188014861331,0.7438288291079403,0.804505333334173,0.19644073962221045,757571697.8366027,910927248.5011928,577796077.2975242,0.0009281104947258508,0.0009195527894561543,0.0009774524028589504,0.5140098833020602,0.49178081250283867,0.06527272684411946,12.577963554301096,12.30897035399903,0.6667995961985725
final_accuracy,well_joint,12,configured,0.3358690660399362,0.3183201349023544,0.09268425696109893,0.00098474032011932,0.00087339797386185,0.000537549196515222,0.7584611217057351,0.7527436887578967,0.22845377880375492,2725425566105.1396,954690389358.9158,4472578425413.566,0.0009366925436210081,0.0009278596503976156,0.0009866728099311886,0.5140098833020602,0.49178081250283867,0.06527272684411946,12.577963554301096,12.30897035399903,0.6667995961985725
final_accuracy,well_joint,12,dg_joint,0.3974306795166126,0.3250403105169981,0.1875155705425189,0.0009063962079323199,0.0008651514204946499,0.0004495124435249183,0.7494318613213897,0.8023616643643956,0.24854395379869304,13200466.432195473,17385347.891109895,9422279.634577835,0.0009290140669239433,0.0009257515676952237,0.0009782548182730626,0.5140098833020602,0.49178081250283867,0.06527272684411946,12.577963554301096,12.30897035399903,0.6667995961985725
final_accuracy,well_joint,12,dg_pressure,0.2419904764631952,0.22469918984656384,0.09358860354839052,0.00102766574797573,0.00091529987305115,0.000438188014861331,0.7438288291079402,0.804505333334173,0.19644073962221048,757571697.8366027,910927248.5011927,577796077.2975242,0.0009356517240497044,0.000923822214268899,0.0009855014848039207,0.5140098833020602,0.49178081250283867,0.06527272684411946,12.577963554301096,12.30897035399903,0.6667995961985725
final_accuracy,well_joint,13,condition_joint,0.4403509967300604,0.3575153231745285,0.3082525829707888,0.00094108887679403,0.00090227740392695,0.000330810953479399,0.8099558939325391,0.758240011155946,0.3535140749217008,15207501.807281826,19476872.70238828,11002676.650920266,0.0009456801052726705,0.0009240338345934715,0.0009968101718607594,0.5140098833020602,0.49178081250283867,0.06527272684411946,12.577963554301096,12.30897035399903,0.6667995961985725
final_accuracy,well_joint,13,condition_pressure,0.23012418062616558,0.20098869797347355,0.09217846182717342,0.00085067683593608,0.00086670488516455,0.0002571839843977893,0.6523822909415611,0.6216574803884694,0.204097432381482,1058366218.5495163,1061686224.1480076,951307678.5332707,0.0009787016293284012,0.0009277822669230428,0.001038274107144165,0.5140098833020602,0.49178081250283867,0.06527272684411946,12.577963554301096,12.30897035399903,0.6667995961985725
final_accuracy,well_joint,13,configured,0.3826386524848101,0.34809176728900626,0.11636306642446988,0.00098682193067608,0.0009200416786045999,0.0003578074108422289,0.8038875486160999,0.795521514320845,0.22258390049140886,3291897950192.077,1512902823066.3364,4833780054932.283,0.0009244243105277123,0.0009159646015314337,0.0009734727634274452,0.5140098833020602,0.49178081250283867,0.06527272684411946,12.577963554301096,12.30897035399903,0.6667995961985725
final_accuracy,well_joint,13,dg_joint,0.46866935586890096,0.39187666522333653,0.296830721469979,0.0008484669653869001,0.0007893731740927501,0.00029033949201650314,0.7802968436952922,0.67882277799281,0.3498104695738071,22580915.189067088,18828420.04446633,28864744.39357581,0.0009706070812075735,0.0009166726165420857,0.0010256865541525993,0.5140098833020602,0.49178081250283867,0.06527272684411946,12.577963554301096,12.30897035399903,0.6667995961985725
final_accuracy,well_joint,13,dg_pressure,0.21428489080538432,0.17408609534225955,0.09181781228051045,0.00085643880612032,0.00086670488516455,0.00025250006553381737,0.6502954294746333,0.6216574803884694,0.2047749561950258,920633639.4265468,1061686224.1480076,705908185.7767699,0.0009293510022481506,0.0009232395037488023,0.0009786891575881017,0.5140098833020602,0.49178081250283867,0.06527272684411946,12.577963554301096,12.30897035399903,0.6667995961985725
final_accuracy,well_joint,14,condition_joint,0.43553467326900586,0.4113448251542605,0.15332550392907898,0.0008095619642008599,0.0007672637683545499,0.00021474964758629318,0.7393537433652323,0.7180037545365917,0.2607427768459304,20844648.08868825,23160780.715769485,16142784.518141031,0.0009419859022580596,0.0009254105563905046,0.0009926106322232073,0.5140098833020602,0.49178081250283867,0.06527272684411946,12.577963554301096,12.30897035399903,0.6667995961985725
final_accuracy,well_joint,14,condition_pressure,0.22659337417827513,0.17954009138210195,0.09836611584276805,0.00085533085784567,0.00085683142769485,0.00026065735378300216,0.6673324738100093,0.7479733016555614,0.23468927101994466,1275479580.10875,1252313092.8136334,1114584258.2255418,0.0009316672924735089,0.0009197700488666705,0.000981203340904726,0.5140098833020602,0.49178081250283867,0.06527272684411946,12.577963554301096,12.30897035399903,0.6667995961985725
final_accuracy,well_joint,14,configured,0.2901317678271612,0.2847859018598692,0.08371981042298629,0.00099584796956562,0.0008926920440124,0.0003313099197418121,0.767827948665671,0.7709714092824047,0.225762031033297,3998226242834.436,1899965080805.2056,5263242735572.655,0.0009424340526185274,0.0009243732744280849,0.0009926691550750494,0.5140098833020602,0.49178081250283867,0.06527272684411946,12.577963554301096,12.30897035399903,0.6667995961985725
final_accuracy,well_joint,14,dg_joint,0.5583297857030619,0.37298935658723525,0.45838962980711584,0.00081281831794953,0.0007536461385529,0.00018914972359667891,0.7901950370942377,0.7068950351198205,0.34830252159523084,50459789.94544464,24311342.484067578,71169208.60494852,0.0009335529135322725,0.0009234575488533339,0.0009831497241245817,0.5140098833020602,0.49178081250283867,0.06527272684411946,12.577963554301096,12.30897035399903,0.6667995961985725
final_accuracy,well_joint,14,dg_pressure,0.18553863420440256,0.15532166377960727,0.08847679070015817,0.0007916650731865,0.0007893731795273,0.00018969146653892007,0.5996319813934484,0.5915302845370655,0.20378393552207766,1295282774.0995955,1322331716.1857123,1112919251.0626817,0.0009207212406044475,0.0008584981165166266,0.0009707636744596484,0.5140098833020602,0.49178081250283867,0.06527272684411946,12.577963554301096,12.30897035399903,0.6667995961985725
final_accuracy,well_joint,15,condition_joint,0.3553311846896114,0.2733500215086412,0.24029909805364466,0.0006770157799946399,0.0007056166803362,0.00011352098906171812,0.6040033377930136,0.5464739287279452,0.17988477448172008,61949188.286938846,62290028.35685183,54454266.18736272,0.0014876106511376589,0.0018568562030084,0.0007838503457513877,0.5140098833020602,0.49178081250283867,0.06527272684411946,12.577963554301096,12.30897035399903,0.6667995961985725
final_accuracy,well_joint,15,condition_pressure,0.2027429396026102,0.1930124447874047,0.06789773810912654,0.00073181089461856,0.00072960396586025,0.0001920127020679723,0.5714958544909992,0.5687943405893535,0.18411071633431808,1677237125.1105838,1552742789.8204494,1467406364.1996384,0.0015487818300639947,0.0018532097480935998,0.0008406248553770774,0.5140098833020602,0.49178081250283867,0.06527272684411946,12.577963554301096,12.30897035399903,0.6667995961985725
final_accuracy,well_joint,15,configured,0.3017682883019054,0.26275482596315447,0.1312704083008237,0.0009637072594936401,0.0009530935654074001,0.0003188840218535443,0.751684932760065,0.7728755227567295,0.21475943237405032,5741816079025.197,2895621230637.634,7653903333274.716,0.0014905249383637233,0.0018515300789727,0.0007855452261487191,0.5140098833020602,0.49178081250283867,0.06527272684411946,12.577963554301096,12.30897035399903,0.6667995961985725
final_accuracy,well_joint,15,dg_joint,0.1980055130805951,0.19679402248764205,0.04580332253808005,0.0007019770726181699,0.000722705482377,9.612112424228922e-05,0.5477878738909687,0.5634297991436086,0.1513232404678548,86087042.90168247,84350060.33916736,77759439.84031358,0.0014922734015052844,0.00184823590226505,0.0007870501569144484,0.5140098833020602,0.49178081250283867,0.06527272684411946,12.577963554301096,12.30897035399903,0.6667995961985725
final_accuracy,well_joint,15,dg_pressure,0.19504051131187072,0.21100600415439916,0.04320931725368642,0.00072260108899441,0.0007161853032957,0.00020277597184363238,0.5553297258006723,0.5551311151222892,0.17615046493076608,2730098382.2645025,1787092390.286334,3746024002.6312585,0.0015164006578900107,0.0018710906954771999,0.0008007564013305791,0.5140098833020602,0.49178081250283867,0.06527272684411946,12.577963554301096,12.30897035399903,0.6667995961985725
final_accuracy,well_joint,16,condition_joint,0.3355742119453936,0.2992634548858212,0.15034896227377043,0.00068682468144316,0.0007109317446095001,0.00011547651503665696,0.603096375598122,0.5543738454243939,0.18974618686717137,135008589.54685405,128913931.7733626,134556817.47693428,0.0013935146285693357,0.0018482363684187001,0.0007727086182984092,0.5140098833020602,0.49178081250283867,0.06527272684411946,12.577963554301096,12.30897035399903,0.6667995961985725
final_accuracy,well_joint,16,condition_pressure,0.21018529307129863,0.1980450371634771,0.06893737961890858,0.00072275866039106,0.00073708982705595,0.00017356994548301926,0.5628173963427291,0.5599732207160043,0.16482542123531377,8459033955.414067,4034389899.3486986,9400777085.135357,0.0014580793533788068,0.0018430689210378,0.0008141731428920114,0.5140098833020602,0.49178081250283867,0.06527272684411946,12.577963554301096,12.30897035399903,0.6667995961985725
final_accuracy,well_joint,16,configured,0.5184393619722821,0.5051931641806171,0.35892401673259666,0.0009582581686442199,0.0009456219418994499,0.0003153202780767178,0.9071385002530418,0.8196061231610127,0.42529490095101324,19220510360432.91,9855302479446.79,24314702712564.797,0.001499228948118656,0.0018629843345985,0.0007904122741337053,0.5140098833020602,0.49178081250283867,0.06527272684411946,12.577963554301096,12.30897035399903,0.6667995961985725
final_accuracy,well_joint,16,dg_joint,0.7684039885075362,0.3191706995951469,0.8393748829055839,0.0006535539237293,0.0006995378612288,0.00011521813697372824,0.8468070891127717,0.6846765493541018,0.6984058774198131,221577728.53759223,206471016.57582828,216377741.01215285,0.0013645839902372459,0.0017362244661785,0.0007679937141689199,0.5140098833020602,0.49178081250283867,0.06527272684411946,12.577963554301096,12.30897035399903,0.6667995961985725
final_accuracy,well_joint,16,dg_pressure,0.7341260149899006,0.29648122104853547,0.8221309529097504,0.00068935892637451,0.00070093693428565,0.00018211267278045657,0.8495622184208939,0.7437807464458286,0.6820044349260049,57974308523.085655,3637365575.742135,168846260416.25894,0.001379388251868783,0.00175588612029585,0.0007782972464661418,0.5140098833020602,0.49178081250283867,0.06527272684411946,12.577963554301096,12.30897035399903,0.6667995961985725
final_accuracy,well_joint,17,condition_joint,0.31465097317385,0.2797910594352833,0.12819160093983165,0.00067754472060129,0.0006983268415831001,0.00010801666655449174,0.5875518352509221,0.5636116706629701,0.1974957087849196,52152136.59356095,47802747.77761347,49480729.46626335,0.0015379838345885377,0.0017831104323294,0.0009520992734033812,0.5140098833020602,0.49178081250283867,0.06527272684411946,12.577963554301096,12.30897035399903,0.6667995961985725
final_accuracy,well_joint,17,condition_pressure,0.23147958518073625,0.21862252455230602,0.05535891144455094,0.00069861764314478,0.0007005495484144,0.0001864546718524797,0.5557005969998408,0.5897071131125236,0.16750037575308394,123726919.80743197,124627293.09445821,102864132.47469899,0.0013557220240706532,0.0017725029736853,0.0007583577143971869,0.5140098833020602,0.49178081250283867,0.06527272684411946,12.577963554301096,12.30897035399903,0.6667995961985725
final_accuracy,well_joint,17,configured,0.3433867396939626,0.27888345135146875,0.21413646791637872,0.00092657023863187,0.0008799061236397,0.00035458528273538315,0.762963823566703,0.7371207783526113,0.2917600657078814,739110858643.2539,394571150384.7876,855587054320.5377,0.001390338441361568,0.00184899075565105,0.0008169037027889999,0.5140098833020602,0.49178081250283867,0.06527272684411946,12.577963554301096,12.30897035399903,0.6667995961985725
final_accuracy,well_joint,17,dg_joint,0.35368062286775503,0.26054887803982807,0.23720206099023902,0.00064953843174611,0.00069971777955535,0.00012666965979064545,0.593964788771115,0.5068282546298958,0.24312129489872558,81080092.82996526,73487401.80312423,72229597.91167353,0.0013711107436009684,0.00179336543983925,0.0007694419764123375,0.5140098833020602,0.49178081250283867,0.06527272684411946,12.577963554301096,12.30897035399903,0.6667995961985725
final_accuracy,well_joint,17,dg_pressure,0.4435659969269426,0.31650086986134196,0.3013847648892801,0.00069086031732609,0.0006997314155555,0.00018529125567833224,0.6565675517863172,0.6709666075691598,0.25647337711343005,159882673.27886587,106757262.94813877,167165094.35621542,0.0014000775376052017,0.00179938580828785,0.0007876267897661443,0.5140098833020602,0.49178081250283867,0.06527272684411946,12.577963554301096,12.30897035399903,0.6667995961985725
final_accuracy,well_joint,18,condition_joint,0.2359260042026919,0.22089704875395133,0.06909366823740748,0.00066489478545936,0.00069856837975415,0.00011755893433586886,0.5380653729396225,0.5336073057386059,0.15834439704740966,35595620.57375449,31747728.91571115,38794877.042539634,0.0014052516285754592,0.0017919179172851,0.0008039394225663197,0.5140098833020602,0.49178081250283867,0.06527272684411946,12.577963554301096,12.30897035399903,0.6667995961985725
final_accuracy,well_joint,18,condition_pressure,0.22187727980907762,0.21140440649184328,0.07410095235745295,0.00069432852389058,0.0006986689867593,0.00018509301719911108,0.5487830498402827,0.5613165158670934,0.1717108884421727,57957997.72026535,45200359.88275698,52950143.32491479,0.0014015368428560153,0.00184919392103935,0.0007916082162809435,0.5140098833020602,0.49178081250283867,0.06527272684411946,12.577963554301096,12.30897035399903,0.6667995961985725
final_accuracy,well_joint,18,configured,0.298362238245916,0.27104646007800753,0.13453437995724407,0.00092661541441788,0.00088016108247985,0.0003545806161158159,0.7219032501306006,0.7291013207432414,0.23195610432794436,2078059806.222102,1727310685.2586997,2234889213.3045297,0.0014115872503775567,0.00183754401505,0.0008355215323509913,0.5140098833020602,0.49178081250283867,0.06527272684411946,12.577963554301096,12.30897035399903,0.6667995961985725
final_accuracy,well_joint,18,dg_joint,0.2270494007619618,0.2155726545411797,0.06065536985847986,0.00066823402737911,0.00069981264239505,0.00012048063807158321,0.5347479907202991,0.5317040672723399,0.15587741496452312,32909995.014504574,31747728.915711157,36179522.32557653,0.0014092873443505053,0.0017878869059911,0.0008114305658126364,0.5140098833020602,0.49178081250283867,0.06527272684411946,12.577963554301096,12.30897035399903,0.6667995961985725
final_accuracy,well_joint,18,dg_pressure,0.5831257897482366,0.24618467309199144,0.7847837419993137,0.0006888993048703,0.0006925298234407001,0.0001849159368883306,0.6996406825143832,0.6492203591570813,0.3507778234075327,89212872.4252998,75849436.00539613,80192272.30647944,0.0014013453323264142,0.0017946062067576,0.0007946278801215181,0.5140098833020602,0.49178081250283867,0.06527272684411946,12.577963554301096,12.30897035399903,0.6667995961985725
final_accuracy,well_joint,19,condition_joint,0.23163245805106075,0.18334213299640018,0.10629983118506595,0.00067803328933874,0.00069812601388265,0.00014608063339797094,0.5478794306163026,0.517645345054631,0.1997377783320574,28671216.517756987,23454714.249307252,27732053.615821972,0.0014176382217993455,0.0018007890037661,0.0008136921334109777,0.5140098833020602,0.49178081250283867,0.06527272684411946,12.577963554301096,12.30897035399903,0.6667995961985725
final_accuracy,well_joint,19,condition_pressure,0.20825364073608754,0.21402597556061895,0.06508325034959139,0.00069177962635332,0.00069908316185595,0.00018291453609779564,0.5385996725890247,0.5503257710328202,0.1624351685265336,42556223.54524777,34387739.0090618,41949977.6578149,0.0013919979646579224,0.00178064990598755,0.0007914278440477341,0.5140098833020602,0.49178081250283867,0.06527272684411946,12.577963554301096,12.30897035399903,0.6667995961985725
final_accuracy,well_joint,19,configured,0.28734784644513045,0.2425273615872089,0.20057733078607132,0.0008633955494370601,0.0008887315364219501,0.00020425579561886729,0.7093884724032681,0.6198830157635438,0.31352856743532254,1087084570.6179786,1025161691.7622149,937232423.2753156,0.00141041713609304,0.0018434113421003499,0.0007675232244296359,0.5140098833020602,0.49178081250283867,0.06527272684411946,12.577963554301096,12.30897035399903,0.6667995961985725
final_accuracy,well_joint,19,dg_joint,0.2418181223314319,0.2142538114698832,0.10227007333274436,0.00069239875540376,0.0007016908768916999,0.0001614390885969502,0.5556418958916443,0.5166082486796276,0.19153392169606262,17826664.395999443,19682487.464898873,15082287.375361154,0.0013914296360910579,0.0018456539774183499,0.0007914678441569833,0.5140098833020602,0.49178081250283867,0.06527272684411946,12.577963554301096,12.30897035399903,0.6667995961985725
final_accuracy,well_joint,19,dg_pressure,0.24082802180030524,0.2232773535098444,0.09683925905351834,0.00068822300836932,0.00069293941585045,0.00018259216107376305,0.5577693227401476,0.573533888390902,0.18512659664028935,50185887.242410086,33930041.236253075,54525974.39529631,0.0014165096812096705,0.0017771571127875,0.0008211327225765326,0.5140098833020602,0.49178081250283867,0.06527272684411946,12.577963554301096,12.30897035399903,0.6667995961985725
final_accuracy,well_joint,20,condition_joint,0.21239190930223195,0.18538749424297823,0.07562435891226411,0.00067962772656223,0.0006982546908404,0.00014536594932639606,0.5351313472754003,0.5049661250065525,0.1689525688302538,14401519.697972888,14498393.465176659,11453729.65396057,0.001452643921056269,0.0018314310789418,0.0008720270121524671,0.5140098833020602,0.49178081250283867,0.06527272684411946,12.577963554301096,12.30897035399903,0.6667995961985725
final_accuracy,well_joint,20,condition_pressure,0.18804954966626158,0.18800814122121673,0.048960132060743865,0.00068553868074116,0.00069932947380105,0.00017904536560198206,0.5273078294310591,0.5427786202490391,0.1650754002207835,29283712.458358962,31815601.372468993,26917192.25506151,0.001382213690231901,0.00179864410903995,0.0007855070721151727,0.5140098833020602,0.49178081250283867,0.06527272684411946,12.577963554301096,12.30897035399903,0.6667995961985725
final_accuracy,well_joint,20,configured,0.26063291480319967,0.19549286023908205,0.14158729239663317,0.0008337088639535899,0.0008347344567052,0.00020879261041123888,0.6641492741952755,0.5893396739873241,0.26125152963278536,416181022.2283698,239853942.57198432,556791332.8482212,0.0014135040729363142,0.00183667418419175,0.0007670491461284973,0.5140098833020602,0.49178081250283867,0.06527272684411946,12.577963554301096,12.30897035399903,0.6667995961985725
final_accuracy,well_joint,20,dg_joint,0.21815368380444902,0.18424827203059785,0.1012652076756796,0.00068341394466721,0.00070541674108335,0.00014826162176171122,0.5369208598201656,0.5014370089659943,0.16840447789333454,13387647.629871218,13445688.910346253,10968332.422288675,0.0014077360578932804,0.00184200798871195,0.0008022244328295692,0.5140098833020602,0.49178081250283867,0.06527272684411946,12.577963554301096,12.30897035399903,0.6667995961985725
final_accuracy,well_joint,20,dg_pressure,0.19789571903393785,0.18791104822922405,0.062027472454695434,0.00069703851880973,0.00071711768129065,0.0001756745179996976,0.5379879771448419,0.5703078806085132,0.16708120140920657,27029572.41365567,31326299.704416938,22956155.61676662,0.0013972623421054343,0.00179872540602235,0.0008007342295531942,0.5140098833020602,0.49178081250283867,0.06527272684411946,12.577963554301096,12.30897035399903,0.6667995961985725
final_accuracy,well_joint,21,condition_joint,0.1963099384048616,0.183126431289754,0.06771527289384308,0.00067739579839063,0.0006854164267571,0.00014623164720767046,0.5244063706838904,0.4988297282051172,0.16045350635760514,11367794.856343236,11950930.508001287,9652887.522673901,0.001411783554127531,0.00186138894357845,0.0008024893701565695,0.5140098833020602,0.49178081250283867,0.06527272684411946,12.577963554301096,12.30897035399903,0.6667995961985725
final_accuracy,well_joint,21,condition_pressure,0.16707343603035302,0.16875027278737603,0.03993617712674768,0.00070660027890313,0.0007127427492752,0.0001922412193841921,0.5296629496370977,0.5570667731843599,0.16339166169246108,21432955.68561659,29185869.266923726,16394908.392123606,0.0014046309210571407,0.0017879808910126502,0.0008154613253772559,0.5140098833020602,0.49178081250283867,0.06527272684411946,12.577963554301096,12.30897035399903,0.6667995961985725
final_accuracy,well_joint,21,configured,0.1762486316551513,0.16818055045992145,0.039675816779498094,0.0008145150919424201,0.0007924864323646001,0.00019988928625520769,0.6127151189379099,0.5711324417619768,0.23084371345053173,143605561.73202243,162152380.1730321,108372273.42335652,0.0014577344308311071,0.00184635354134955,0.0007764608465483118,0.5140098833020602,0.49178081250283867,0.06527272684411946,12.577963554301096,12.30897035399903,0.6667995961985725
final_accuracy,well_joint,21,dg_joint,0.21129023361074806,0.18100780458171184,0.08782626973052551,0.00067045865882737,0.00066703306054115,0.00014390245599652668,0.5336987504953246,0.4962611630670548,0.17608325833017507,10304703.562914325,12169608.387533575,8351973.3013268355,0.0014609571105272427,0.00185983317293755,0.0008824118200087509,0.5140098833020602,0.49178081250283867,0.06527272684411946,12.577963554301096,12.30897035399903,0.6667995961985725
final_accuracy,well_joint,21,dg_pressure,0.20731715521615554,0.1803148560319096,0.08743949279258667,0.0007253669700443,0.0007415015322601499,0.00020032522151809968,0.5596897782989458,0.5671422888888575,0.19537478014647067,14636021.898581985,14753120.167260844,11516036.466737252,0.00138557947894946,0.0018445264736908999,0.0007881132211790862,0.5140098833020602,0.49178081250283867,0.06527272684411946,12.577963554301096,12.30897035399903,0.6667995961985725
final_accuracy,well_joint,22,condition_joint,0.20038342456359545,0.18703975101847858,0.07360694703509374,0.00067089437283199,0.0006769369063921501,0.00014324645564455643,0.5295515694352767,0.4930504009070544,0.17052335206636818,9206824.242811063,10196419.06319021,7548377.632237084,0.0014170622187985595,0.00186344141351085,0.0008344666578230554,0.5140098833020602,0.49178081250283867,0.06527272684411946,12.577963554301096,12.30897035399903,0.6667995961985725
final_accuracy,well_joint,22,condition_pressure,0.17784103103626453,0.164157724241774,0.0578922193115803,0.00072884580762351,0.00071191344503485,0.00021025149364164457,0.547712683303184,0.5542272371959016,0.18374949040657726,14591052.108950818,15078738.75252172,12063795.595093869,0.0014359823932377886,0.00174765852251505,0.0008463682937428509,0.5140098833020602,0.49178081250283867,0.06527272684411946,12.577963554301096,12.30897035399903,0.6667995961985725
final_accuracy,well_joint,22,configured,0.17155352901909446,0.16488471383105757,0.0370218180789792,0.00081319207756119,0.0007923818596664,0.00019976371547114288,0.6075732132101554,0.5672060870092732,0.22637681054518252,139906114.2378474,161333233.78990138,106233216.53742066,0.001446779824810142,0.00184525657894655,0.0007803607319703535,0.5140098833020602,0.49178081250283867,0.06527272684411946,12.577963554301096,12.30897035399903,0.6667995961985725
final_accuracy,well_joint,22,dg_joint,0.19892207775396384,0.18178823872480976,0.07829901734920464,0.0006689424118567001,0.0006662570996374499,0.0001438668711052115,0.5267647361501395,0.4930504009070625,0.17292711839970323,9719222.38223468,10196419.063190218,8107636.612157858,0.00139090908571804,0.0018563394436007501,0.0008123918372834565,0.5140098833020602,0.49178081250283867,0.06527272684411946,12.577963554301096,12.30897035399903,0.6667995961985725
final_accuracy,well_joint,22,dg_pressure,0.20016723882438434,0.16902427078838175,0.08746622556998496,0.00072413803987986,0.0007415015322601499,0.00021192605653389383,0.5533841236743212,0.5652742837495675,0.18157167061682847,13492408.118734604,14158208.653412815,10569020.157334888,0.0014254674488762312,0.0018492315112896502,0.0008141290009760585,0.5140098833020602,0.49178081250283867,0.06527272684411946,12.577963554301096,12.30897035399903,0.6667995961985725
final_accuracy,well_joint,23,condition_joint,0.19596659095459273,0.1908405872357251,0.06624304752702893,0.0006474103768463,0.00067863049558305,0.00011986189982770652,0.5130810395814958,0.49323794406470256,0.1560542696391645,6974617.560241202,7620880.876308668,5431028.513959113,0.0013581029120311356,0.0018468212668752001,0.0007933122390867511,0.5140098833020602,0.49178081250283867,0.06527272684411946,12.577963554301096,12.30897035399903,0.6667995961985725
final_accuracy,well_joint,23,condition_pressure,0.17425459380024827,0.1617448825564691,0.05453680911221998,0.00073407819500417,0.0007302782869655999,0.00021055181333234165,0.5503194688613906,0.564751085482997,0.18735955105865676,14336536.904345999,13360891.560692031,12125235.035842098,0.0014012664789388209,0.0018680588984721501,0.0008012073003775137,0.5140098833020602,0.49178081250283867,0.06527272684411946,12.577963554301096,12.30897035399903,0.6667995961985725
final_accuracy,well_joint,23,configured,0.16077497352321077,0.15892899094313645,0.03188502142099314,0.0007970182071916001,0.0007899296176091,0.00019563850868049566,0.5924700546502628,0.5541244216928263,0.22424951777010052,69286282.19974455,68992879.48034361,59361560.291245915,0.0014383420421090662,0.0018551580488520999,0.0007851734546358707,0.5140098833020602,0.49178081250283867,0.06527272684411946,12.577963554301096,12.30897035399903,0.6667995961985725
final_accuracy,well_joint,23,dg_joint,0.19828605052046505,0.18182245829627336,0.07384174611416212,0.0006701583157705801,0.000677093326689,0.00014378242078076498,0.5279604927741511,0.49035226130479825,0.1704835255304888,9470487.268589547,10445722.106714372,7761344.96234614,0.0013962336766821675,0.00185789974809325,0.0008175086793415342,0.5140098833020602,0.49178081250283867,0.06527272684411946,12.577963554301096,12.30897035399903,0.6667995961985725
final_accuracy,well_joint,23,dg_pressure,0.1851644824090226,0.1707986503901101,0.0643268367014445,0.0007156316011522701,0.0007251632835540999,0.00021507191110157477,0.541094232456972,0.5626379129210413,0.1743280618073058,11781266.065344263,12783178.79091849,9968889.243989566,0.0013843505623996398,0.00185671162029375,0.0008079147553857409,0.5140098833020602,0.49178081250283867,0.06527272684411946,12.577963554301096,12.30897035399903,0.6667995961985725
final_accuracy,well_joint,24,condition_joint,0.18846036082627388,0.1863418268306106,0.062492192768395356,0.00063999936359661,0.00065214114143235,0.0001180496240824334,0.5043402241066597,0.48700589149077955,0.1504931163965653,6413663.467307831,7790619.958472994,5027616.3872652855,0.001367317262393147,0.0018406995638946,0.0007961616506452112,0.5140098833020602,0.49178081250283867,0.06527272684411946,12.577963554301096,12.30897035399903,0.6667995961985725
final_accuracy,well_joint,24,condition_pressure,0.1699948334018024,0.1666935630498722,0.05119904730546253,0.0007172952113574801,0.0007143091715676,0.00020381912248281664,0.5366276795307015,0.5526241405468001,0.17120603713844543,11232827.540831745,10554822.894298926,9739588.439395728,0.0013695178263243822,0.0018407722443652,0.0007984651221755857,0.5140098833020602,0.49178081250283867,0.06527272684411946,12.577963554301096,12.30897035399903,0.6667995961985725
final_accuracy,well_joint,24,configured,0.15978280948026127,0.1506048860559736,0.03221604385699193,0.00078028783592388,0.0007478774876971,0.00018645275096125993,0.5835979537548648,0.6012108240194458,0.2178993836119931,47047876.10060273,59316349.67889245,33740746.492746,0.0013248042616464534,0.0018502619060111,0.000784731236568912,0.5140098833020602,0.49178081250283867,0.06527272684411946,12.577963554301096,12.30897035399903,0.6667995961985725
final_accuracy,well_joint,24,dg_joint,0.1838138965377537,0.17873360459967635,0.06077812510478579,0.00066980016946135,0.00067671602576555,0.00014385038712829706,0.5181402414389378,0.4890182054432076,0.16152066995832545,9623267.072561758,10553938.205903782,7911076.354484059,0.0014488775368385087,0.0018615347744206502,0.0008602354950783416,0.5140098833020602,0.49178081250283867,0.06527272684411946,12.577963554301096,12.30897035399903,0.6667995961985725
final_accuracy,well_joint,24,dg_pressure,0.1815930365247101,0.16901101935000234,0.06143023271440416,0.0007031909709096899,0.0006986879759949,0.0002068857763545338,0.5348660400089073,0.553088584914653,0.1731022076479696,10071911.855272628,10689561.921482276,8287636.831798731,0.00137835523308688,0.0018378847142818,0.0008037873970400747,0.5140098833020602,0.49178081250283867,0.06527272684411946,12.577963554301096,12.30897035399903,0.6667995961985725
final_accuracy,well_joint,25,condition_joint,0.1927493997775824,0.191013880010587,0.05536738841100356,0.00064673692206043,0.0006515180238764,0.00012816768790150973,0.5093065125642788,0.5041854473356517,0.15019210460812776,6556040.808229687,7965120.439274674,5139785.922401757,0.0012832596804530651,0.0016823533834739,0.0009717309917159206,0.5140098833020602,0.49178081250283867,0.06527272684411946,12.577963554301096,12.30897035399903,0.6667995961985725
final_accuracy,well_joint,25,condition_pressure,0.18685321998104737,0.16639157286947415,0.05379983093467375,0.00070599568251071,0.00069798660211885,0.00015554698417523133,0.5404118472887618,0.5517223858075011,0.15807462918003612,10098458.966283254,10789950.674227905,8356205.891815247,0.0012974633466205899,0.00184393076314075,0.0009160741075161699,0.5140098833020602,0.49178081250283867,0.06527272684411946,12.577963554301096,12.30897035399903,0.6667995961985725
final_accuracy,well_joint,25,configured,0.1831718646380963,0.18321458281730155,0.04939269275693177,0.0007093315011873299,0.0006983472689974,0.00015450482199785734,0.5458499706017157,0.5359043320674466,0.17193014679551966,37405905.643062934,45883117.618918255,26925196.313408103,0.0012481475255661377,0.00183640648497095,0.0008378152290203997,0.5140098833020602,0.49178081250283867,0.06527272684411946,12.577963554301096,12.30897035399903,0.6667995961985725
final_accuracy,well_joint,25,dg_joint,0.19127549899151589,0.178349042174272,0.056033706564234176,0.00065948738515642,0.00065037610355965,0.0001378034707758742,0.513601915954671,0.5074112950375016,0.1427839549844883,7774146.024783783,8727226.621615093,6136735.213775543,0.0012443362150454228,0.00183731892104695,0.0008862531618825736,0.5140098833020602,0.49178081250283867,0.06527272684411946,12.577963554301096,12.30897035399903,0.6667995961985725
final_accuracy,well_joint,25,dg_pressure,0.19139818799657685,0.16805674286784106,0.05826134656554946,0.00070569594636316,0.00069791158414235,0.00015528185633292393,0.5426167909683709,0.5517223858074626,0.1599253752886702,10104047.736341327,10820013.329073276,8336290.920718308,0.0012413683278254812,0.00184160933836515,0.0008528280256949978,0.5140098833020602,0.49178081250283867,0.06527272684411946,12.577963554301096,12.30897035399903,0.6667995961985725
final_accuracy,well_joint,26,condition_joint,0.18493599769453603,0.1806631196378326,0.053149564412327543,0.0006462277171690401,0.0006515180165175001,0.0001280650065976405,0.5051315144369202,0.502974725849252,0.14814056600749675,6627249.277915491,8126407.537027275,5200274.380411123,0.0012218379383403858,0.0016915953947455,0.0008761978909435943,0.5140098833020602,0.49178081250283867,0.06527272684411946,12.577963554301096,12.30897035399903,0.6667995961985725
final_accuracy,well_joint,26,condition_pressure,0.1818703222157513,0.18111114693645525,0.04783036147076713,0.00070530554211755,0.0006931942282029,0.0001530283846170307,0.5384191261140416,0.551242680053986,0.15580845525959017,9600461.059841976,10806235.767464876,7933739.374589308,0.001238236279694868,0.0018335556090011,0.0008547375880361226,0.5140098833020602,0.49178081250283867,0.06527272684411946,12.577963554301096,12.30897035399903,0.6667995961985725
final_accuracy,well_joint,26,configured,0.18941244309618827,0.1825292725135021,0.05596501691995244,0.00071130633440263,0.0006993738427575,0.00015367909330539644,0.5501824153041004,0.536664470406534,0.17132664909047943,32024566.483156633,40047531.22388698,23490501.33979272,0.0012908294172906854,0.0018420894398570998,0.0009239552462978247,0.5140098833020602,0.49178081250283867,0.06527272684411946,12.577963554301096,12.30897035399903,0.6667995961985725
final_accuracy,well_joint,26,dg_joint,0.18820053621355304,0.176506007313601,0.05389586163521792,0.0006540188875082699,0.00065161381615355,0.00013956154627807254,0.508798717946072,0.5023494188336434,0.14380048012797936,6894299.308578467,8890101.734199937,5388130.26589638,0.001206460212782038,0.00168931500754695,0.0008533119146218631,0.5140098833020602,0.49178081250283867,0.06527272684411946,12.577963554301096,12.30897035399903,0.6667995961985725
final_accuracy,well_joint,26,dg_pressure,0.18898384657298833,0.1831471733751751,0.053557444098587245,0.00070564776640394,0.00069312286444455,0.0001539371834350418,0.5427587003925319,0.5512426800539337,0.16098355387301985,9607976.658481771,10810611.984005349,7946230.407489571,0.001253349873686078,0.0018423549474008,0.0008700640532548141,0.5140098833020602,0.49178081250283867,0.06527272684411946,12.577963554301096,12.30897035399903,0.6667995961985725
final_accuracy,well_joint,27,condition_joint,0.18167380745544257,0.1796611271630631,0.04934705418162662,0.00064509113355566,0.0006513223516462501,0.00012849628510047887,0.5011789950774406,0.5025360518246091,0.14253834552732475,6738824.775830138,8190388.487531822,5296089.3961810665,0.0012177324563947469,0.00170651957895655,0.0008671747704684116,0.5140098833020602,0.49178081250283867,0.06527272684411946,12.577963554301096,12.30897035399903,0.6667995961985725
final_accuracy,well_joint,27,condition_pressure,0.1810541967078368,0.1798515092206864,0.04759396217691062,0.00070404027599684,0.0006918659924372,0.00015365866889163748,0.5371046638861984,0.5500342429773872,0.1557935313363154,9796869.080422647,11027507.117130533,8096521.319621962,0.001255400156389092,0.0018454600563804,0.0008713297190015426,0.5140098833020602,0.49178081250283867,0.06527272684411946,12.577963554301096,12.30897035399903,0.6667995961985725
final_accuracy,well_joint,27,configured,0.19435227843158304,0.1957402812827324,0.05477005553203806,0.00068091000456052,0.0006934822419281,0.00010394943964979489,0.5367253945561282,0.5411730073931319,0.14965769853297275,17499191.801228482,18618085.343952484,15201498.7712007,0.0012073440165424748,0.0018145720526337502,0.000863237104194682,0.5140098833020602,0.49178081250283867,0.06527272684411946,12.577963554301096,12.30897035399903,0.6667995961985725
final_accuracy,well_joint,27,dg_joint,0.1820757132586372,0.17966112716307708,0.04897176423406957,0.00064509068469509,0.0006513223516462501,0.00012849651419196426,0.5014555865588738,0.5039190092317216,0.1425796154686728,6738834.410333155,8190388.487531822,5296075.815768441,0.0012486765353340106,0.001703843515035,0.0009056113820851137,0.5140098833020602,0.49178081250283867,0.06527272684411946,12.577963554301096,12.30897035399903,0.6667995961985725
final_accuracy,well_joint,27,dg_pressure,0.18161011335203606,0.18020596873618075,0.04768980370503136,0.00070418073557837,0.00069155932730405,0.0001528875168498011,0.5375108237423138,0.5498740333279579,0.15540763100324928,9708422.225089993,11026576.766329154,7999652.0539666675,0.0012292764729384836,0.0018395870940189,0.0008427760027911441,0.5140098833020602,0.49178081250283867,0.06527272684411946,12.577963554301096,12.30897035399903,0.6667995961985725
final_accuracy,well_joint,28,condition_joint,0.18142281305059046,0.17851975049228408,0.04886865726605124,0.00064491900000453,0.00065132235163285,0.00012843945110750893,0.5009584604951153,0.5031030238603659,0.14233933619695655,6871378.6270744745,8351779.117984139,5400734.322059537,0.0012135406631557562,0.0016991829549002,0.000856610026676767,0.5140098833020602,0.49178081250283867,0.06527272684411946,12.577963554301096,12.30897035399903,0.6667995961985725
final_accuracy,well_joint,28,condition_pressure,0.18146424212411988,0.17913937272970534,0.04766148351215975,0.00068105750206357,0.0006913164530093999,0.00012677383251684282,0.5231159497420511,0.5316839089176681,0.13936787054705332,8387091.528561327,9111631.612340394,6567316.468497037,0.0012225039789478562,0.0018497493721842,0.0008557666614145108,0.5140098833020602,0.49178081250283867,0.06527272684411946,12.577963554301096,12.30897035399903,0.6667995961985725
final_accuracy,well_joint,28,configured,0.18013443841562976,0.174812432625199,0.0527060567942093,0.0006779131640403801,0.00069209024829,0.00010275008002145596,0.526428730841667,0.5384558352050084,0.1457499989286619,17082638.047366314,17538422.3861802,14850176.69842629,0.0012073130939906852,0.00181042512406545,0.0008647506900726785,0.5140098833020602,0.49178081250283867,0.06527272684411946,12.577963554301096,12.30897035399903,0.6667995961985725
final_accuracy,well_joint,28,dg_joint,0.1814228130506044,0.1785197504923007,0.048868657266060725,0.00064491900000453,0.00065132235163285,0.00012843945110750893,0.5009584604951227,0.5031030238603551,0.14233933619695482,6871378.627074477,8351779.117984151,5400734.322059538,0.0011923174496238215,0.00170698057520625,0.0008337110281939668,0.5140098833020602,0.49178081250283867,0.06527272684411946,12.577963554301096,12.30897035399903,0.6667995961985725
final_accuracy,well_joint,28,dg_pressure,0.18100740366510057,0.1791393727297251,0.04719298196955571,0.0007029504648076101,0.0006913164530093501,0.00015325670931432613,0.5364658097543982,0.5506990961676799,0.1556961300397363,9892373.668283109,11208803.448300753,8157526.748638147,0.001279107426304977,0.00184568405639125,0.0009048174406719589,0.5140098833020602,0.49178081250283867,0.06527272684411946,12.577963554301096,12.30897035399903,0.6667995961985725
final_accuracy,well_joint,29,condition_joint,0.18046872258047203,0.1781538889011876,0.04645785114935389,0.0006446365399138899,0.0006513810993495,0.00012839454925405008,0.500090679175978,0.5038563553421838,0.1415408807865482,6954657.340033193,8487729.419759253,5440781.387964275,0.0011946930781993738,0.0017080703345753,0.0008355905019285718,0.5140098833020602,0.49178081250283867,0.06527272684411946,12.577963554301096,12.30897035399903,0.6667995961985725
final_accuracy,well_joint,29,condition_pressure,0.18010758828855283,0.17815388890114836,0.04540385099300721,0.0006576759686660299,0.0006769198317514999,0.00012255137390021573,0.5086360404448887,0.5038563553421461,0.14169332716423405,7302407.104019769,8487729.419759255,5750074.807582516,0.0011839121872310734,0.00164154229325255,0.0008372436665069795,0.5140098833020602,0.49178081250283867,0.06527272684411946,12.577963554301096,12.30897035399903,0.6667995961985725
final_accuracy,well_joint,29,configured,0.18440054379654924,0.1766462923805996,0.05707810651869485,0.0006707478162638,0.00068700840670285,0.00010146530950874108,0.5239685501708475,0.5303139661420087,0.1453315749252151,13880532.159279924,13217593.295042798,12953878.551196352,0.0012155165420967336,0.0018374832405899,0.0008534470293732382,0.5140098833020602,0.49178081250283867,0.06527272684411946,12.577963554301096,12.30897035399903,0.6667995961985725
final_accuracy,well_joint,29,dg_joint,0.18122479986220852,0.17815388890120215,0.048101315361797674,0.00064443353871587,0.00065127003019145,0.0001285895884241129,0.500584922981063,0.5038563553421713,0.1421868878212297,6954158.679502298,8487729.419759251,5440482.603420422,0.0012165143150348738,0.00169778304886595,0.0008591364509852535,0.5140098833020602,0.49178081250283867,0.06527272684411946,12.577963554301096,12.30897035399903,0.6667995961985725
final_accuracy,well_joint,29,dg_pressure,0.18139341944685078,0.1781538889011608,0.04782874297357612,0.0006524708641937399,0.00065127003019145,0.0001223414930006235,0.5064172436101075,0.5038563553421179,0.13962604106764318,6954135.816061278,8487729.419759259,5440514.955965321,0.0011859495932232838,0.0016746475564029,0.0008305397557688716,0.5140098833020602,0.49178081250283867,0.06527272684411946,12.577963554301096,12.30897035399903,0.6667995961985725
final_accuracy,well_joint,30,condition_joint,0.17874471731024738,0.17598802831929425,0.04626701207285508,0.0006443397786003501,0.0006512700283474501,0.00012865467380151308,0.4989600723259492,0.5041886768852366,0.1412702118994118,7080902.4294499755,8642810.691253714,5539935.699249905,0.0011971819240562693,0.00174223402255415,0.0008385255374457612,0.5140098833020602,0.49178081250283867,0.06527272684411946,12.577963554301096,12.30897035399903,0.6667995961985725
final_accuracy,well_joint,30,condition_pressure,0.1787447173102143,0.17598802831928514,0.04626701207286753,0.0006443397786003501,0.0006512700283474501,0.00012865467380146934,0.49896007232596223,0.5041886768851982,0.14127021189942943,7080902.42944998,8642810.691253716,5539935.699249909,0.0011898181691738687,0.0017001090225648502,0.0008326166854509047,0.5140098833020602,0.49178081250283867,0.06527272684411946,12.577963554301096,12.30897035399903,0.6667995961985725
final_accuracy,well_joint,30,configured,0.17874471731015001,0.175988028319296,0.04626701207277885,0.0006443397786003501,0.0006512700283474999,0.0001286546738015185,0.4989600723258967,0.5041886768851542,0.1412702118994088,7080902.429449977,8642810.691253716,5539935.699249907,0.00120131989322922,0.00172355811276725,0.0008382194444040151,0.5140098833020602,0.49178081250283867,0.06527272684411946,12.577963554301096,12.30897035399903,0.6667995961985725
final_accuracy,well_joint,30,dg_joint,0.17874471731025784,0.175988028319309,0.04626701207287366,0.0006443397786003501,0.0006512700283474501,0.00012865467380151308,0.49896007232595857,0.5041886768852272,0.14127021189941927,7080902.429449977,8642810.691253714,5539935.699249908,0.0011943160391097792,0.0017229929473710501,0.0008372562692763035,0.5140098833020602,0.49178081250283867,0.06527272684411946,12.577963554301096,12.30897035399903,0.6667995961985725
final_accuracy,well_joint,30,dg_pressure,0.17874471731024916,0.17598802831929716,0.04626701207289046,0.00064433977860034,0.0006512700283474501,0.0001286546738014801,0.4989600723259609,0.5041886768851687,0.1412702118994175,7080902.42944998,8642810.691253718,5539935.699249911,0.0011903613097759638,0.00171073104510485,0.0008343118101529108,0.5140098833020602,0.49178081250283867,0.06527272684411946,12.577963554301096,12.30897035399903,0.6667995961985725
final_accuracy,well_pressure,1,condition_joint,1.2542154597463333,1.1235829467776535,0.3204475220757315,0.2689698690988922,0.26903508666170817,0.00027245378206851566,167.78858422338877,174.52085312016385,30.376811091460507,1.0,1.0,0.0,9.583954938295248e-07,5.447970094033201e-07,1.310960656255548e-06,0.5140098833020602,0.49178081250283867,0.06527272684411946,12.577963554301096,12.30897035399903,0.6667995961985725
final_accuracy,well_pressure,1,condition_pressure,1.0467058994802634,0.9308938726496372,0.3873801935406325,0.2689698690988922,0.26903508666170817,0.00027245378206851566,167.68178826104366,174.38132187401257,30.375606494794308,1.0,1.0,0.0,9.25657896962213e-07,5.045413515351965e-07,1.349954800506027e-06,0.5140098833020602,0.49178081250283867,0.06527272684411946,12.577963554301096,12.30897035399903,0.6667995961985725
final_accuracy,well_pressure,1,configured,1.0278530221324969,0.9086210805031284,0.3830383359518606,0.2689698690988922,0.26903508666170817,0.00027245378206851566,167.67048170814502,174.3526446363059,30.37345487143766,1.0,1.0,0.0,1.1020052652452422e-06,7.21492491228352e-07,1.3804357459766238e-06,0.5140098833020602,0.49178081250283867,0.06527272684411946,12.577963554301096,12.30897035399903,0.6667995961985725
final_accuracy,well_pressure,1,dg_joint,1.2542154597463333,1.1235829467776535,0.3204475220757315,0.2689698690988922,0.26903508666170817,0.00027245378206851566,167.78858422338877,174.52085312016385,30.376811091460507,1.0,1.0,0.0,1.1696744392034282e-06,6.228082678088203e-07,1.8210627349709405e-06,0.5140098833020602,0.49178081250283867,0.06527272684411946,12.577963554301096,12.30897035399903,0.6667995961985725
final_accuracy,well_pressure,1,dg_pressure,1.0467058994802634,0.9308938726496372,0.3873801935406325,0.2689698690988922,0.26903508666170817,0.00027245378206851566,167.68178826104366,174.38132187401257,30.375606494794308,1.0,1.0,0.0,9.513473666896272e-07,5.299172931371775e-07,1.3545607705714852e-06,0.5140098833020602,0.49178081250283867,0.06527272684411946,12.577963554301096,12.30897035399903,0.6667995961985725
final_accuracy,well_pressure,2,condition_joint,0.8723776008334573,0.8044648013493787,0.2067201422667364,0.2689698690988922,0.26903508666170817,0.00027245378206851566,167.60741407098106,174.26493324688363,30.39085782887704,60.00125034982491,58.26417403573497,4.360092511793625,1.550748872834929e-05,5.02037601519194e-07,4.745822949089819e-05,0.5140098833020602,0.49178081250283867,0.06527272684411946,12.577963554301096,12.30897035399903,0.6667995961985725
final_accuracy,well_pressure,2,condition_pressure,0.4572518275046173,0.40866556641198704,0.23864069062153112,0.2689698690988922,0.26903508666170817,0.00027245378206851566,167.39466119120365,173.94337839393617,30.3492737671681,52.23984307601527,52.13298782804635,1.351354096909595,6.762311282467895e-06,5.189548868027732e-07,1.9651903826896703e-05,0.5140098833020602,0.49178081250283867,0.06527272684411946,12.577963554301096,12.30897035399903,0.6667995961985725
final_accuracy,well_pressure,2,configured,1.0391688055237727,0.8541777078790775,0.468265592317304,0.2689698690988922,0.26903508666170817,0.00027245378206851566,167.66610808093745,174.32967126765902,30.32441184589863,833.2249282996157,808.8903002048303,67.7086196777523,8.909486166241695e-05,5.919473756479338e-07,0.00027994582346129896,0.5140098833020602,0.49178081250283867,0.06527272684411946,12.577963554301096,12.30897035399903,0.6667995961985725
final_accuracy,well_pressure,2,dg_joint,0.8723776008334573,0.8044648013493787,0.2067201422667364,0.2689698690988922,0.26903508666170817,0.00027245378206851566,167.60741407098106,174.26493324688363,30.39085782887704,60.00125034982491,58.26417403573497,4.360092511793625,1.4057704505739658e-05,5.714247986600783e-07,4.269782730536705e-05,0.5140098833020602,0.49178081250283867,0.06527272684411946,12.577963554301096,12.30897035399903,0.6667995961985725
final_accuracy,well_pressure,2,dg_pressure,0.4572518275046173,0.40866556641198704,0.23864069062153112,0.2689698690988922,0.26903508666170817,0.00027245378206851566,167.39466119120365,173.94337839393617,30.3492737671681,52.23984307601527,52.13298782804635,1.351354096909595,6.4241217965298664e-06,5.385338322651621e-07,1.8422930795405403e-05,0.5140098833020602,0.49178081250283867,0.06527272684411946,12.577963554301096,12.30897035399903,0.6667995961985725
final_accuracy,well_pressure,3,condition_joint,0.5104309874658531,0.5161714845259863,0.13442903941540973,0.2689698690988922,0.26903508666170817,0.00027245378206851566,167.4027765938768,174.00261022572158,30.381916029490938,285.85369812949193,277.62178623993304,17.83662503003835,1.4839003760187331e-05,5.014097629661175e-07,4.5291840708211696e-05,0.5140098833020602,0.49178081250283867,0.06527272684411946,12.577963554301096,12.30897035399903,0.6667995961985725
final_accuracy,well_pressure,3,condition_pressure,0.3323276120796133,0.3004630630346099,0.14582330156765477,0.2689698690988922,0.26903508666170817,0.00027245378206851566,167.31283531257012,173.80242091176942,30.338699632564463,222.26062700625204,214.9350543601978,21.992612015692274,3.218164135630314e-05,4.943609191717482e-07,0.00010019388056961594,0.5140098833020602,0.49178081250283867,0.06527272684411946,12.577963554301096,12.30897035399903,0.6667995961985725
final_accuracy,well_pressure,3,configured,1.0210914402452607,0.8140315502095392,0.48257570511561443,0.2689698690988922,0.26903508666170817,0.00027245378206851566,167.6524250581227,174.32075118461572,30.310367882657165,5769.326600884866,5741.057366020579,284.98018197662805,5.523364588199918e-05,6.268797131584383e-07,0.00017277601127483453,0.5140098833020602,0.49178081250283867,0.06527272684411946,12.577963554301096,12.30897035399903,0.6667995961985725
final_accuracy,well_pressure,3,dg_joint,0.5565717495839675,0.4905183605408294,0.23238794867598084,0.2689698690988922,0.26903508666170817,0.00027245378206851566,167.4142522615611,173.9494255310236,30.319130614590353,275.67552118778735,274.2194685741012,16.276113138853948,1.47721796969143e-05,5.554511175487414e-07,4.501478986223931e-05,0.5140098833020602,0.49178081250283867,0.06527272684411946,12.577963554301096,12.30897035399903,0.6667995961985725
final_accuracy,well_pressure,3,dg_pressure,0.3323276120796133,0.3004630630346099,0.14582330156765477,0.2689698690988922,0.26903508666170817,0.00027245378206851566,167.31283531257012,173.80242091176942,30.338699632564463,222.26062700625204,214.9350543601978,21.992612015692274,3.230942857317449e-05,5.253759467505143e-07,0.0001005577953905678,0.5140098833020602,0.49178081250283867,0.06527272684411946,12.577963554301096,12.30897035399903,0.6667995961985725
final_accuracy,well_pressure,4,condition_joint,0.5005850278787702,0.5106406175574107,0.14699629903040512,0.2689698690988922,0.26903508666170817,0.00027245378206851566,167.39958564392927,174.00904134110658,30.394937018978847,402.1718987332609,399.2786368288396,21.080015156773094,3.818652932435721e-05,4.793232927427985e-07,0.00011918068688729254,0.5140098833020602,0.49178081250283867,0.06527272684411946,12.577963554301096,12.30897035399903,0.6667995961985725
final_accuracy,well_pressure,4,condition_pressure,0.30127560369997436,0.2573618644098315,0.16680552992644293,0.2689698690988922,0.26903508666170817,0.00027245378206851566,167.2982275955661,173.77591925774004,30.331961123981426,353.8444823852491,348.948190110609,20.265475928213704,0.00018740520225898552,5.186428412220868e-07,0.0005909918772302802,0.5140098833020602,0.49178081250283867,0.06527272684411946,12.577963554301096,12.30897035399903,0.6667995961985725
final_accuracy,well_pressure,4,configured,0.3976117883541311,0.3750100095366976,0.10748568432962916,0.2689698690988922,0.26903508666170817,0.00027245378206851566,167.3538657959649,173.89096693763642,30.368926357912287,6667.26365963421,6710.1571005446895,304.63191151440986,5.426046390810184e-05,5.095564010570569e-07,0.00016995358713340806,0.5140098833020602,0.49178081250283867,0.06527272684411946,12.577963554301096,12.30897035399903,0.6667995961985725
final_accuracy,well_pressure,4,dg_joint,0.5627705150342972,0.5106406175574107,0.27105205953342326,0.2689698690988922,0.26903508666170817,0.00027245378206851566,167.41453992276521,173.93270143031256,30.306258873688297,401.19868151398003,393.05656838254095,22.223485536232467,3.838549399046374e-05,4.793233200960225e-07,0.00011975958610767737,0.5140098833020602,0.49178081250283867,0.06527272684411946,12.577963554301096,12.30897035399903,0.6667995961985725
final_accuracy,well_pressure,4,dg_pressure,0.30127560369997436,0.2573618644098315,0.16680552992644293,0.2689698690988922,0.26903508666170817,0.00027245378206851566,167.2982275955661,173.77591925774004,30.331961123981426,353.8444823852491,348.948190110609,20.265475928213704,0.00018519423457817415,4.7180071846000796e-07,0.0005838102489839805,0.5140098833020602,0.49178081250283867,0.06527272684411946,12.577963554301096,12.30897035399903,0.6667995961985725
final_accuracy,well_pressure,5,condition_joint,0.4918063379266817,0.4940262226842314,0.13710250917399433,0.2689698690988922,0.26903508666170817,0.00027245378206851566,167.39830116261484,174.01354673753409,30.40819663408296,545.7183791900152,528.0440538947944,66.91036568650973,0.00018714216918092757,4.6554134342000174e-07,0.0005902317575526097,0.5140098833020602,0.49178081250283867,0.06527272684411946,12.577963554301096,12.30897035399903,0.6667995961985725
final_accuracy,well_pressure,5,condition_pressure,0.2559400258249071,0.2221896879043027,0.07803239000219925,0.2689698690988922,0.26903508666170817,0.00027245378206851566,167.27705452214602,173.75990822314347,30.3594255497835,467.6559675760012,466.894762944169,26.165261397723757,5.486234361690675e-05,4.6396992804790686e-07,0.00017199050840182561,0.5140098833020602,0.49178081250283867,0.06527272684411946,12.577963554301096,12.30897035399903,0.6667995961985725
final_accuracy,well_pressure,5,configured,0.397774347878633,0.39920615817364125,0.08529562852152059,0.2689698690988922,0.26903508666170817,0.00027245378206851566,167.3597530444529,173.91098512956273,30.387515863108504,14368.559315957817,13592.394307305536,1564.2034856185246,3.0324310528222964e-05,4.833947380924162e-07,9.4415351061043e-05,0.5140098833020602,0.49178081250283867,0.06527272684411946,12.577963554301096,12.30897035399903,0.6667995961985725
final_accuracy,well_pressure,5,dg_joint,0.5125328041319277,0.4965976649091833,0.14366083849458114,0.2689698690988922,0.26903508666170817,0.00027245378206851566,167.39773746104316,173.9553150679505,30.382229200966602,563.7324953830091,525.6924479507908,101.91453593061027,0.00018664351503099318,5.053232981529283e-07,0.0005886368206324225,0.5140098833020602,0.49178081250283867,0.06527272684411946,12.577963554301096,12.30897035399903,0.6667995961985725
final_accuracy,well_pressure,5,dg_pressure,0.2559400258249071,0.2221896879043027,0.07803239000219925,0.2689698690988922,0.26903508666170817,0.00027245378206851566,167.27705452214602,173.75990822314347,30.3594255497835,467.6559675760012,466.894762944169,26.165261397723757,5.4896084196323386e-05,5.018796640031628e-07,0.00017193156171116486,0.5140098833020602,0.49178081250283867,0.06527272684411946,12.577963554301096,12.30897035399903,0.6667995961985725
final_accuracy,well_pressure,6,condition_joint,0.5256951318373912,0.5359145193056778,0.10416977359750176,0.2689698690988922,0.26903508666170817,0.00027245378206851566,167.42372278439288,174.06849154313159,30.385399251710894,760.1841317577436,681.6801202505419,202.77480215931456,0.00018714545564344946,4.655375686750741e-07,0.0005903068776427685,0.5140098833020602,0.49178081250283867,0.06527272684411946,12.577963554301096,12.30897035399903,0.6667995961985725
final_accuracy,well_pressure,6,condition_pressure,0.22717860386965438,0.21684826396467935,0.05702445092989391,0.2689698690988922,0.26903508666170817,0.00027245378206851566,167.26530597929133,173.7702395408037,30.366356150616188,604.0304694204419,590.4875032100813,50.08077789895424,0.00018710090750977175,4.694548512535884e-07,0.0005901782199220969,0.5140098833020602,0.49178081250283867,0.06527272684411946,12.577963554301096,12.30897035399903,0.6667995961985725
final_accuracy,well_pressure,6,configured,0.3250336052545921,0.28934208623494234,0.07959161725309746,0.2689698690988922,0.26903508666170817,0.00027245378206851566,167.3250991224677,173.8771637335186,30.379942709482197,15627.679067637902,14916.543252110989,1825.2156066829245,0.00023130836466167125,5.419812138066312e-07,0.0007294172081658528,0.5140098833020602,0.49178081250283867,0.06527272684411946,12.577963554301096,12.30897035399903,0.6667995961985725
final_accuracy,well_pressure,6,dg_joint,0.4772107981534955,0.4933980233542482,0.1201439871730405,0.2689698690988922,0.26903508666170817,0.00027245378206851566,167.3879666405938,173.92805500545987,30.392012765740716,742.6194370732301,651.8216780900391,214.6639827238518,0.00019448038797406276,9.057030251995429e-07,0.0006121271383144153,0.5140098833020602,0.49178081250283867,0.06527272684411946,12.577963554301096,12.30897035399903,0.6667995961985725
final_accuracy,well_pressure,6,dg_pressure,0.22717860386965438,0.21684826396467935,0.05702445092989391,0.2689698690988922,0.26903508666170817,0.00027245378206851566,167.26530597929133,173.7702395408037,30.366356150616188,604.0304694204419,590.4875032100813,50.08077789895424,0.00018774999998845187,5.131578906631811e-07,0.0005920956574156899,0.5140098833020602,0.49178081250283867,0.06527272684411946,12.577963554301096,12.30897035399903,0.6667995961985725
final_accuracy,well_pressure,7,condition_joint,0.5125085013006235,0.5171258851437429,0.14286752187070265,0.2689698690988922,0.26903508666170817,0.00027245378206851566,167.41478275235932,174.08937601158686,30.365442358441676,1130.2768292141272,1054.3729230396816,221.85605282605692,0.00022097471879888058,4.779135349252142e-07,0.000697222422438843,0.5140098833020602,0.49178081250283867,0.06527272684411946,12.577963554301096,12.30897035399903,0.6667995961985725
final_accuracy,well_pressure,7,condition_pressure,0.22978812859135803,0.22319331454383656,0.05485653138718831,0.2689698690988922,0.26903508666170817,0.00027245378206851566,167.26726125167676,173.79647056377826,30.363243660151696,881.3556557492459,869.4540021715588,38.54150248577643,0.0001863121541406819,5.147218112518689e-07,0.0005874776949939157,0.5140098833020602,0.49178081250283867,0.06527272684411946,12.577963554301096,12.30897035399903,0.6667995961985725
final_accuracy,well_pressure,7,configured,0.26386959820578404,0.2558411135008784,0.057258919489324316,0.2689698690988922,0.26903508666170817,0.00027245378206851566,167.28414851282733,173.78768673182614,30.370949588831056,17116.192133419856,16269.964436860388,2167.064505780398,0.00018897008271060546,4.921691873832081e-07,0.0005960871948869984,0.5140098833020602,0.49178081250283867,0.06527272684411946,12.577963554301096,12.30897035399903,0.6667995961985725
final_accuracy,well_pressure,7,dg_joint,0.43399618900009057,0.39926479690146877,0.13603792557775987,0.2689698690988922,0.26903508666170817,0.00027245378206851566,167.36210544161716,173.9052390490195,30.389225908606065,1132.1405018125065,1042.261477474582,219.52099745030193,0.00019116431653685019,4.906014920495926e-07,0.0006029197548533782,0.5140098833020602,0.49178081250283867,0.06527272684411946,12.577963554301096,12.30897035399903,0.6667995961985725
final_accuracy,well_pressure,7,dg_pressure,0.22978812859135803,0.22319331454383656,0.05485653138718831,0.2689698690988922,0.26903508666170817,0.00027245378206851566,167.26726125167676,173.79647056377826,30.363243660151696,881.3556557492459,869.4540021715588,38.54150248577643,0.0001904984661491755,5.382217866844757e-07,0.0006007213555174475,0.5140098833020602,0.49178081250283867,0.06527272684411946,12.577963554301096,12.30897035399903,0.6667995961985725
final_accuracy,well_pressure,8,condition_joint,0.5451287747679537,0.5545278081987093,0.15447471606290666,0.2689698690988922,0.26903508666170817,0.00027245378206851566,167.43278665557332,174.1555752958384,30.367032729788722,1278.553218374751,1154.7758537402863,288.6668320124282,2.4823621810408782e-05,5.162894792322601e-07,5.5561623058774894e-05,0.5140098833020602,0.49178081250283867,0.06527272684411946,12.577963554301096,12.30897035399903,0.6667995961985725
final_accuracy,well_pressure,8,condition_pressure,0.23180949145732646,0.23529848114157542,0.043410124592817845,0.2689698690988922,0.26903508666170817,0.00027245378206851566,167.26652610022327,173.77682098369257,30.36677700063018,1015.5605543602636,1021.5474222035591,71.67000914969509,1.0792699234806969e-05,5.355563517607385e-07,1.5268358653034826e-05,0.5140098833020602,0.49178081250283867,0.06527272684411946,12.577963554301096,12.30897035399903,0.6667995961985725
final_accuracy,well_pressure,8,configured,0.24179730355351606,0.23713420141496194,0.03309603509366686,0.2689698690988922,0.26903508666170817,0.00027245378206851566,167.27071170080566,173.77226015239594,30.372575095911106,21084.166756569615,20626.30867391068,1449.3357937318515,2.2501817306359486e-05,6.389436064746679e-07,3.8484727449945536e-05,0.5140098833020602,0.49178081250283867,0.06527272684411946,12.577963554301096,12.30897035399903,0.6667995961985725
final_accuracy,well_pressure,8,dg_joint,0.44806657844242936,0.4251025009687699,0.1468534107233715,0.2689698690988922,0.26903508666170817,0.00027245378206851566,167.3693341117486,173.9359856549354,30.390271402730143,1297.2606591124716,1203.4527050723134,283.12880990863283,3.151547593607295e-05,5.379060210653097e-07,5.595323079860156e-05,0.5140098833020602,0.49178081250283867,0.06527272684411946,12.577963554301096,12.30897035399903,0.6667995961985725
final_accuracy,well_pressure,8,dg_pressure,0.23180949145732646,0.23529848114157542,0.043410124592817845,0.2689698690988922,0.26903508666170817,0.00027245378206851566,167.26652610022327,173.77682098369257,30.36677700063018,1015.5605543602636,1021.5474222035591,71.67000914969509,1.0755230071761863e-05,5.106503932554751e-07,1.52227040547747e-05,0.5140098833020602,0.49178081250283867,0.06527272684411946,12.577963554301096,12.30897035399903,0.6667995961985725
final_accuracy,well_pressure,9,condition_joint,0.5250845384301595,0.5531832039898141,0.16647604782526013,0.2689698690988922,0.26903508666170817,0.00027245378206851566,167.43301903920155,174.19007532362923,30.38691712268869,1478.0102745498411,1365.6719183946088,279.80284256554484,1.7220801499863052e-05,5.855225409552651e-07,2.685878236452461e-05,0.5140098833020602,0.49178081250283867,0.06527272684411946,12.577963554301096,12.30897035399903,0.6667995961985725
final_accuracy,well_pressure,9,condition_pressure,0.23960291955454743,0.2334712985455584,0.049035406056857384,0.2689698690988922,0.26903508666170817,0.00027245378206851566,167.27054987798667,173.78528271992622,30.3627842323503,1214.635195140612,1209.5866141875733,71.537331908212,2.3903602260887918e-05,5.969586777780905e-07,3.287676951062586e-05,0.5140098833020602,0.49178081250283867,0.06527272684411946,12.577963554301096,12.30897035399903,0.6667995961985725
final_accuracy,well_pressure,9,configured,0.24666828036444693,0.24890784696643875,0.033706140113926704,0.2689698690988922,0.26903508666170817,0.00027245378206851566,167.27448762101062,173.78490668838324,30.375496405640884,23150.840287248342,22820.13528686778,1334.3878552049707,1.0745800003983585e-05,5.065751731609295e-07,1.5063627778278661e-05,0.5140098833020602,0.49178081250283867,0.06527272684411946,12.577963554301096,12.30897035399903,0.6667995961985725
final_accuracy,well_pressure,9,dg_joint,0.3938708474977291,0.33807423987840757,0.1820421357970067,0.2689698690988922,0.26903508666170817,0.00027245378206851566,167.32390764705843,173.82980679773482,30.368343845706868,1490.167288542856,1384.6265253130982,271.6283692333958,1.3364193235835606e-05,6.928270782477089e-07,1.6783575403373723e-05,0.5140098833020602,0.49178081250283867,0.06527272684411946,12.577963554301096,12.30897035399903,0.6667995961985725
final_accuracy,well_pressure,9,dg_pressure,0.23960291955454743,0.2334712985455584,0.049035406056857384,0.2689698690988922,0.26903508666170817,0.00027245378206851566,167.27054987798667,173.78528271992622,30.3627842323503,1214.635195140612,1209.5866141875733,71.537331908212,2.6880763908768575e-05,7.22586456073546e-07,3.857477227992913e-05,0.5140098833020602,0.49178081250283867,0.06527272684411946,12.577963554301096,12.30897035399903,0.6667995961985725
final_accuracy,well_pressure,10,condition_joint,0.39733236835311253,0.3219940377179078,0.18300191269015972,0.2689698690988922,0.26903508666170817,0.00027245378206851566,167.34925666799788,173.9758097434692,30.34444645904256,1845.4873639755824,1536.3781679357298,579.3984047616016,1.613624661235678e-05,4.699210322521543e-07,2.3925331543286195e-05,0.5140098833020602,0.49178081250283867,0.06527272684411946,12.577963554301096,12.30897035399903,0.6667995961985725
final_accuracy,well_pressure,10,condition_pressure,0.2256858565864114,0.2130008534839771,0.05875828933316772,0.2689698690988922,0.26903508666170817,0.00027245378206851566,167.26150130971618,173.76498018201067,30.361573533333473,1395.231977578737,1359.1023207833377,88.56448579099079,1.9121147368122522e-05,7.717744460420445e-07,2.619956565221783e-05,0.5140098833020602,0.49178081250283867,0.06527272684411946,12.577963554301096,12.30897035399903,0.6667995961985725
final_accuracy,well_pressure,10,configured,0.24572203861297376,0.247878434445311,0.03384715418938185,0.2689698690988922,0.26903508666170817,0.00027245378206851566,167.2740563672813,173.78433592754232,30.375364727091096,93033.61489111406,90149.80578447621,11308.691609099302,1.567346540619304e-05,5.791052557524518e-07,1.9896131779727867e-05,0.5140098833020602,0.49178081250283867,0.06527272684411946,12.577963554301096,12.30897035399903,0.6667995961985725
final_accuracy,well_pressure,10,dg_joint,0.29178098753195425,0.28229797026591674,0.06326066667355341,0.2689698690988922,0.26903508666170817,0.00027245378206851566,167.30220973314522,173.85837020285243,30.38454604913798,1828.082588359066,1497.14488981991,591.8228535882229,2.105748871712476e-05,5.728421059675179e-07,2.7504698908566224e-05,0.5140098833020602,0.49178081250283867,0.06527272684411946,12.577963554301096,12.30897035399903,0.6667995961985725
final_accuracy,well_pressure,10,dg_pressure,0.2256858565864114,0.2130008534839771,0.05875828933316772,0.2689698690988922,0.26903508666170817,0.00027245378206851566,167.26150130971618,173.76498018201067,30.361573533333473,1395.231977578737,1359.1023207833377,88.56448579099079,1.9196020303595167e-05,5.64849603294458e-07,2.6439427044818506e-05,0.5140098833020602,0.49178081250283867,0.06527272684411946,12.577963554301096,12.30897035399903,0.6667995961985725
final_accuracy,well_pressure,11,condition_joint,0.36077713002774764,0.35697036429046236,0.10228282122929945,0.2689698690988922,0.26903508666170817,0.00027245378206851566,167.3352711525753,173.9097609792538,30.364090833833515,2116.344303690975,1776.5050620883574,692.5214500176853,1.816322105867557e-05,6.171654070871077e-07,2.4331072705470247e-05,0.5140098833020602,0.49178081250283867,0.06527272684411946,12.577963554301096,12.30897035399903,0.6667995961985725
final_accuracy,well_pressure,11,condition_pressure,0.21956267154803388,0.19754213361408926,0.06012277769657089,0.2689698690988922,0.26903508666170817,0.00027245378206851566,167.26014462105044,173.76339177938513,30.36340668389993,1618.2479346110497,1607.9475672689423,137.6395422953878,3.245065939092134e-05,8.342744295898461e-07,7.076726661454935e-05,0.5140098833020602,0.49178081250283867,0.06527272684411946,12.577963554301096,12.30897035399903,0.6667995961985725
final_accuracy,well_pressure,11,configured,0.23299242058487585,0.24079305819887514,0.027322222185233315,0.2689698690988922,0.26903508666170817,0.00027245378206851566,167.26800788192008,173.78553128641244,30.373682393366366,102590.82331324919,95574.77986338103,18527.50537919584,1.7121490225663294e-05,7.015977254403488e-07,2.5094706568397277e-05,0.5140098833020602,0.49178081250283867,0.06527272684411946,12.577963554301096,12.30897035399903,0.6667995961985725
final_accuracy,well_pressure,11,dg_joint,0.30337089455449456,0.2835947437024747,0.09285804666764554,0.2689698690988922,0.26903508666170817,0.00027245378206851566,167.30627426261844,173.84150073602376,30.38978266178111,2180.4739024014743,1842.8062333515272,688.7360569422573,1.3096303762421644e-05,6.271954787776042e-07,1.9066773453498216e-05,0.5140098833020602,0.49178081250283867,0.06527272684411946,12.577963554301096,12.30897035399903,0.6667995961985725
final_accuracy,well_pressure,11,dg_pressure,0.22067516357377048,0.20310459374277226,0.05953194773485472,0.2689698690988922,0.26903508666170817,0.00027245378206851566,167.26043362318848,173.76339177938513,30.36360294043237,1639.592891011353,1607.9475672689423,160.82217857314177,3.208179773365634e-05,6.900037605143888e-07,7.068840615174327e-05,0.5140098833020602,0.49178081250283867,0.06527272684411946,12.577963554301096,12.30897035399903,0.6667995961985725
final_accuracy,well_pressure,12,condition_joint,0.3652481314336526,0.3475340001681392,0.14256341447029297,0.2689698690988922,0.26903508666170817,0.00027245378206851566,167.33393648538907,173.8807652012747,30.357603550996366,2551.5028106371565,2090.7623897270423,847.5488207611736,8.513409786820902e-06,6.286052913016367e-07,1.1391986456770962e-05,0.5140098833020602,0.49178081250283867,0.06527272684411946,12.577963554301096,12.30897035399903,0.6667995961985725
final_accuracy,well_pressure,12,condition_pressure,0.21925059666600027,0.18762406872877044,0.06993247096944559,0.2689698690988922,0.26903508666170817,0.00027245378206851566,167.26374056041124,173.80002871223525,30.37165007629418,2262.12762580052,2184.1779937438027,433.10995941923903,1.6688221058531672e-05,6.64319548076649e-07,2.2341008111240864e-05,0.5140098833020602,0.49178081250283867,0.06527272684411946,12.577963554301096,12.30897035399903,0.6667995961985725
final_accuracy,well_pressure,12,configured,0.24365937483058123,0.24093912395602596,0.032621347486014696,0.2689698690988922,0.26903508666170817,0.00027245378206851566,167.27506500897158,173.79311516093148,30.376095140951087,149229.41262009606,137693.13474162822,36631.1072349675,3.2492920302712855e-05,6.301729592820278e-07,4.628192153725784e-05,0.5140098833020602,0.49178081250283867,0.06527272684411946,12.577963554301096,12.30897035399903,0.6667995961985725
final_accuracy,well_pressure,12,dg_joint,0.346544137154921,0.30405344631495634,0.13767561493105734,0.2689698690988922,0.26903508666170817,0.00027245378206851566,167.32952383737296,173.90258236997187,30.395918958383387,3041.689240937957,2451.3315848012335,1709.6858342550693,1.7200344362728564e-05,7.117782125102454e-07,2.671420615026248e-05,0.5140098833020602,0.49178081250283867,0.06527272684411946,12.577963554301096,12.30897035399903,0.6667995961985725
final_accuracy,well_pressure,12,dg_pressure,0.2192505966659981,0.1876240687287597,0.06993247096944659,0.2689698690988922,0.26903508666170817,0.00027245378206851566,167.26374056041124,173.80002871223525,30.37165007629418,2262.12762580052,2184.1779937438027,433.10995941923903,1.6486874429895928e-05,9.920112823689341e-07,2.200737370704439e-05,0.5140098833020602,0.49178081250283867,0.06527272684411946,12.577963554301096,12.30897035399903,0.6667995961985725
final_accuracy,well_pressure,13,condition_joint,0.3720276607763513,0.32659358667162186,0.17899862056275279,0.2689698690988922,0.26903508666170817,0.00027245378206851566,167.32887274908353,173.8213292108139,30.354628184996496,3844.3163642008717,3252.9187111202255,1912.5151854456856,1.4116698500737058e-05,5.610902308787507e-07,2.3575307727454186e-05,0.5140098833020602,0.49178081250283867,0.06527272684411946,12.577963554301096,12.30897035399903,0.6667995961985725
final_accuracy,well_pressure,13,condition_pressure,0.20280087791171075,0.18126894835280455,0.07140322533932862,0.2689698690988922,0.26903508666170817,0.00027245378206851566,167.25304968349207,173.76972684750547,30.368476410199595,2820.8756027793834,2761.6152342673213,260.6517887568629,1.26024428492454e-05,5.700225629791253e-07,1.981524083912735e-05,0.5140098833020602,0.49178081250283867,0.06527272684411946,12.577963554301096,12.30897035399903,0.6667995961985725
final_accuracy,well_pressure,13,configured,0.24692708284878745,0.2546151539275036,0.04160975327113024,0.2689698690988922,0.26903508666170817,0.00027245378206851566,167.27544932141905,173.79860095635632,30.37440172586931,158046.93560158045,144727.98643688753,39489.58638430594,2.8348715048713315e-05,6.145037742615222e-07,4.210846436047958e-05,0.5140098833020602,0.49178081250283867,0.06527272684411946,12.577963554301096,12.30897035399903,0.6667995961985725
final_accuracy,well_pressure,13,dg_joint,0.35375314939970987,0.3252854176843276,0.17472168786890319,0.2689698690988922,0.26903508666170817,0.00027245378206851566,167.32797119460366,173.77239764035204,30.39712586974751,4257.45142172984,3046.147966448486,2251.0293049066813,1.499207444288558e-05,6.776315690091763e-07,2.377882234859405e-05,0.5140098833020602,0.49178081250283867,0.06527272684411946,12.577963554301096,12.30897035399903,0.6667995961985725
final_accuracy,well_pressure,13,dg_pressure,0.1832263599535878,0.1619815471201222,0.06733158955875257,0.2689698690988922,0.26903508666170817,0.00027245378206851566,167.23957307473265,173.71162580038452,30.364428091666955,2924.8894416834964,2815.8521670477407,337.52844350001317,7.978540602756342e-06,5.186390938303833e-07,1.3470218578827652e-05,0.5140098833020602,0.49178081250283867,0.06527272684411946,12.577963554301096,12.30897035399903,0.6667995961985725
final_accuracy,well_pressure,14,condition_joint,0.35865948370076733,0.3440764893124192,0.0988451633371181,0.2689698690988922,0.26903508666170817,0.00027245378206851566,167.3332448409854,173.8541765612447,30.36666118939541,5248.382646108553,4275.60843184537,2258.6700375390833,2.0801035353180398e-05,6.848346029278731e-07,3.524612493576571e-05,0.5140098833020602,0.49178081250283867,0.06527272684411946,12.577963554301096,12.30897035399903,0.6667995961985725
final_accuracy,well_pressure,14,condition_pressure,0.1926032713133466,0.1984763109538622,0.05888507603824606,0.2689698690988922,0.26903508666170817,0.00027245378206851566,167.24979221399167,173.7590006948891,30.371222629161142,4242.487833636784,3991.005453757254,932.4039569448615,4.224254586360902e-05,5.733082869660837e-07,7.635077335469789e-05,0.5140098833020602,0.49178081250283867,0.06527272684411946,12.577963554301096,12.30897035399903,0.6667995961985725
final_accuracy,well_pressure,14,configured,0.1946811292205636,0.1898537039845924,0.04400682056723923,0.2689698690988922,0.26903508666170817,0.00027245378206851566,167.2521526308669,173.7817658763229,30.374608768139062,185450.86848341697,169020.358165259,43480.99373856287,1.5030701500729333e-05,5.692330942247623e-07,3.7688920528415906e-05,0.5140098833020602,0.49178081250283867,0.06527272684411946,12.577963554301096,12.30897035399903,0.6667995961985725
final_accuracy,well_pressure,14,dg_joint,0.3386653925355144,0.31893558687938944,0.17690339767191812,0.2689698690988922,0.26903508666170817,0.00027245378206851566,167.3099272267877,173.70575221825635,30.408153389295162,6436.006631044157,4173.275980363706,4045.282661572824,1.38782571473411e-05,5.048571445075865e-07,1.9604714386943848e-05,0.5140098833020602,0.49178081250283867,0.06527272684411946,12.577963554301096,12.30897035399903,0.6667995961985725
final_accuracy,well_pressure,14,dg_pressure,0.1672074828377363,0.1668885987339805,0.04402511742305214,0.2689698690988922,0.26903508666170817,0.00027245378206851566,167.23097917038558,173.70694593049495,30.363310449210417,4696.283845716638,4690.38774955413,1204.7452162627424,4.210096991382283e-05,6.544473591957353e-07,7.604214945605571e-05,0.5140098833020602,0.49178081250283867,0.06527272684411946,12.577963554301096,12.30897035399903,0.6667995961985725
final_accuracy,well_pressure,15,condition_joint,0.31479655967670045,0.28642994794972465,0.18692992016380217,0.2689698690988922,0.26903508666170817,0.00027245378206851566,167.30094422800505,173.83202585119938,30.320074171043952,7886.064947100182,6174.470204011108,4087.1552898642312,4.0980889473966314e-05,7.499999940461879e-07,7.741482726774068e-05,0.5140098833020602,0.49178081250283867,0.06527272684411946,12.577963554301096,12.30897035399903,0.6667995961985725
final_accuracy,well_pressure,15,condition_pressure,0.18876221760448347,0.17992978102991505,0.05708470587324159,0.2689698690988922,0.26903508666170817,0.00027245378206851566,167.24507218775696,173.76080995815445,30.357349216163588,5800.530028630901,5266.760011751961,1960.1997414817763,2.0555012030710808e-05,6.192030308109926e-07,3.351215876484644e-05,0.5140098833020602,0.49178081250283867,0.06527272684411946,12.577963554301096,12.30897035399903,0.6667995961985725
final_accuracy,well_pressure,15,configured,0.16755342240906795,0.16807972164955315,0.039770287970957635,0.2689698690988922,0.26903508666170817,0.00027245378206851566,167.2380637766875,173.75763119717502,30.372844799896214,393108.8917320661,376792.5746619364,119741.02748577272,1.1457361661018523e-05,6.452067562596018e-07,1.5081581352584352e-05,0.5140098833020602,0.49178081250283867,0.06527272684411946,12.577963554301096,12.30897035399903,0.6667995961985725
final_accuracy,well_pressure,15,dg_joint,0.2250208976981239,0.17946752990731257,0.11669659442523732,0.2689698690988922,0.26903508666170817,0.00027245378206851566,167.26003256870362,173.76004600661503,30.37799131156275,9190.336417413557,6349.686293074601,4799.89865188017,9.968327815710966e-06,5.510676539716611e-07,1.9959221540330294e-05,0.5140098833020602,0.49178081250283867,0.06527272684411946,12.577963554301096,12.30897035399903,0.6667995961985725
final_accuracy,well_pressure,15,dg_pressure,0.1912320524331033,0.1829856887277283,0.05569538259409123,0.2689698690988922,0.26903508666170817,0.00027245378206851566,167.2463977223123,173.75331667524506,30.35959642877716,7313.573244010753,7183.081494344242,952.1177108394123,1.4544046613916447e-05,5.971165332344493e-07,2.599285704354703e-05,0.5140098833020602,0.49178081250283867,0.06527272684411946,12.577963554301096,12.30897035399903,0.6667995961985725
final_accuracy,well_pressure,16,condition_joint,0.3014489733143376,0.2732725410917164,0.1588811963864458,0.2689698690988922,0.26903508666170817,0.00027245378206851566,167.29445598685743,173.82311365701156,30.33759061409886,13904.261373919779,12280.375777722173,9037.062487923751,2.707158722143958e-05,6.704285897969276e-07,6.628972588863281e-05,0.5140098833020602,0.49178081250283867,0.06527272684411946,12.577963554301096,12.30897035399903,0.6667995961985725
final_accuracy,well_pressure,16,condition_pressure,0.17373545232179777,0.18340447565138684,0.042739051087968986,0.2689698690988922,0.26903508666170817,0.00027245378206851566,167.2356850084685,173.7352365807846,30.362740884775846,11188.841961361588,11243.593550339658,2705.1667233806807,1.9580953369561684e-05,6.550751430423636e-07,4.476677110617589e-05,0.5140098833020602,0.49178081250283867,0.06527272684411946,12.577963554301096,12.30897035399903,0.6667995961985725
final_accuracy,well_pressure,16,configured,0.16571292866640558,0.16630267293029855,0.04070291737260169,0.2689698690988922,0.26903508666170817,0.00027245378206851566,167.2369577311746,173.75689026091132,30.37219124501979,789705.71439899,717542.5013083781,383563.8222500816,3.461487969506594e-05,6.514736807894634e-07,5.950124854452929e-05,0.5140098833020602,0.49178081250283867,0.06527272684411946,12.577963554301096,12.30897035399903,0.6667995961985725
final_accuracy,well_pressure,16,dg_joint,0.20776225741930307,0.18410213383666324,0.07168997894352755,0.2689698690988922,0.26903508666170817,0.00027245378206851566,167.25478772996593,173.7654546118078,30.371393457242082,32406.849868035024,24988.309203108794,27086.127132626112,3.38374052802411e-05,6.076128132767359e-07,8.836708466467158e-05,0.5140098833020602,0.49178081250283867,0.06527272684411946,12.577963554301096,12.30897035399903,0.6667995961985725
final_accuracy,well_pressure,16,dg_pressure,0.21868528367152415,0.2021034458376583,0.07528155599406292,0.2689698690988922,0.26903508666170817,0.00027245378206851566,167.25786647773867,173.76704977364864,30.352571700993796,39243.18283927803,15773.581174647868,42141.797221463494,0.00012097243232524205,5.787894627800618e-07,0.0003464596424457587,0.5140098833020602,0.49178081250283867,0.06527272684411946,12.577963554301096,12.30897035399903,0.6667995961985725
final_accuracy,well_pressure,17,condition_joint,0.25664797905616643,0.22611297876326325,0.09153893205848414,0.2689698690988922,0.26903508666170817,0.00027245378206851566,167.27553536342413,173.81602490556122,30.372009143902147,inf,inf,,3.703558946393174e-05,5.71428573405006e-07,6.994136634404595e-05,0.5140098833020602,0.49178081250283867,0.06527272684411946,12.577963554301096,12.30897035399903,0.6667995961985725
final_accuracy,well_pressure,17,condition_pressure,0.18626789787579887,0.1718624996640602,0.04621302381143392,0.2689698690988922,0.26903508666170817,0.00027245378206851566,167.240401991722,173.73341010427956,30.357583704634926,inf,inf,,4.659323459419748e-05,6.143458640987151e-07,0.00010892557512142616,0.5140098833020602,0.49178081250283867,0.06527272684411946,12.577963554301096,12.30897035399903,0.6667995961985725
final_accuracy,well_pressure,17,configured,0.1384446797091391,0.1423396316946938,0.023351369050923956,0.2689698690988922,0.26903508666170817,0.00027245378206851566,167.21965199200636,173.710307960129,30.36773755388793,inf,inf,,1.7882799995578194e-05,5.922631412670996e-07,2.8557664155901714e-05,0.5140098833020602,0.49178081250283867,0.06527272684411946,12.577963554301096,12.30897035399903,0.6667995961985725
final_accuracy,well_pressure,17,dg_joint,0.22405917627997218,0.179453441535705,0.0908937044877029,0.2689698690988922,0.26903508666170817,0.00027245378206851566,167.2598027021694,173.77134481947974,30.36409312037029,inf,inf,,8.819171429272126e-06,5.913195370948573e-07,1.4626413735627994e-05,0.5140098833020602,0.49178081250283867,0.06527272684411946,12.577963554301096,12.30897035399903,0.6667995961985725
final_accuracy,well_pressure,17,dg_pressure,0.20692332110831685,0.18215204838276944,0.07538760463622478,0.2689698690988922,0.26903508666170817,0.00027245378206851566,167.25379227624305,173.77555058489875,30.351765087810534,inf,inf,,9.661342094598086e-06,5.252217839794107e-07,1.7012795816187227e-05,0.5140098833020602,0.49178081250283867,0.06527272684411946,12.577963554301096,12.30897035399903,0.6667995961985725
final_accuracy,well_pressure,18,condition_joint,0.18890794445901907,0.18198918362545985,0.04883771026006173,0.2689698690988922,0.26903508666170817,0.00027245378206851566,167.24252898227124,173.75487297134345,30.360911070262336,inf,inf,,0.00050395494812193,0.0002320349285719,0.0007359921975132886,0.5140098833020602,0.49178081250283867,0.06527272684411946,12.577963554301096,12.30897035399903,0.6667995961985725
final_accuracy,well_pressure,18,condition_pressure,0.1761690083787111,0.1638598896392126,0.053987009100641914,0.2689698690988922,0.26903508666170817,0.00027245378206851566,167.23585451034347,173.7408845041548,30.35457903016207,inf,inf,,0.0004432067045061316,3.800532704873949e-05,0.0007856149988263021,0.5140098833020602,0.49178081250283867,0.06527272684411946,12.577963554301096,12.30897035399903,0.6667995961985725
final_accuracy,well_pressure,18,configured,0.14451414777174826,0.14258004020300663,0.020031827268402257,0.2689698690988922,0.26903508666170817,0.00027245378206851566,167.22273303083858,173.70881288786353,30.371092691277997,inf,inf,,0.000436182990228152,6.110730076154442e-05,0.0007631011205587753,0.5140098833020602,0.49178081250283867,0.06527272684411946,12.577963554301096,12.30897035399903,0.6667995961985725
final_accuracy,well_pressure,18,dg_joint,0.17480938312225183,0.16353792309479234,0.03391794899744081,0.2689698690988922,0.26903508666170817,0.00027245378206851566,167.23487829380056,173.73641258077492,30.362748902684043,inf,inf,,0.0005224067984867073,0.00027053180077155,0.0007324846861211971,0.5140098833020602,0.49178081250283867,0.06527272684411946,12.577963554301096,12.30897035399903,0.6667995961985725
final_accuracy,well_pressure,18,dg_pressure,0.16550581015086513,0.15247248866921925,0.04835111210750692,0.2689698690988922,0.26903508666170817,0.00027245378206851566,167.23424299594578,173.7570588397449,30.360196898269116,inf,inf,,0.0004004355578983424,2.9446740594913103e-05,0.0007862935710280741,0.5140098833020602,0.49178081250283867,0.06527272684411946,12.577963554301096,12.30897035399903,0.6667995961985725
final_accuracy,well_pressure,19,condition_joint,0.1884796208859713,0.18182745074453785,0.05298456967900287,0.2689698690988922,0.26903508666170817,0.00027245378206851566,167.2438794709353,173.7816034503631,30.365765232604872,inf,inf,,0.0004513499691731645,8.481312783312258e-05,0.0007741411202617586,0.5140098833020602,0.49178081250283867,0.06527272684411946,12.577963554301096,12.30897035399903,0.6667995961985725
final_accuracy,well_pressure,19,condition_pressure,0.16615801847598782,0.15060810213721926,0.05638510745951869,0.2689698690988922,0.26903508666170817,0.00027245378206851566,167.23117265343967,173.7279636701461,30.353090664169084,inf,inf,,0.0004172407887080223,4.953665413090231e-05,0.0007818456054023868,0.5140098833020602,0.49178081250283867,0.06527272684411946,12.577963554301096,12.30897035399903,0.6667995961985725
final_accuracy,well_pressure,19,configured,0.14494395195737866,0.1386838118175934,0.021297134519852705,0.2689698690988922,0.26903508666170817,0.00027245378206851566,167.22323125283856,173.71262221046118,30.369134037456384,inf,inf,,0.0004933210533799995,0.00010594110525078139,0.0008663854876552865,0.5140098833020602,0.49178081250283867,0.06527272684411946,12.577963554301096,12.30897035399903,0.6667995961985725
final_accuracy,well_pressure,19,dg_joint,0.19162500731584953,0.16453168311126404,0.05885615771852618,0.2689698690988922,0.26903508666170817,0.00027245378206851566,167.24398265266436,173.7704553863622,30.363460126457788,inf,inf,,0.0004189139413609908,5.7076913531330464e-05,0.0007864641819800005,0.5140098833020602,0.49178081250283867,0.06527272684411946,12.577963554301096,12.30897035399903,0.6667995961985725
final_accuracy,well_pressure,19,dg_pressure,0.16157390774679656,0.14627423636987158,0.042706582377902085,0.2689698690988922,0.26903508666170817,0.00027245378206851566,167.23143417351548,173.75308440642948,30.35996638855354,inf,inf,,0.00043083612255215173,2.4976657891271398e-05,0.0008459745883262746,0.5140098833020602,0.49178081250283867,0.06527272684411946,12.577963554301096,12.30897035399903,0.6667995961985725
final_accuracy,well_pressure,20,condition_joint,0.17932963118009831,0.16134756789577331,0.054874887724629805,0.2689698690988922,0.26903508666170817,0.00027245378206851566,167.23706365057723,173.75220712315615,30.360940459578128,inf,inf,,0.000448812342861987,4.007988722615917e-05,0.0008502081692913332,0.5140098833020602,0.49178081250283867,0.06527272684411946,12.577963554301096,12.30897035399903,0.6667995961985725
final_accuracy,well_pressure,20,condition_pressure,0.14826626525525594,0.13487384283106124,0.03655969921940826,0.2689698690988922,0.26903508666170817,0.00027245378206851566,167.22288634568923,173.72497976183803,30.361131328245126,inf,inf,,0.0004143069864555171,2.9284462368394127e-05,0.0007726272958520425,0.5140098833020602,0.49178081250283867,0.06527272684411946,12.577963554301096,12.30897035399903,0.6667995961985725
final_accuracy,well_pressure,20,configured,0.13899708379735543,0.1392267741275155,0.022847402633846662,0.2689698690988922,0.26903508666170817,0.00027245378206851566,167.22009536296747,173.70419117617055,30.36941153062887,inf,inf,,0.0004479716466120216,0.0001116868721934207,0.0007701114457093396,0.5140098833020602,0.49178081250283867,0.06527272684411946,12.577963554301096,12.30897035399903,0.6667995961985725
final_accuracy,well_pressure,20,dg_joint,0.1778623007164855,0.15273295774153983,0.05743043595558998,0.2689698690988922,0.26903508666170817,0.00027245378206851566,167.23603551212713,173.7540955107112,30.36054325548027,inf,inf,,0.00042801312858799874,5.4883774446762914e-05,0.0007856291163070347,0.5140098833020602,0.49178081250283867,0.06527272684411946,12.577963554301096,12.30897035399903,0.6667995961985725
final_accuracy,well_pressure,20,dg_pressure,0.1488131378517807,0.1354580912232679,0.035433018535668374,0.2689698690988922,0.26903508666170817,0.00027245378206851566,167.22213805163156,173.71661219689167,30.362139230337405,inf,inf,,0.0003930942984879825,1.807878945150616e-05,0.0007742601061327957,0.5140098833020602,0.49178081250283867,0.06527272684411946,12.577963554301096,12.30897035399903,0.6667995961985725
final_accuracy,well_pressure,21,condition_joint,0.16335544601129143,0.15079802082182425,0.0436526547900682,0.2689698690988922,0.26903508666170817,0.00027245378206851566,167.22966088921333,173.73571722792167,30.362644398419107,inf,inf,,0.0004947570180371414,2.853336463475782e-05,0.0008278135892646088,0.5140098833020602,0.49178081250283867,0.06527272684411946,12.577963554301096,12.30897035399903,0.6667995961985725
final_accuracy,well_pressure,21,condition_pressure,0.13913209891391812,0.12776193547072623,0.030868624905190375,0.2689698690988922,0.26903508666170817,0.00027245378206851566,167.21706777271447,173.7061487262725,30.363398275355188,inf,inf,,0.0003992921360770548,3.817026688073082e-05,0.0007785803279082875,0.5140098833020602,0.49178081250283867,0.06527272684411946,12.577963554301096,12.30897035399903,0.6667995961985725
final_accuracy,well_pressure,21,configured,0.13805893449644105,0.13418375245508884,0.029637086078795605,0.2689698690988922,0.26903508666170817,0.00027245378206851566,167.2192842664369,173.71074282273167,30.365176545202477,inf,inf,,0.00041251682482275803,3.980435716024166e-05,0.0007763815161496316,0.5140098833020602,0.49178081250283867,0.06527272684411946,12.577963554301096,12.30897035399903,0.6667995961985725
final_accuracy,well_pressure,21,dg_joint,0.17288621006859214,0.1632931589739962,0.05465516576834275,0.2689698690988922,0.26903508666170817,0.00027245378206851566,167.23804528174682,173.7762271619995,30.361161181584862,inf,inf,,0.00043427923082523906,1.9740447377054284e-05,0.0007713572240814008,0.5140098833020602,0.49178081250283867,0.06527272684411946,12.577963554301096,12.30897035399903,0.6667995961985725
final_accuracy,well_pressure,21,dg_pressure,0.16276595677576888,0.14063654819349036,0.04752973127469847,0.2689698690988922,0.26903508666170817,0.00027245378206851566,167.22966287386666,173.74217696005667,30.36267869479451,inf,inf,,0.000467705169175755,3.4682642838294454e-05,0.0009100750825387235,0.5140098833020602,0.49178081250283867,0.06527272684411946,12.577963554301096,12.30897035399903,0.6667995961985725
final_accuracy,well_pressure,22,condition_joint,0.1657013277862128,0.1759718859792178,0.0457153334973061,0.2689698690988922,0.26903508666170817,0.00027245378206851566,167.23525764471427,173.75517630831342,30.365765596709803,inf,inf,,0.0004298282578936048,6.48637180443314e-05,0.00074723628449114,0.5140098833020602,0.49178081250283867,0.06527272684411946,12.577963554301096,12.30897035399903,0.6667995961985725
final_accuracy,well_pressure,22,condition_pressure,0.14605901815061378,0.1233581939616208,0.04048599641074392,0.2689698690988922,0.26903508666170817,0.00027245378206851566,167.2206023224479,173.72237952539814,30.362441154166397,inf,inf,,0.0004479114654105309,6.238424437032152e-05,0.0008112171904485697,0.5140098833020602,0.49178081250283867,0.06527272684411946,12.577963554301096,12.30897035399903,0.6667995961985725
final_accuracy,well_pressure,22,configured,0.13605775688045546,0.13340521799725596,0.029679953879122922,0.2689698690988922,0.26903508666170817,0.00027245378206851566,167.21783050704008,173.706311997149,30.364243373204758,inf,inf,,0.0004127258135319103,4.699545489782573e-05,0.0008062753648960125,0.5140098833020602,0.49178081250283867,0.06527272684411946,12.577963554301096,12.30897035399903,0.6667995961985725
final_accuracy,well_pressure,22,dg_joint,0.16272493662715962,0.15311278413449697,0.0478200688075222,0.2689698690988922,0.26903508666170817,0.00027245378206851566,167.2323847732113,173.76265580457732,30.36240920095395,inf,inf,,0.0004198173857210718,4.3627033826345365e-05,0.0007605285387597938,0.5140098833020602,0.49178081250283867,0.06527272684411946,12.577963554301096,12.30897035399903,0.6667995961985725
final_accuracy,well_pressure,22,dg_pressure,0.15903932190415554,0.1441426106594974,0.04662807348764601,0.2689698690988922,0.26903508666170817,0.00027245378206851566,167.2275945340411,173.7362185360023,30.361760654217683,inf,inf,,0.00044886763684106213,5.678947365280815e-05,0.0007541990923787846,0.5140098833020602,0.49178081250283867,0.06527272684411946,12.577963554301096,12.30897035399903,0.6667995961985725
final_accuracy,well_pressure,23,condition_joint,0.16456076920333493,0.1691546289249785,0.046921229981773456,0.2689698690988922,0.26903508666170817,0.00027245378206851566,167.23413718591635,173.7462633512012,30.365460867535276,inf,inf,,0.0005187743120155562,0.00015685322927635846,0.0007867676448721582,0.5140098833020602,0.49178081250283867,0.06527272684411946,12.577963554301096,12.30897035399903,0.6667995961985725
final_accuracy,well_pressure,23,condition_pressure,0.14471493285472004,0.1261751497352213,0.040204328151943504,0.2689698690988922,0.26903508666170817,0.00027245378206851566,167.21994975568603,173.72091062913995,30.362001461556307,inf,inf,,0.0004963229315762705,7.465068795551945e-05,0.000774546653614117,0.5140098833020602,0.49178081250283867,0.06527272684411946,12.577963554301096,12.30897035399903,0.6667995961985725
final_accuracy,well_pressure,23,configured,0.13461828312738316,0.1224890807715663,0.02922263381156124,0.2689698690988922,0.26903508666170817,0.00027245378206851566,167.21561349095427,173.70297400497896,30.36282300171265,inf,inf,,0.0004146521601550578,4.1987308290309124e-05,0.0007963994786505658,0.5140098833020602,0.49178081250283867,0.06527272684411946,12.577963554301096,12.30897035399903,0.6667995961985725
final_accuracy,well_pressure,23,dg_joint,0.1619041581789445,0.16752941977398625,0.04564316364184448,0.2689698690988922,0.26903508666170817,0.00027245378206851566,167.23263326391043,173.74912328788918,30.364249083655082,inf,inf,,0.0004545244669199638,0.00010321193608395377,0.0007560317175725811,0.5140098833020602,0.49178081250283867,0.06527272684411946,12.577963554301096,12.30897035399903,0.6667995961985725
final_accuracy,well_pressure,23,dg_pressure,0.15173895743067814,0.13500371843368447,0.04352774573434809,0.2689698690988922,0.26903508666170817,0.00027245378206851566,167.22399385046495,173.7232074258234,30.36063857910107,inf,inf,,0.00043085968045076373,5.528853383528846e-05,0.0007785091353380145,0.5140098833020602,0.49178081250283867,0.06527272684411946,12.577963554301096,12.30897035399903,0.6667995961985725
final_accuracy,well_pressure,24,condition_joint,0.15859212884596144,0.15670161114051365,0.045707599177218644,0.2689698690988922,0.26903508666170817,0.00027245378206851566,167.2298857284932,173.74119474667359,30.362527319411626,inf,inf,,0.0005032492488735242,0.0001718768797122,0.0007877715103928472,0.5140098833020602,0.49178081250283867,0.06527272684411946,12.577963554301096,12.30897035399903,0.6667995961985725
final_accuracy,well_pressure,24,condition_pressure,0.14081476532289794,0.1243311578625759,0.0399491562435464,0.2689698690988922,0.26903508666170817,0.00027245378206851566,167.21839629433967,173.71619555660976,30.36111541922528,inf,inf,,0.0004581586774484427,4.3941413567058344e-05,0.0008940722032129751,0.5140098833020602,0.49178081250283867,0.06527272684411946,12.577963554301096,12.30897035399903,0.6667995961985725
final_accuracy,well_pressure,24,configured,0.13396433213779343,0.12197951055228004,0.029855656037859796,0.2689698690988922,0.26903508666170817,0.00027245378206851566,167.21524047318292,173.7021254634069,30.362286081754576,inf,inf,,0.0004577522548799292,9.651049248685477e-05,0.0007626325349722617,0.5140098833020602,0.49178081250283867,0.06527272684411946,12.577963554301096,12.30897035399903,0.6667995961985725
final_accuracy,well_pressure,24,dg_joint,0.15220204548804192,0.151349292254673,0.04367328289088591,0.2689698690988922,0.26903508666170817,0.00027245378206851566,167.2265040132441,173.73507711567453,30.36172398475544,inf,inf,,0.00041415567219447075,3.204495866307674e-05,0.0007818687042048908,0.5140098833020602,0.49178081250283867,0.06527272684411946,12.577963554301096,12.30897035399903,0.6667995961985725
final_accuracy,well_pressure,24,dg_pressure,0.14852459168357363,0.13588114161454246,0.03851335726066259,0.2689698690988922,0.26903508666170817,0.00027245378206851566,167.2239266976249,173.73542125338213,30.362420811984894,inf,inf,,0.0004765413857064448,3.46698007457522e-05,0.0007950128034979152,0.5140098833020602,0.49178081250283867,0.06527272684411946,12.577963554301096,12.30897035399903,0.6667995961985725
final_accuracy,well_pressure,25,condition_joint,0.14826967420070328,0.14505380251780553,0.040077073554954296,0.2689698690988922,0.26903508666170817,0.00027245378206851566,167.22475806565515,173.72997420529134,30.363761304716036,inf,inf,,0.00045922750601550883,7.234116541563105e-05,0.0007729931647382252,0.5140098833020602,0.49178081250283867,0.06527272684411946,12.577963554301096,12.30897035399903,0.6667995961985725
final_accuracy,well_pressure,25,condition_pressure,0.14346568688914652,0.12795762153835244,0.039205070746238836,0.2689698690988922,0.26903508666170817,0.00027245378206851566,167.22060799963597,173.72692317216283,30.36065277905331,inf,inf,,0.0004349741240730399,2.5315165445970066e-05,0.0007464741408040156,0.5140098833020602,0.49178081250283867,0.06527272684411946,12.577963554301096,12.30897035399903,0.6667995961985725
final_accuracy,well_pressure,25,configured,0.1444120967208858,0.14133828295380274,0.03116730351911077,0.2689698690988922,0.26903508666170817,0.00027245378206851566,167.21901815231283,173.70891558757864,30.358706975757432,inf,inf,,0.00043364317066981915,6.0015665398975415e-05,0.0007804359104966751,0.5140098833020602,0.49178081250283867,0.06527272684411946,12.577963554301096,12.30897035399903,0.6667995961985725
final_accuracy,well_pressure,25,dg_joint,0.14665854092267228,0.13792588713552906,0.03969707915662427,0.2689698690988922,0.26903508666170817,0.00027245378206851566,167.2236229248743,173.7317417209522,30.362705714563624,inf,inf,,0.0004942632202934974,7.354824437674037e-05,0.000769195963164776,0.5140098833020602,0.49178081250283867,0.06527272684411946,12.577963554301096,12.30897035399903,0.6667995961985725
final_accuracy,well_pressure,25,dg_pressure,0.14580805405241765,0.13139716904486404,0.039710255375551985,0.2689698690988922,0.26903508666170817,0.00027245378206851566,167.22207261564765,173.73231863395097,30.361151036302758,inf,inf,,0.0005425808255720503,0.00021658380074605,0.0006953449298044225,0.5140098833020602,0.49178081250283867,0.06527272684411946,12.577963554301096,12.30897035399903,0.6667995961985725
final_accuracy,well_pressure,26,condition_joint,0.14331962652102104,0.1370983942593651,0.038763613302589234,0.2689698690988922,0.26903508666170817,0.00027245378206851566,167.2219059770236,173.7250363593638,30.36302360298114,inf,inf,,0.00040064323382232555,2.4336312021762552e-05,0.0007745263167652142,0.5140098833020602,0.49178081250283867,0.06527272684411946,12.577963554301096,12.30897035399903,0.6667995961985725
final_accuracy,well_pressure,26,condition_pressure,0.1417361394298436,0.13410332749111098,0.03758924801305541,0.2689698690988922,0.26903508666170817,0.00027245378206851566,167.21993999800324,173.71650579048583,30.36184605780941,inf,inf,,0.00048086253158186076,0.00012837922934390088,0.0007610665564906678,0.5140098833020602,0.49178081250283867,0.06527272684411946,12.577963554301096,12.30897035399903,0.6667995961985725
final_accuracy,well_pressure,26,configured,0.141892764709409,0.1421073601863633,0.029964312370303062,0.2689698690988922,0.26903508666170817,0.00027245378206851566,167.2167470153578,173.70085903746067,30.35846343685826,inf,inf,,0.00043832359097951143,6.603164286190763e-05,0.0007594320094019183,0.5140098833020602,0.49178081250283867,0.06527272684411946,12.577963554301096,12.30897035399903,0.6667995961985725
final_accuracy,well_pressure,26,dg_joint,0.1446459352980946,0.13813085964910155,0.03736478620875458,0.2689698690988922,0.26903508666170817,0.00027245378206851566,167.2222362226418,173.7250363593638,30.363141606764817,inf,inf,,0.00042780234887178175,8.163016917064954e-05,0.000761358005666599,0.5140098833020602,0.49178081250283867,0.06527272684411946,12.577963554301096,12.30897035399903,0.6667995961985725
final_accuracy,well_pressure,26,dg_pressure,0.14498311712372328,0.13650950111948384,0.038304923732364174,0.2689698690988922,0.26903508666170817,0.00027245378206851566,167.22224618919012,173.72511125179219,30.363034083085882,inf,inf,,0.0004367909142937745,2.889316919092544e-05,0.0007550277858239416,0.5140098833020602,0.49178081250283867,0.06527272684411946,12.577963554301096,12.30897035399903,0.6667995961985725
final_accuracy,well_pressure,27,condition_joint,0.14048577450366456,0.13357893897701933,0.038114480927235114,0.2689698690988922,0.26903508666170817,0.00027245378206851566,167.21931672954375,173.71526972495775,30.3615361443903,inf,inf,,0.00046498806389676814,7.028931951959484e-05,0.0007851977193497334,0.5140098833020602,0.49178081250283867,0.06527272684411946,12.577963554301096,12.30897035399903,0.6667995961985725
final_accuracy,well_pressure,27,condition_pressure,0.14086012642504894,0.13297113696054,0.0379651369343011,0.2689698690988922,0.26903508666170817,0.00027245378206851566,167.21929563347635,173.71469423492576,30.361469686259998,inf,inf,,0.00039870964887413744,3.660338722025849e-05,0.0007620261851126777,0.5140098833020602,0.49178081250283867,0.06527272684411946,12.577963554301096,12.30897035399903,0.6667995961985725
final_accuracy,well_pressure,27,configured,0.1426559951916127,0.14130861094670394,0.029726359458584754,0.2689698690988922,0.26903508666170817,0.00027245378206851566,167.21936303882282,173.70470190697623,30.362736732855737,inf,inf,,0.0004478838030129217,4.228446242019632e-05,0.0007708627779879764,0.5140098833020602,0.49178081250283867,0.06527272684411946,12.577963554301096,12.30897035399903,0.6667995961985725
final_accuracy,well_pressure,27,dg_joint,0.14055566237528905,0.13392837833515908,0.038083130149098275,0.2689698690988922,0.26903508666170817,0.00027245378206851566,167.2193648827782,173.71526972495775,30.361584359665475,inf,inf,,0.0004531188293239916,7.109429697763005e-05,0.0007578731784517542,0.5140098833020602,0.49178081250283867,0.06527272684411946,12.577963554301096,12.30897035399903,0.6667995961985725
final_accuracy,well_pressure,27,dg_pressure,0.14098554767614796,0.1339054771417616,0.03750857283153603,0.2689698690988922,0.26903508666170817,0.00027245378206851566,167.21944628673305,173.7148843575227,30.36167155862629,inf,inf,,0.000432430011283933,4.462734588222312e-05,0.0007671149952033978,0.5140098833020602,0.49178081250283867,0.06527272684411946,12.577963554301096,12.30897035399903,0.6667995961985725
final_accuracy,well_pressure,28,condition_joint,0.13963278765722303,0.13232696214051387,0.038394032981239105,0.2689698690988922,0.26903508666170817,0.00027245378206851566,167.21868140657753,173.71367035907508,30.36121282768861,inf,inf,,0.00042213878572016386,3.293984964261483e-05,0.0007648388682993239,0.5140098833020602,0.49178081250283867,0.06527272684411946,12.577963554301096,12.30897035399903,0.6667995961985725
final_accuracy,well_pressure,28,condition_pressure,0.14047147322906622,0.13331768642232739,0.037983543048777955,0.2689698690988922,0.26903508666170817,0.00027245378206851566,167.21905179634376,173.71370413698241,30.361368637021137,inf,inf,,0.00040303308270998623,2.7978541355762154e-05,0.0007759872560878386,0.5140098833020602,0.49178081250283867,0.06527272684411946,12.577963554301096,12.30897035399903,0.6667995961985725
final_accuracy,well_pressure,28,configured,0.1363135335090907,0.13357323497150203,0.028312311477198412,0.2689698690988922,0.26903508666170817,0.00027245378206851566,167.21560864415056,173.69619042933613,30.36205710693819,inf,inf,,0.00040997612858811194,5.529119552282049e-05,0.0007624266680324252,0.5140098833020602,0.49178081250283867,0.06527272684411946,12.577963554301096,12.30897035399903,0.6667995961985725
final_accuracy,well_pressure,28,dg_joint,0.13963278765718692,0.13232696214050538,0.03839403298116369,0.2689698690988922,0.26903508666170817,0.00027245378206851566,167.21868140657753,173.71367035907514,30.361212827688664,inf,inf,,0.0004200498736835272,3.349576688645568e-05,0.0007605660547460539,0.5140098833020602,0.49178081250283867,0.06527272684411946,12.577963554301096,12.30897035399903,0.6667995961985725
final_accuracy,well_pressure,28,dg_pressure,0.14031731580168894,0.1333176864223205,0.037963272158638685,0.2689698690988922,0.26903508666170817,0.00027245378206851566,167.21891943612593,173.71310562875237,30.36131746036634,inf,inf,,0.0004099712714378083,5.3783992500809426e-05,0.000776041947201493,0.5140098833020602,0.49178081250283867,0.06527272684411946,12.577963554301096,12.30897035399903,0.6667995961985725
final_accuracy,well_pressure,29,condition_joint,0.139156898100432,0.13268867909712995,0.03828212167632199,0.2689698690988922,0.26903508666170817,0.00027245378206851566,167.2182665988887,173.71148526614235,30.361035327649947,inf,inf,,0.0004525586150418261,0.00013768452254565,0.0007097216168679797,0.5140098833020602,0.49178081250283867,0.06527272684411946,12.577963554301096,12.30897035399903,0.6667995961985725
final_accuracy,well_pressure,29,condition_pressure,0.13977087046788017,0.13268867909706994,0.0375886332655977,0.2689698690988922,0.26903508666170817,0.00027245378206851566,167.2185107424831,173.71142417975886,30.36119627663129,inf,inf,,0.0004866898150438474,0.0001430073609121,0.0007452412028737634,0.5140098833020602,0.49178081250283867,0.06527272684411946,12.577963554301096,12.30897035399903,0.6667995961985725
final_accuracy,well_pressure,29,configured,0.13489962723724586,0.13403722937237164,0.03340240304978739,0.2689698690988922,0.26903508666170817,0.00027245378206851566,167.21621447283854,173.70744443328172,30.36215573486195,inf,inf,,0.0004223093045048022,0.00010574404887687811,0.0006797482053647724,0.5140098833020602,0.49178081250283867,0.06527272684411946,12.577963554301096,12.30897035399903,0.6667995961985725
final_accuracy,well_pressure,29,dg_joint,0.13932833349917453,0.132688679097239,0.03832615383497927,0.2689698690988922,0.26903508666170817,0.00027245378206851566,167.21840228206008,173.7121363487517,30.36104057859531,inf,inf,,0.00045375579773774004,0.0001376458345831,0.0007143509541183899,0.5140098833020602,0.49178081250283867,0.06527272684411946,12.577963554301096,12.30897035399903,0.6667995961985725
final_accuracy,well_pressure,29,dg_pressure,0.1397964981732656,0.13268867909714904,0.03785971142000462,0.2689698690988922,0.26903508666170817,0.00027245378206851566,167.21859452162542,173.71213634875193,30.361222511947723,inf,inf,,0.0004799238721832263,0.0001380505977737,0.0007658868497302774,0.5140098833020602,0.49178081250283867,0.06527272684411946,12.577963554301096,12.30897035399903,0.6667995961985725
final_accuracy,well_pressure,30,condition_joint,0.13691199173895963,0.1313147308156857,0.03659417310340855,0.2689698690988922,0.26903508666170817,0.00027245378206851566,167.21694597468496,173.7086575265297,30.361252752398435,inf,inf,,0.00041505247594120437,3.9893172914818754e-05,0.0007645502449418994,0.5140098833020602,0.49178081250283867,0.06527272684411946,12.577963554301096,12.30897035399903,0.6667995961985725
final_accuracy,well_pressure,30,condition_pressure,0.13691199173891938,0.13131473081563766,0.03659417310346538,0.2689698690988922,0.26903508666170817,0.00027245378206851566,167.21694597468496,173.70865752652975,30.361252752398418,inf,inf,,0.0004268426067677968,3.972055262573504e-05,0.0007574131687110628,0.5140098833020602,0.49178081250283867,0.06527272684411946,12.577963554301096,12.30897035399903,0.6667995961985725
final_accuracy,well_pressure,30,configured,0.13691199173892393,0.1313147308155977,0.036594173103416554,0.2689698690988922,0.26903508666170817,0.00027245378206851566,167.21694597468496,173.7086575265297,30.36125275239843,inf,inf,,0.0004129062052658461,4.012233836320754e-05,0.0007529085775447839,0.5140098833020602,0.49178081250283867,0.06527272684411946,12.577963554301096,12.30897035399903,0.6667995961985725
final_accuracy,well_pressure,30,dg_joint,0.13691199173892732,0.1313147308156834,0.03659417310334819,0.2689698690988922,0.26903508666170817,0.00027245378206851566,167.21694597468493,173.7086575265297,30.361252752398475,inf,inf,,0.0004186330195424384,3.988690601764211e-05,0.000768783355862888,0.5140098833020602,0.49178081250283867,0.06527272684411946,12.577963554301096,12.30897035399903,0.6667995961985725
final_accuracy,well_pressure,30,dg_pressure,0.13691199173900293,0.1313147308156232,0.0365941731034354,0.2689698690988922,0.26903508666170817,0.00027245378206851566,167.216945974685,173.70865752652992,30.361252752398418,inf,inf,,0.0004153223999911923,4.031469173317152e-05,0.0007636573464831789,0.5140098833020602,0.49178081250283867,0.06527272684411946,12.577963554301096,12.30897035399903,0.6667995961985725
