outer_fold,inner_fold,candidate,order,variant,capacity_regime,coefficient_budget,architecture,preprocessing,spatial_ranks,property_rank,property_weights,storage_floats,fit_seconds,elapsed_seconds,status,error,relative_frobenius_p,anomaly_relative_frobenius_p,rmse_p,train_range_nrmse_p,ssim_p,anomaly_ssim_p,relative_frobenius_so,anomaly_relative_frobenius_so,rmse_so,train_range_nrmse_so,ssim_so,anomaly_ssim_so,selection_loss,condition_number
1,1,3D-independent-e9bc2b1d9158,3D,3D-independent,equal_total,32,independent,raw_minmax,"[64, 48]",,"[1.0, 1.0]",120704,0.4600747080039582,0.8521205830038525,ok,,0.0003355779598041,0.0582019461987149,0.0539123388042981,0.0013021454060178,0.999452499199588,0.990875926970144,0.0012290455543202,0.3397982856999693,0.0003306740628427,0.0005056170480536,0.9999691242795292,0.939976707488956,0.1081434786672835,1.0
1,1,4D-A-c5fc8bd2cb2c,4D,4D-A,equal_total,32,joint,raw_minmax,"[64, 48]",2.0,"[1.0, 1.0]",207812,0.3826042500004405,0.6483673330003512,ok,,0.0003634438671458,0.0630044270619861,0.0583889459544572,0.0014102689555504,0.9986876160359636,0.9864085307523844,0.0042710294542415,1.1778033211361507,0.0011491814641056,0.0017571554737734,0.9992237025100592,0.6936261524412396,0.3501976016503312,1.0
1,1,4D-B-f835e7c8452f,4D,4D-B,equal_total,32,shared-independent,raw_minmax,"[64, 48]",,"[1.0, 1.0]",109504,0.2424390829983167,0.5068900410042261,ok,,0.0004550669766653,0.0789013013765403,0.0731088256910099,0.0017657983983681,0.998521440115649,0.9813155059124,0.0042084387220957,1.1605369556458631,0.0011323430066604,0.0017314086369214,0.9992268120848204,0.6981636394279346,0.3499246710880591,1.0
1,1,3D-independent-7cc1fb3009e2,3D,3D-independent,equal_total,32,independent,mean_centered,"[64, 48]",,"[1.0, 1.0]",120704,0.2272237920042243,0.4867397090056329,ok,,0.000340063133919,0.0591148402988383,0.0546319371909968,0.0013195258750199,0.9994417914406082,0.9909300622699868,0.0013251005280693,0.3662334482157232,0.0003565216715904,0.0005451393242246,0.9999445798553778,0.9193767958129008,0.1175487148682794,1.0
1,1,4D-A-a8d848e0bd2f,4D,4D-A,equal_total,32,joint,mean_centered,"[64, 48]",2.0,"[1.0, 1.0]",207812,0.3302422920023673,0.5915199579976615,ok,,0.0001829838213848,0.031754067428517,0.0293967334794701,0.0007100196782628,0.9996398135940342,0.9965861554232724,0.03567276564717,9.835009967965668,0.0095983310956557,0.0146763244540736,0.94670584719935,0.2742700600745997,2.5578339819113123,1.0
1,1,4D-B-2e139466dc24,4D,4D-B,equal_total,32,shared-independent,mean_centered,"[64, 48]",,"[1.0, 1.0]",109504,0.2275678750011138,0.4893290000036359,ok,,0.0003415465146475,0.0594077002017237,0.0548699355304015,0.0013252742519438,0.999433498288307,0.9908454269663703,0.0355494896556987,9.801071510840352,0.009565161856557,0.0146256070418426,0.9472577985891152,0.3426087909823501,2.5484380255169294,1.0
1,1,3D-independent-34daa9e6fa18,3D,3D-independent,equal_total,32,independent,ensemble_anomaly,"[64, 48]",,"[1.0, 1.0]",120704,0.2281355000013718,0.4905412079970119,ok,,0.0003252624726293,0.0557857961413659,0.0522610898675965,0.0012622627694117,0.999530463207983,0.9919701106744984,0.0012888110744535,0.3564965891685025,0.0003467739618771,0.000530234592453,0.9999645510972353,0.9411555192685472,0.1114298925845864,1.0
1,1,4D-A-63c64c98502f,4D,4D-A,equal_total,32,joint,ensemble_anomaly,"[64, 48]",2.0,"[1.0, 1.0]",207812,0.3446954169994569,0.6396285000009811,ok,,0.0001434172358503,0.0251621754289956,0.0230383829536006,0.000556446357002,0.9997873197988572,0.9980168845578224,0.0031698941338229,0.8737518921111588,0.0008529236963717,0.0013041626484613,0.9998390761466256,0.8590977604752886,0.2425891862558997,1.0
1,1,4D-B-852478df5431,4D,4D-B,equal_total,32,shared-independent,ensemble_anomaly,"[64, 48]",,"[1.0, 1.0]",109504,0.2795408750025672,0.5879324579946115,ok,,0.0003252630812559,0.0557859090467974,0.0522611875934947,0.0012622651297866,0.999530460747954,0.9919700774240068,0.0013972919762448,0.3860069432996737,0.0003759593574884,0.0005748605103384,0.999947218028521,0.9294788381407634,0.1202670986410215,1.0
1,1,3D-independent-629bdce16d73,3D,3D-independent,equal_total,32,independent,standardized_anomaly,"[64, 48]",,"[1.0, 1.0]",120704,0.2510990000009769,0.559707749998779,ok,,0.0003252624726293,0.0557857961413614,0.052261089867592,0.0012622627694116,0.999530463208,0.9919701106744984,0.0012888110744535,0.3564965891684996,0.0003467739618771,0.000530234592453,0.9999645510972353,0.9411555192685482,0.1114298925845844,1.0
1,1,4D-A-06f4272272b6,4D,4D-A,equal_total,32,joint,standardized_anomaly,"[64, 48]",2.0,"[1.0, 1.0]",207812,0.3388717909983825,0.614404291001847,ok,,0.0007373010481213,0.1229111931094221,0.1184955123910384,0.0028620236204893,0.9982825197402332,0.9662937768429348,0.0012712842280237,0.3515664086468679,0.0003420620962448,0.0005230299161281,0.9999657595951308,0.942029946036794,0.1300789350791064,1.0
1,1,4D-B-17b80d300b68,4D,4D-B,equal_total,32,shared-independent,standardized_anomaly,"[64, 48]",,"[1.0, 1.0]",109504,0.2825632499952917,0.5575899579998804,ok,,0.0003793285706398,0.0646851853265187,0.0609506275184675,0.0014721412830034,0.9991095826873104,0.9881685173796212,0.0012862006905038,0.3557753860916717,0.0003460711826939,0.0005291600082144,0.9999643879073936,0.9410503795268332,0.1139627807412408,1.0
1,1,4D-A-4681118648ec,4D,4D-A,equal_total,32,joint,standardized_anomaly,"[64, 48]",1.0,"[1.0, 1.0]",109506,0.2591509999983827,0.5823752090000198,ok,,0.0048298396118818,0.8132816066035572,0.7761329170396937,0.0187459482336891,0.972421766201728,0.7226942546408476,0.0022068191682893,0.6086434942049651,0.0005937946094639,0.0009079414182239,0.9986638033860308,0.607487608526127,0.4392085423062587,1.0
1,1,4D-D-9e53fbf0a6d8,4D,4D-D,equal_total,32,partial-spatial,standardized_anomaly,"[64, 48]",,"[1.0, 1.0]",131904,0.3684575419974862,0.7994147920035175,ok,,0.0003546942292887,0.0612853783041925,0.0569859661189772,0.0013763827657092,0.9995841694215816,0.9915787399340756,0.0013562283074448,0.3749380909195574,0.0003649157418185,0.0005579742740643,0.9999628907404968,0.9367021380411984,0.1180207575590282,1.0
1,1,4D-E-07794d5e4bbe,4D,4D-E,equal_total,32,joint-property-residual,standardized_anomaly,"[64, 48]",2.0,"[1.0, 1.0]",181060,0.4407954589987639,0.8632337499948335,ok,,0.0005189140623915,0.0880437537629271,0.0833830253960113,0.0020139512747429,0.9992943196370464,0.987020782632784,0.001368803587204,0.3785809453234233,0.0003683047942787,0.0005631563034194,0.999961827553834,0.9359918448909278,0.1262795963311236,1.0
1,1,4D-C-3fe7ec5ee326,4D,4D-C,equal_total,32,joint,standardized_anomaly,"[64, 48]",2.0,"[1.0, 0.5]",207812,0.3320605830012937,0.6037684160037315,ok,,0.0007990371663341,0.1321046885420502,0.128427229721834,0.0031019045157164,0.9981732106694592,0.9617833531132632,0.001269779434237,0.3511490984260461,0.0003416571138192,0.0005224106779066,0.999965283959491,0.9409388609243532,0.132973169987322,1.0
1,1,4D-C-5b31da2b924b,4D,4D-C,equal_total,32,joint,standardized_anomaly,"[64, 48]",2.0,"[1.0, 2.0]",207812,0.3385353330013458,0.6472928750008577,ok,,0.0008578640613982,0.1415501115203552,0.1378802760095403,0.0033302240631412,0.9975524490237015,0.9626690669059896,0.001244075829954,0.3441300760038855,0.0003347399776809,0.0005118340335663,0.9999667503994548,0.9433319940216396,0.1331699142651065,1.0
1,1,3D-independent-7db5f3bc9ad5,3D,3D-independent,equal_total,32,independent,raw_minmax,"[80, 48]",,"[1.0, 1.0]",149728,0.2899691250058822,0.5544772920038668,ok,,0.0003018046499387,0.0522472755818993,0.0484876028942021,0.0011711216904667,0.9996988448213754,0.9930712972706536,0.0012273901773259,0.3393454928429926,0.0003302285963396,0.0005049359076692,0.999969381904501,0.9403358263984036,0.1062223016475908,1.0
1,1,4D-A-9e409054ed54,4D,4D-A,equal_total,32,joint,raw_minmax,"[80, 48]",2.0,"[1.0, 1.0]",259188,0.3645543340026052,0.6748019579972606,ok,,0.0001923191440753,0.033882804378822,0.0308926087677923,0.00074614957316,0.9996198938597576,0.9961305741970624,0.0016668741962961,0.4602868174861608,0.0004484780349338,0.000685745166073,0.999906851935549,0.8817005878648124,0.1388135102085113,1.0
1,1,4D-B-2fb1b6b4a839,4D,4D-B,equal_total,32,shared-independent,raw_minmax,"[80, 48]",,"[1.0, 1.0]",136304,0.2797369580002851,0.551701458003663,ok,,0.0003393249774783,0.0589449292305512,0.054513557081883,0.0013166666387362,0.9994153174358846,0.9906595925258532,0.0015063159116133,0.4160864473460167,0.0004052819800727,0.0006196962550739,0.999912824404784,0.8918843881462845,0.1334398465601247,1.0
1,1,3D-independent-dbbd1a2865ca,3D,3D-independent,equal_total,32,independent,mean_centered,"[80, 48]",,"[1.0, 1.0]",149728,0.3073207080014981,0.5721201669948641,ok,,0.0003056494436553,0.0531270387671281,0.0491036531444056,0.0011860011600087,0.9996877037427488,0.9930938526281784,0.0012407142059917,0.3430143441487003,0.0003338141909095,0.0005104184596611,0.9999626095685976,0.9364897329149732,0.1078373975360631,1.0
1,1,4D-A-85017caccbe9,4D,4D-A,equal_total,32,joint,mean_centered,"[80, 48]",2.0,"[1.0, 1.0]",259188,0.360920792001707,0.6602851249990636,ok,,8.274541898970753e-05,0.0143435878959181,0.0132935561143584,0.0003210794301985,0.9999282351839396,0.9992826563989085,0.0178167957445958,4.912189265149027,0.0047938944646307,0.0073301024793104,0.9863075136886194,0.3886692981588442,1.308139218941517,1.0
1,1,4D-B-4bb821f89672,4D,4D-B,equal_total,32,shared-independent,mean_centered,"[80, 48]",,"[1.0, 1.0]",136304,0.2702357919988571,0.5332579999958398,ok,,0.0003071705969808,0.0534084279669077,0.0493478940249957,0.0011919003131094,0.9996762556796124,0.993021448494717,0.0175384142547669,4.835462677500466,0.0047189913109549,0.0072155718411168,0.986944363740963,0.4921754255363062,1.2865681671129654,1.0
1,1,3D-independent-3e92f69676cb,3D,3D-independent,equal_total,32,independent,ensemble_anomaly,"[80, 48]",,"[1.0, 1.0]",149728,0.2800119579987949,0.5467883749952307,ok,,0.0003065917169567,0.0523981115564985,0.0492630018708719,0.0011898499118293,0.999675588582782,0.9930780530551884,0.0012892307227549,0.3566113231418562,0.0003468868976157,0.0005304072768004,0.999964539511263,0.941165508613498,0.1104719134660028,1.0
1,1,4D-A-8bea2cabc037,4D,4D-A,equal_total,32,joint,ensemble_anomaly,"[80, 48]",2.0,"[1.0, 1.0]",259188,0.3606602500003646,0.6635761659999844,ok,,5.597459077351783e-05,0.0098849724053397,0.0089914189357508,0.0002171698561116,0.9999725562533612,0.9996829220295748,0.0031892294623225,0.879109165137122,0.0008581286657005,0.0013121213048029,0.9998580495712858,0.8710942217118122,0.238401391417942,1.0
1,1,4D-B-2828b82824ed,4D,4D-B,equal_total,32,shared-independent,ensemble_anomaly,"[80, 48]",,"[1.0, 1.0]",136304,0.2497429580034804,0.5106199590009055,ok,,0.0003065917382918,0.0523981163858195,0.0492630052878652,0.0011898499943599,0.9996755888360924,0.9930780555166232,0.0013330191314221,0.3685349351038344,0.0003586677973939,0.0005484208570554,0.9999609541044776,0.9367312953664276,0.1140070940120321,1.0
1,1,3D-independent-86c75f98455a,3D,3D-independent,equal_total,32,independent,standardized_anomaly,"[80, 48]",,"[1.0, 1.0]",149728,0.3036612500000046,0.582568749996426,ok,,0.0003065917169567,0.0523981115564988,0.0492630018708687,0.0011898499118292,0.9996755885827792,0.9930780530551891,0.0012892307227549,0.3566113231418563,0.0003468868976157,0.0005304072768004,0.999964539511263,0.9411655086134983,0.1104719134660028,1.0
1,1,4D-A-4ea76ef087a9,4D,4D-A,equal_total,32,joint,standardized_anomaly,"[80, 48]",2.0,"[1.0, 1.0]",259188,0.3609011250009644,0.6708253750039148,ok,,0.0007588813476615,0.1256481162850753,0.1219709648891655,0.002945966268956,0.9983531026929132,0.9671188400568784,0.0012690906296495,0.3509539562171391,0.0003414719327472,0.00052212752686,0.9999660813895934,0.9423956383369712,0.1304612083263224,1.0
1,1,4D-B-934096b5cda8,4D,4D-B,equal_total,32,shared-independent,standardized_anomaly,"[80, 48]",,"[1.0, 1.0]",136304,0.2784660000033909,0.5550582500000019,ok,,0.0003411215452088,0.0584246142364876,0.0548097050781092,0.0013238195050622,0.999401292547263,0.9907641138888238,0.0012852550159276,0.3555124431673104,0.0003458167455627,0.0005287709612172,0.999964547601624,0.9413763342696516,0.11196670833114,1.0
1,1,4D-A-b80c4d29ed28,4D,4D-A,equal_total,32,joint,standardized_anomaly,"[80, 48]",1.0,"[1.0, 1.0]",136306,0.3075557080010185,0.5934554170016781,ok,,0.0048267406738976,0.8127445240362704,0.7756350269759812,0.0187339226886368,0.9725462929888076,0.7242903400784345,0.0022083873736132,0.6090794716743003,0.0005942165439922,0.0009085865770514,0.9986635099296924,0.6074290194946989,0.438991078981001,1.0
1,1,4D-D-2ecf0e4138e3,4D,4D-D,equal_total,32,partial-spatial,standardized_anomaly,"[80, 48]",,"[1.0, 1.0]",163152,0.416376791006769,0.8181848750027712,ok,,0.0003338298751587,0.0572939282760815,0.053637269173796,0.0012955016457277,0.9996458749602374,0.9921064852622512,0.0012907106255544,0.3570129892675553,0.0003472849672292,0.0005310159449892,0.9999643545026504,0.9409382406703416,0.1119461386443351,1.0
1,1,4D-E-4f4328240852,4D,4D-E,equal_total,32,joint-property-residual,standardized_anomaly,"[80, 48]",2.0,"[1.0, 1.0]",224596,0.5019640839964268,0.8867618750009569,ok,,0.000492873470561,0.0830510548987791,0.0792026242927593,0.001912981993635,0.9994171637257474,0.9879890256145456,0.0013071577584169,0.3614490733854927,0.0003517161447373,0.0005377914352462,0.9999632967089868,0.9397406731791916,0.1201588197218508,1.0
1,1,4D-C-44adce3e7a5f,4D,4D-C,equal_total,32,joint,standardized_anomaly,"[80, 48]",2.0,"[1.0, 0.5]",259188,0.4083433749983669,0.6884630830027163,ok,,0.0007823684918999,0.1291679685489598,0.1257498380408341,0.0030372374403335,0.9983651061656582,0.9640215488138812,0.0012710249101829,0.3514903397254998,0.0003419925124684,0.0005229235190816,0.9999661555933738,0.9418144412859878,0.1319350783061313,1.0
1,1,4D-C-1150f24dbbfa,4D,4D-C,equal_total,32,joint,standardized_anomaly,"[80, 48]",2.0,"[1.0, 2.0]",259188,0.4108926249973592,0.6837502080015838,ok,,0.0008370491150624,0.1385247320255807,0.1345313783411188,0.0032493380950887,0.997899708929252,0.965975180483453,0.0012446071109686,0.344288560641336,0.0003348832199947,0.0005120530581709,0.9999667575871444,0.9433150742714642,0.1320420413223645,1.0
1,1,3D-independent-82249d692984,3D,3D-independent,equal_per_property,64,independent,raw_minmax,"[64, 48]",,"[1.0, 1.0]",219008,0.1953685830012546,0.4691181660018628,ok,,0.0001721433341338,0.0299295351854125,0.0276545524572681,0.000667940757837,0.9996640737858736,0.9968568329748798,0.0009025109928332,0.2495929686714336,0.0002428111543548,0.0003712703017707,0.9999769231026328,0.9626826675071072,0.0749381884039631,1.0
1,1,4D-A-63bd70d89f36,4D,4D-A,equal_per_property,64,joint,raw_minmax,"[64, 48]",2.0,"[1.0, 1.0]",404420,0.3009925829974236,0.6181630840001162,ok,,0.0003538801904474,0.0611710664668896,0.0568537396738755,0.001373189098696,0.9987065918063792,0.9871189837951482,0.0041432938478233,1.142470527519101,0.0011148162099772,0.0017046092952234,0.9992329455151592,0.7041888685572322,0.3394969169524501,1.0
1,1,4D-B-49fc67f13645,4D,4D-B,equal_per_property,64,shared-independent,raw_minmax,"[64, 48]",,"[1.0, 1.0]",207808,0.2025329590032925,0.5253734170037205,ok,,0.0003533008938585,0.0611078119745237,0.0567603577869968,0.0013709336447925,0.9987078997826307,0.9871150993217576,0.0041286291063195,1.1384233704019706,0.001110870296922,0.0016985757983905,0.999234400449385,0.7071015450803667,0.338105715043858,1.0
1,1,3D-independent-64af48d38810,3D,3D-independent,equal_per_property,64,independent,mean_centered,"[64, 48]",,"[1.0, 1.0]",219008,0.2197291669945116,0.5061254579995875,ok,,0.0001799188772135,0.0311893191589587,0.0289046204699901,0.000698133666475,0.9996524952534744,0.9967015413759106,0.0010320152107984,0.285188462279776,0.0002776623229074,0.0004245594675834,0.9999538612273096,0.941196650717262,0.0868571713480371,1.0
1,1,4D-A-fbc2ac4d32c8,4D,4D-A,equal_per_property,64,joint,mean_centered,"[64, 48]",2.0,"[1.0, 1.0]",404420,0.3266113749996293,0.6034829170021112,ok,,0.0001814298633596,0.0314537930649546,0.0291473206614828,0.0007039956072922,0.9996418393419052,0.9966536558093252,0.0356040799189714,9.816081238613606,0.0095798508380928,0.0146480672233857,0.9471837573813832,0.3278385373979453,2.5463222337687315,1.0
1,1,4D-B-6a56509ea188,4D,4D-B,equal_per_property,64,shared-independent,mean_centered,"[64, 48]",,"[1.0, 1.0]",207808,0.2023420000041369,0.4830516250003711,ok,,0.0001829664226847,0.0317509696774796,0.0293939385800615,0.0007099521730217,0.999639875363558,0.996586818706572,0.0355393186026608,9.798252073293677,0.0095624252686972,0.0146214226632328,0.9472296307329208,0.3432757676179095,2.540017937452229,1.0
1,1,3D-independent-5a93f5036396,3D,3D-independent,equal_per_property,64,independent,ensemble_anomaly,"[64, 48]",,"[1.0, 1.0]",219008,0.2453678339952603,0.5349302079994231,ok,,0.0001434112998191,0.0251610667890578,0.0230374295974527,0.0005564233305788,0.999787303797426,0.9980172269909474,0.0009717431046715,0.2687523849108335,0.0002614545300851,0.0003997769482294,0.999969427608761,0.9588169907022984,0.078874085713317,1.0
1,1,4D-A-cbe030d90365,4D,4D-A,equal_per_property,64,joint,ensemble_anomaly,"[64, 48]",2.0,"[1.0, 1.0]",404420,0.284623499996087,0.6019996249960968,ok,,0.0001409413909307,0.0246941920328045,0.0226409165336883,0.0005468463454979,0.9997899555647904,0.9980957070694506,0.0027935095326942,0.769459616729363,0.0007516543011385,0.0011493167187994,0.9998169466248,0.8636888772307749,0.2158153791530137,1.0
1,1,4D-B-6939f5acac9e,4D,4D-B,equal_per_property,64,shared-independent,ensemble_anomaly,"[64, 48]",,"[1.0, 1.0]",207808,0.2048633329977747,0.4842653749947203,ok,,0.0001434111600587,0.025161044885237,0.0230374071091132,0.0005564227874177,0.999787302958322,0.9980172261560126,0.001117786827938,0.3085134144599253,0.0003007508024118,0.0004598628982507,0.9999543152044388,0.9497843052926748,0.0899434234052046,1.0
1,1,3D-independent-7a2c6100f5cb,3D,3D-independent,equal_per_property,64,independent,standardized_anomaly,"[64, 48]",,"[1.0, 1.0]",219008,0.2492422920040553,0.5422270830022171,ok,,0.0001434112998191,0.0251610667890553,0.0230374295974505,0.0005564233305788,0.9997873037974032,0.9980172269909467,0.0009717431046715,0.2687523849108246,0.0002614545300851,0.0003997769482294,0.999969427608761,0.9588169907022984,0.0788740857133143,1.0
1,1,4D-A-c45120ace2c4,4D,4D-A,equal_per_property,64,joint,standardized_anomaly,"[64, 48]",2.0,"[1.0, 1.0]",404420,0.3041582500009099,0.6384283340012189,ok,,0.0006317571616309,0.1137351976570838,0.1014710202408543,0.002450830844683,0.9979097138791064,0.9740872912913292,0.0008798021119312,0.2431404619726586,0.0002367217670066,0.0003619593263983,0.9999756087694132,0.9652525805662712,0.0968014309252355,1.0
1,1,4D-B-f843c8275099,4D,4D-B,equal_per_property,64,shared-independent,standardized_anomaly,"[64, 48]",,"[1.0, 1.0]",207808,0.2021670000031008,0.4854489999997895,ok,,0.0002298001451507,0.0390274198851544,0.0369248838771994,0.0008918471907326,0.9994076583706928,0.9947962057796556,0.0009568161182922,0.2646149810916916,0.0002574385985433,0.0003936363896567,0.9999696368239522,0.958787816516974,0.0817125974571327,1.0
1,1,4D-A-102750e40079,4D,4D-A,equal_per_property,64,joint,standardized_anomaly,"[64, 48]",1.0,"[1.0, 1.0]",207810,0.1868297920009354,0.4978975409976556,ok,,0.0049492198696854,0.8343156776377579,0.7953117219381163,0.0192091741527509,0.9713353673350704,0.7208077364428602,0.0020610236089672,0.5681941321265616,0.0005545675062196,0.0008479612311612,0.9986598811471644,0.615649938255605,0.4335702431037717,1.0
1,1,4D-D-ff94f89c821d,4D,4D-D,equal_per_property,64,partial-spatial,standardized_anomaly,"[64, 48]",,"[1.0, 1.0]",230208,0.3638773330021649,0.7472661249994417,ok,,8.940852337367638e-05,0.0161196154155303,0.0143598392597067,0.0003468333805932,0.999953244140256,0.9991897150606628,0.0011210169470459,0.3099811829579055,0.0003016238172909,0.0004611977813144,0.9999666782054352,0.9502582606408168,0.087844202630674,1.0
1,1,4D-E-0ed2b1a0be64,4D,4D-E,equal_per_property,64,joint-property-residual,standardized_anomaly,"[64, 48]",2.0,"[1.0, 1.0]",328516,0.6343987919972278,1.085728542006109,ok,,0.0006066818260771,0.0994886779194205,0.097517065698794,0.0023553309302527,0.9986400844648952,0.977849592456927,0.0012230349827137,0.338333603585185,0.0003290799634272,0.0005031795909581,0.999966301456392,0.943212352225025,0.1193228272909073,1.0
1,1,4D-C-e7705bff9f37,4D,4D-C,equal_per_property,64,joint,standardized_anomaly,"[64, 48]",2.0,"[1.0, 0.5]",404420,0.2853268339968053,0.6290414579998469,ok,,0.0006405057417195,0.1160409357397616,0.1028736711038375,0.0024847090888473,0.997897906130098,0.973452786511516,0.0008772993399661,0.2424377192631658,0.0002360479959359,0.0003609290970028,0.9999747958366152,0.9652921014262904,0.097276552758506,1.0
1,1,4D-C-07c1f38e4371,4D,4D-C,equal_per_property,64,joint,standardized_anomaly,"[64, 48]",2.0,"[1.0, 2.0]",404420,0.2851563329968485,0.5736614999987069,ok,,0.0006902775307711,0.1227823078939506,0.1108801158403177,0.0026780888505747,0.9975227963365048,0.970198143953346,0.000879482090906,0.2430549826368446,0.0002366352282401,0.0003618270043307,0.9999754769545212,0.9661439187461464,0.0994165647952622,1.0
1,1,3D-independent-fa9b36e31dc0,3D,3D-independent,equal_per_property,64,independent,raw_minmax,"[80, 48]",,"[1.0, 1.0]",272608,0.2572990000044228,0.5389799580007093,ok,,6.556265309220654e-05,0.0114236633278219,0.0105326988039947,0.0002543964084061,0.9999559086342092,0.9995411765398052,0.000902689692801,0.2496493542475988,0.0002428590568542,0.0003713435470689,0.999977206396807,0.9630000844843516,0.0699505967658356,1.0
1,1,4D-A-4f7fd7861b3e,4D,4D-A,equal_per_property,64,joint,raw_minmax,"[80, 48]",2.0,"[1.0, 1.0]",504948,0.3192755830023088,0.6263919580014772,ok,,0.000171724974816,0.0299402619674433,0.0275866775546296,0.0006663013744488,0.9996476820031313,0.9968883344783148,0.0013180851880247,0.3640140498414407,0.0003546363715397,0.0005422566069103,0.99991873086783,0.9069671781676087,0.1105066388714805,1.0
1,1,4D-B-51546c614bcf,4D,4D-B,equal_per_property,64,shared-independent,raw_minmax,"[80, 48]",,"[1.0, 1.0]",259184,0.2287564169964753,0.5188124589985819,ok,,0.0001702839543805,0.0297775996330427,0.0273544340051313,0.0006606919930389,0.9996496797633946,0.9969163863415784,0.0012580015151932,0.3474129731651055,0.0003384694754605,0.0005175366207056,0.9999191014073626,0.9125686777667243,0.1056120101859992,1.0
1,1,3D-independent-5cbc421a2b78,3D,3D-independent,equal_per_property,64,independent,mean_centered,"[80, 48]",,"[1.0, 1.0]",272608,0.2039380420028465,0.5203747500054305,ok,,7.42164451920573e-05,0.0129222503420288,0.0119229302337041,0.0002879746858404,0.9999439570236892,0.999418616919858,0.0009221757302636,0.2550183781941761,0.0002481030694838,0.0003793619025545,0.999973005778432,0.959510742534182,0.0721189872022962,1.0
1,1,4D-A-a9f18b485be4,4D,4D-A,equal_per_property,64,joint,mean_centered,"[80, 48]",2.0,"[1.0, 1.0]",504948,0.3096911249958793,0.5835867089990643,ok,,7.908061435488579e-05,0.013644971495957,0.0127052831841108,0.0003068708666192,0.9999309514189204,0.9993500415304424,0.0176494324266136,4.865914525144196,0.0047488655290774,0.0072612510027969,0.9868539334144,0.4724189033327093,1.285918756052144,1.0
1,1,4D-B-be3ed22367d4,4D,4D-B,equal_per_property,64,shared-independent,mean_centered,"[80, 48]",,"[1.0, 1.0]",259184,0.2563013749968377,0.532651542001986,ok,,8.269805522538301e-05,0.0143353184127668,0.0132859465919421,0.0003208956373066,0.9999282911542924,0.999283547130262,0.0175177675863549,4.829739826572207,0.0047134363191994,0.0072070779831188,0.9869668816315776,0.4960463054410295,1.274102554674832,1.0
1,1,3D-independent-44372d7b9669,3D,3D-independent,equal_per_property,64,independent,ensemble_anomaly,"[80, 48]",,"[1.0, 1.0]",272608,0.2068587500034482,0.5146249999961583,ok,,5.595630692923738e-05,0.0098816779208747,0.0089884818732834,0.0002170989172044,0.9999725360088084,0.9996832419443024,0.0009747432985143,0.2695855367936788,0.000262261604772,0.0004010110054676,0.99996940362557,0.9586923294168852,0.0750698572584899,1.0
1,1,4D-A-abc62af84685,4D,4D-A,equal_per_property,64,joint,ensemble_anomaly,"[80, 48]",2.0,"[1.0, 1.0]",504948,0.3152377910009818,0.598670041996229,ok,,4.854055007225524e-05,0.0084953986893615,0.0077979040162905,0.0001883428750557,0.9999760564916604,0.9997692522779152,0.0028468174104829,0.7843543380177814,0.0007659949203515,0.0011712442370674,0.999831912868419,0.8761850233928786,0.2137181497179365,1.0
1,1,4D-B-643a4d560541,4D,4D-B,equal_per_property,64,shared-independent,ensemble_anomaly,"[80, 48]",,"[1.0, 1.0]",259184,0.2615217920028954,0.5414871660032077,ok,,5.5955419680527176e-05,0.0098815082689936,0.008988339433697,0.0002170954768592,0.9999725369841772,0.9996832532011112,0.0010332476571581,0.285551320230859,0.0002780039553514,0.0004250818405399,0.9999643121057762,0.9544322658091264,0.0795937672486834,1.0
1,1,3D-independent-11e1b067c3e2,3D,3D-independent,equal_per_property,64,independent,standardized_anomaly,"[80, 48]",,"[1.0, 1.0]",272608,0.2094567079984699,0.4957111670009908,ok,,5.5956306929399645e-05,0.0098816779209218,0.0089884818733093,0.000217098917205,0.9999725360087792,0.9996832419442964,0.0009747432985144,0.269585536793681,0.000262261604772,0.0004010110054676,0.99996940362557,0.9586923294168846,0.0750698572585031,1.0
1,1,4D-A-3bf6b15a532d,4D,4D-A,equal_per_property,64,joint,standardized_anomaly,"[80, 48]",2.0,"[1.0, 1.0]",504948,0.3759110000028158,0.6726439580015722,ok,,0.0006102278802768,0.1105550457952068,0.0980079484977195,0.0023671872287493,0.9981937934943158,0.9775525583867714,0.0008830966993156,0.2440632810063515,0.0002376081204296,0.0003633146047572,0.9999754829259528,0.9653919163766924,0.0957865223549566,1.0
1,1,4D-B-3ee6d3ebd2d3,4D,4D-B,equal_per_property,64,shared-independent,standardized_anomaly,"[80, 48]",,"[1.0, 1.0]",259184,0.2107864579957095,0.550157958001364,ok,,0.00015669979424,0.0271025431055237,0.0251748781171258,0.0006080491519069,0.9997050044591852,0.9974270788940686,0.0009618492451486,0.2660080038479095,0.0002587926222163,0.0003957067590309,0.9999694355457,0.9588209208355316,0.0787466367721583,1.0
1,1,4D-A-0bf051d8d579,4D,4D-A,equal_per_property,64,joint,standardized_anomaly,"[80, 48]",1.0,"[1.0, 1.0]",259186,0.2063310829980764,0.5005145830000401,ok,,0.0049459711529889,0.8337685261899308,0.7947896650742811,0.0191965649066674,0.9714226379477424,0.7214156186295607,0.0020624823582761,0.568596342936214,0.0005549600214466,0.0008485614064175,0.99865878261252,0.6154256823130372,0.4334860546637115,1.0
1,1,4D-D-e24c5d642104,4D,4D-D,equal_per_property,64,partial-spatial,standardized_anomaly,"[80, 48]",,"[1.0, 1.0]",286032,0.4328778339986456,0.780806583003141,ok,,8.317734804174854e-05,0.0150778542868707,0.0133584083059495,0.0003226458060082,0.9999627289728152,0.9992876496101766,0.0011257141716228,0.3112790415827637,0.0003028877228906,0.0004631303556835,0.999966499133769,0.9501708897873814,0.0879069065427138,1.0
1,1,4D-E-6ca320f290f9,4D,4D-E,equal_per_property,64,joint-property-residual,standardized_anomaly,"[80, 48]",2.0,"[1.0, 1.0]",408916,0.6440189160057344,1.088440500003344,ok,,0.0004144372630435,0.0676935611754728,0.0666202278506125,0.0016090792120601,0.9992985702156688,0.9886075369474572,0.001205319983245,0.3334570031827966,0.0003243127478006,0.0004958902817458,0.9999665429746494,0.9446859816547392,0.1086259512642928,1.0
1,1,4D-C-4e04f7cc08d6,4D,4D-C,equal_per_property,64,joint,standardized_anomaly,"[80, 48]",2.0,"[1.0, 0.5]",504948,0.3563807500031544,0.6449377499957336,ok,,0.0006217994836398,0.1130409183763473,0.0998662946928118,0.0024120718880759,0.998183526910662,0.9772545317228664,0.0008893457707088,0.2457701112550451,0.000239289239646,0.0003658851194457,0.9999759694111572,0.9661045212619416,0.0967828757847471,1.0
1,1,4D-C-f8d668c31c07,4D,4D-C,equal_per_property,64,joint,standardized_anomaly,"[80, 48]",2.0,"[1.0, 2.0]",504948,0.3154648330018972,0.6408127079994301,ok,,0.0006808868837022,0.1218888839774007,0.109366257242508,0.0026415246045743,0.9978316766171326,0.9716361615319742,0.0008890749409835,0.2457103860532652,0.0002392163440322,0.0003657736584356,0.9999757323043224,0.9663870094685296,0.0996469211326035,1.0
1,1,3D-current-e419eaac8e1a,3D,3D-current,equal_total,32,legacy-independent,raw_minmax,"[48, 48]",,"[1.0, 1.0]",117216,4.332650457996351,4.653007374996378,ok,,0.0009374351213359,0.1616174650431981,0.150611590803695,0.0036377236715695,0.9951979975595032,0.9437975333096492,0.0012512226743813,0.3459086296315581,0.0003366419403864,0.0005147422289065,0.9999664032961318,0.9364139441786228,0.1418550889826551,1.0
1,1,4D-A-current-205a30146a4e,4D,4D-A-current,equal_total,32,legacy-joint,raw_minmax,"[48, 48]",2.0,"[1.0, 1.0]",181972,5.565191959001822,5.861430916003883,ok,,0.0022814269919484,0.3945146451855937,0.3665266908417839,0.0088527238336859,0.9780737629104708,0.7997234093776789,0.0156780395523676,4.32256904381087,0.0042184266849167,0.0064501836930361,0.990533618154838,0.4557337327464279,1.2723387794836027,1.0
1,1,3D-current-5e7711139fcb,3D,3D-current,equal_per_property,64,legacy-independent,raw_minmax,"[48, 48]",,"[1.0, 1.0]",216480,4.294398416997865,4.574507416000415,ok,,0.0009064253308293,0.1560087582433408,0.1456313735871523,0.0035174364216872,0.9952819529387924,0.9480258664117824,0.0009317971333069,0.257644571345367,0.0002506931110361,0.0003833222045895,0.9999740231978104,0.9587542152659492,0.1150658221874605,1.0
1,1,4D-A-current-43ce2f360e5a,4D,4D-A-current,equal_per_property,64,legacy-joint,raw_minmax,"[48, 48]",2.0,"[1.0, 1.0]",354964,5.634621458993934,5.9418768750038,ok,,0.0022801297887422,0.3942676694897084,0.366318442393623,0.0088476940062642,0.9780376560171052,0.8002635746359616,0.0156449363661898,4.313398235668809,0.0042095211571656,0.0064365666992684,0.990525782708418,0.4578760913038148,1.2696490180471574,1.0
1,2,3D-independent-e9bc2b1d9158,3D,3D-independent,equal_total,32,independent,raw_minmax,"[64, 48]",,"[1.0, 1.0]",120704,0.2340938749985071,0.4957158750039525,ok,,0.000318521270575,0.0561578556368504,0.0510313988882556,0.0012325611190104,0.9995021123784944,0.9895919737646928,0.0012669169544493,0.3983990854485388,0.000340870466859,0.000521207855676,0.9999635015004458,0.9436848109727892,0.121979637179162,1.0
1,2,4D-A-c5fc8bd2cb2c,4D,4D-A,equal_total,32,joint,raw_minmax,"[64, 48]",2.0,"[1.0, 1.0]",207812,0.3963962089983397,0.6666671670027426,ok,,0.0003479100414761,0.060396614199782,0.055702251982595,0.0013453762101526,0.9988427357510636,0.9857624801576508,0.0043151076259289,1.3865878703136707,0.0011607751661493,0.0017748828194049,0.9992103101639636,0.7001519029555802,0.4010068232392093,1.0
1,2,4D-B-f835e7c8452f,4D,4D-B,equal_total,32,shared-independent,raw_minmax,"[64, 48]",,"[1.0, 1.0]",109504,0.2498755420019733,0.5703605829985463,ok,,0.0004269299250749,0.0742801073964471,0.0683685342308769,0.0016513048611745,0.9986867749717212,0.980746410599759,0.0041877800046844,1.3473429265908508,0.0011265114350458,0.0017224918745968,0.9992210888623244,0.7096738378648197,0.3941032274387521,1.0
1,2,3D-independent-7cc1fb3009e2,3D,3D-independent,equal_total,32,independent,mean_centered,"[64, 48]",,"[1.0, 1.0]",120704,0.2606309170005261,0.5422167500000796,ok,,0.0003228643476207,0.0570068774481661,0.0517258591692685,0.0012493344146621,0.9994642017371188,0.9892842694048792,0.0013448189484166,0.4245572938109075,0.0003618179988605,0.0005532376713911,0.999944489236742,0.9281986851046644,0.1307056735010754,1.0
1,2,4D-A-a8d848e0bd2f,4D,4D-A,equal_total,32,joint,mean_centered,"[64, 48]",2.0,"[1.0, 1.0]",207812,0.4354872499970952,0.7219380000024103,ok,,0.0001702140496984,0.030627933958364,0.0272541951097763,0.0006582704365167,0.9997064100285707,0.996655880328042,0.0370823579056388,11.94624611060306,0.0099750241268246,0.0152523067878697,0.93973217605399,0.3258510488785173,3.0789051449895366,1.0
1,2,4D-B-2e139466dc24,4D,4D-B,equal_total,32,shared-independent,mean_centered,"[64, 48]",,"[1.0, 1.0]",109504,0.3052794999966863,0.6695403329940746,ok,,0.0003251738062559,0.0573259031131534,0.0520954015476478,0.0012582599698564,0.9994478789656732,0.9891336405353374,0.036826519757077,11.862743062828434,0.0099062127189569,0.0151470907312506,0.9401917162434432,0.3666074946189531,3.0605495995911105,1.0
1,2,3D-independent-34daa9e6fa18,3D,3D-independent,equal_total,32,independent,ensemble_anomaly,"[64, 48]",,"[1.0, 1.0]",120704,0.3432119589997455,0.61848137499328,ok,,0.0003160639264565,0.0526983907975594,0.0505944265503676,0.0012220069283455,0.9995392272019344,0.9912467604650984,0.0014608670729677,0.4632121123791231,0.0003930231888918,0.0006009519551541,0.9999550830966432,0.9358256896061858,0.1380935695352601,1.0
1,2,4D-A-63c64c98502f,4D,4D-A,equal_total,32,joint,ensemble_anomaly,"[64, 48]",2.0,"[1.0, 1.0]",207812,0.4072792079969076,0.6849244580007507,ok,,0.0001421270160646,0.0246292306173739,0.0227527432106294,0.0005495468915845,0.9997995102692064,0.9978250898907502,0.0039110432823568,1.2526818628907117,0.0010521159777377,0.001608737529338,0.9998141452586335,0.8384773126279649,0.3397899730621819,1.0
1,2,4D-B-852478df5431,4D,4D-B,equal_total,32,shared-independent,ensemble_anomaly,"[64, 48]",,"[1.0, 1.0]",109504,0.2581424579984741,0.5279078329986078,ok,,0.0003160637136015,0.0526983584767924,0.0505943926409288,0.001222006109331,0.9995392279239154,0.9912467636695323,0.0015096788911259,0.4777573465206832,0.0004061616785632,0.000621041357711,0.9999432366905444,0.9269787723820042,0.1428357342429268,1.0
1,2,3D-independent-629bdce16d73,3D,3D-independent,equal_total,32,independent,standardized_anomaly,"[64, 48]",,"[1.0, 1.0]",120704,0.2234161669985042,0.4931590829946799,ok,,0.0003160639264564,0.0526983907975593,0.050594426550367,0.0012220069283455,0.9995392272019408,0.9912467604650986,0.0014608670729678,0.4632121123791242,0.0003930231888918,0.0006009519551541,0.9999550830966432,0.9358256896061844,0.1380935695352604,1.0
1,2,4D-A-06f4272272b6,4D,4D-A,equal_total,32,joint,standardized_anomaly,"[64, 48]",2.0,"[1.0, 1.0]",207812,0.3393595410016132,0.609036499998183,ok,,0.0007102718374384,0.1209174608251287,0.1137935879648772,0.0027484559540553,0.9977553178609058,0.968461514004152,0.0014087685077842,0.4472440645444628,0.0003790039089715,0.0005795157806075,0.9999580421093556,0.937253677929433,0.1538259823506997,1.0
1,2,4D-B-17b80d300b68,4D,4D-B,equal_total,32,shared-independent,standardized_anomaly,"[64, 48]",,"[1.0, 1.0]",109504,0.2429864590012584,0.5126423330002581,ok,,0.0003750131108794,0.0591234237626356,0.0599801595355227,0.0014487004896223,0.9989551303212808,0.9866217250992868,0.0014576599594515,0.4622515295091296,0.0003921600036378,0.0005996321020749,0.999954839762073,0.9354956103852636,0.1400790713823724,1.0
1,2,4D-A-4681118648ec,4D,4D-A,equal_total,32,joint,standardized_anomaly,"[64, 48]",1.0,"[1.0, 1.0]",109506,0.2587002920045052,0.5308214589967974,ok,,0.0042913465517318,0.6975880171805456,0.6861929812020282,0.0165736156012396,0.979834341880468,0.7602194313131322,0.002354825500172,0.763214410494046,0.0006333965596341,0.0009684947648338,0.9970059366449288,0.5564656718735376,0.4506149690203141,1.0
1,2,4D-D-9e53fbf0a6d8,4D,4D-D,equal_total,32,partial-spatial,standardized_anomaly,"[64, 48]",,"[1.0, 1.0]",131904,0.3683495000077528,0.740508332994068,ok,,0.0003480142987173,0.0573628236025662,0.0557075058239158,0.0013455031061554,0.9995087050819984,0.9900248202347104,0.0014988138701759,0.4739199021374785,0.0004032414101459,0.0006165761224155,0.9999508938332626,0.931589602986139,0.142618878532405,1.0
1,2,4D-E-07794d5e4bbe,4D,4D-E,equal_total,32,joint-property-residual,standardized_anomaly,"[64, 48]",2.0,"[1.0, 1.0]",181060,0.4722017079984653,0.846674415995949,ok,,0.0005845477838648,0.1067115062774757,0.0935759124783768,0.0022601385403784,0.999024194295366,0.974630732006062,0.0014631619763652,0.4645960146550765,0.0003936362635804,0.0006018893767699,0.9999543009660016,0.935046429925484,0.1541172349916948,1.0
1,2,4D-C-3fe7ec5ee326,4D,4D-C,equal_total,32,joint,standardized_anomaly,"[64, 48]",2.0,"[1.0, 0.5]",207812,0.3314504169975407,0.6134413330000825,ok,,0.0007181152929172,0.1249627863034247,0.1150623798827631,0.002779101078825,0.9982132897149067,0.968586412445331,0.0013984678497781,0.4438541755024752,0.0003762338294473,0.0005752801915811,0.9999570772006556,0.9367060080331064,0.1540426878916703,1.0
1,2,4D-C-5b31da2b924b,4D,4D-C,equal_total,32,joint,standardized_anomaly,"[64, 48]",2.0,"[1.0, 2.0]",207812,0.3376068329962436,0.6089997089948156,ok,,0.000780840265559,0.1329103991692951,0.1250844593997195,0.003021164314663,0.9972463302833452,0.9615260007051206,0.0014003738275803,0.4448811160998736,0.0003767435508386,0.0005760595808776,0.9999590870688044,0.9380874794121992,0.1569961938026272,1.0
1,2,3D-independent-7db5f3bc9ad5,3D,3D-independent,equal_total,32,independent,raw_minmax,"[80, 48]",,"[1.0, 1.0]",149728,0.2402869579964317,0.5019255830047769,ok,,0.0002999826851705,0.052658077964884,0.0480675844285936,0.00116097612337,0.999630055307152,0.991007150975842,0.0012666847171955,0.3982748595901591,0.000340808321388,0.0005211128321675,0.999963819777316,0.9440183172222584,0.1208550508639982,1.0
1,2,4D-A-9e409054ed54,4D,4D-A,equal_total,32,joint,raw_minmax,"[80, 48]",2.0,"[1.0, 1.0]",259188,0.3577938329981407,0.6199798340021516,ok,,0.0001928057954765,0.0339159208441782,0.0308938016895747,0.0007461778358137,0.99970097782341,0.9952183485651288,0.0018857965275039,0.5975670948819947,0.0005073474254928,0.0007757593849665,0.9998923754153988,0.8812191142752502,0.1733160710764958,1.0
1,2,4D-B-2fb1b6b4a839,4D,4D-B,equal_total,32,shared-independent,raw_minmax,"[80, 48]",,"[1.0, 1.0]",136304,0.239256375003606,0.5004694160015788,ok,,0.0003204322973596,0.0560700028110963,0.0513399443832036,0.0012400134167879,0.9994781274517884,0.9894277136992712,0.0015815709967999,0.5026428971984175,0.0004254890114454,0.0006505938085885,0.9999028017936236,0.8971442195160716,0.1538567333504606,1.0
1,2,3D-independent-dbbd1a2865ca,3D,3D-independent,equal_total,32,independent,mean_centered,"[80, 48]",,"[1.0, 1.0]",149728,0.2311845410004025,0.4924257919992669,ok,,0.0003007697195819,0.0528410535452413,0.0481940223212825,0.001164029977152,0.9996213321950606,0.9908824802487772,0.0012703319779359,0.399633021207479,0.0003417881854425,0.0005226110929215,0.999961180852584,0.9419549333124952,0.121513841993021,1.0
1,2,4D-A-85017caccbe9,4D,4D-A,equal_total,32,joint,mean_centered,"[80, 48]",2.0,"[1.0, 1.0]",259188,0.3564662499993574,0.6190424999949755,ok,,8.699211884206726e-05,0.0156443815978269,0.0139334480171777,0.0003365344994232,0.9999268794662478,0.999100006858125,0.018254245422303,5.880304569392997,0.0049103307053264,0.007508139268168,0.9890972133942558,0.4475411205674489,1.5431570968195094,1.0
1,2,4D-B-4bb821f89672,4D,4D-B,equal_total,32,shared-independent,mean_centered,"[80, 48]",,"[1.0, 1.0]",136304,0.2466940000012982,0.5102019999976619,ok,,0.0003021609061929,0.0530412674763497,0.0484167093920299,0.0011694085368445,0.999613598273402,0.990800046699539,0.0177203933983654,5.706154977201781,0.0047667430570168,0.0072885866299866,0.9895973545028324,0.5343970656153222,1.499149422130175,1.0
1,2,3D-independent-3e92f69676cb,3D,3D-independent,equal_total,32,independent,ensemble_anomaly,"[80, 48]",,"[1.0, 1.0]",149728,0.2345124169951304,0.4953359170031035,ok,,0.0002991057485188,0.0493433785894637,0.0478781919619433,0.0011564017280817,0.9996561868576832,0.9922873846739544,0.0014610352307826,0.4632580936285838,0.0003930684805067,0.0006010212082804,0.9999551372534788,0.935877441226596,0.137129764816943,1.0
1,2,4D-A-8bea2cabc037,4D,4D-A,equal_total,32,joint,ensemble_anomaly,"[80, 48]",2.0,"[1.0, 1.0]",259188,0.3538622920023044,0.614574333994824,ok,,5.909700060763242e-05,0.0101844116612535,0.0094599130953983,0.0002284852331039,0.9999723490303768,0.999639285701277,0.003993105070446,1.2770608617913557,0.0010742035712437,0.0016425105556562,0.9998139370857082,0.8448915312800306,0.3412449662404888,1.0
1,2,4D-B-2828b82824ed,4D,4D-B,equal_total,32,shared-independent,ensemble_anomaly,"[80, 48]",,"[1.0, 1.0]",136304,0.2441498749976745,0.504097165998246,ok,,0.0002991055651807,0.0493433545318042,0.0478781628700719,0.0011564010254259,0.9996561883904505,0.9922873994565934,0.0014710116717574,0.4659655209453389,0.0003957557474966,0.0006051301728332,0.9999536779774716,0.9326961071526222,0.1382042805431338,1.0
1,2,3D-independent-86c75f98455a,3D,3D-independent,equal_total,32,independent,standardized_anomaly,"[80, 48]",,"[1.0, 1.0]",149728,0.2278542499989271,0.501619374997972,ok,,0.0002991057485188,0.0493433785894582,0.0478781919619472,0.0011564017280818,0.999656186857688,0.9922873846739584,0.0014610352307826,0.4632580936285839,0.0003930684805067,0.0006010212082804,0.9999551372534792,0.9358774412265962,0.1371297648169412,1.0
1,2,4D-A-4ea76ef087a9,4D,4D-A,equal_total,32,joint,standardized_anomaly,"[80, 48]",2.0,"[1.0, 1.0]",259188,0.3590381660033017,0.6297296670018113,ok,,0.0006829991374991,0.117734074886269,0.1094534990400063,0.0026436298082239,0.998162966857875,0.971723144549816,0.001410798775229,0.4479042116813648,0.0003795499882057,0.0005803507628497,0.9999583288344308,0.9375346932964174,0.1527523419111293,1.0
1,2,4D-B-934096b5cda8,4D,4D-B,equal_total,32,shared-independent,standardized_anomaly,"[80, 48]",,"[1.0, 1.0]",136304,0.242136875000142,0.5107016249967273,ok,,0.000330673476719,0.0535056159722332,0.052913042259369,0.0012780084418274,0.9993792230002044,0.9899714656862444,0.0014589880878643,0.4626544817384779,0.0003925174199537,0.0006001786093547,0.9999550412505286,0.9357573660283336,0.1383239204633555,1.0
1,2,4D-A-b80c4d29ed28,4D,4D-A,equal_total,32,joint,standardized_anomaly,"[80, 48]",1.0,"[1.0, 1.0]",136306,0.2636999579990515,0.5326887499977602,ok,,0.0042877009577733,0.6971270528998659,0.6856103908470094,0.0165595442993441,0.9799142974845252,0.7611944418098634,0.0023565436119339,0.7637534049484757,0.000633858796051,0.0009692015472485,0.9970015035323572,0.5564219507925285,0.4505180653867863,1.0
1,2,4D-D-2ecf0e4138e3,4D,4D-D,equal_total,32,partial-spatial,standardized_anomaly,"[80, 48]",,"[1.0, 1.0]",163152,0.3723988330020802,0.7436628750001546,ok,,0.0003413628761138,0.0562473390995764,0.0546427223316965,0.0013197853958581,0.9995621836179684,0.9905180633294232,0.0014596072548762,0.4628472393731159,0.0003926840052659,0.000600433326562,0.9999549730351096,0.9357287871008249,0.1389927883143921,1.0
1,2,4D-E-4f4328240852,4D,4D-E,equal_total,32,joint-property-residual,standardized_anomaly,"[80, 48]",2.0,"[1.0, 1.0]",224596,0.4566391240005032,0.8215295829941169,ok,,0.0005660960630243,0.1032257024995656,0.0906183565071029,0.0021887047059763,0.9991273490099376,0.9765506480752384,0.0014473711321151,0.4595484855093221,0.0003893881790464,0.0005953938447542,0.9999550078318192,0.9356718537452866,0.1516657342746563,1.0
1,2,4D-C-44adce3e7a5f,4D,4D-C,equal_total,32,joint,standardized_anomaly,"[80, 48]",2.0,"[1.0, 0.5]",259188,0.3435319999989588,0.6140395830007037,ok,,0.000699993448732,0.1231131800408305,0.1121863272447468,0.0027096357940185,0.9984798703249624,0.9710914127919964,0.0014039127458218,0.4456898939187669,0.0003776978165657,0.0005775187005189,0.9999585085093404,0.9377511205448203,0.1535954518227972,1.0
1,2,4D-C-1150f24dbbfa,4D,4D-C,equal_total,32,joint,standardized_anomaly,"[80, 48]",2.0,"[1.0, 2.0]",259188,0.3484070839986088,0.6235463749981136,ok,,0.0007440024417852,0.1287000428900262,0.1192233384974444,0.0028796006911813,0.9978251421666248,0.9661819420134622,0.0014022187050234,0.4454775522793059,0.0003772397809142,0.0005768183412829,0.9999591578823924,0.938140117281279,0.1555041413804904,1.0
1,2,3D-independent-82249d692984,3D,3D-independent,equal_per_property,64,independent,raw_minmax,"[64, 48]",,"[1.0, 1.0]",219008,0.198128333002387,0.4733909159986069,ok,,0.0001554468901095,0.0282104556831259,0.0248910173001954,0.0006011926148451,0.9997609365786154,0.9970903802321396,0.0010293384203155,0.3249475922023252,0.0002769403656454,0.0004234555591108,0.9999702218298436,0.9592725066457432,0.0937441511116274,1.0
1,2,4D-A-63bd70d89f36,4D,4D-A,equal_per_property,64,joint,raw_minmax,"[64, 48]",2.0,"[1.0, 1.0]",404420,0.2921924170004786,0.567275833003805,ok,,0.0003230822894282,0.0559025907811881,0.051715149829751,0.001249075752039,0.9989150530011164,0.9878937074707124,0.0041302938166268,1.3300398612832744,0.0011110389787834,0.0016988337213255,0.9992275658748926,0.7157502077695419,0.3835301236110838,1.0
1,2,4D-B-49fc67f13645,4D,4D-B,equal_per_property,64,shared-independent,raw_minmax,"[64, 48]",,"[1.0, 1.0]",207808,0.206677000001946,0.4846107909979764,ok,,0.0003224192947241,0.0557508041712475,0.0516090137014922,0.0012465122466704,0.9989155608603024,0.9879307859397972,0.0041155426469702,1.32546524313351,0.0011070695356698,0.0016927642458662,0.9992260948958048,0.7172638665747907,0.3821546802618659,1.0
1,2,3D-independent-64af48d38810,3D,3D-independent,equal_per_property,64,independent,mean_centered,"[64, 48]",,"[1.0, 1.0]",219008,0.2008704170002602,0.4831847500026924,ok,,0.0001681025349572,0.0304269903101869,0.0269176737566536,0.0006501424379784,0.9997203287651408,0.9967596601108174,0.0011040260363975,0.3508444547102415,0.0002970172880652,0.0004541541695813,0.9999476427749556,0.9422457349736127,0.1029421868695533,1.0
1,2,4D-A-fbc2ac4d32c8,4D,4D-A,equal_per_property,64,joint,mean_centered,"[64, 48]",2.0,"[1.0, 1.0]",404420,0.2770126670002355,0.5533131669944851,ok,,0.0001681111253911,0.0302647908400552,0.0269166271581242,0.0006501171594894,0.9997087226641708,0.996724829021366,0.0369335285733859,11.897264771067064,0.0099349965430075,0.0151911026262964,0.9396191593573912,0.3059882223997567,3.0690432590491397,1.0
1,2,4D-B-6a56509ea188,4D,4D-B,equal_per_property,64,shared-independent,mean_centered,"[64, 48]",,"[1.0, 1.0]",207808,0.2023234170046635,0.4732757499950821,ok,,0.0001701208584861,0.0306111827595006,0.0272392428826953,0.0006579092954517,0.9997063462669348,0.9966564772969057,0.0368198819086959,11.860709189078088,0.0099044264173629,0.0151443593874885,0.940155245050622,0.3667327900591443,3.0524064345398907,1.0
1,2,3D-independent-5a93f5036396,3D,3D-independent,equal_per_property,64,independent,ensemble_anomaly,"[64, 48]",,"[1.0, 1.0]",219008,0.1921983749998617,0.4633992090020911,ok,,0.0001421225074723,0.0246303132889218,0.0227520115134268,0.0005495292189056,0.999799501224776,0.9978248211247962,0.0012348736878229,0.3923575455558067,0.000332219732712,0.0005079804539702,0.9999639846871348,0.9475561238518534,0.1110743465891009,1.0
1,2,4D-A-cbe030d90365,4D,4D-A,equal_per_property,64,joint,ensemble_anomaly,"[64, 48]",2.0,"[1.0, 1.0]",404420,0.2707277500012424,0.5455577080065268,ok,,0.0001394749129684,0.0241713286866815,0.0223279125013363,0.0005392859576135,0.9998021731060076,0.9978849530934384,0.002800995270374,0.8991224208172305,0.0007534834826388,0.0011521136280658,0.9998702767331226,0.8769919649163468,0.2464638226247548,1.0
1,2,4D-B-6939f5acac9e,4D,4D-B,equal_per_property,64,shared-independent,ensemble_anomaly,"[64, 48]",,"[1.0, 1.0]",207808,0.1970272079997812,0.4697987499966984,ok,,0.0001421215595256,0.0246301460121277,0.0227518597352909,0.0005495255530091,0.9997995032560556,0.997824847953312,0.0012906893069153,0.4090686952090513,0.0003472418354919,0.0005309499944229,0.9999478628815358,0.9419210313301406,0.1159564753948632,1.0
1,2,3D-independent-7a2c6100f5cb,3D,3D-independent,equal_per_property,64,independent,standardized_anomaly,"[64, 48]",,"[1.0, 1.0]",219008,0.1957473329966887,0.4814243750006426,ok,,0.0001421225074722,0.0246303132889159,0.0227520115134198,0.0005495292189055,0.999799501224771,0.9978248211247974,0.0012348736878229,0.3923575455558093,0.000332219732712,0.0005079804539702,0.9999639846871348,0.947556123851852,0.1110743465891001,1.0
1,2,4D-A-c45120ace2c4,4D,4D-A,equal_per_property,64,joint,standardized_anomaly,"[64, 48]",2.0,"[1.0, 1.0]",404420,0.2761510409982293,0.5631509999948321,ok,,0.0004951256899241,0.0900922554956116,0.0792137546313967,0.0019132494146062,0.998779292326238,0.9806239162513316,0.0011100897877104,0.3515836015358171,0.0002986570282057,0.0004566614136097,0.9999671236712068,0.9587569471522548,0.1179963563324088,1.0
1,2,4D-B-f843c8275099,4D,4D-B,equal_per_property,64,shared-independent,standardized_anomaly,"[64, 48]",,"[1.0, 1.0]",207808,0.2084344169998075,0.4900877079999191,ok,,0.0002302576295743,0.0335977606848852,0.0367810577574525,0.000888372701818,0.9992733213770104,0.9939529783401008,0.0012239362280217,0.3888138466617075,0.0003292778648371,0.0005034821920324,0.999963748516587,0.947552395483033,0.1129147301087564,1.0
1,2,4D-A-102750e40079,4D,4D-A,equal_per_property,64,joint,standardized_anomaly,"[64, 48]",1.0,"[1.0, 1.0]",207810,0.183266583000659,0.4662502089995541,ok,,0.0044331087631311,0.7265284482001517,0.7089383359275833,0.0171229840387815,0.9780525900801518,0.7504930431716755,0.0021811721646183,0.7084985178032212,0.0005866746179045,0.0008970545978804,0.9971215889533735,0.5713898850788244,0.4435213754695307,1.0
1,2,4D-D-ff94f89c821d,4D,4D-D,equal_per_property,64,partial-spatial,standardized_anomaly,"[64, 48]",,"[1.0, 1.0]",230208,0.3800410000039846,0.7284377920004772,ok,,8.50837721524995e-05,0.015307922145146,0.0136359871017123,0.0003293499274378,0.9999589759018872,0.9992069198693118,0.0013746704338198,0.4364153994644872,0.0003698296551368,0.0005654878913255,0.9999592043990172,0.9390993083780738,0.1206425518714851,1.0
1,2,4D-E-0ed2b1a0be64,4D,4D-E,equal_per_property,64,joint-property-residual,standardized_anomaly,"[64, 48]",2.0,"[1.0, 1.0]",328516,0.5552313330044854,0.9939997080000468,ok,,0.0004497507377529,0.0774566980937115,0.0720601875852267,0.0017404693459537,0.9989902434076344,0.983960798880208,0.001378591169273,0.4382083613104988,0.000370881035738,0.0005670955044277,0.99995954776717,0.9394939369079988,0.1384844228775267,1.0
1,2,4D-C-e7705bff9f37,4D,4D-C,equal_per_property,64,joint,standardized_anomaly,"[64, 48]",2.0,"[1.0, 0.5]",404420,0.2817215420000138,0.5651943340053549,ok,,0.0004855020936066,0.0926309913085409,0.0777038265931325,0.0018767801303417,0.9988184144523116,0.9825891435698476,0.0011182203008181,0.3548396503211803,0.0003008391312228,0.0004599979573851,0.9999650247190582,0.9562236155699272,0.1195160655149585,1.0
1,2,4D-C-07c1f38e4371,4D,4D-C,equal_per_property,64,joint,standardized_anomaly,"[64, 48]",2.0,"[1.0, 2.0]",404420,0.2840003329984029,0.567520999997214,ok,,0.000540401834033,0.0904834418385011,0.0863904540380276,0.0020865881990437,0.9983495127147998,0.9783291952107253,0.0010982390575194,0.3481058749785001,0.0002954662375237,0.0004517825363499,0.9999677095539028,0.9590107002555652,0.117479842270964,1.0
1,2,3D-independent-fa9b36e31dc0,3D,3D-independent,equal_per_property,64,independent,raw_minmax,"[80, 48]",,"[1.0, 1.0]",272608,0.2140640420038835,0.4887704580032732,ok,,6.8628040946248e-05,0.0123377332513263,0.010990066304074,0.0002654430158069,0.9999570798980674,0.9994408296362942,0.0010314432516795,0.3255833900099931,0.0002775068271077,0.000424321706791,0.9999706581804646,0.959486161854981,0.0896144068789204,1.0
1,2,4D-A-4f7fd7861b3e,4D,4D-A,equal_per_property,64,joint,raw_minmax,"[80, 48]",2.0,"[1.0, 1.0]",504948,0.3102512499972363,0.585378750001837,ok,,0.000141802446785,0.0245429016664861,0.0227070189044878,0.0005484425126497,0.999777073885074,0.9975929633782176,0.0014258103867608,0.4553682699358665,0.0003835691356732,0.0005864962387322,0.9999105878276716,0.9100679972567676,0.131520172821215,1.0
1,2,4D-B-51546c614bcf,4D,4D-B,equal_per_property,64,shared-independent,raw_minmax,"[80, 48]",,"[1.0, 1.0]",259184,0.2094050840023555,0.4824037079961272,ok,,0.0001401383255647,0.0242034684324026,0.0224407789933582,0.000542012021424,0.999778362285042,0.9976309967472284,0.0013821524546947,0.44187257535842,0.0003718207107272,0.0005685323141068,0.9999100595906436,0.9124524359904628,0.1277585818554942,1.0
1,2,3D-independent-5cbc421a2b78,3D,3D-independent,equal_per_property,64,independent,mean_centered,"[80, 48]",,"[1.0, 1.0]",272608,0.2049699169947416,0.4789740830019582,ok,,7.776573388303614e-05,0.0141832875921963,0.0124549269373891,0.0003008237872678,0.9999433703355948,0.9992866847988028,0.0010254747192812,0.3241504627375327,0.0002758977755209,0.0004218613870837,0.999966575535314,0.957314008656474,0.0900083509005226,1.0
1,2,4D-A-a9f18b485be4,4D,4D-A,equal_per_property,64,joint,mean_centered,"[80, 48]",2.0,"[1.0, 1.0]",504948,0.3121742919975077,0.5901564169980702,ok,,8.270775430094766e-05,0.0148890904049197,0.0132458715186925,0.000319927467736,0.9999303916707613,0.9991773593285064,0.0179573175664898,5.782656748403653,0.0048304718540029,0.0073860311224004,0.98911656949231,0.4448852487840292,1.5188786336880764,1.0
1,2,4D-B-be3ed22367d4,4D,4D-B,equal_per_property,64,shared-independent,mean_centered,"[80, 48]",,"[1.0, 1.0]",259184,0.2072628749956493,0.4790922499960288,ok,,8.685330032421494e-05,0.0156189012749198,0.0139111863980963,0.0003359968146502,0.9999269417607564,0.9991012950785176,0.0177049829475424,5.701526060184563,0.0047625952984957,0.0072822445014222,0.9896135154414876,0.5365393922322322,1.487331154451027,1.0
1,2,3D-independent-44372d7b9669,3D,3D-independent,equal_per_property,64,independent,ensemble_anomaly,"[80, 48]",,"[1.0, 1.0]",272608,0.203604208996694,0.4772826250045909,ok,,5.908419594033773e-05,0.0101867281538119,0.009457837337558,0.0002284350973353,0.999972345194618,0.999638814137891,0.0012374988622368,0.3931754835498871,0.0003329260668669,0.0005090604739369,0.9999638352086456,0.9475420553856764,0.1074429442354788,1.0
1,2,4D-A-abc62af84685,4D,4D-A,equal_per_property,64,joint,ensemble_anomaly,"[80, 48]",2.0,"[1.0, 1.0]",504948,0.2997186249995138,0.5727722499941592,ok,,5.0829969850306785e-05,0.0087531178927556,0.0081347226588946,0.0001964779151996,0.9999766340755284,0.9997198719110632,0.0028653783741649,0.9225320371315872,0.0007707779717372,0.001178557759941,0.9998736969926408,0.8860044340717302,0.2471057505082365,1.0
1,2,4D-B-643a4d560541,4D,4D-B,equal_per_property,64,shared-independent,ensemble_anomaly,"[80, 48]",,"[1.0, 1.0]",259184,0.2035244590006186,0.4748897909958032,ok,,5.908253148524513e-05,0.0101864706304223,0.0094575713320328,0.0002284286725052,0.999972347278472,0.9996388374023898,0.0012371877975285,0.3929681683767904,0.000332843078688,0.000508933580894,0.9999626065322323,0.9470160845870568,0.1074567945031223,1.0
1,2,3D-independent-11e1b067c3e2,3D,3D-independent,equal_per_property,64,independent,standardized_anomaly,"[80, 48]",,"[1.0, 1.0]",272608,0.2010986250024871,0.483498999994481,ok,,5.908419594021803e-05,0.0101867281537724,0.0094578373375384,0.0002284350973349,0.9999723451946164,0.9996388141378928,0.0012374988622368,0.3931754835498874,0.0003329260668669,0.0005090604739369,0.9999638352086456,0.9475420553856776,0.1074429442354686,1.0
1,2,4D-A-3bf6b15a532d,4D,4D-A,equal_per_property,64,joint,standardized_anomaly,"[80, 48]",2.0,"[1.0, 1.0]",504948,0.3014577919966541,0.5845936249970691,ok,,0.0004663648575682,0.0873059533288237,0.0746426130449893,0.0018028426550103,0.9991684422861894,0.9840855454513878,0.0011127167375117,0.35252008196864,0.0002993629699587,0.0004577408335744,0.9999676724704588,0.9589467127648538,0.1170774765473357,1.0
1,2,4D-B-3ee6d3ebd2d3,4D,4D-B,equal_per_property,64,shared-independent,standardized_anomaly,"[80, 48]",,"[1.0, 1.0]",259184,0.2060529580048751,0.4871922909951536,ok,,0.0001478142376134,0.0221387623621187,0.0236203807605101,0.0005705029369345,0.9997039875749564,0.9974300114771232,0.001228400693208,0.3902834464084176,0.0003304785149026,0.0005053180455514,0.9999639733840512,0.9476822188597112,0.1099665234005298,1.0
1,2,4D-A-0bf051d8d579,4D,4D-A,equal_per_property,64,joint,standardized_anomaly,"[80, 48]",1.0,"[1.0, 1.0]",259186,0.2010126250024768,0.4882635000030859,ok,,0.0044278844335285,0.7256696029555959,0.7081027299272055,0.0171028016512845,0.9781914975590108,0.751456539722061,0.002184713680648,0.7096029709048066,0.0005876275499482,0.0008985116782537,0.99712020034243,0.5711463752253584,0.4434927790966732,1.0
1,2,4D-D-e24c5d642104,4D,4D-D,equal_per_property,64,partial-spatial,standardized_anomaly,"[80, 48]",,"[1.0, 1.0]",286032,0.3684489160004887,0.7151731249978184,ok,,7.87188142675263e-05,0.0142671181213485,0.0126180038660779,0.0003047625835009,0.9999692919010864,0.99933165095937,0.0013774914375458,0.4373290176117286,0.0003705884070553,0.0005666480606533,0.9999589604884804,0.9392636318185048,0.1205746235860349,1.0
1,2,4D-E-6ca320f290f9,4D,4D-E,equal_per_property,64,joint-property-residual,standardized_anomaly,"[80, 48]",2.0,"[1.0, 1.0]",408916,0.5815963329951046,1.0188901670044288,ok,,0.0003905526152197,0.0706134920562853,0.062547647498354,0.0015107130133911,0.999526061297682,0.9854797658142248,0.0013592833179605,0.4323175279126229,0.0003656847293279,0.0005591500941185,0.9999594050279116,0.9411948104660935,0.1348984329571873,1.0
1,2,4D-C-4e04f7cc08d6,4D,4D-C,equal_per_property,64,joint,standardized_anomaly,"[80, 48]",2.0,"[1.0, 0.5]",504948,0.3005715830004192,0.5836337500004447,ok,,0.0004489224297928,0.0870885882658962,0.0718433261141585,0.0017352314919408,0.9991814148662908,0.9855545979446768,0.0011308791602959,0.3590360117819264,0.0003042433290698,0.0004652031447881,0.9999669039052465,0.956682423253564,0.1187515223621755,1.0
1,2,4D-C-f8d668c31c07,4D,4D-C,equal_per_property,64,joint,standardized_anomaly,"[80, 48]",2.0,"[1.0, 2.0]",504948,0.3027925409987801,0.5917159160017036,ok,,0.0004965222718155,0.0849293762830236,0.07939189600824,0.0019175520623793,0.9988854188504006,0.9828686622917356,0.0011087634654826,0.3516121498544227,0.0002982964677912,0.0004561100988472,0.9999676642342572,0.9588362730635172,0.1164222646149549,1.0
1,2,3D-current-e419eaac8e1a,3D,3D-current,equal_total,32,legacy-independent,raw_minmax,"[48, 48]",,"[1.0, 1.0]",117216,3.82349695800076,4.089939042001788,ok,,0.0009272990226028,0.1618712755622109,0.1484267829302359,0.0035849513367291,0.9954670656811824,0.9419114919825669,0.0012776162775515,0.4020492234002562,0.0003437471386185,0.0005256064295185,0.999961162335944,0.9407285872826336,0.1556501148324667,1.0
1,2,4D-A-current-205a30146a4e,4D,4D-A-current,equal_total,32,legacy-joint,raw_minmax,"[48, 48]",2.0,"[1.0, 1.0]",181972,4.981503375005559,5.246982541000762,ok,,0.0020831957424263,0.3721805689883107,0.3334090209038825,0.0080528263940661,0.9802785893724004,0.8483434559181138,0.0158361796603582,5.100533548519745,0.0042598853875966,0.0065135761063538,0.9897292478958946,0.4488632573664023,1.4560276902164493,1.0
1,2,3D-current-5e7711139fcb,3D,3D-current,equal_per_property,64,legacy-independent,raw_minmax,"[48, 48]",,"[1.0, 1.0]",216480,3.8619294999953127,4.138577166006144,ok,,0.0008975769901698,0.1565190221351525,0.1436559681090985,0.0034697218705056,0.9956083510048342,0.9468257633076164,0.0010290704586246,0.3255734120926456,0.0002768632082541,0.0004233375816315,0.999967539308458,0.9566848175300526,0.1325842859522409,1.0
1,2,4D-A-current-43ce2f360e5a,4D,4D-A-current,equal_per_property,64,legacy-joint,raw_minmax,"[48, 48]",2.0,"[1.0, 1.0]",354964,5.182898583996575,5.477460625006643,ok,,0.002079982421795,0.3716135208663374,0.3328929240314251,0.0080403611089183,0.9803169350824538,0.8491978387905559,0.0157886723957841,5.086040999899703,0.0042471000966897,0.0064940267622314,0.9897323182225648,0.4516923237721861,1.4518023598711671,1.0
1,3,3D-independent-e9bc2b1d9158,3D,3D-independent,equal_total,32,independent,raw_minmax,"[64, 48]",,"[1.0, 1.0]",120704,0.2415328339993721,0.5280685839970829,ok,,0.0003522640957819,0.0406130167604078,0.0563308951398186,0.0014747283640669,0.9993159500109604,0.9921164903745948,0.0016251500086919,0.3811605653412657,0.0004369296482192,0.000668087109828,0.9999398301285628,0.926099158701146,0.1156664393909507,1.0
1,3,4D-A-c5fc8bd2cb2c,4D,4D-A,equal_total,32,joint,raw_minmax,"[64, 48]",2.0,"[1.0, 1.0]",207812,0.3395943329960573,0.6033253749992582,ok,,0.0004320416905156,0.0472226054456257,0.0689995395569147,0.0018063902204922,0.9979834800998568,0.9827077763874442,0.0044846009675012,1.0603310460905926,0.0012055222818746,0.0018433033794193,0.9992072263983632,0.6525925567042951,0.3224758712475871,1.0
1,3,4D-B-f835e7c8452f,4D,4D-B,equal_total,32,shared-independent,raw_minmax,"[64, 48]",,"[1.0, 1.0]",109504,0.2429047920013545,0.5033933340018848,ok,,0.0005188376248466,0.0579523966202555,0.0829042134030106,0.0021704110098484,0.9977819099306142,0.9788593482734188,0.0042657086577138,1.0118152111838703,0.0011466682368698,0.0017533126246393,0.9992144978461276,0.6609122740724799,0.3124704491577941,1.0
1,3,3D-independent-7cc1fb3009e2,3D,3D-independent,equal_total,32,independent,mean_centered,"[64, 48]",,"[1.0, 1.0]",120704,0.2276562089973595,0.4854720000002999,ok,,0.0003620807855815,0.0417627817518285,0.0579010081694414,0.0015158335198403,0.9992327095530834,0.991668366084426,0.0016825044555621,0.3941628411876706,0.0004523366799925,0.0006916452258094,0.9999070198867576,0.8906784435807245,0.1236880545267309,1.0
1,3,4D-A-a8d848e0bd2f,4D,4D-A,equal_total,32,joint,mean_centered,"[64, 48]",2.0,"[1.0, 1.0]",207812,0.320854124998732,0.5847156250019907,ok,,0.0002021365290718,0.022390942410657,0.0322912912221139,0.0008453777089712,0.999451541084763,0.995746979137448,0.032490739795953,7.755036317139683,0.0087337345351489,0.0133543134172155,0.9503799338117164,0.1785316464640735,2.047571986687395,1.0
1,3,4D-B-2e139466dc24,4D,4D-B,equal_total,32,shared-independent,mean_centered,"[64, 48]",,"[1.0, 1.0]",109504,0.2407149159989785,0.4987637080048444,ok,,0.0003681673331652,0.042353818069351,0.0588704569079628,0.0015412134387757,0.9991745965238996,0.9911767577339048,0.0320167970600321,7.635344267530641,0.0086063502594036,0.0131595365395945,0.9517745334842148,0.3106745958629036,2.006693102200397,1.0
1,3,3D-independent-34daa9e6fa18,3D,3D-independent,equal_total,32,independent,ensemble_anomaly,"[64, 48]",,"[1.0, 1.0]",120704,0.2207640420019743,0.4794834579952294,ok,,0.0003509381567009,0.0403968603605943,0.0561144182363036,0.0014690610543431,0.9993942044689048,0.9928847859861112,0.0018476477156898,0.4242643027496159,0.0004966582301194,0.0007594150749101,0.9999241238920216,0.9248761302560488,0.1264451762472825,1.0
1,3,4D-A-63c64c98502f,4D,4D-A,equal_total,32,joint,ensemble_anomaly,"[64, 48]",2.0,"[1.0, 1.0]",207812,0.319511790999968,0.5797452090046136,ok,,0.0001504174519877,0.0166104450129689,0.0240269722179647,0.0006290199604414,0.999718759181316,0.9978072141065676,0.0040642147617502,0.9348658641722344,0.0010925526472573,0.0016705672032467,0.9997678626137754,0.8251701295120513,0.2599969093439735,1.0
1,3,4D-B-852478df5431,4D,4D-B,equal_total,32,shared-independent,ensemble_anomaly,"[64, 48]",,"[1.0, 1.0]",109504,0.2267170420018374,0.4858247079973807,ok,,0.0003509389108598,0.0403969364026042,0.0561145384814295,0.0014690642023296,0.9993942048867468,0.9928847703423296,0.0018248113845697,0.418784561876777,0.0004905229135922,0.0007500338715441,0.9999122215566963,0.911992246238334,0.1266857474972623,1.0
1,3,3D-independent-629bdce16d73,3D,3D-independent,equal_total,32,independent,standardized_anomaly,"[64, 48]",,"[1.0, 1.0]",120704,0.215952416001528,0.483910333001404,ok,,0.000350938156701,0.0403968603606032,0.0561144182363161,0.0014690610543434,0.999394204468838,0.9928847859861064,0.0018476477156898,0.424264302749614,0.0004966582301194,0.0007594150749101,0.9999241238920212,0.924876130256052,0.1264451762472845,1.0
1,3,4D-A-06f4272272b6,4D,4D-A,equal_total,32,joint,standardized_anomaly,"[64, 48]",2.0,"[1.0, 1.0]",207812,0.3177785829975619,0.586885083001107,ok,,0.0012543390329778,0.1443988294359575,0.2005581966493943,0.0052505620674205,0.9940161037611842,0.9505503346156882,0.0018783291873683,0.4300211069856086,0.0005049088352111,0.0007720306594383,0.9999287882123196,0.9228763559235597,0.1594266477879855,1.0
1,3,4D-B-17b80d300b68,4D,4D-B,equal_total,32,shared-independent,standardized_anomaly,"[64, 48]",,"[1.0, 1.0]",109504,0.2271837500011315,0.4951986670057522,ok,,0.0004660721111547,0.0516850759057079,0.0744585269910884,0.0019493051091741,0.9984004985594508,0.9860874843565623,0.0018307470809993,0.4205578340859348,0.0004921143691747,0.0007524672860877,0.9999239435510888,0.923955895277731,0.129305305043624,1.0
1,3,4D-A-4681118648ec,4D,4D-A,equal_total,32,joint,standardized_anomaly,"[64, 48]",1.0,"[1.0, 1.0]",109506,0.2459047090014792,0.5243329589939094,ok,,0.0061244006978694,0.6579045276716773,0.9777412402545488,0.025597014500523,0.9660401356046272,0.730205582169224,0.0029279934575772,0.6673654948313357,0.0007869622158359,0.0012033042721283,0.9969700209574616,0.3811219646954615,0.4424015622676675,1.0
1,3,4D-D-9e53fbf0a6d8,4D,4D-D,equal_total,32,partial-spatial,standardized_anomaly,"[64, 48]",,"[1.0, 1.0]",131904,0.4982156659971224,0.951913125005376,ok,,0.0003851618953311,0.0445260836925578,0.0615941994917881,0.0016125203199252,0.9994595229991882,0.9922587647561616,0.0020326631278604,0.4662150322620981,0.0005464082021509,0.0008354852504269,0.999924088867549,0.9132621015721346,0.1394951706976269,1.0
1,3,4D-E-07794d5e4bbe,4D,4D-E,equal_total,32,joint-property-residual,standardized_anomaly,"[64, 48]",2.0,"[1.0, 1.0]",181060,0.5487408339977264,0.938096249999944,ok,,0.0008096372651329,0.0919047073900881,0.1294176741960174,0.0033881214646903,0.9985773059377672,0.9786855837936702,0.0020177133115725,0.4611433165888883,0.0005423822384362,0.0008293293521641,0.9999171529697922,0.9154374832857703,0.151496622609814,1.0
1,3,4D-C-3fe7ec5ee326,4D,4D-C,equal_total,32,joint,standardized_anomaly,"[64, 48]",2.0,"[1.0, 0.5]",207812,0.356593583994254,0.6745655839986284,ok,,0.0013566634859647,0.1556246101842727,0.2169033476136826,0.0056784739208033,0.993842554852464,0.9507772897710404,0.0018353343489218,0.4202616788202729,0.0004933519710813,0.0007543596408049,0.9999288557576222,0.922834609149516,0.1597700848860668,1.0
1,3,4D-C-5b31da2b924b,4D,4D-C,equal_total,32,joint,standardized_anomaly,"[64, 48]",2.0,"[1.0, 2.0]",207812,0.3511031660018489,0.6259493749967078,ok,,0.0014917820768758,0.1722839815998486,0.2385420878873819,0.0062449705824505,0.992046084380808,0.9394108853963448,0.001850442805821,0.4234085756776666,0.000497409075345,0.0007605631545122,0.9999304857275884,0.9251151275128384,0.1658573877057309,1.0
1,3,3D-independent-7db5f3bc9ad5,3D,3D-independent,equal_total,32,independent,raw_minmax,"[80, 48]",,"[1.0, 1.0]",149728,0.3030041669990169,0.5864514170025359,ok,,0.0003214378686358,0.0373589061284653,0.0514122978996332,0.0013459607518442,0.9996116249479362,0.9944077570028168,0.0016253453797784,0.3812204945756661,0.0004369824647537,0.0006681678689298,0.9999401709573844,0.9270850693507894,0.114458246881832,1.0
1,3,4D-A-9e409054ed54,4D,4D-A,equal_total,32,joint,raw_minmax,"[80, 48]",2.0,"[1.0, 1.0]",259188,0.3847646659996826,0.650840166999842,ok,,0.0002017683146687,0.0224441577629919,0.032236037911952,0.000843931191505,0.999538377156008,0.9962280197332516,0.0023036652454383,0.5366022339656346,0.0006193253925751,0.0009469792522778,0.9998668197924332,0.8351565897141802,0.1608385217512276,1.0
1,3,4D-B-2fb1b6b4a839,4D,4D-B,equal_total,32,shared-independent,raw_minmax,"[80, 48]",,"[1.0, 1.0]",136304,0.3147673330022371,0.5950442910034326,ok,,0.0003557876898933,0.0409791461144604,0.0568927696074876,0.001489438093292,0.9992621542636128,0.9917414330204708,0.001863714995449,0.4374814542357714,0.0005010396451143,0.0007661144758155,0.9998783681240786,0.8527020910114391,0.1390597095835692,1.0
1,3,3D-independent-dbbd1a2865ca,3D,3D-independent,equal_total,32,independent,mean_centered,"[80, 48]",,"[1.0, 1.0]",149728,0.2460523339977953,0.5361325420017238,ok,,0.0003277781345138,0.0381491098693143,0.0524280465334099,0.0013725527901435,0.9995851848877186,0.9941950366549314,0.0016262189163608,0.3813398400687496,0.0004372157120153,0.000668524515565,0.9999353065212774,0.9198960763587876,0.1156108483578011,1.0
1,3,4D-A-85017caccbe9,4D,4D-A,equal_total,32,joint,mean_centered,"[80, 48]",2.0,"[1.0, 1.0]",259188,0.3735296250015381,0.6389539999945555,ok,,9.144262610642966e-05,0.0101762762436335,0.0146095810468794,0.0003824750787909,0.9998865141001144,0.9991240007160666,0.0150043836119626,3.5914519429701137,0.0040332521273363,0.0061670426072988,0.98937974875848,0.2289177303310854,0.9969018384225428,1.0
1,3,4D-B-4bb821f89672,4D,4D-B,equal_total,32,shared-independent,mean_centered,"[80, 48]",,"[1.0, 1.0]",136304,0.337223709000682,0.6010956250029267,ok,,0.0003300451087457,0.0384050680348504,0.0527902578304418,0.0013820353888523,0.999556592660257,0.9940135543830996,0.0139196454406124,3.3190296093018152,0.0037417118575973,0.0057212630704736,0.9910373966066692,0.4586167296915893,0.9077798838248304,1.0
1,3,3D-independent-3e92f69676cb,3D,3D-independent,equal_total,32,independent,ensemble_anomaly,"[80, 48]",,"[1.0, 1.0]",149728,0.2546513339984813,0.5181099999972503,ok,,0.0003303674023669,0.0383369984345356,0.0528359816365629,0.0013832324263507,0.999591494612654,0.9942918923733928,0.0018498271164618,0.42474340027761,0.0004972441701747,0.0007603110063253,0.9999241965667556,0.9251640068937976,0.1258381122696376,1.0
1,3,4D-A-8bea2cabc037,4D,4D-A,equal_total,32,joint,ensemble_anomaly,"[80, 48]",2.0,"[1.0, 1.0]",259188,0.4223424170049838,0.6872801249992335,ok,,6.378695263638895e-05,0.0071088003872043,0.0101917652652157,0.0002668177965079,0.9999640582713556,0.9996582275147852,0.0040849031861645,0.9404444806791188,0.0010981124398631,0.0016790684019829,0.9997842372636327,0.8429909694066984,0.2565571706513953,1.0
1,3,4D-B-2828b82824ed,4D,4D-B,equal_total,32,shared-independent,ensemble_anomaly,"[80, 48]",,"[1.0, 1.0]",136304,0.2505170000004,0.5124516669966397,ok,,0.0003303675880646,0.038337019559563,0.0528360113116649,0.0013832332032372,0.999591499732678,0.9942919263645956,0.0018195791488558,0.4177581633418956,0.0004891125237595,0.0007478773155152,0.9999240877510268,0.9226797258659096,0.1244023391965515,1.0
1,3,3D-independent-86c75f98455a,3D,3D-independent,equal_total,32,independent,standardized_anomaly,"[80, 48]",,"[1.0, 1.0]",149728,0.3070572920041741,0.5869245829962892,ok,,0.0003303674023669,0.038336998434538,0.0528359816365643,0.0013832324263507,0.9995914946126212,0.9942918923733868,0.0018498271164618,0.4247434002776089,0.0004972441701747,0.0007603110063253,0.9999241965667556,0.9251640068937986,0.1258381122696385,1.0
1,3,4D-A-4ea76ef087a9,4D,4D-A,equal_total,32,joint,standardized_anomaly,"[80, 48]",2.0,"[1.0, 1.0]",259188,0.3635675830009859,0.6787215840013232,ok,,0.0012073569888668,0.1398655172152555,0.1930748121014998,0.0050546489823434,0.9947833904033986,0.9562316926074595,0.001886271485901,0.4317325237947552,0.0005070437479437,0.0007752950469274,0.9999286556462588,0.9229068438322272,0.1580071931975418,1.0
1,3,4D-B-934096b5cda8,4D,4D-B,equal_total,32,shared-independent,standardized_anomaly,"[80, 48]",,"[1.0, 1.0]",136304,0.268030291001196,0.5463752089999616,ok,,0.000375619136264,0.0428916125882295,0.0600491724128937,0.0015720719078977,0.999130166776786,0.99112428315115,0.0018380826064809,0.4221872208836689,0.0004940867852227,0.000755483208084,0.9999237404094096,0.9241004973380784,0.126866610806821,1.0
1,3,4D-A-b80c4d29ed28,4D,4D-A,equal_total,32,joint,standardized_anomaly,"[80, 48]",1.0,"[1.0, 1.0]",136306,0.3476212500027031,0.6635695830045734,ok,,0.0061181628224217,0.6571894106877406,0.976743893455974,0.0255709042175421,0.9662005989309584,0.7316874424435115,0.002930960437268,0.6680517193000162,0.0007877600720551,0.001204524233872,0.9969676192575928,0.3809607021799386,0.4422292644190079,1.0
1,3,4D-D-2ecf0e4138e3,4D,4D-D,equal_total,32,partial-spatial,standardized_anomaly,"[80, 48]",,"[1.0, 1.0]",163152,0.3908344999945257,0.7702656250039581,ok,,0.0003658175207854,0.0423026637997085,0.058501886266149,0.0015315643540541,0.999508860512765,0.9930703879821734,0.0018487631971044,0.424564078398619,0.0004969582691285,0.000759873849441,0.999923940461376,0.9245158014334338,0.1270184118726309,1.0
1,3,4D-E-4f4328240852,4D,4D-E,equal_total,32,joint-property-residual,standardized_anomaly,"[80, 48]",2.0,"[1.0, 1.0]",224596,0.457494709007733,0.8249654169994756,ok,,0.0007680400379187,0.0873746154236535,0.1227720207706277,0.0032141399651978,0.9986496013731608,0.9793940454633808,0.0020004092197367,0.4565552668374463,0.0005377293706151,0.0008222148864196,0.9999188561096668,0.917198319542786,0.1489084249395041,1.0
1,3,4D-C-44adce3e7a5f,4D,4D-C,equal_total,32,joint,standardized_anomaly,"[80, 48]",2.0,"[1.0, 0.5]",259188,0.343284249996941,0.6174231250042794,ok,,0.0013329842604686,0.1533601200764628,0.2131323961240187,0.0055797513795136,0.99438043569878,0.9546914176422356,0.0018445093677086,0.4223261351840678,0.0004958182950206,0.0007581307724717,0.9999295481792791,0.9245492608081632,0.1590164790088328,1.0
1,3,4D-C-1150f24dbbfa,4D,4D-C,equal_total,32,joint,standardized_anomaly,"[80, 48]",2.0,"[1.0, 2.0]",259188,0.3417350419986178,0.6113531249939115,ok,,0.001461921114357,0.1697371540889844,0.2337961933466393,0.006120724282534,0.9928939184097682,0.9454157584816912,0.0018539675686181,0.4241606685497704,0.0004983564676749,0.0007620117643882,0.9999304609718952,0.925266315808824,0.1646391963733743,1.0
1,3,3D-independent-82249d692984,3D,3D-independent,equal_per_property,64,independent,raw_minmax,"[64, 48]",,"[1.0, 1.0]",219008,0.2043165829963982,0.4834083329988061,ok,,0.0001771538618873,0.019682259567355,0.0283025001237885,0.0007409521826869,0.9995867028890344,0.9966603900956648,0.0011924113076066,0.2795146816582831,0.0003205726502612,0.0004901714870479,0.9999555693138517,0.9483576492362382,0.0816719803899216,1.0
1,3,4D-A-63bd70d89f36,4D,4D-A,equal_per_property,64,joint,raw_minmax,"[64, 48]",2.0,"[1.0, 1.0]",404420,0.2818513750025886,0.559399208999821,ok,,0.0004198997419613,0.0457962279267197,0.0670568727482329,0.0017555317024874,0.998008026410017,0.9830891443314984,0.0041595176501156,0.986624174600132,0.0011181128792868,0.0017096500661578,0.9992260245757884,0.6663094444180475,0.3019302770380197,1.0
1,3,4D-B-49fc67f13645,4D,4D-B,equal_per_property,64,shared-independent,raw_minmax,"[64, 48]",,"[1.0, 1.0]",207808,0.1973487499999464,0.473539124999661,ok,,0.0004187491406152,0.0456509202395054,0.0668724185487043,0.0017507027389277,0.9980140883794492,0.983138381301731,0.004115759032701,0.9771677385163992,0.0011063465939381,0.0016916588320905,0.99921948154131,0.6676187512297513,0.2993600231225408,1.0
1,3,3D-independent-64af48d38810,3D,3D-independent,equal_per_property,64,independent,mean_centered,"[64, 48]",,"[1.0, 1.0]",219008,0.1895202499945298,0.4603877500048838,ok,,0.0001916997978371,0.0213113170387469,0.0306266268664039,0.0008017972237699,0.9995112501327308,0.9962100449571064,0.001283071523634,0.3001980307328694,0.0003449336219319,0.0005274206213706,0.9999240941075928,0.9094059271566955,0.0921753404286788,1.0
1,3,4D-A-fbc2ac4d32c8,4D,4D-A,equal_per_property,64,joint,mean_centered,"[64, 48]",2.0,"[1.0, 1.0]",404420,0.2827045840022038,0.5582557500019902,ok,,0.0002000115943877,0.0221405327241654,0.0319513262333776,0.0008364775128987,0.99945298400687,0.99579216268114,0.0321671794291752,7.670336896617161,0.008646779039536,0.0132213541502387,0.95146688395167,0.2707881788080904,2.014796814649178,1.0
1,3,4D-B-6a56509ea188,4D,4D-B,equal_per_property,64,shared-independent,mean_centered,"[64, 48]",,"[1.0, 1.0]",207808,0.2065060410022852,0.4856500410023727,ok,,0.0002020958815226,0.0223867495420956,0.0322848057219759,0.0008452079202436,0.999451493272784,0.995746879973608,0.0319996195755518,7.631370856996415,0.0086017313036692,0.0131524739271131,0.9518139154432382,0.3107019011203356,2.0001333039978846,1.0
1,3,3D-independent-5a93f5036396,3D,3D-independent,equal_per_property,64,independent,ensemble_anomaly,"[64, 48]",,"[1.0, 1.0]",219008,0.1956579999969108,0.4688679160026368,ok,,0.0001504196230143,0.0166106041224189,0.0240273164518741,0.0006290289723967,0.9997187492750104,0.9978072947645374,0.0015287515416626,0.3501359875832115,0.0004109342131007,0.0006283387998019,0.9999393220021432,0.9410371723232828,0.09933108954043,1.0
1,3,4D-A-cbe030d90365,4D,4D-A,equal_per_property,64,joint,ensemble_anomaly,"[64, 48]",2.0,"[1.0, 1.0]",404420,0.287557542003924,0.5623522499954561,ok,,0.0001462716496796,0.0161185681893799,0.023363495301676,0.0006116503052118,0.9997218884485632,0.9978687443903396,0.0035011367008365,0.8077300811815599,0.0009412140370043,0.0014391629597,0.9997874285408822,0.8428388256186518,0.225873716091611,1.0
1,3,4D-B-6939f5acac9e,4D,4D-B,equal_per_property,64,shared-independent,ensemble_anomaly,"[64, 48]",,"[1.0, 1.0]",207808,0.1966403330006869,0.4684476670008735,ok,,0.0001504188551061,0.0166104776190084,0.0240271923729388,0.0006290257240421,0.9997187508919104,0.997807314282096,0.0015485759823104,0.3549366450951452,0.0004162685009367,0.0006364951905569,0.999919917264367,0.9256417563359424,0.1024556468512836,1.0
1,3,3D-independent-7a2c6100f5cb,3D,3D-independent,equal_per_property,64,independent,standardized_anomaly,"[64, 48]",,"[1.0, 1.0]",219008,0.1884161249981844,0.469920916002593,ok,,0.0001504196230144,0.0166106041224262,0.024027316451886,0.000629028972397,0.9997187492750044,0.9978072947645348,0.0015287515416625,0.3501359875832028,0.0004109342131007,0.0006283387998019,0.9999393220021436,0.9410371723232834,0.0993310895404299,1.0
1,3,4D-A-c45120ace2c4,4D,4D-A,equal_per_property,64,joint,standardized_anomaly,"[64, 48]",2.0,"[1.0, 1.0]",404420,0.2755273340007989,0.5586354580009356,ok,,0.0007172035416809,0.0777523064995544,0.114519693384429,0.0029980961541455,0.997577203374022,0.9679709106064416,0.0013627446347316,0.3120802568253149,0.0003663050084347,0.0005600985316472,0.9999482311426792,0.9474613730971368,0.10802910536827,1.0
1,3,4D-B-f843c8275099,4D,4D-B,equal_per_property,64,shared-independent,standardized_anomaly,"[64, 48]",,"[1.0, 1.0]",207808,0.2011094170011347,0.4819485830012127,ok,,0.0003219980679111,0.0338605008226278,0.0513788071930462,0.0013450839737491,0.9987480196309144,0.9912849136878512,0.0015100260294294,0.3462742126331601,0.0004059019316759,0.0006206441918333,0.9999392474621313,0.939656713009859,0.1036659750267331,1.0
1,3,4D-A-102750e40079,4D,4D-A,equal_per_property,64,joint,standardized_anomaly,"[64, 48]",1.0,"[1.0, 1.0]",207810,0.1921362909997697,0.4756018750049406,ok,,0.0062626878305756,0.6743817713333996,0.9998722819310396,0.0261763994864292,0.9652458608512946,0.7259400546680915,0.0027749369549983,0.6322452048822268,0.0007458128576812,0.0011403848619375,0.9970403599891984,0.3881298179382866,0.4373980099781093,1.0
1,3,4D-D-ff94f89c821d,4D,4D-D,equal_per_property,64,partial-spatial,standardized_anomaly,"[64, 48]",,"[1.0, 1.0]",230208,0.3573058339970885,0.7035470839982736,ok,,0.0001044304939915,0.0115000695350456,0.0166821637926084,0.0004367347626538,0.9999483333711178,0.99937920064675,0.0016622067972418,0.3808516027542569,0.0004468152065221,0.0006832026189324,0.9999340032798822,0.9351409730550088,0.1062728963596057,1.0
1,3,4D-E-0ed2b1a0be64,4D,4D-E,equal_per_property,64,joint-property-residual,standardized_anomaly,"[64, 48]",2.0,"[1.0, 1.0]",328516,0.5633257910012617,1.0160975410035462,ok,,0.0007870151714853,0.0879771161175294,0.1257483872536333,0.0032920604751321,0.996804748634967,0.968826616442088,0.0017428639019315,0.3996505794704137,0.0004684854657557,0.0007163375204425,0.9999323088122076,0.9264148912138984,0.1350017354399874,1.0
1,3,4D-C-e7705bff9f37,4D,4D-C,equal_per_property,64,joint,standardized_anomaly,"[64, 48]",2.0,"[1.0, 0.5]",404420,0.3010497499999474,0.5896450420041219,ok,,0.0007616254792284,0.0850738959715798,0.1216974458268962,0.0031860078692156,0.9974064131000754,0.97077193921581,0.001392401181252,0.3196574927298077,0.0003742799815968,0.00057229266128,0.9999453088708332,0.9435379752028168,0.1118941078730185,1.0
1,3,4D-C-07c1f38e4371,4D,4D-C,equal_per_property,64,joint,standardized_anomaly,"[64, 48]",2.0,"[1.0, 2.0]",404420,0.28527616700012,0.5715478329948382,ok,,0.0007400492160519,0.0819753571944976,0.1182298654362601,0.0030952275053662,0.9970510802172904,0.9688482045716524,0.0014088561830189,0.322403624946035,0.0003786988691279,0.0005790493595525,0.9999466121241922,0.947714506001527,0.1115244067134857,1.0
1,3,3D-independent-fa9b36e31dc0,3D,3D-independent,equal_per_property,64,independent,raw_minmax,"[80, 48]",,"[1.0, 1.0]",272608,0.2107329170030425,0.4876060000024154,ok,,7.162441235022755e-05,0.0079716817583255,0.0114435742238201,0.0002995898334703,0.9999417627970888,0.9994927076674784,0.0011935539015643,0.2796903476508501,0.0003208799234388,0.0004906413229815,0.9999558650116208,0.9497549824646248,0.078259546085781,1.0
1,3,4D-A-4f7fd7861b3e,4D,4D-A,equal_per_property,64,joint,raw_minmax,"[80, 48]",2.0,"[1.0, 1.0]",504948,0.3167683749998105,0.5930907090005348,ok,,0.0001729461452547,0.0191687853761186,0.0276282095559893,0.0007232994288386,0.9995737987859418,0.9967016981510468,0.001607226585343,0.3756666444968488,0.0004320709734135,0.0006606579549932,0.9998904463015608,0.8669808267412519,0.1157485418567045,1.0
1,3,4D-B-51546c614bcf,4D,4D-B,equal_per_property,64,shared-independent,raw_minmax,"[80, 48]",,"[1.0, 1.0]",259184,0.2107333750027464,0.485385000007227,ok,,0.0001696769234722,0.0187559764191068,0.0271041032480925,0.0007095784603342,0.9995795830640454,0.996755414622419,0.0014953564324106,0.3509954495626834,0.0004019896915643,0.0006146621826019,0.9998897570019952,0.86984353599005,0.1091129876688889,1.0
1,3,3D-independent-5cbc421a2b78,3D,3D-independent,equal_per_property,64,independent,mean_centered,"[80, 48]",,"[1.0, 1.0]",272608,0.1996600409984239,0.4713286249971133,ok,,8.227358572872621e-05,0.0090987302499158,0.0131430095578152,0.0003440806139509,0.9999167849844036,0.9993124024522688,0.0011974859822697,0.2807510815220759,0.0003219357033017,0.000492255662773,0.9999484537993748,0.9391653572766152,0.0801527329768874,1.0
1,3,4D-A-a9f18b485be4,4D,4D-A,equal_per_property,64,joint,mean_centered,"[80, 48]",2.0,"[1.0, 1.0]",504948,0.301751917002548,0.5736611659958726,ok,,8.663194605516714e-05,0.0096124313458966,0.0138400247421745,0.000362328292423,0.9998898583424228,0.9991777647624476,0.0143077065202392,3.407742518563579,0.0038460338662698,0.0058807765975357,0.9907676216193608,0.3878364693372799,0.9309619582149028,1.0
1,3,4D-B-be3ed22367d4,4D,4D-B,equal_per_property,64,shared-independent,mean_centered,"[80, 48]",,"[1.0, 1.0]",259184,0.2099454160052118,0.481502292001096,ok,,9.134507418991712e-05,0.0101669303472434,0.014594041065443,0.0003820682460689,0.9998865693378054,0.99912325521547,0.0138728466405592,3.308235923909677,0.0037291275819226,0.0057020210886143,0.9910472267322152,0.4598133125529761,0.8972336425931744,1.0
1,3,3D-independent-44372d7b9669,3D,3D-independent,equal_per_property,64,independent,ensemble_anomaly,"[80, 48]",,"[1.0, 1.0]",272608,0.2005570000037551,0.4726553330037859,ok,,6.37932901941242e-05,0.0071091475169091,0.0101927661229716,0.0002668439987068,0.9999640537491358,0.9996583216024452,0.0015327272906928,0.3509496278220309,0.0004120025486488,0.0006299723378591,0.9999391954607858,0.9412071115515278,0.0969065146904883,1.0
1,3,4D-A-abc62af84685,4D,4D-A,equal_per_property,64,joint,ensemble_anomaly,"[80, 48]",2.0,"[1.0, 1.0]",504948,0.3036882079977658,0.5784878749982454,ok,,5.2780651214454214e-05,0.0058294454854096,0.0084313145722709,0.0002207296496041,0.9999686321270408,0.9997241654604248,0.0036280522200711,0.8385263386656511,0.0009753396847878,0.0014913427682609,0.9998048079386822,0.8582826367202839,0.2288380957651765,1.0
1,3,4D-B-643a4d560541,4D,4D-B,equal_per_property,64,shared-independent,ensemble_anomaly,"[80, 48]",,"[1.0, 1.0]",259184,0.2046452499998849,0.4764972920020227,ok,,6.379317060574786e-05,0.0071091465079979,0.0101927474351531,0.0002668435094645,0.9999640569348062,0.999658339983438,0.001512182812455,0.346470074451103,0.000406477974673,0.0006215249901554,0.9999389116845392,0.9383957030075964,0.0961380498658959,1.0
1,3,3D-independent-11e1b067c3e2,3D,3D-independent,equal_per_property,64,independent,standardized_anomaly,"[80, 48]",,"[1.0, 1.0]",272608,0.2060213750010007,0.488219291997666,ok,,6.379329019409688e-05,0.0071091475169118,0.0101927661229675,0.0002668439987067,0.9999640537491712,0.9996583216024436,0.0015327272906928,0.3509496278220288,0.0004120025486488,0.0006299723378591,0.999939195460786,0.9412071115515296,0.0969065146904885,1.0
1,3,4D-A-3bf6b15a532d,4D,4D-A,equal_per_property,64,joint,standardized_anomaly,"[80, 48]",2.0,"[1.0, 1.0]",504948,0.3017357919961796,0.5839353750052396,ok,,0.0006650286653778,0.0727448682961675,0.1062116411269344,0.0027805934802777,0.9982867873015432,0.973129127572073,0.0013763327838949,0.3151271634941258,0.000369957223818,0.0005656829501682,0.9999486427565416,0.9488476669906384,0.1067209086272343,1.0
1,3,4D-B-3ee6d3ebd2d3,4D,4D-B,equal_per_property,64,shared-independent,standardized_anomaly,"[80, 48]",,"[1.0, 1.0]",259184,0.2199529589997837,0.5015385829974548,ok,,0.0001800393230466,0.0192981765689574,0.02873892115444,0.0007523775731583,0.99950043846576,0.9964986265164671,0.0015181895543688,0.3479932496861015,0.0004080958110066,0.0006239987421763,0.9999392057027476,0.9402891390049284,0.0997243858735903,1.0
1,3,4D-A-0bf051d8d579,4D,4D-A,equal_per_property,64,joint,standardized_anomaly,"[80, 48]",1.0,"[1.0, 1.0]",259186,0.1987057080041268,0.4809786250043544,ok,,0.006254430830103,0.6733449285357924,0.9985489800276084,0.0261417557825369,0.9654864586912624,0.7278389931078054,0.0027796335506893,0.63352242524761,0.0007470765858804,0.0011423171650522,0.997038046807674,0.3879607860645201,0.4372418660493099,1.0
1,3,4D-D-e24c5d642104,4D,4D-D,equal_per_property,64,partial-spatial,standardized_anomaly,"[80, 48]",,"[1.0, 1.0]",286032,0.3916192079996108,0.7360780829985742,ok,,9.90908577194742e-05,0.0109043757954553,0.015829045820579,0.0004144003533013,0.9999598154830592,0.9994823983991696,0.0016704148447986,0.382544547180456,0.0004490211490745,0.00068657561454,0.9999337579781896,0.9352202716992188,0.1065243969816793,1.0
1,3,4D-E-6ca320f290f9,4D,4D-E,equal_per_property,64,joint-property-residual,standardized_anomaly,"[80, 48]",2.0,"[1.0, 1.0]",408916,0.590306750003947,1.032292541996867,ok,,0.0006017368551775,0.0673894263334747,0.0961478380177282,0.0025171257001422,0.9984217129052412,0.9815811217837824,0.0016703733862155,0.3841142984879289,0.0004490142134669,0.0006865650096519,0.9999350982193932,0.9327631787044052,0.1235828936443274,1.0
1,3,4D-C-4e04f7cc08d6,4D,4D-C,equal_per_property,64,joint,standardized_anomaly,"[80, 48]",2.0,"[1.0, 0.5]",504948,0.3081211250027991,0.5940235829984886,ok,,0.0007551706411674,0.0852235607243231,0.1206953296308621,0.0031597727246344,0.9977891815636564,0.9731571941585284,0.0014086927658038,0.3235027437915124,0.0003786602268693,0.000578990273622,0.9999465010964784,0.9459863569309452,0.1122886322427746,1.0
1,3,4D-C-f8d668c31c07,4D,4D-C,equal_per_property,64,joint,standardized_anomaly,"[80, 48]",2.0,"[1.0, 2.0]",504948,0.3202628329963772,0.62672429200029,ok,,0.000718194202567,0.0807865941798505,0.1147790960885064,0.003004887250301,0.9978107739725744,0.972009889781722,0.0014238884286087,0.3258821581424494,0.0003827402284772,0.0005852287985043,0.9999462391174122,0.9477579817189046,0.1116962041429966,1.0
1,3,3D-current-e419eaac8e1a,3D,3D-current,equal_total,32,legacy-independent,raw_minmax,"[48, 48]",,"[1.0, 1.0]",117216,4.651160209003137,4.952052208005625,ok,,0.0010712791542416,0.1173683810355216,0.1711046628919892,0.0044794761198915,0.9935594102991476,0.9383052590741024,0.0016297610591142,0.3821218436015833,0.0004381663931992,0.000669978154262,0.9999354260242814,0.9187099787180472,0.1427456514352575,1.0
1,3,4D-A-current-205a30146a4e,4D,4D-A-current,equal_total,32,legacy-joint,raw_minmax,"[48, 48]",2.0,"[1.0, 1.0]",181972,5.87818158299342,6.180444333993364,ok,,0.0025551198806515,0.2823282087797414,0.4081771849109555,0.0106859738454197,0.9721457477373066,0.8087566254215323,0.0156420974822188,3.724527412160192,0.0042047031882962,0.0064291997858298,0.9905621978567252,0.4356320137036069,1.0961653253443409,1.0
1,3,3D-current-5e7711139fcb,3D,3D-current,equal_per_property,64,legacy-independent,raw_minmax,"[48, 48]",,"[1.0, 1.0]",216480,4.260946624999633,4.5908833329958725,ok,,0.001041118164481,0.1136985486038559,0.1662749934867733,0.0043530366155438,0.9936816070770612,0.9413240317721722,0.0011990252468432,0.2810354342274757,0.0003223484161651,0.0004928867212173,0.9999528792954046,0.9415347248247778,0.1133261511332141,1.0
1,3,4D-A-current-43ce2f360e5a,4D,4D-A-current,equal_per_property,64,legacy-joint,raw_minmax,"[48, 48]",2.0,"[1.0, 1.0]",354964,5.7198577920062235,6.054377624997869,ok,,0.0025530961485542,0.2820919230772054,0.4078534535970986,0.0106774986427854,0.972134424533985,0.8088372940060163,0.0155634219478439,3.7068848694427583,0.0041835491760474,0.0063968542515723,0.9906262273756212,0.4385275221572378,1.0913235961095844,1.0
2,1,3D-independent-e9bc2b1d9158,3D,3D-independent,equal_total,32,independent,raw_minmax,"[64, 48]",,"[1.0, 1.0]",120704,0.3765734580010758,0.7107568330029608,ok,,0.0003058059272247,0.0522714392993534,0.0491037920615764,0.0011860045152769,0.9995298543412082,0.992410051736642,0.0012844842138916,0.3591685842472265,0.0003456144156595,0.0005284615887568,0.9999694354001732,0.935723338971672,0.1118433320481057,1.0
2,1,4D-A-c5fc8bd2cb2c,4D,4D-A,equal_total,32,joint,raw_minmax,"[64, 48]",2.0,"[1.0, 1.0]",207812,0.6619846249959664,1.0950563329970464,ok,,0.000356781265673,0.0613675078185033,0.057274679476276,0.0013833560631065,0.9987268019632431,0.9870930359710536,0.0042816517826568,1.196093594239908,0.0011521314816989,0.001761666197035,0.9992302686907234,0.6905753937783489,0.3546567217959275,1.0
2,1,4D-B-f835e7c8452f,4D,4D-B,equal_total,32,shared-independent,raw_minmax,"[64, 48]",,"[1.0, 1.0]",109504,0.5529650829994353,1.1271919999999227,ok,,0.0004329654352686,0.0742794900166698,0.069512135920689,0.0016789275045214,0.9985845448425382,0.983096964796264,0.004213923826789,1.1771208735360013,0.0011339091073076,0.001733803282511,0.999231184385743,0.6969189401768662,0.3528481027665265,1.0
2,1,3D-independent-7cc1fb3009e2,3D,3D-independent,equal_total,32,independent,mean_centered,"[64, 48]",,"[1.0, 1.0]",120704,0.3031666669994592,0.5823747089962126,ok,,0.0003112268516729,0.0533570920175882,0.0499728444482335,0.0012069947486441,0.99950732553684,0.9924416877850252,0.0013780416274034,0.3852550108946946,0.0003707920881949,0.0005669594992212,0.9999445571730492,0.9153160266010796,0.1211833114298076,1.0
2,1,4D-A-a8d848e0bd2f,4D,4D-A,equal_total,32,joint,mean_centered,"[64, 48]",2.0,"[1.0, 1.0]",207812,0.4005887080056709,0.6849915409984533,ok,,0.0001746125646595,0.0299834661819461,0.0280319703972764,0.0006770565381506,0.9996723773101388,0.9968609590765604,0.0356777486393109,9.965563717125006,0.0096004459473961,0.0146795581673103,0.9467406835187524,0.2889424641717768,2.588161367920696,1.0
2,1,4D-B-2e139466dc24,4D,4D-B,equal_total,32,shared-independent,mean_centered,"[64, 48]",,"[1.0, 1.0]",109504,0.2988742079978692,0.5739164170008735,ok,,0.0003123246198534,0.0535750359870499,0.0501487954531367,0.0012112444955073,0.9995003509477304,0.9923836644977508,0.035490349629179,9.913123546553782,0.0095500193679515,0.0146024534254897,0.9473684656369996,0.3439026040055051,2.5746388620723013,1.0
2,1,3D-independent-34daa9e6fa18,3D,3D-independent,equal_total,32,independent,ensemble_anomaly,"[64, 48]",,"[1.0, 1.0]",120704,0.2470872920021065,0.520583458004694,ok,,0.0003019928562872,0.051115985715038,0.048498502511838,0.0011713849490703,0.9995848557175904,0.9930968356402397,0.0013992777591039,0.3909346634958429,0.0003765190792578,0.0005757163526937,0.9999608746326007,0.9334141294547552,0.1196987916658458,1.0
2,1,4D-A-63c64c98502f,4D,4D-A,equal_total,32,joint,ensemble_anomaly,"[64, 48]",2.0,"[1.0, 1.0]",207812,0.359421499997552,0.630918874994677,ok,,0.0001362468299454,0.023665945553056,0.0218719058949153,0.0005282724217419,0.9998115037092754,0.9982173359089446,0.0029412591413553,0.821015562886986,0.0007914707769076,0.0012101980856934,0.9998651290454994,0.8489300404918175,0.2302769550599152,1.0
2,1,4D-B-852478df5431,4D,4D-B,equal_total,32,shared-independent,ensemble_anomaly,"[64, 48]",,"[1.0, 1.0]",109504,0.257754375001241,0.534553749996121,ok,,0.0003019931927262,0.051116047038756,0.0484985566011549,0.0011713862554903,0.9995848550011356,0.993096815753138,0.0014318060903667,0.4000054611775958,0.0003852723053596,0.0005891004696832,0.9999477578489908,0.9241909633884016,0.1231194046613955,1.0
2,1,3D-independent-629bdce16d73,3D,3D-independent,equal_total,32,independent,standardized_anomaly,"[64, 48]",,"[1.0, 1.0]",120704,0.2458164999989094,0.5273982090002391,ok,,0.0003019928562873,0.0511159857150523,0.0484985025118494,0.0011713849490706,0.99958485571763,0.9930968356402338,0.0013992777591039,0.3909346634958409,0.0003765190792578,0.0005757163526937,0.9999608746326012,0.9334141294547558,0.1196987916658496,1.0
2,1,4D-A-06f4272272b6,4D,4D-A,equal_total,32,joint,standardized_anomaly,"[64, 48]",2.0,"[1.0, 1.0]",207812,0.385198500000115,0.6831392919993959,ok,,0.0007284226879727,0.1206426537752864,0.1169999267235488,0.0028259007208077,0.9982670874537592,0.971092558404914,0.0013686509591417,0.3822941811107794,0.000368282057484,0.0005631215377323,0.9999629705187756,0.9362944304302596,0.1373108351171197,1.0
2,1,4D-B-17b80d300b68,4D,4D-B,equal_total,32,shared-independent,standardized_anomaly,"[64, 48]",,"[1.0, 1.0]",109504,0.2432814999992842,0.5354627499982598,ok,,0.0003515925834148,0.0591180511711611,0.056465725762227,0.0013638173937445,0.999218965088724,0.989933028473111,0.0013963626974126,0.3901278813771561,0.0003757343165404,0.0005745164115638,0.999960691702902,0.9333624486331628,0.121899548498795,1.0
2,1,4D-A-4681118648ec,4D,4D-A,equal_total,32,joint,standardized_anomaly,"[64, 48]",1.0,"[1.0, 1.0]",109506,0.2657958330019028,0.541555875002814,ok,,0.0047305534684179,0.7898273095032796,0.759643846930374,0.0183476875132574,0.9729395533304602,0.7436058774469606,0.0021932234132477,0.6123067924378668,0.0005901810658981,0.0009024161308304,0.9989226431774912,0.6344385464774376,0.4282779724947368,1.0
2,1,4D-D-9e53fbf0a6d8,4D,4D-D,equal_total,32,partial-spatial,standardized_anomaly,"[64, 48]",,"[1.0, 1.0]",131904,0.4028894579969346,0.8078767090046313,ok,,0.0003393325726051,0.0580563751594733,0.0544840420888056,0.0013159537627324,0.9995992703425524,0.9918612652341924,0.0014335785640518,0.4004419518754742,0.000385752001962,0.0005898339495879,0.999959806723294,0.9308257794753724,0.1242887011700413,1.0
2,1,4D-E-07794d5e4bbe,4D,4D-E,equal_total,32,joint-property-residual,standardized_anomaly,"[64, 48]",2.0,"[1.0, 1.0]",181060,0.7412303750024876,1.198571749999246,ok,,0.0004967940852541,0.0834041414622963,0.0797816167418678,0.0019269664056351,0.9992777786074716,0.987329839336754,0.001484122298493,0.414495974105111,0.0003993561922722,0.0006106354315265,0.9999581081037258,0.928535629471378,0.1349918452908353,1.0
2,1,4D-C-3fe7ec5ee326,4D,4D-C,equal_total,32,joint,standardized_anomaly,"[64, 48]",2.0,"[1.0, 0.5]",207812,0.4746216249986901,0.7866125829968951,ok,,0.000814452212093,0.1343764161095214,0.1308184860363302,0.0031596605599466,0.9980818721679872,0.9637337085563796,0.0013665841718556,0.381718050632952,0.0003677258464988,0.0005622710635402,0.99996240865029,0.9357411399633938,0.1415892606206467,1.0
2,1,4D-C-5b31da2b924b,4D,4D-C,equal_total,32,joint,standardized_anomaly,"[64, 48]",2.0,"[1.0, 2.0]",207812,0.3932072090028669,0.6777325410002959,ok,,0.0008406103217444,0.1375381354435267,0.1350227105008383,0.0032612052470023,0.9976371105251806,0.965006690292118,0.0013485928841191,0.3767199867533845,0.0003628830911362,0.0005548662503237,0.9999642665067624,0.9373499101129044,0.1407699554986,1.0
2,1,3D-independent-7db5f3bc9ad5,3D,3D-independent,equal_total,32,independent,raw_minmax,"[80, 48]",,"[1.0, 1.0]",149728,0.2717180830004508,0.5435976669978118,ok,,0.0002737495427722,0.0466835779948068,0.0439594173657797,0.0010617523677067,0.999740079003966,0.9943318584416788,0.0012835262496964,0.3589028270302645,0.0003453565578569,0.0005280673113833,0.9999696573605572,0.936075269775262,0.1100957102291502,1.0
2,1,4D-A-9e409054ed54,4D,4D-A,equal_total,32,joint,raw_minmax,"[80, 48]",2.0,"[1.0, 1.0]",259188,0.4802450409988523,0.7748073750044568,ok,,0.0001802954670295,0.0314185106068832,0.0289421082515412,0.0006990391093404,0.999666942658458,0.9966639452308768,0.0017177309673147,0.4802109924207669,0.0004621965125873,0.0007067213990297,0.999908658396918,0.87353074688459,0.1441330392424791,1.0
2,1,4D-B-2fb1b6b4a839,4D,4D-B,equal_total,32,shared-independent,raw_minmax,"[80, 48]",,"[1.0, 1.0]",136304,0.3198894579982152,0.6172698330046842,ok,,0.0003091706594873,0.0529377412567423,0.0496432011501562,0.0011990328698658,0.9994966144806569,0.9922698763008194,0.0015463760736218,0.4322389009894614,0.000416090846579,0.0006362235482299,0.9999136052838066,0.8887349101805008,0.1361685622513859,1.0
2,1,3D-independent-dbbd1a2865ca,3D,3D-independent,equal_total,32,independent,mean_centered,"[80, 48]",,"[1.0, 1.0]",149728,0.2751881659933133,0.561990665999474,ok,,0.0002762907727084,0.0473150360053167,0.0443663263609112,0.0010715804458504,0.9997287605434794,0.9944700276611554,0.001294938840225,0.3620779868798993,0.0003484280762347,0.0005327638153724,0.9999628063238668,0.932285643560734,0.1115037968185678,1.0
2,1,4D-A-85017caccbe9,4D,4D-A,equal_total,32,joint,mean_centered,"[80, 48]",2.0,"[1.0, 1.0]",259188,0.4199744580037077,0.7029582499962999,ok,,8.162421205570392e-05,0.0140481581794993,0.0131035829307547,0.0003164910054745,0.9999304320346968,0.999316504361232,0.0179400842521969,5.011229120436414,0.0048274552858919,0.0073814186400955,0.9864851783916196,0.4091806713352658,1.330257172691916,1.0
2,1,4D-B-4bb821f89672,4D,4D-B,equal_total,32,shared-independent,mean_centered,"[80, 48]",,"[1.0, 1.0]",136304,0.2506248749996302,0.5236777090030955,ok,,0.000277172398023,0.0474747868871079,0.0445079848027241,0.0010750019240003,0.9997195984400687,0.9944214438915748,0.0175223567586816,4.894356298452679,0.004715050491835,0.0072095461331638,0.9869683818734564,0.4940889582017966,1.2993939710732751,1.0
2,1,3D-independent-3e92f69676cb,3D,3D-independent,equal_total,32,independent,ensemble_anomaly,"[80, 48]",,"[1.0, 1.0]",149728,0.2762900839952635,0.557813208004518,ok,,0.0002837824856361,0.0478422687908119,0.0455775157922659,0.0011008343196172,0.9997104652367058,0.9940495976224788,0.0013996105544999,0.3910271515872628,0.000376608657258,0.0005758533219003,0.9999608754358048,0.9334119991616148,0.118784655496507,1.0
2,1,4D-A-8bea2cabc037,4D,4D-A,equal_total,32,joint,ensemble_anomaly,"[80, 48]",2.0,"[1.0, 1.0]",259188,0.3875795409985585,0.6802614999978687,ok,,5.665087047519888e-05,0.0099584832667779,0.009093103463902,0.0002196258438155,0.9999714210471836,0.9996746717069313,0.0029390676627689,0.8203247627271187,0.0007908832438668,0.0012092997185242,0.9998783281397472,0.8598815631726303,0.2251262821385289,1.0
2,1,4D-B-2828b82824ed,4D,4D-B,equal_total,32,shared-independent,ensemble_anomaly,"[80, 48]",,"[1.0, 1.0]",136304,0.2526161669957218,0.5194292499945732,ok,,0.0002837824539555,0.04784226360545,0.045577510713855,0.0011008341969583,0.9997104654936214,0.994049601557628,0.0014191979040302,0.3964967048874386,0.0003818795280648,0.0005839127448713,0.9999583420349708,0.9305692015785532,0.1205073917311995,1.0
2,1,3D-independent-86c75f98455a,3D,3D-independent,equal_total,32,independent,standardized_anomaly,"[80, 48]",,"[1.0, 1.0]",149728,0.2486895839974749,0.5293697500019334,ok,,0.0002837824856361,0.0478422687908067,0.045577515792258,0.001100834319617,0.9997104652367028,0.9940495976224734,0.0013996105544999,0.3910271515872627,0.000376608657258,0.0005758533219003,0.9999608754358048,0.9334119991616152,0.1187846554965062,1.0
2,1,4D-A-4ea76ef087a9,4D,4D-A,equal_total,32,joint,standardized_anomaly,"[80, 48]",2.0,"[1.0, 1.0]",259188,0.3563463750033406,0.632933041000797,ok,,0.0007612320730129,0.1254819865601592,0.1222724502426409,0.0029532480485396,0.9982604453570588,0.9698548027876692,0.0013648496325519,0.3812296509020763,0.0003672592790518,0.0005615576587656,0.9999633983137076,0.9367545297121852,0.138351742803077,1.0
2,1,4D-B-934096b5cda8,4D,4D-B,equal_total,32,shared-independent,standardized_anomaly,"[80, 48]",,"[1.0, 1.0]",136304,0.2590083750037593,0.5481891669987817,ok,,0.0003139413079413,0.0530026817464699,0.0504188154272328,0.0012177662913818,0.9994827013326812,0.9921956507605122,0.0013953801776187,0.3898533453796835,0.0003754699575412,0.0005741121935382,0.999960887062416,0.9336437198993024,0.1199840854490615,1.0
2,1,4D-A-b80c4d29ed28,4D,4D-A,equal_total,32,joint,standardized_anomaly,"[80, 48]",1.0,"[1.0, 1.0]",136306,0.2653810000047087,0.5430998750016443,ok,,0.0047278830558283,0.7893730922613651,0.7592148613591313,0.0183373262192896,0.9730544328357328,0.7449348936956488,0.0021944490928312,0.6126486953696664,0.0005905108454447,0.0009029203801188,0.998922702153438,0.634364649014157,0.4280930040690321,1.0
2,1,4D-D-2ecf0e4138e3,4D,4D-D,equal_total,32,partial-spatial,standardized_anomaly,"[80, 48]",,"[1.0, 1.0]",163152,0.3881442909987527,0.7640906250016997,ok,,0.0003038060741102,0.051347361568649,0.0487922604107089,0.0011784800873444,0.9996874960026302,0.9932507699968296,0.0013993197819875,0.3909462680215207,0.0003765303573549,0.0005757335974637,0.9999607752716084,0.9333034860872343,0.1197541253870344,1.0
2,1,4D-E-4f4328240852,4D,4D-E,equal_total,32,joint-property-residual,standardized_anomaly,"[80, 48]",2.0,"[1.0, 1.0]",224596,0.4821192090021213,0.8587814160055132,ok,,0.0004985272740963,0.0836332859187948,0.0800487380900177,0.0019334181909602,0.999316412973972,0.9870631720329572,0.0014046254099566,0.3923114844636247,0.0003779638989253,0.0005779255536481,0.9999600292163676,0.9345851013367384,0.1287801584243929,1.0
2,1,4D-C-44adce3e7a5f,4D,4D-C,equal_total,32,joint,standardized_anomaly,"[80, 48]",2.0,"[1.0, 0.5]",259188,0.3617377920018043,0.6363887080005952,ok,,0.0007998682567703,0.1318522643306916,0.1284774689229317,0.0031031179437806,0.9982583506265936,0.9658222959424964,0.0013685894579417,0.382274075601585,0.0003682657051563,0.0005630965342119,0.9999631114472032,0.936291067955001,0.1407674144958819,1.0
2,1,4D-C-1150f24dbbfa,4D,4D-C,equal_total,32,joint,standardized_anomaly,"[80, 48]",2.0,"[1.0, 2.0]",259188,0.3607945830008248,0.633335917002114,ok,,0.0008196315434202,0.1344939683321749,0.1316490585803373,0.003179721389184,0.9979846448919848,0.9677745106765652,0.0013519338214559,0.3776506379594965,0.0003637822615862,0.000556241126553,0.9999642007183732,0.9371868553565228,0.1399159808187819,1.0
2,1,3D-independent-82249d692984,3D,3D-independent,equal_per_property,64,independent,raw_minmax,"[64, 48]",,"[1.0, 1.0]",219008,0.2085955000002286,0.4904623340044054,ok,,0.0001610525607905,0.0276555931046421,0.025855284329295,0.0006244830118183,0.9997063192495652,0.9972156759469458,0.0009511698296817,0.2661379098467607,0.000255921654016,0.0003913169062132,0.9999771825429512,0.9597712661548802,0.0788250079751224,1.0
2,1,4D-A-63bd70d89f36,4D,4D-A,equal_per_property,64,joint,raw_minmax,"[64, 48]",2.0,"[1.0, 1.0]",404420,0.2959420830011368,0.5721084580000024,ok,,0.0003483004019735,0.0597445113419088,0.0559137039084627,0.0013504844028774,0.9987481273950122,0.987676859526154,0.0041460319600644,1.1581340375169165,0.0011156422503699,0.0017058723519668,0.9992368822681544,0.7028376090246601,0.3431553286458545,1.0
2,1,4D-B-49fc67f13645,4D,4D-B,equal_per_property,64,shared-independent,raw_minmax,"[64, 48]",,"[1.0, 1.0]",207808,0.2138252080039819,0.5003794170042966,ok,,0.0003473435644954,0.0596103107509069,0.0557598694624467,0.0013467688375428,0.9987493584116256,0.987676641882992,0.0041304990474421,1.1537968949472177,0.0011114624509589,0.0016994812312919,0.9992372987725098,0.7061108658669085,0.3416283629557936,1.0
2,1,3D-independent-64af48d38810,3D,3D-independent,equal_per_property,64,independent,mean_centered,"[64, 48]",,"[1.0, 1.0]",219008,0.2017776249995222,0.4879431660010596,ok,,0.0001722323579673,0.0295511098092775,0.0276499571381371,0.0006678297670355,0.9996816209312196,0.9969494005483251,0.0010786306054837,0.301634032321014,0.0002902258117142,0.0004437696652903,0.9999541763302876,0.9387766905562122,0.0908305241445057,1.0
2,1,4D-A-fbc2ac4d32c8,4D,4D-A,equal_per_property,64,joint,mean_centered,"[64, 48]",2.0,"[1.0, 1.0]",404420,0.322800540998287,0.6027915000013309,ok,,0.000173365852733,0.029742460027861,0.0278319431731045,0.0006722252780567,0.999673694262336,0.996916279307152,0.0355313861140177,9.924559197367095,0.0095610626572021,0.0146193391626525,0.9472414365276663,0.3244846982318077,2.5734002921563697,1.0
2,1,4D-B-6a56509ea188,4D,4D-B,equal_per_property,64,shared-independent,mean_centered,"[64, 48]",,"[1.0, 1.0]",207808,0.2335713749998831,0.5159386250015814,ok,,0.0001745848806496,0.0299784489517246,0.0280275302336502,0.000676949294822,0.9996724738560742,0.9968616804639072,0.0354793429231458,9.91004735799919,0.0095470577882369,0.0145979250231711,0.9473435024010336,0.34436416875314,2.567353220585598,1.0
2,1,3D-independent-5a93f5036396,3D,3D-independent,equal_per_property,64,independent,ensemble_anomaly,"[64, 48]",,"[1.0, 1.0]",219008,0.2203044159978162,0.5117928749968996,ok,,0.0001362445752812,0.0236655251867318,0.0218715415729412,0.0005282636222686,0.9998114832337522,0.998217407942934,0.0010248843424943,0.2864401117204156,0.0002757704699989,0.0004216667306245,0.9999678751149216,0.955810022560758,0.0832729804138253,1.0
2,1,4D-A-cbe030d90365,4D,4D-A,equal_per_property,64,joint,ensemble_anomaly,"[64, 48]",2.0,"[1.0, 1.0]",404420,0.307564957998693,0.586823750003532,ok,,0.0001339825473569,0.0232400296408064,0.0215086001125213,0.000519497492551,0.9998135093321152,0.9982913050020116,0.0024577511359813,0.6857991351320601,0.000661371314429,0.0010112695528465,0.9998745037271676,0.8754505233893303,0.1930420626442989,1.0
2,1,4D-B-6939f5acac9e,4D,4D-B,equal_per_property,64,shared-independent,ensemble_anomaly,"[64, 48]",,"[1.0, 1.0]",207808,0.2164019589981762,0.4913849579970701,ok,,0.0001362441075377,0.0236654414662006,0.021871466544732,0.0005282618101113,0.9998114838065764,0.9982174205838416,0.0010829878262681,0.3025713083913428,0.0002914099574531,0.000445580282875,0.9999573936706546,0.9494100235227048,0.0881057569510675,1.0
2,1,3D-independent-7a2c6100f5cb,3D,3D-independent,equal_per_property,64,independent,standardized_anomaly,"[64, 48]",,"[1.0, 1.0]",219008,0.2009834589989623,0.4854400000040186,ok,,0.0001362445752814,0.0236655251867635,0.0218715415729683,0.0005282636222693,0.9998114832337842,0.9982174079429278,0.0010248843424942,0.2864401117204054,0.0002757704699989,0.0004216667306245,0.9999678751149216,0.9558100225607556,0.0832729804138318,1.0
2,1,4D-A-c45120ace2c4,4D,4D-A,equal_per_property,64,joint,standardized_anomaly,"[64, 48]",2.0,"[1.0, 1.0]",404420,0.2941238330022315,0.5829154159946484,ok,,0.0006885328302138,0.1239421844567185,0.1105050969891098,0.0026690310154835,0.9976768987849876,0.9688993120195808,0.0009284452948111,0.2594151691098967,0.0002498264613055,0.0003819970541537,0.9999746358430284,0.9624267764865518,0.1044235773283872,1.0
2,1,4D-B-f843c8275099,4D,4D-B,equal_per_property,64,shared-independent,standardized_anomaly,"[64, 48]",,"[1.0, 1.0]",207808,0.2063351249962579,0.4998417079987121,ok,,0.0002158755298461,0.0361760076348754,0.0346663163591381,0.0008372959806932,0.9994865450603048,0.995479522605465,0.0010129457366005,0.2831035212059025,0.0002725584290163,0.0004167553606009,0.9999678651610274,0.9556477564507084,0.0859289723281728,1.0
2,1,4D-A-102750e40079,4D,4D-A,equal_per_property,64,joint,standardized_anomaly,"[64, 48]",1.0,"[1.0, 1.0]",207810,0.2066132920008385,0.4992631249988335,ok,,0.0048659593666703,0.8138036934638798,0.7813801831167817,0.0188726855181025,0.9718480167417726,0.7272053250107461,0.0020375389933373,0.5687983167916596,0.0005482913535667,0.0008383646823718,0.9989318479544548,0.6493764040140109,0.4235777864357902,1.0
2,1,4D-D-ff94f89c821d,4D,4D-D,equal_per_property,64,partial-spatial,standardized_anomaly,"[64, 48]",,"[1.0, 1.0]",230208,0.3752123750018654,0.7445519999964745,ok,,8.889240800013472e-05,0.0159467093263738,0.0142678411392874,0.0003446113488186,0.9999508538865006,0.99918819689836,0.0012232118910179,0.341810107843066,0.0003291414391863,0.0005032735904437,0.9999632864011204,0.9431321736011552,0.0966491579799205,1.0
2,1,4D-E-0ed2b1a0be64,4D,4D-E,equal_per_property,64,joint-property-residual,standardized_anomaly,"[64, 48]",2.0,"[1.0, 1.0]",328516,0.6095242079973104,1.07355687499512,ok,,0.0005992975255147,0.097643113207455,0.0962782392168949,0.0023254095384519,0.9986654845042964,0.979894221689488,0.0013328230714836,0.3722964986129682,0.0003586407769102,0.0005483795413953,0.9999638495814256,0.9375695915197348,0.1278019263039529,1.0
2,1,4D-C-e7705bff9f37,4D,4D-C,equal_per_property,64,joint,standardized_anomaly,"[64, 48]",2.0,"[1.0, 0.5]",404420,0.3178124999976717,0.657307542001945,ok,,0.0007213248981588,0.1308331928749139,0.1157659070258942,0.002796095427328,0.9975290343895998,0.9677197406899049,0.0009277911715944,0.2592427885975453,0.0002496501963441,0.0003817275362827,0.9999738410615052,0.9622546967968274,0.1062721906822733,1.0
2,1,4D-C-07c1f38e4371,4D,4D-C,equal_per_property,64,joint,standardized_anomaly,"[64, 48]",2.0,"[1.0, 2.0]",404420,0.3117354999994859,0.6121701669981121,ok,,0.0007130839363008,0.1265317938749357,0.1144658349766081,0.0027646947705579,0.9975409809863268,0.9667423384737116,0.0009280631356342,0.259316227595443,0.0002497232261526,0.0003818392024831,0.999974515295412,0.9634011330441404,0.1051940714278631,1.0
2,1,3D-independent-fa9b36e31dc0,3D,3D-independent,equal_per_property,64,independent,raw_minmax,"[80, 48]",,"[1.0, 1.0]",272608,0.2163785419979831,0.5120629169978201,ok,,6.671814622943775e-05,0.0115758112821956,0.0107097090504424,0.0002586717391438,0.9999542734931004,0.999531984802501,0.0009515010093189,0.2662334345857397,0.0002560105640555,0.0003914528540747,0.999977453024824,0.9601133963870968,0.0744966388182841,1.0
2,1,4D-A-4f7fd7861b3e,4D,4D-A,equal_per_property,64,joint,raw_minmax,"[80, 48]",2.0,"[1.0, 1.0]",504948,0.3513973750013974,0.638810000004014,ok,,0.0001615379474886,0.0278356681047387,0.0259320597336782,0.0006263373691385,0.9996910921757132,0.9972795046120342,0.0013486971390369,0.3770070801686271,0.0003628998572698,0.0005548918865738,0.9999189888801284,0.9043509167279856,0.113506884400839,1.0
2,1,4D-B-51546c614bcf,4D,4D-B,equal_per_property,64,shared-independent,raw_minmax,"[80, 48]",,"[1.0, 1.0]",259184,0.2189842090010643,0.513956374998088,ok,,0.000159228047229,0.0275098661599636,0.0255607064049726,0.000617368067459,0.9996941639709928,0.997310087002257,0.0012912693466414,0.3609806480093371,0.000347446585998,0.0005312630681051,0.9999194609670804,0.9103566369965636,0.1086642880424726,1.0
2,1,3D-independent-5cbc421a2b78,3D,3D-independent,equal_per_property,64,independent,mean_centered,"[80, 48]",,"[1.0, 1.0]",272608,0.2171596670013968,0.4976069999975152,ok,,7.519073120659135e-05,0.0130297953036005,0.0120696248632268,0.0002915178030962,0.9999423661241637,0.999417188303557,0.0009687467768451,0.2710292852865916,0.0002606520947175,0.0003985499847406,0.9999731865944694,0.9568736076073338,0.0764784206586867,1.0
2,1,4D-A-a9f18b485be4,4D,4D-A,equal_per_property,64,joint,mean_centered,"[80, 48]",2.0,"[1.0, 1.0]",504948,0.3291000829995028,0.6517603339962079,ok,,7.877990290362146e-05,0.0135075075885735,0.0126471553140613,0.0003054669034333,0.9999325176526672,0.999371377929062,0.0176129216443673,4.919580766769612,0.0047394241848807,0.0072468147190999,0.9868616910365288,0.4694895354731556,1.2996644544142693,1.0
2,1,4D-B-be3ed22367d4,4D,4D-B,equal_per_property,64,shared-independent,mean_centered,"[80, 48]",,"[1.0, 1.0]",259184,0.2585855409997748,0.5999932080012513,ok,,8.156152431948406e-05,0.0140370451059095,0.0130935241461089,0.0003162480555208,0.99993051521497,0.999317187028387,0.0175005729605605,4.888266333812545,0.0047091892321162,0.0072005839762549,0.9869990628512628,0.497245222935975,1.2885055434840684,1.0
2,1,3D-independent-44372d7b9669,3D,3D-independent,equal_per_property,64,independent,ensemble_anomaly,"[80, 48]",,"[1.0, 1.0]",272608,0.2107608329970389,0.4944125830006669,ok,,5.664122458282416e-05,0.0099568112263081,0.0090915494319017,0.0002195883092608,0.9999714027441536,0.99967480297201,0.0010265347515091,0.2869020563778955,0.0002762143883266,0.000422345503772,0.9999678598056526,0.9557711676887214,0.0797839705684595,1.0
2,1,4D-A-abc62af84685,4D,4D-A,equal_per_property,64,joint,ensemble_anomaly,"[80, 48]",2.0,"[1.0, 1.0]",504948,0.3442275420020451,0.6418238339974778,ok,,5.0560280117866894e-05,0.0088293353777261,0.0081156865610141,0.0001960182809072,0.999974436993793,0.999753808905142,0.0025088335677161,0.7000999099231436,0.0006751132910794,0.0010322817169356,0.9998870140870936,0.8857105309305099,0.1915492688457609,1.0
2,1,4D-B-643a4d560541,4D,4D-B,equal_per_property,64,shared-independent,ensemble_anomaly,"[80, 48]",,"[1.0, 1.0]",259184,0.219499334001739,0.5182927920031943,ok,,5.664030896171311e-05,0.0099566366417297,0.0090914024984405,0.0002195847603751,0.999971403801188,0.9996748157003956,0.0010651504094319,0.2976583617988623,0.0002866072909518,0.0004382367675164,0.9999634637183428,0.951879367560724,0.082959476702508,1.0
2,1,3D-independent-11e1b067c3e2,3D,3D-independent,equal_per_property,64,independent,standardized_anomaly,"[80, 48]",,"[1.0, 1.0]",272608,0.2104509999990114,0.5062938750052126,ok,,5.664122458297313e-05,0.0099568112263527,0.0090915494319255,0.0002195883092614,0.9999714027441504,0.9996748029720024,0.0010265347515091,0.2869020563778962,0.0002762143883266,0.000422345503772,0.9999678598056524,0.9557711676887216,0.0797839705684717,1.0
2,1,4D-A-3bf6b15a532d,4D,4D-A,equal_per_property,64,joint,standardized_anomaly,"[80, 48]",2.0,"[1.0, 1.0]",504948,0.3306110830017132,0.6294554159976542,ok,,0.000678894318132,0.1230138997370549,0.1089481417992243,0.0026314258569456,0.9978796032780082,0.9709437802999084,0.0009327793655101,0.2606280948207483,0.0002509925105992,0.0003837800013758,0.999974612039596,0.9626297812309864,0.1042138034480889,1.0
2,1,4D-B-3ee6d3ebd2d3,4D,4D-B,equal_per_property,64,shared-independent,standardized_anomaly,"[80, 48]",,"[1.0, 1.0]",259184,0.2188393340038601,0.5060668340011034,ok,,0.0001445275494861,0.0246488117141652,0.0232053312332304,0.0005604786609269,0.999753024720336,0.997830286695732,0.001015898630249,0.2839291442638333,0.0002733527990569,0.0004179699918046,0.9999678198764592,0.9557531198469814,0.0829465631766604,1.0
2,1,4D-A-0bf051d8d579,4D,4D-A,equal_per_property,64,joint,standardized_anomaly,"[80, 48]",1.0,"[1.0, 1.0]",259186,0.2065477079959237,0.4921789579966571,ok,,0.0048627060063601,0.8132588186634021,0.7808577708409374,0.0188600676877482,0.9719223992759188,0.7286637919358298,0.002039090591421,0.5692315508536979,0.0005487088824268,0.000839003104714,0.9989307122581657,0.6489773993991195,0.4234174434624063,1.0
2,1,4D-D-e24c5d642104,4D,4D-D,equal_per_property,64,partial-spatial,standardized_anomaly,"[80, 48]",,"[1.0, 1.0]",286032,0.3907952919980744,0.7380832089984324,ok,,8.15732805587812e-05,0.0147057752995062,0.0130928548782937,0.0003162318906867,0.9999616157144928,0.999295103027607,0.0012276397680513,0.3430455259123267,0.0003303329471955,0.000505095465305,0.999963022846346,0.9430013894820998,0.0966507637392448,1.0
2,1,4D-E-6ca320f290f9,4D,4D-E,equal_per_property,64,joint-property-residual,standardized_anomaly,"[80, 48]",2.0,"[1.0, 1.0]",408916,0.6410856659931596,1.1123552919962094,ok,,0.0004500498418295,0.0741148915144154,0.072289199464364,0.0017460019556733,0.9992388906655476,0.9866818619360485,0.0013151722709652,0.3673790838501443,0.0003538904834497,0.0005411161070145,0.999963875432346,0.9388072931934652,0.1196873494499507,1.0
2,1,4D-C-4e04f7cc08d6,4D,4D-C,equal_per_property,64,joint,standardized_anomaly,"[80, 48]",2.0,"[1.0, 0.5]",504948,0.40472087499802,0.7301132499997038,ok,,0.0007063005967756,0.1285367766769247,0.1133495346070313,0.0027377327535091,0.9977817731643188,0.9713028309003402,0.0009394795166462,0.262507002124682,0.0002527952795441,0.0003865365245347,0.999975249824416,0.9628803211328092,0.105988050696258,1.0
2,1,4D-C-f8d668c31c07,4D,4D-C,equal_per_property,64,joint,standardized_anomaly,"[80, 48]",2.0,"[1.0, 2.0]",504948,0.3269548329990357,0.6322122919955291,ok,,0.0006986824062589,0.1247206572286264,0.1121525716443103,0.0027088224918204,0.9978591427822509,0.9680695974206274,0.0009391526177145,0.2624148921084535,0.0002527071969743,0.0003864018419153,0.9999748011121328,0.9635568619137737,0.1053305799174698,1.0
2,1,3D-current-e419eaac8e1a,3D,3D-current,equal_total,32,legacy-independent,raw_minmax,"[48, 48]",,"[1.0, 1.0]",117216,4.27025041700108,4.548502833000384,ok,,0.0009594896649364,0.1647916986455072,0.1540234360882984,0.0037201300141976,0.9948628428457535,0.9438018669877142,0.0013037865251417,0.3645420584778362,0.0003508091548592,0.0005364046027235,0.999966739293722,0.9323134806001095,0.1478190208323578,1.0
2,1,4D-A-current-205a30146a4e,4D,4D-A-current,equal_total,32,legacy-joint,raw_minmax,"[48, 48]",2.0,"[1.0, 1.0]",181972,5.382048083993141,5.665041583000857,ok,,0.0021515800131867,0.3676600339826174,0.3454328730701217,0.0083432445842982,0.9789731257037184,0.8110146346528982,0.0156789472122153,4.379492124399573,0.0042190105299529,0.0064510764210632,0.9905620602548276,0.4572619615473022,1.2782534650705226,1.0
2,1,3D-current-5e7711139fcb,3D,3D-current,equal_per_property,64,legacy-independent,raw_minmax,"[48, 48]",,"[1.0, 1.0]",216480,4.103920749999816,4.391373749997001,ok,,0.0009342679768056,0.1602976487421423,0.1499733456507748,0.0036223081282594,0.994946590434631,0.9474872889695332,0.0009782666914617,0.2736669208776434,0.0002632150668934,0.0004024688963561,0.9999741988784536,0.9560025782824048,0.1205549089984541,1.0
2,1,4D-A-current-43ce2f360e5a,4D,4D-A-current,equal_per_property,64,legacy-joint,raw_minmax,"[48, 48]",2.0,"[1.0, 1.0]",354964,6.046491332999722,6.329868417000398,ok,,0.0021503593523517,0.3674283441674222,0.3452369919376354,0.0083385134648096,0.9789642783444824,0.8114068838257004,0.0156446426430924,4.369885369761957,0.0042097811404465,0.0064369642266037,0.9905399670992286,0.4594326877501156,1.2754734820353677,1.0
2,2,3D-independent-e9bc2b1d9158,3D,3D-independent,equal_total,32,independent,raw_minmax,"[64, 48]",,"[1.0, 1.0]",120704,0.2443971249958849,0.5138292089977767,ok,,0.0003389162855912,0.056843866499216,0.0542955611292039,0.0013114004130918,0.999449082177296,0.9882137496419822,0.0013097246499216,0.4272402835061857,0.000352356239248,0.0005387701715106,0.9999608608796796,0.9349100073044508,0.1306305678830463,1.0
2,2,4D-A-c5fc8bd2cb2c,4D,4D-A,equal_total,32,joint,raw_minmax,"[64, 48]",2.0,"[1.0, 1.0]",207812,0.3324383329963893,0.5973367499973392,ok,,0.0003453697754237,0.0564866725691276,0.0552795974283796,0.0013351678368442,0.9988410638133536,0.9843619133755525,0.0042952065844292,1.4114157168140968,0.0011554137535013,0.0017666849534665,0.999205561252745,0.6967984092617877,0.4068305570161385,1.0
2,2,4D-B-f835e7c8452f,4D,4D-B,equal_total,32,shared-independent,raw_minmax,"[64, 48]",,"[1.0, 1.0]",109504,0.2474702079998678,0.5106639160003397,ok,,0.0004432146095864,0.0733079363635843,0.0709684756554818,0.0017141012332412,0.9986350083334912,0.9779019889125538,0.0041958082765651,1.3799598855940023,0.001128663481287,0.0017257824600705,0.9992142913730232,0.7045691032201226,0.4030080689728121,1.0
2,2,3D-independent-7cc1fb3009e2,3D,3D-independent,equal_total,32,independent,mean_centered,"[64, 48]",,"[1.0, 1.0]",120704,0.2372452080016955,0.5035169580005459,ok,,0.0003434968865185,0.0579213300379348,0.0550310779297826,0.0013291653466527,0.9994105585951792,0.9879170374114038,0.0013825238662374,0.451699728640018,0.000371933378826,0.0005687045892199,0.999942006393314,0.919924419009424,0.1389250826168847,1.0
2,2,4D-A-a8d848e0bd2f,4D,4D-A,equal_total,32,joint,mean_centered,"[64, 48]",2.0,"[1.0, 1.0]",207812,0.3371618329983903,0.6106270420059445,ok,,0.0001673863188259,0.0281900340384897,0.0267993231806128,0.0006472839171144,0.999710904117008,0.9963100139278628,0.035741989181863,11.761683614896198,0.0096144380367231,0.0147009527660907,0.9496374313584806,0.3188940515769858,3.033067904045566,1.0
2,2,4D-B-2e139466dc24,4D,4D-B,equal_total,32,shared-independent,mean_centered,"[64, 48]",,"[1.0, 1.0]",109504,0.3534678330033785,0.6298345410032198,ok,,0.0003447549505601,0.0580293961655058,0.0552317410683846,0.0013340119624235,0.9993998576327732,0.9878001716542788,0.0355043052884208,11.680273253602875,0.0095505410104786,0.0146032510427943,0.9499006398790164,0.3713917413352636,3.0146766733184025,1.0
2,2,3D-independent-34daa9e6fa18,3D,3D-independent,equal_total,32,independent,ensemble_anomaly,"[64, 48]",,"[1.0, 1.0]",120704,0.2510208750027232,0.5443032499970286,ok,,0.0002888143761576,0.0466089692433492,0.0462019788776249,0.0011159161619417,0.9995928285012716,0.9928358711398864,0.0014339190864975,0.4676472669329088,0.0003857654218605,0.0005898544692785,0.9999534305218636,0.9335492072666826,0.1377659242432434,1.0
2,2,4D-A-63c64c98502f,4D,4D-A,equal_total,32,joint,ensemble_anomaly,"[64, 48]",2.0,"[1.0, 1.0]",207812,0.5000329999966198,0.798048791999463,ok,,0.0001469705306745,0.0245594396154835,0.0235306497492775,0.0005683356642744,0.9997974524406216,0.9975036230712138,0.0031804094304745,1.0475590092155609,0.0008555095772021,0.0013081165885461,0.9998701321789998,0.8414915274871676,0.2881552183879634,1.0
2,2,4D-B-852478df5431,4D,4D-B,equal_total,32,shared-independent,ensemble_anomaly,"[64, 48]",,"[1.0, 1.0]",109504,0.3329652080064988,0.6233223750023171,ok,,0.0002888135220068,0.0466088323245961,0.0462018414813439,0.00111591284341,0.9995928323263682,0.9928359084954992,0.001471086572877,0.4785560840039811,0.0003957762460991,0.0006051615162134,0.9999417817460724,0.9277072139482844,0.1412233387766713,1.0
2,2,3D-independent-629bdce16d73,3D,3D-independent,equal_total,32,independent,standardized_anomaly,"[64, 48]",,"[1.0, 1.0]",120704,0.2976969169976655,0.5844062910036882,ok,,0.0002888143761576,0.0466089692433388,0.0462019788776124,0.0011159161619414,0.9995928285012852,0.9928358711398896,0.0014339190864975,0.4676472669329063,0.0003857654218605,0.0005898544692785,0.9999534305218636,0.9335492072666816,0.1377659242432399,1.0
2,2,4D-A-06f4272272b6,4D,4D-A,equal_total,32,joint,standardized_anomaly,"[64, 48]",2.0,"[1.0, 1.0]",207812,0.3987887920011417,0.6915562499998487,ok,,0.0007539540677304,0.1367048442905228,0.1207160474253035,0.0029156540823593,0.9979550272716816,0.962387047765596,0.0013339303865151,0.435119839044249,0.0003588711991688,0.0005487318684608,0.9999604791198388,0.9409907385742688,0.1550339475412099,1.0
2,2,4D-B-17b80d300b68,4D,4D-B,equal_total,32,shared-independent,standardized_anomaly,"[64, 48]",,"[1.0, 1.0]",109504,0.2452626250014873,0.5376992500023334,ok,,0.0003430402461392,0.0524789359983053,0.0548372145694747,0.0013244829658926,0.9990622527076432,0.988159458354182,0.0014220100695094,0.4638537247701491,0.0003825605978009,0.0005849541342881,0.9999533991277768,0.934015183535719,0.1388113349558759,1.0
2,2,4D-A-4681118648ec,4D,4D-A,equal_total,32,joint,standardized_anomaly,"[64, 48]",1.0,"[1.0, 1.0]",109506,0.3273730000000796,0.6170540829989477,ok,,0.0042481215900789,0.6600983329401154,0.6792691596227151,0.0164063845736851,0.980618688006606,0.7448544361728832,0.0022647765057404,0.7473335917425344,0.0006091707112128,0.0009314522406635,0.9971149802818332,0.5371149781806189,0.4416118043764747,1.0
2,2,4D-D-9e53fbf0a6d8,4D,4D-D,equal_total,32,partial-spatial,standardized_anomaly,"[64, 48]",,"[1.0, 1.0]",131904,0.4242467500007478,0.8071757500001695,ok,,0.0003124076246332,0.0500171084325913,0.0499740149800006,0.0012070221308271,0.9996087085270148,0.9920460716668212,0.0014673621546264,0.4786947586744736,0.0003947641194014,0.0006036139242773,0.999953806530474,0.928812030247185,0.1420707040375154,1.0
2,2,4D-E-07794d5e4bbe,4D,4D-E,equal_total,32,joint-property-residual,standardized_anomaly,"[64, 48]",2.0,"[1.0, 1.0]",181060,0.4574537500011502,0.8450523750070715,ok,,0.0005963809606252,0.106837479050121,0.0954959714698523,0.0023065137154795,0.998993145268672,0.9747628071813468,0.0014315788051918,0.4673179160801521,0.0003851341518519,0.0005888892261157,0.9999545608399112,0.931134693252754,0.1553016612283057,1.0
2,2,4D-C-3fe7ec5ee326,4D,4D-C,equal_total,32,joint,standardized_anomaly,"[64, 48]",2.0,"[1.0, 0.5]",207812,0.3633237080066465,0.6480440000013914,ok,,0.0007670889354681,0.1441763683041361,0.1228289595969365,0.0029666872393445,0.99806423719836,0.9641934392661146,0.0013301119770132,0.4337187441173205,0.0003578457132097,0.0005471638495511,0.9999601578364736,0.939698219579601,0.1564873207496497,1.0
2,2,4D-C-5b31da2b924b,4D,4D-C,equal_total,32,joint,standardized_anomaly,"[64, 48]",2.0,"[1.0, 2.0]",207812,0.3601721250015544,0.6411648749999586,ok,,0.0008845535366581,0.1609382880685279,0.141608356991839,0.0034202659295561,0.9970580325206416,0.9512273604343076,0.0013225465460602,0.4314090535140439,0.0003558061127499,0.000544045199256,0.9999607215547636,0.9424304080030892,0.1613796143409683,1.0
2,2,3D-independent-7db5f3bc9ad5,3D,3D-independent,equal_total,32,independent,raw_minmax,"[80, 48]",,"[1.0, 1.0]",149728,0.2507085830002324,0.5228656249964843,ok,,0.0003191319577741,0.0534871079628487,0.0511333233891766,0.0012350229009652,0.999584707360706,0.989957178503804,0.0013101325310651,0.4273376549468444,0.0003524663020945,0.0005389384630635,0.9999610574025628,0.9351754128877006,0.1295646168034852,1.0
2,2,4D-A-9e409054ed54,4D,4D-A,equal_total,32,joint,raw_minmax,"[80, 48]",2.0,"[1.0, 1.0]",259188,0.3853914999999688,0.6581592500006082,ok,,0.0001804307295243,0.0295024736816994,0.0288949700276398,0.0006979000648018,0.999723821944908,0.9958692087911604,0.0018352073296988,0.5988382862560503,0.0004937192548718,0.000754921235943,0.9998902899101356,0.8745436580061253,0.1732835816347767,1.0
2,2,4D-B-2fb1b6b4a839,4D,4D-B,equal_total,32,shared-independent,raw_minmax,"[80, 48]",,"[1.0, 1.0]",136304,0.2611869169995771,0.5273551670034067,ok,,0.0003379219285179,0.0564300921107516,0.0541389145990424,0.0013076169302418,0.9994379960599192,0.988190041697819,0.0015975937706932,0.523129671123091,0.0004297771710264,0.0006571506173393,0.9999008918214862,0.8900859750588811,0.1601054387138731,1.0
2,2,3D-independent-dbbd1a2865ca,3D,3D-independent,equal_total,32,independent,mean_centered,"[80, 48]",,"[1.0, 1.0]",149728,0.2486949160011136,0.5177188329980709,ok,,0.0003213724227409,0.0541091402289968,0.0514942469375951,0.001243740285603,0.9995704594484084,0.9897973876899524,0.0013149409040174,0.4290039583901527,0.0003537590593033,0.0005409151529741,0.9999584062663032,0.9332739730570618,0.1303943545614106,1.0
2,2,4D-A-85017caccbe9,4D,4D-A,equal_total,32,joint,mean_centered,"[80, 48]",2.0,"[1.0, 1.0]",259188,0.3798735419986769,0.6621306669985643,ok,,8.800222220347707e-05,0.0148983210006183,0.0140919469994314,0.0003403627245392,0.9999254122491336,0.9989892652192336,0.0182027496853389,5.993344219314076,0.0048964156884406,0.0074868625169739,0.988903757699346,0.4252878539975269,1.5740259951765785,1.0
2,2,4D-B-4bb821f89672,4D,4D-B,equal_total,32,shared-independent,mean_centered,"[80, 48]",,"[1.0, 1.0]",136304,0.2859498749967315,0.5691753749997588,ok,,0.000322858281942,0.0543747370370656,0.0517321219641603,0.0012494856799154,0.9995629761496744,0.9896787687949592,0.0177243086863836,5.829722838028002,0.0047677942875387,0.00729019401361,0.9893169991201504,0.5213548106380833,1.5321451963371364,1.0
2,2,3D-independent-3e92f69676cb,3D,3D-independent,equal_total,32,independent,ensemble_anomaly,"[80, 48]",,"[1.0, 1.0]",149728,0.2544396249941201,0.5404822920027073,ok,,0.0002651525037235,0.0424199440940186,0.0424062406419392,0.0010242377155505,0.9997194899364616,0.9942472789202448,0.0014348412757894,0.467941852601075,0.0003860135955887,0.0005902339392217,0.9999534631779134,0.9334996241791932,0.1366220862863437,1.0
2,2,4D-A-8bea2cabc037,4D,4D-A,equal_total,32,joint,ensemble_anomaly,"[80, 48]",2.0,"[1.0, 1.0]",259188,0.402037083003961,0.6978093750003609,ok,,5.800746887868892e-05,0.0096406158591968,0.0092822609428947,0.0002241944015639,0.9999725841545564,0.9996107359868848,0.0031682527930083,1.043553961076535,0.0008522389348416,0.0013031156141083,0.9998736615765996,0.8472297113685489,0.2824435883145037,1.0
2,2,4D-B-2828b82824ed,4D,4D-B,equal_total,32,shared-independent,ensemble_anomaly,"[80, 48]",,"[1.0, 1.0]",136304,0.2813279170004534,0.5663875000027474,ok,,0.000265152642416,0.042419980270162,0.04240626310583,0.0010242382581207,0.9997194905436264,0.99424728036357,0.0014265416403216,0.4649904272730604,0.0003837833332544,0.0005868237574611,0.99995323382442,0.932551262954314,0.13600278397107,1.0
2,2,3D-independent-86c75f98455a,3D,3D-independent,equal_total,32,independent,standardized_anomaly,"[80, 48]",,"[1.0, 1.0]",149728,0.2502086250024149,0.5483443749981234,ok,,0.0002651525037235,0.0424199440940311,0.0424062406419495,0.0010242377155507,0.9997194899364622,0.9942472789202424,0.0014348412757894,0.4679418526010749,0.0003860135955887,0.0005902339392217,0.9999534631779132,0.9334996241791932,0.1366220862863471,1.0
2,2,4D-A-4ea76ef087a9,4D,4D-A,equal_total,32,joint,standardized_anomaly,"[80, 48]",2.0,"[1.0, 1.0]",259188,0.4331771659999504,0.7448157920007361,ok,,0.0007298605997301,0.1338179154255509,0.1168765213717384,0.0028229180290244,0.99838799045005,0.9662587573794892,0.001339418430195,0.4369502028416839,0.0003603474289854,0.0005509890970916,0.9999608251995104,0.940951144784978,0.1542907917962503,1.0
2,2,4D-B-934096b5cda8,4D,4D-B,equal_total,32,shared-independent,standardized_anomaly,"[80, 48]",,"[1.0, 1.0]",136304,0.2707892089965753,0.5558897910013911,ok,,0.000295421026788,0.0463757565419099,0.0472388455703972,0.0011409595979233,0.9994753009212356,0.9919097223986468,0.0014271697665609,0.4655189532256602,0.0003839488637621,0.0005870768618199,0.9999535434204406,0.9338676294991838,0.1372515084546637,1.0
2,2,4D-A-b80c4d29ed28,4D,4D-A,equal_total,32,joint,standardized_anomaly,"[80, 48]",1.0,"[1.0, 1.0]",136306,0.2817070419987431,0.5761799579995568,ok,,0.0042434986571878,0.6593793151582162,0.6785299004550355,0.0163885292507505,0.9807435066401324,0.7462602336777698,0.0022675401797527,0.7482242957216912,0.0006099143238784,0.0009325892613225,0.9971088953387977,0.5368689454901183,0.4415097553239908,1.0
2,2,4D-D-2ecf0e4138e3,4D,4D-D,equal_total,32,partial-spatial,standardized_anomaly,"[80, 48]",,"[1.0, 1.0]",163152,0.4104570830022567,0.7947597079983098,ok,,0.0003011013745207,0.0475634412543584,0.0481610701605397,0.0011632340837804,0.999639531421534,0.9929876938501055,0.0014333362395231,0.4674909062616089,0.0003856083412807,0.0005896142852787,0.9999535270135512,0.9332644021417398,0.1379820748800111,1.0
2,2,4D-E-4f4328240852,4D,4D-E,equal_total,32,joint-property-residual,standardized_anomaly,"[80, 48]",2.0,"[1.0, 1.0]",224596,0.4922287930021412,0.923076040999149,ok,,0.0005266668581531,0.1004593649817948,0.0843160815090241,0.0020364858898519,0.9990021151247498,0.9767951293069376,0.0013429333329765,0.4377766015179873,0.0003612930962919,0.0005524350693213,0.9999585305557084,0.9415704132491496,0.1447632988054346,1.0
2,2,4D-C-44adce3e7a5f,4D,4D-C,equal_total,32,joint,standardized_anomaly,"[80, 48]",2.0,"[1.0, 0.5]",259188,0.4842979579989332,0.7773579579952639,ok,,0.0007489585565458,0.1420172663575577,0.1199411876581451,0.0028969388983257,0.9983355958699254,0.967108295047339,0.0013405192187969,0.4372416079851544,0.0003606435518863,0.0005514418836988,0.9999609326310446,0.9403575825502664,0.1563814838859773,1.0
2,2,4D-C-1150f24dbbfa,4D,4D-C,equal_total,32,joint,standardized_anomaly,"[80, 48]",2.0,"[1.0, 2.0]",259188,0.3669220829979167,0.6434673330004443,ok,,0.0008547409063136,0.1578744497192825,0.1368641157764989,0.0033056782954989,0.9976982339960224,0.956400046577176,0.0013250896066253,0.4321822168769957,0.0003564906781102,0.0005450919336556,0.9999606647647012,0.9423949553190184,0.1601647914120453,1.0
2,2,3D-independent-82249d692984,3D,3D-independent,equal_per_property,64,independent,raw_minmax,"[64, 48]",,"[1.0, 1.0]",219008,0.200920083996607,0.4807969590037828,ok,,0.0001559824784354,0.026417016129853,0.0249737124813178,0.0006031899511361,0.9997593435216816,0.9967014948358288,0.0010109517582899,0.3278049112610016,0.0002719957111092,0.0004158949370023,0.9999706593239216,0.9568833154863884,0.0943573805574365,1.0
2,2,4D-A-63bd70d89f36,4D,4D-A,equal_per_property,64,joint,raw_minmax,"[64, 48]",2.0,"[1.0, 1.0]",404420,0.2912408339980175,0.5700912079992122,ok,,0.0003291454310624,0.05393850717925,0.0526790777476506,0.0012723574981603,0.9988871793981668,0.9855746956032364,0.0041258521605812,1.3569514002343894,0.0011098435848984,0.0016970059047676,0.9992240464803944,0.712267127035711,0.3904922490235414,1.0
2,2,4D-B-49fc67f13645,4D,4D-B,equal_per_property,64,shared-independent,raw_minmax,"[64, 48]",,"[1.0, 1.0]",207808,0.2056050000028335,0.4789296669987379,ok,,0.0003281814826121,0.0537258200830526,0.0525249924341179,0.0012686358763625,0.9988883669958284,0.9856646752448034,0.0041137641536941,1.352928894746091,0.0011065927105277,0.0016920351565668,0.999225378479724,0.7137762463501427,0.3892335635079176,1.0
2,2,3D-independent-64af48d38810,3D,3D-independent,equal_per_property,64,independent,mean_centered,"[64, 48]",,"[1.0, 1.0]",219008,0.1944034170010127,0.4695266670023557,ok,,0.0001678160385105,0.0284349071887235,0.0268715184758879,0.0006490276497157,0.999718483217625,0.996375174375392,0.0010974255860288,0.3571675779322487,0.0002952463848181,0.0004514463706554,0.9999476785284712,0.9414656595303612,0.1041705170420239,1.0
2,2,4D-A-fbc2ac4d32c8,4D,4D-A,equal_per_property,64,joint,mean_centered,"[64, 48]",2.0,"[1.0, 1.0]",404420,0.2874897500005318,0.5613960420014337,ok,,0.00016600700779,0.0279596908669997,0.0265780664129212,0.0006419399035244,0.9997127525947876,0.9963525957110372,0.0356348022981638,11.725297027722227,0.0095856196079369,0.0146568879586874,0.9496774698649828,0.323671395172698,3.02331118078684,1.0
2,2,4D-B-6a56509ea188,4D,4D-B,equal_per_property,64,shared-independent,mean_centered,"[64, 48]",,"[1.0, 1.0]",207808,0.2033414999968954,0.4762659999978496,ok,,0.0001673198458083,0.0281804232216764,0.0267887089693292,0.000647027552123,0.9997110175056372,0.9963115246539008,0.0354962098188764,11.677588168039785,0.0095483634670586,0.0145999214708692,0.9498769277038028,0.3712423243344178,3.0054979166918256,1.0
2,2,3D-independent-5a93f5036396,3D,3D-independent,equal_per_property,64,independent,ensemble_anomaly,"[64, 48]",,"[1.0, 1.0]",219008,0.1987349170012748,0.4718581249981071,ok,,0.0001469772875489,0.0245606023112169,0.0235317262394398,0.0005683616647359,0.9997974582214852,0.9975034655223676,0.0011445540416583,0.3726861963542726,0.000307920854684,0.0004708262639079,0.9999650999540912,0.9540657810069564,0.1053655438502069,1.0
2,2,4D-A-cbe030d90365,4D,4D-A,equal_per_property,64,joint,ensemble_anomaly,"[64, 48]",2.0,"[1.0, 1.0]",404420,0.2885370420044637,0.5638636670046253,ok,,0.0001449141650116,0.0242225254853033,0.0232020705913042,0.0005603994935353,0.9997991815914196,0.9975540676045068,0.0024227882790394,0.8008958950346073,0.0006516802196276,0.0009964513880841,0.9998953914458304,0.8763158770310188,0.2220458620505369,1.0
2,2,4D-B-6939f5acac9e,4D,4D-B,equal_per_property,64,shared-independent,ensemble_anomaly,"[64, 48]",,"[1.0, 1.0]",207808,0.2060500830048113,0.4815311249985825,ok,,0.0001469752973523,0.0245602798420048,0.0235314069318249,0.0005683539525007,0.9997974622251306,0.9975035162050562,0.001212306158723,0.3935442821869764,0.0003261624132613,0.000498718512004,0.9999502861139784,0.9459130177922296,0.1115990737575846,1.0
2,2,3D-independent-7a2c6100f5cb,3D,3D-independent,equal_per_property,64,independent,standardized_anomaly,"[64, 48]",,"[1.0, 1.0]",219008,0.2093119170021964,0.5217731250013458,ok,,0.0001469772875488,0.0245606023111993,0.023531726239418,0.0005683616647353,0.9997974582215124,0.9975034655223703,0.0011445540416583,0.3726861963542696,0.000307920854684,0.0004708262639079,0.9999650999540912,0.9540657810069574,0.1053655438502012,1.0
2,2,4D-A-c45120ace2c4,4D,4D-A,equal_per_property,64,joint,standardized_anomaly,"[64, 48]",2.0,"[1.0, 1.0]",404420,0.3598247909976635,0.66815670899814,ok,,0.0004602736931589,0.074925563325566,0.0737242632895728,0.0017806617580167,0.9987599288902392,0.9822821335935183,0.0009926568821762,0.3237647559936208,0.0002670510202639,0.0004083342593754,0.999971136041915,0.9646329254374396,0.1063081974509269,1.0
2,2,4D-B-f843c8275099,4D,4D-B,equal_per_property,64,shared-independent,standardized_anomaly,"[64, 48]",,"[1.0, 1.0]",207808,0.2213712919983663,0.5132941249976284,ok,,0.0002230379715477,0.0319467508525094,0.0356296503078202,0.0008605627635158,0.9993099147466687,0.9934773623600636,0.0011210067909235,0.3650302768766817,0.0003015865562073,0.0004611408072689,0.9999653185594384,0.9549388227093898,0.1056922337986161,1.0
2,2,4D-A-102750e40079,4D,4D-A,equal_per_property,64,joint,standardized_anomaly,"[64, 48]",1.0,"[1.0, 1.0]",207810,0.2174808749987278,0.5227852919997531,ok,,0.0043722560015239,0.6857579794205737,0.6991979871328707,0.0168877254436517,0.9788373295560988,0.7361211895143801,0.0021130272088653,0.6982050847000333,0.0005683370273017,0.0008690155120527,0.9972187267016966,0.5564553177920754,0.4344187026168448,1.0
2,2,4D-D-ff94f89c821d,4D,4D-D,equal_per_property,64,partial-spatial,standardized_anomaly,"[64, 48]",,"[1.0, 1.0]",230208,0.3830189169893856,0.7376860420044977,ok,,7.761253143369848e-05,0.0131537033874224,0.0124299468898456,0.0003002204443059,0.9999656320506208,0.9993980189363136,0.0012421265887068,0.4049449847683944,0.0003341694685897,0.0005109616968609,0.999961290044932,0.9455062034466976,0.1114116442410777,1.0
2,2,4D-E-0ed2b1a0be64,4D,4D-E,equal_per_property,64,joint-property-residual,standardized_anomaly,"[64, 48]",2.0,"[1.0, 1.0]",328516,0.5690487079991726,1.0150995419971878,ok,,0.0004738995741393,0.0893534378353502,0.0759168735397928,0.0018336198622906,0.998971683433035,0.9794870054340292,0.0012904272584217,0.4207086069242067,0.0003471675825101,0.0005308364579297,0.9999608732482648,0.9433281797537502,0.1371636130414168,1.0
2,2,4D-C-e7705bff9f37,4D,4D-C,equal_per_property,64,joint,standardized_anomaly,"[64, 48]",2.0,"[1.0, 0.5]",404420,0.3017704579979181,0.5885277909983415,ok,,0.0004053830750327,0.0691858437295155,0.0649384297065456,0.0015684575639626,0.9991131246834128,0.9854080084934708,0.000993818645246,0.3239864048676301,0.000267367239187,0.0004088177737977,0.9999694460003692,0.9630102596482556,0.1047407786315706,1.0
2,2,4D-C-07c1f38e4371,4D,4D-C,equal_per_property,64,joint,standardized_anomaly,"[64, 48]",2.0,"[1.0, 2.0]",404420,0.2822004579938948,0.5698050419960055,ok,,0.0005640502816787,0.0896939721561725,0.0903142386054317,0.0021813593478368,0.9981700785626774,0.9744553291442288,0.0010143994393758,0.3306614355506747,0.0002729025491578,0.0004172815373703,0.9999711138334324,0.9634750564747936,0.112847553724334,1.0
2,2,3D-independent-fa9b36e31dc0,3D,3D-independent,equal_per_property,64,independent,raw_minmax,"[80, 48]",,"[1.0, 1.0]",272608,0.204858459001116,0.4824585839960491,ok,,7.085399455195424e-05,0.0119964302761389,0.0113431085462979,0.0002739700432962,0.9999544284361688,0.9993565101735008,0.00101344591907,0.3286122941874798,0.0002726667761208,0.000416921028699,0.9999710447615844,0.957097396573192,0.0905954427725681,1.0
2,2,4D-A-4f7fd7861b3e,4D,4D-A,equal_per_property,64,joint,raw_minmax,"[80, 48]",2.0,"[1.0, 1.0]",504948,0.3190071249991888,0.5964612920070067,ok,,0.0001438606363445,0.0236879513160316,0.0230352343655278,0.0005563698990187,0.9997706426419416,0.9971374062148513,0.0013896012335399,0.4544183243412821,0.0003738262947272,0.0005715989515473,0.9999118094150748,0.9101618920628806,0.1311141566296119,1.0
2,2,4D-B-51546c614bcf,4D,4D-B,equal_per_property,64,shared-independent,raw_minmax,"[80, 48]",,"[1.0, 1.0]",259184,0.2106456670007901,0.4859580419943086,ok,,0.0001412642065679,0.0231214001909063,0.0226201247442501,0.0005463437584374,0.9997731914570772,0.9972329345523212,0.0013603742286982,0.4444701658912371,0.0003659686032729,0.0005595841514645,0.9999112071401208,0.912234607028766,0.1282144488228999,1.0
2,2,3D-independent-5cbc421a2b78,3D,3D-independent,equal_per_property,64,independent,mean_centered,"[80, 48]",,"[1.0, 1.0]",272608,0.2079711250044056,0.4845302500034449,ok,,7.974282342733673e-05,0.0135829192056484,0.012767930415136,0.0003083837586813,0.9999407000752248,0.9991814163784856,0.0010129038037087,0.328555771053655,0.0002725198087877,0.0004166963083553,0.9999656430977912,0.9555045612376928,0.0911989253628035,1.0
2,2,4D-A-a9f18b485be4,4D,4D-A,equal_per_property,64,joint,mean_centered,"[80, 48]",2.0,"[1.0, 1.0]",504948,0.3233541249937843,0.6034096660005162,ok,,8.523563062013855e-05,0.0144373896786758,0.01364824550655,0.0003296460046278,0.9999278103848368,0.9990369081844016,0.0179930367356075,5.922629002304309,0.0048400285665684,0.0074006438100571,0.9890518246666916,0.4469824296764004,1.553514180763146,1.0
2,2,4D-B-be3ed22367d4,4D,4D-B,equal_per_property,64,shared-independent,mean_centered,"[80, 48]",,"[1.0, 1.0]",259184,0.2236775839992333,0.503191167001205,ok,,8.788107998908507e-05,0.014882046947835,0.0140726138393457,0.0003398957708215,0.9999255264880698,0.9989909490168712,0.0177072736916498,5.824100498306506,0.0047632119216968,0.0072831873488896,0.9893199399404328,0.5219557268749166,1.5196273018271118,1.0
2,2,3D-independent-44372d7b9669,3D,3D-independent,equal_per_property,64,independent,ensemble_anomaly,"[80, 48]",,"[1.0, 1.0]",272608,0.2097060419982881,0.4987871250050375,ok,,5.801584058043424e-05,0.0096425603340497,0.0092835887917495,0.0002242264730905,0.999972564562416,0.9996103046079348,0.0011464028095214,0.3733169055405212,0.0003084178955323,0.0004715862640249,0.9999650808471484,0.9540674854828975,0.1015301427072887,1.0
2,2,4D-A-abc62af84685,4D,4D-A,equal_per_property,64,joint,ensemble_anomaly,"[80, 48]",2.0,"[1.0, 1.0]",504948,0.3342874999943888,0.6160030419996474,ok,,5.222160526830364e-05,0.0086954803331526,0.0083570746079675,0.0002018483806999,0.999975402227054,0.9996780304341414,0.0024272518055757,0.8042900885614275,0.0006528580147523,0.0009982522952645,0.9999049150748044,0.8855829781420005,0.2175887661516272,1.0
2,2,4D-B-643a4d560541,4D,4D-B,equal_per_property,64,shared-independent,ensemble_anomaly,"[80, 48]",,"[1.0, 1.0]",259184,0.2230094580008881,0.5024546249987907,ok,,5.8015672594779635e-05,0.0096425541053467,0.0092835621160645,0.0002242258287928,0.9999725654911772,0.9996103122067568,0.0011912004434848,0.3874657195401207,0.0003204758276915,0.0004900234405352,0.9999646971724174,0.9506236196182096,0.1054978269332461,1.0
2,2,3D-independent-11e1b067c3e2,3D,3D-independent,equal_per_property,64,independent,standardized_anomaly,"[80, 48]",,"[1.0, 1.0]",272608,0.2137293749983655,0.5186122500017518,ok,,5.8015840580737766e-05,0.0096425603341035,0.0092835887917979,0.0002242264730917,0.9999725645623804,0.9996103046079308,0.0011464028095215,0.3733169055405247,0.0003084178955323,0.0004715862640249,0.999965080847149,0.9540674854828978,0.1015301427073035,1.0
2,2,4D-A-3bf6b15a532d,4D,4D-A,equal_per_property,64,joint,standardized_anomaly,"[80, 48]",2.0,"[1.0, 1.0]",504948,0.4397079580012359,0.7694890830025543,ok,,0.0004181850289444,0.0694268041088562,0.0670136385781736,0.0016185800733337,0.9991986135282228,0.986402945273373,0.0010080780975305,0.3287508420634062,0.0002712000102189,0.0004146782708634,0.999971067518146,0.9638850614873392,0.1057584106979765,1.0
2,2,4D-B-3ee6d3ebd2d3,4D,4D-B,equal_per_property,64,shared-independent,standardized_anomaly,"[80, 48]",,"[1.0, 1.0]",259184,0.2998232919999282,0.6209211250024964,ok,,0.0001401127517708,0.0205671519801219,0.0223896227038206,0.0005407764438217,0.9997288406824966,0.9973072408077168,0.0011339171568341,0.369232917641388,0.000305059210915,0.0004664506686083,0.9999652852391584,0.9543917865861378,0.1034876389811456,1.0
2,2,4D-A-0bf051d8d579,4D,4D-A,equal_per_property,64,joint,standardized_anomaly,"[80, 48]",1.0,"[1.0, 1.0]",259186,0.2848571669965167,0.6343469580024248,ok,,0.0043680593100058,0.6851195590193182,0.6985270852223051,0.0168715211532021,0.978928472062066,0.737652812389156,0.0021153490305094,0.6989493404078068,0.0005689618234459,0.0008699708563557,0.9972165077119176,0.5562337056838751,0.4342814100976523,1.0
2,2,4D-D-e24c5d642104,4D,4D-D,equal_per_property,64,partial-spatial,standardized_anomaly,"[80, 48]",,"[1.0, 1.0]",286032,0.5188644580048276,0.9097842080009286,ok,,7.016149915696544e-05,0.0119318421925452,0.011237411257831,0.0002714171372229,0.99997677159059,0.9995340970155518,0.0012490509594518,0.4072030127226322,0.000336032387792,0.0005138101927475,0.9999611811079456,0.9455030891447128,0.1116540654587612,1.0
2,2,4D-E-6ca320f290f9,4D,4D-E,equal_per_property,64,joint-property-residual,standardized_anomaly,"[80, 48]",2.0,"[1.0, 1.0]",408916,0.6334037920023547,1.0956233329998213,ok,,0.0003387652747412,0.0640037962347957,0.0542663947931541,0.0013106959587248,0.9995681805364344,0.98899682419992,0.0012654870283212,0.4124763948397005,0.0003404573486541,0.0005205761774443,0.999961387365672,0.9457160110032632,0.1272809433682261,1.0
2,2,4D-C-4e04f7cc08d6,4D,4D-C,equal_per_property,64,joint,standardized_anomaly,"[80, 48]",2.0,"[1.0, 0.5]",504948,0.4110053750046063,0.7273124170023948,ok,,0.0004414565965045,0.0814030662687134,0.0707906732139438,0.0017098067717708,0.999148906471571,0.9833160962352292,0.001016773610835,0.3313567985793257,0.0002735428531646,0.0004182605939645,0.9999709382429336,0.9629073500474942,0.1099120354266693,1.0
2,2,4D-C-f8d668c31c07,4D,4D-C,equal_per_property,64,joint,standardized_anomaly,"[80, 48]",2.0,"[1.0, 2.0]",504948,0.3572148340026615,0.6525298330016085,ok,,0.0005243846895536,0.0859795049187528,0.0840129808175584,0.0020291651003853,0.9987785087216012,0.9793455196530528,0.001026852041301,0.3346799564424591,0.0002762535135818,0.0004224053282283,0.999971005119772,0.9628521212421672,0.1123901602284004,1.0
2,2,3D-current-e419eaac8e1a,3D,3D-current,equal_total,32,legacy-independent,raw_minmax,"[48, 48]",,"[1.0, 1.0]",117216,4.193334625000716,4.46275500000047,ok,,0.000934502769939,0.1543368170493884,0.1495560938575002,0.0036122275778384,0.9955710219299462,0.9327663639100796,0.0013207986216802,0.4309808139733376,0.0003553343759426,0.000543323890273,0.9999585964997092,0.9322766806026244,0.1631990271915935,1.0
2,2,4D-A-current-205a30146a4e,4D,4D-A-current,equal_total,32,legacy-joint,raw_minmax,"[48, 48]",2.0,"[1.0, 1.0]",181972,5.222449875000166,5.499590875006106,ok,,0.0020872784756357,0.3507915316070953,0.3340376224133196,0.0080680090031413,0.9806522815343408,0.8375294844989228,0.0156980623136816,5.164082283868715,0.0042227296377362,0.0064567631213825,0.9902422456618676,0.4505651283267397,1.4677066272657446,1.0
2,2,3D-current-5e7711139fcb,3D,3D-current,equal_per_property,64,legacy-independent,raw_minmax,"[48, 48]",,"[1.0, 1.0]",216480,4.407434250002552,4.694857665999734,ok,,0.0009005074955067,0.1484180199859653,0.1441048407275046,0.0034805634885856,0.995726946507078,0.937859795674345,0.0010079871264745,0.3271991652108324,0.0002711939812772,0.0004146690523124,0.9999682171376832,0.9553036613495784,0.132258864171209,1.0
2,2,4D-A-current-43ce2f360e5a,4D,4D-A-current,equal_per_property,64,legacy-joint,raw_minmax,"[48, 48]",2.0,"[1.0, 1.0]",354964,5.563256333996833,5.8615869999994175,ok,,0.0020848255975278,0.3504026323712716,0.3336442075614541,0.0080585068562158,0.98068095270905,0.8381283293619441,0.0156600551901783,5.1519051384128,0.0042125020892945,0.0064411246923885,0.9902270818078122,0.4528925450044755,1.4641993334002152,1.0
2,3,3D-independent-e9bc2b1d9158,3D,3D-independent,equal_total,32,independent,raw_minmax,"[64, 48]",,"[1.0, 1.0]",120704,0.3720977499979199,0.69701708300272,ok,,0.0003413159508368,0.0387111930561376,0.0545656493215201,0.0014285146820131,0.9993271591791942,0.9908450259282912,0.0016632246015007,0.3734375538411202,0.0004471611673424,0.000683731610191,0.9999376522458118,0.9255140121413546,0.1134923069656087,1.0
2,3,4D-A-c5fc8bd2cb2c,4D,4D-A,equal_total,32,joint,raw_minmax,"[64, 48]",2.0,"[1.0, 1.0]",207812,0.4299654580026981,0.7118316250052885,ok,,0.0004166573135518,0.0455966787707781,0.0665490467322717,0.0017422369478436,0.998064548913046,0.982137617585888,0.0045254784746222,1.0372461203601289,0.0012165086714286,0.0018601021141228,0.9992140135821612,0.6633530561330564,0.3150243655678587,1.0
2,3,4D-B-f835e7c8452f,4D,4D-B,equal_total,32,shared-independent,raw_minmax,"[64, 48]",,"[1.0, 1.0]",109504,0.3104883330015582,0.5957936660051928,ok,,0.0005002284847609,0.0554879776780848,0.079925162379139,0.0020924202193239,0.997855096712828,0.9774810318845092,0.0042901615974393,0.9857022634989612,0.0011532407295565,0.0017633622920431,0.99921613108164,0.6695273073659228,0.3044215178879575,1.0
2,3,3D-independent-7cc1fb3009e2,3D,3D-independent,equal_total,32,independent,mean_centered,"[64, 48]",,"[1.0, 1.0]",120704,0.2358713749999879,0.5000144579971675,ok,,0.0003502491020998,0.0396638107654719,0.0559911853538662,0.0014658348491378,0.9992388770660116,0.9901993964519544,0.0017268113450606,0.3879168051232324,0.0004642453308673,0.0007098541438293,0.9999082574699152,0.8961288973888303,0.121104117242078,1.0
2,3,4D-A-a8d848e0bd2f,4D,4D-A,equal_total,32,joint,mean_centered,"[64, 48]",2.0,"[1.0, 1.0]",207812,0.337723750002624,0.6004894169964246,ok,,0.0001953713656831,0.0216983669791836,0.0312139946625058,0.0008171743617845,0.9994799969815628,0.9955792404377664,0.0331506136158437,7.675004268028424,0.0089111210448532,0.0136255461913564,0.9464335397778648,0.2292552489732605,2.0210713475755235,1.0
2,3,4D-B-2e139466dc24,4D,4D-B,equal_total,32,shared-independent,mean_centered,"[64, 48]",,"[1.0, 1.0]",109504,0.2430069590045604,0.5057524170042598,ok,,0.0003548135365935,0.0401262446829478,0.0567186054411791,0.0014848785201587,0.9991977712779236,0.9898286267217924,0.0327959509332413,7.58911402373264,0.0088157915193975,0.0134797826172831,0.9473441537687926,0.3259118827238166,1.992842503423196,1.0
2,3,3D-independent-34daa9e6fa18,3D,3D-independent,equal_total,32,independent,ensemble_anomaly,"[64, 48]",,"[1.0, 1.0]",120704,0.2278903749975143,0.5086212500027614,ok,,0.0003277513974894,0.0375418134309106,0.0524090171538735,0.0013720546058756,0.9994190507913632,0.9929787211391398,0.0018886943603069,0.4085188182534452,0.0005076660772061,0.0007762466192456,0.9999257068759196,0.931644322109926,0.1209372775149557,1.0
2,3,4D-A-63c64c98502f,4D,4D-A,equal_total,32,joint,ensemble_anomaly,"[64, 48]",2.0,"[1.0, 1.0]",207812,0.3812107920020935,0.6848394590051612,ok,,0.0001464233573042,0.0161775515309798,0.0233890751753691,0.0006123199797339,0.999711267761438,0.9975697300369258,0.003543080707165,0.7870202718702286,0.0009523920936594,0.0014562547629105,0.9998147233577976,0.839400112308965,0.2211782255570657,1.0
2,3,4D-B-852478df5431,4D,4D-B,equal_total,32,shared-independent,ensemble_anomaly,"[64, 48]",,"[1.0, 1.0]",109504,0.264414958000998,0.5470512920001056,ok,,0.000327756347718,0.0375423085246388,0.0524098057121781,0.0013720752501295,0.9994190028018504,0.9929783989152434,0.0018319083036262,0.3983874764394007,0.0004924104174021,0.0007529199585154,0.9998967230356192,0.9116184757085896,0.1209078369130307,1.0
2,3,3D-independent-629bdce16d73,3D,3D-independent,equal_total,32,independent,standardized_anomaly,"[64, 48]",,"[1.0, 1.0]",120704,0.2463135830039391,0.5486442920009722,ok,,0.000327751397489,0.0375418134308667,0.052409017153805,0.0013720546058738,0.9994190507913576,0.9929787211391682,0.0018886943603069,0.4085188182534445,0.0005076660772061,0.0007762466192456,0.9999257068759198,0.9316443221099262,0.120937277514941,1.0
2,3,4D-A-06f4272272b6,4D,4D-A,equal_total,32,joint,standardized_anomaly,"[64, 48]",2.0,"[1.0, 1.0]",207812,0.3633273750019725,0.6762419590013451,ok,,0.0010756898070399,0.1240184351907378,0.1720139667587176,0.0045032814615338,0.9955960989310412,0.9584993968714725,0.0018193918440672,0.3957054840020025,0.0004890387262947,0.0007477644755302,0.999929374664684,0.9326743698555752,0.1435342589573041,1.0
2,3,4D-B-17b80d300b68,4D,4D-B,equal_total,32,shared-independent,standardized_anomaly,"[64, 48]",,"[1.0, 1.0]",109504,0.2620412499964004,0.537782999999763,ok,,0.0004428955752242,0.0490975007833036,0.0707626368230285,0.0018525476540017,0.9984595102926496,0.985800229083523,0.0018778319861127,0.4059085272484837,0.0005047449369638,0.0007717800508867,0.999925346792252,0.930631073530354,0.1241975941812122,1.0
2,3,4D-A-4681118648ec,4D,4D-A,equal_total,32,joint,standardized_anomaly,"[64, 48]",1.0,"[1.0, 1.0]",109506,0.2656296249988372,0.5493156250013271,ok,,0.0063257752988767,0.6833952754756631,1.0101101388607747,0.0264444239508739,0.9633034631364118,0.7292242035131117,0.0029217250062968,0.6471983882773381,0.0007852914045104,0.0012007495187165,0.9974189028581067,0.3971905944847687,0.4418465661885153,1.0
2,3,4D-D-9e53fbf0a6d8,4D,4D-D,equal_total,32,partial-spatial,standardized_anomaly,"[64, 48]",,"[1.0, 1.0]",131904,0.3853945409937296,0.7757421659989632,ok,,0.0003503035397469,0.0403807249117222,0.056025876881126,0.0014667430644097,0.9995118783387196,0.9930296395242668,0.0019017777576814,0.4113828633091667,0.0005111823074312,0.0007816231097131,0.9999242347766024,0.929684879187418,0.1226015822162616,1.0
2,3,4D-E-07794d5e4bbe,4D,4D-E,equal_total,32,joint-property-residual,standardized_anomaly,"[64, 48]",2.0,"[1.0, 1.0]",181060,0.478418208003859,0.8661332499978016,ok,,0.0006057054336488,0.0697327600019652,0.0968616846528347,0.0025358140216712,0.9990016732475347,0.9838226647849052,0.0019247362480028,0.4172930162263573,0.0005173578920055,0.0007910658849208,0.9999229481521732,0.927720988424352,0.1328134874059234,1.0
2,3,4D-C-3fe7ec5ee326,4D,4D-C,equal_total,32,joint,standardized_anomaly,"[64, 48]",2.0,"[1.0, 0.5]",207812,0.3663263749986072,0.6675458750032703,ok,,0.0010730172415757,0.1234610402509288,0.1715828904566839,0.0044919959946846,0.9960929103497648,0.9627675394679512,0.0018109199353406,0.392609606169569,0.0004867583692166,0.0007442776964208,0.999928761711943,0.9320600213712747,0.1421642165002212,1.0
2,3,4D-C-5b31da2b924b,4D,4D-C,equal_total,32,joint,standardized_anomaly,"[64, 48]",2.0,"[1.0, 2.0]",207812,0.4401807920003193,0.7687654580004164,ok,,0.0011499497585753,0.1319044467933476,0.1838689040787817,0.0048136406751898,0.9950960578838216,0.9538934093352596,0.0018145993959251,0.395947804648079,0.0004877540477391,0.0007458001382809,0.9999296494773398,0.933013802063894,0.1460996614354625,1.0
2,3,3D-independent-7db5f3bc9ad5,3D,3D-independent,equal_total,32,independent,raw_minmax,"[80, 48]",,"[1.0, 1.0]",149728,0.2716167499966104,0.5751485840009991,ok,,0.0003134087503151,0.0356798327794136,0.050110448421967,0.0013118786669475,0.999603056169362,0.993221843517838,0.0016640282318575,0.3736314289441791,0.0004473775319716,0.0006840624424438,0.9999378703468756,0.9263523094025632,0.112381046315848,1.0
2,3,4D-A-9e409054ed54,4D,4D-A,equal_total,32,joint,raw_minmax,"[80, 48]",2.0,"[1.0, 1.0]",259188,0.400492500004475,0.6793780419975519,ok,,0.0001897013251455,0.021148515779544,0.0303113056751628,0.0007935421959852,0.999561184131886,0.9961383674698564,0.0023600639293434,0.5311140230143517,0.0006344803766907,0.0009701519748856,0.9998654765465996,0.8489233539307323,0.1574329195234003,1.0
2,3,4D-B-2fb1b6b4a839,4D,4D-B,equal_total,32,shared-independent,raw_minmax,"[80, 48]",,"[1.0, 1.0]",136304,0.26562912499503,0.5308146660026978,ok,,0.0003457012616008,0.0392100108877375,0.0552665183430272,0.0014468632529518,0.9992718465548486,0.9905349156542927,0.0018736029689212,0.4222638583287152,0.0005036963264614,0.000770176673403,0.9998756718194252,0.8606709905801533,0.1339677290248074,1.0
2,3,3D-independent-dbbd1a2865ca,3D,3D-independent,equal_total,32,independent,mean_centered,"[80, 48]",,"[1.0, 1.0]",149728,0.2389660000044386,0.5048961249995045,ok,,0.000315401447137,0.0359016878975955,0.0504285881679021,0.00132020748377,0.999581589505198,0.9930107311623444,0.0016654188645419,0.374011613396237,0.0004477503018265,0.0006846324260464,0.999933159601778,0.9207996683383384,0.1132520253858728,1.0
2,3,4D-A-85017caccbe9,4D,4D-A,equal_total,32,joint,mean_centered,"[80, 48]",2.0,"[1.0, 1.0]",259188,0.3815272919964627,0.6585120419986197,ok,,9.018591266170636e-05,0.0100626022800955,0.0144105474310336,0.0003772644298573,0.9998839848349772,0.9990227278474998,0.014848128574449,3.443353164319454,0.0039912688981048,0.0061028481668602,0.9896390080600002,0.2704750595344061,0.9546667182271492,1.0
2,3,4D-B-4bb821f89672,4D,4D-B,equal_total,32,shared-independent,mean_centered,"[80, 48]",,"[1.0, 1.0]",136304,0.2887193329952424,0.5716908750036964,ok,,0.0003180403606957,0.0362040499903637,0.0508503729775466,0.0013312497017353,0.9995511201324708,0.992804291918735,0.01401843879455,3.2430148271916637,0.0037682688126818,0.0057618699723867,0.990750558411908,0.4622903854631556,0.8879178846227705,1.0
2,3,3D-independent-3e92f69676cb,3D,3D-independent,equal_total,32,independent,ensemble_anomaly,"[80, 48]",,"[1.0, 1.0]",149728,0.2407280000043101,0.5356861250038492,ok,,0.0003059048946977,0.0352339615262458,0.0489240408836996,0.0012808188223688,0.9996260638395008,0.9946220068086988,0.00188968643455,0.4087601475346785,0.0005079328238035,0.0007766544880275,0.9999257396844732,0.931756227787792,0.1202012479406697,1.0
2,3,4D-A-8bea2cabc037,4D,4D-A,equal_total,32,joint,ensemble_anomaly,"[80, 48]",2.0,"[1.0, 1.0]",259188,0.3683070830011274,0.6481796250009211,ok,,5.7696285335209736e-05,0.0063845630064594,0.0092176381679105,0.0002413153993413,0.9999656290705612,0.9996646004441994,0.00351523313496,0.7820150745566389,0.0009449083014505,0.0014448116733243,0.9998299938530693,0.851874963150538,0.2156574639414324,1.0
2,3,4D-B-2828b82824ed,4D,4D-B,equal_total,32,shared-independent,ensemble_anomaly,"[80, 48]",,"[1.0, 1.0]",136304,0.2759718340021209,0.565269291997538,ok,,0.0003059053313538,0.0352340124559196,0.0489241107325737,0.0012808206509943,0.9996260647801803,0.9946220066880754,0.0018360470926914,0.3984183697265277,0.0004935167872063,0.0007546116528373,0.999924009530769,0.9280995164268994,0.11807290515624,1.0
2,3,3D-independent-86c75f98455a,3D,3D-independent,equal_total,32,independent,standardized_anomaly,"[80, 48]",,"[1.0, 1.0]",149728,0.2455423749997862,0.5506848329969216,ok,,0.0003059048946977,0.0352339615262512,0.0489240408837049,0.0012808188223689,0.999626063839496,0.9946220068086992,0.00188968643455,0.4087601475346779,0.0005079328238035,0.0007766544880275,0.9999257396844734,0.9317562277877935,0.1202012479406706,1.0
2,3,4D-A-4ea76ef087a9,4D,4D-A,equal_total,32,joint,standardized_anomaly,"[80, 48]",2.0,"[1.0, 1.0]",259188,0.3991872080005123,0.7026020829944173,ok,,0.0010352231467967,0.1202731694506097,0.1655741705144836,0.0043346892501618,0.9963328664363488,0.9633424261401554,0.0018246153274133,0.3969889730611436,0.0004904436572046,0.0007499126845952,0.9999292302481472,0.9330979633155506,0.1422604869459751,1.0
2,3,4D-B-934096b5cda8,4D,4D-B,equal_total,32,shared-independent,standardized_anomaly,"[80, 48]",,"[1.0, 1.0]",136304,0.2808263339975383,0.5671298750021379,ok,,0.0003589816267405,0.0407124351591324,0.0573875734069131,0.0015023919296522,0.999131637015282,0.9908246190468584,0.0018832019172721,0.4072213962405906,0.0005061893134505,0.0007739885741957,0.9999251010726198,0.9308731032035472,0.12177124256863,1.0
2,3,4D-A-b80c4d29ed28,4D,4D-A,equal_total,32,joint,standardized_anomaly,"[80, 48]",1.0,"[1.0, 1.0]",136306,0.2787472499985597,0.5609120000008261,ok,,0.0063206537788932,0.6828372878030403,1.009292183876273,0.0264230100995019,0.9634226623986092,0.7307787824810444,0.0029236431013088,0.6476249076282189,0.0007858070628806,0.0012015379859483,0.9974150630934596,0.3967548140524908,0.4416738492911229,1.0
2,3,4D-D-2ecf0e4138e3,4D,4D-D,equal_total,32,partial-spatial,standardized_anomaly,"[80, 48]",,"[1.0, 1.0]",163152,0.409235750004882,0.8027887499993085,ok,,0.0003402896187936,0.0392843653608476,0.0544273898201173,0.0014248950837835,0.9995515989464998,0.9933461505711086,0.0018876321684332,0.4082457030580533,0.0005073802809695,0.0007758096226206,0.9999254462100008,0.9311923834241206,0.1213152003553216,1.0
2,3,4D-E-4f4328240852,4D,4D-E,equal_total,32,joint-property-residual,standardized_anomaly,"[80, 48]",2.0,"[1.0, 1.0]",224596,0.729579000006197,1.2732722079963423,ok,,0.00054278783575,0.0625811109835048,0.0868034344718487,0.00227249161577,0.9992120852216422,0.9863333177283388,0.0018977135349205,0.4123038938345204,0.0005100961511089,0.000779962322808,0.9999253012033076,0.9308858609630916,0.1290688538680775,1.0
2,3,4D-C-44adce3e7a5f,4D,4D-C,equal_total,32,joint,standardized_anomaly,"[80, 48]",2.0,"[1.0, 0.5]",259188,0.5443408339997404,0.8534341660051723,ok,,0.0010554076483201,0.1219213599156126,0.168783868989363,0.0044187183317033,0.9965853008061332,0.966165658277824,0.0018197030504761,0.3946185237469033,0.0004891199561505,0.0007478886800098,0.9999299278531764,0.9336585679653414,0.1416569426352333,1.0
2,3,4D-C-1150f24dbbfa,4D,4D-C,equal_total,32,joint,standardized_anomaly,"[80, 48]",2.0,"[1.0, 2.0]",259188,0.4363131249992875,0.7222460000048159,ok,,0.0010926865215992,0.1264079207341311,0.1747483966247139,0.0045748681329851,0.996011135540148,0.9601943826973588,0.001817575577483,0.3966438633204528,0.0004885541970634,0.0007470236062963,0.9999298084205432,0.9333703916811484,0.1440673492163325,1.0
2,3,3D-independent-82249d692984,3D,3D-independent,equal_per_property,64,independent,raw_minmax,"[64, 48]",,"[1.0, 1.0]",219008,0.2263961670032586,0.5090727079950739,ok,,0.000167711372536,0.0187475619063359,0.0267992768298138,0.0007015981830097,0.9996133798715356,0.9965963797506928,0.0012773525366131,0.2849667690317277,0.0003433990440224,0.0005250741756109,0.9999496766690992,0.946812750943458,0.083002441397747,1.0
2,3,4D-A-63bd70d89f36,4D,4D-A,equal_per_property,64,joint,raw_minmax,"[64, 48]",2.0,"[1.0, 1.0]",404420,0.3200908750004601,0.6033485410007415,ok,,0.0004066910910923,0.0444504348449172,0.0649550798664885,0.0017005073047673,0.9980807586626796,0.9824683738422244,0.0041775692452394,0.9599218010211636,0.0011229616099624,0.0017170640159243,0.9992255428427111,0.6757790839591656,0.2938121267413465,1.0
2,3,4D-B-49fc67f13645,4D,4D-B,equal_per_property,64,shared-independent,raw_minmax,"[64, 48]",,"[1.0, 1.0]",207808,0.217582167002547,0.5086260000025504,ok,,0.0004061327996709,0.0443804476797128,0.0648655491834954,0.0016981634144858,0.998085199610275,0.9825056868419804,0.0041481132944103,0.9543583648516262,0.0011150436390064,0.0017049570454926,0.9992217513011163,0.6768071911566164,0.2922705933830101,1.0
2,3,3D-independent-64af48d38810,3D,3D-independent,equal_per_property,64,independent,mean_centered,"[64, 48]",,"[1.0, 1.0]",219008,0.2091155840025749,0.5040088750029099,ok,,0.0001875673854019,0.0208793085746402,0.0299690235730551,0.00078458133848,0.9995221342848928,0.995940997657898,0.0013678435174988,0.3058945941982684,0.0003677173587294,0.0005622580853197,0.9999205774308232,0.9145369398288824,0.0928837335073796,1.0
2,3,4D-A-fbc2ac4d32c8,4D,4D-A,equal_per_property,64,joint,mean_centered,"[64, 48]",2.0,"[1.0, 1.0]",404420,0.3122686249989783,0.6042003749971627,ok,,0.0001931077401366,0.0214445273504841,0.0308522394439958,0.0008077037030942,0.99948127203449,0.9956327683619642,0.0329151467274239,7.615119675710943,0.0088478321718777,0.0135287743645811,0.947013317534192,0.2774093045804189,2.0000107916475587,1.0
2,3,4D-B-6a56509ea188,4D,4D-B,equal_per_property,64,shared-independent,mean_centered,"[64, 48]",,"[1.0, 1.0]",207808,0.2166895839982316,0.4972554159976425,ok,,0.0001953736706559,0.0216980780106687,0.0312143406209013,0.0008171834188864,0.99947985653951,0.9955790417350342,0.0327802203264903,7.585606884524641,0.0088115614126898,0.0134733145742558,0.9473631854762384,0.3261517018067685,1.9866098976911024,1.0
2,3,3D-independent-5a93f5036396,3D,3D-independent,equal_per_property,64,independent,ensemble_anomaly,"[64, 48]",,"[1.0, 1.0]",219008,0.205363415996544,0.4845914999968954,ok,,0.0001464078147045,0.0161756881840048,0.0233865872642744,0.0006122548468606,0.9997112646231776,0.9975698420438484,0.0015397340640448,0.337488928617258,0.0004138636836633,0.0006328181056341,0.9999337556773332,0.9429774315359624,0.0958477450028393,1.0
2,3,4D-A-cbe030d90365,4D,4D-A,equal_per_property,64,joint,ensemble_anomaly,"[64, 48]",2.0,"[1.0, 1.0]",404420,0.2882582079982967,0.5679438330043922,ok,,0.0001441009122306,0.0159296021939884,0.0230182828008892,0.0006026127306219,0.9997123754132148,0.9975999440897252,0.003126318937974,0.7017107237943292,0.000840421029591,0.0012850454506499,0.9998165156804784,0.8603298072356079,0.1971688625814127,1.0
2,3,4D-B-6939f5acac9e,4D,4D-B,equal_per_property,64,shared-independent,ensemble_anomaly,"[64, 48]",,"[1.0, 1.0]",207808,0.2104427080048481,0.4889092500015977,ok,,0.0001464096161413,0.016175796083701,0.0233868713686461,0.0006122622846401,0.9997112422849024,0.9975697214509118,0.0015308703860077,0.3378064995474186,0.0004115051796752,0.000629211836022,0.999909579868832,0.924741720196339,0.0982066437018735,1.0
2,3,3D-independent-7a2c6100f5cb,3D,3D-independent,equal_per_property,64,independent,standardized_anomaly,"[64, 48]",,"[1.0, 1.0]",219008,0.204560833000869,0.5029935839993414,ok,,0.0001464078147042,0.0161756881839743,0.0233865872642211,0.0006122548468592,0.9997112646231002,0.997569842043864,0.0015397340640449,0.3374889286172683,0.0004138636836633,0.0006328181056341,0.9999337556773332,0.942977431535958,0.0958477450028329,1.0
2,3,4D-A-c45120ace2c4,4D,4D-A,equal_per_property,64,joint,standardized_anomaly,"[64, 48]",2.0,"[1.0, 1.0]",404420,0.2918176669991226,0.583092624998244,ok,,0.000925732487788,0.1032242863682647,0.1479137002253903,0.0038723426747445,0.9961983022986916,0.953498902924351,0.0014039243671747,0.308349381735925,0.0003773781792778,0.0005770299592473,0.9999439957225869,0.9470001873341314,0.1153310307437371,1.0
2,3,4D-B-f843c8275099,4D,4D-B,equal_per_property,64,shared-independent,standardized_anomaly,"[64, 48]",,"[1.0, 1.0]",207808,0.2213485419997596,0.5112299169995822,ok,,0.0003147582094018,0.0334934816641322,0.0502375648385362,0.0013152065420787,0.9987773596339083,0.99070145446448,0.0015089592798069,0.3306512236526178,0.0004055900916962,0.0006201673730327,0.9999336347719638,0.9414055787153324,0.099522797181711,1.0
2,3,4D-A-102750e40079,4D,4D-A,equal_per_property,64,joint,standardized_anomaly,"[64, 48]",1.0,"[1.0, 1.0]",207810,0.1923475419971509,0.4822507499993662,ok,,0.0064996314225602,0.7032604385478636,1.037899206328443,0.027171934598518,0.9629983052869184,0.7252369285279273,0.0027427815565065,0.6111039982682475,0.0007371897519159,0.0011271997053981,0.997509213453899,0.4098629602957451,0.4367036231010687,1.0
2,3,4D-D-ff94f89c821d,4D,4D-D,equal_per_property,64,partial-spatial,standardized_anomaly,"[64, 48]",,"[1.0, 1.0]",230208,0.397274749004282,0.7583911670008092,ok,,7.728468079197783e-05,0.0083638379013595,0.0123409211934331,0.0003230821466177,0.999959759404326,0.999520540754598,0.0016568541793306,0.3645000139078152,0.0004453503998106,0.0006809628567961,0.9999325912346664,0.9357906665250932,0.1013020620423323,1.0
2,3,4D-E-0ed2b1a0be64,4D,4D-E,equal_per_property,64,joint-property-residual,standardized_anomaly,"[64, 48]",2.0,"[1.0, 1.0]",328516,0.5839243750015157,1.0378638330003014,ok,,0.0008200843610727,0.0946427862758777,0.131137046815476,0.0034331341981827,0.997086007535698,0.965823346716612,0.001769657151581,0.3847733604437838,0.0004756650835893,0.0007273155123176,0.999932266565974,0.934268523769227,0.1323425528691855,1.0
2,3,4D-C-e7705bff9f37,4D,4D-C,equal_per_property,64,joint,standardized_anomaly,"[64, 48]",2.0,"[1.0, 0.5]",404420,0.421554249995097,0.7339208749981481,ok,,0.0008118785435256,0.0887457952984938,0.1296632796249097,0.0033945513517258,0.997282145069429,0.9606098587415962,0.0014020650950902,0.3074332919995692,0.0003768786940541,0.000576266221559,0.9999432416591412,0.9458098369958856,0.1107423098573305,1.0
2,3,4D-C-07c1f38e4371,4D,4D-C,equal_per_property,64,joint,standardized_anomaly,"[64, 48]",2.0,"[1.0, 2.0]",404420,0.295286083004612,0.6067018749963609,ok,,0.0009316007207328,0.1016092436947451,0.1487767608753518,0.0038949373808511,0.996121054596632,0.9578100718010648,0.0014049453313444,0.3082269403831126,0.0003776509968967,0.0005774471109221,0.999944650588468,0.9495018618956732,0.1140450543073721,1.0
2,3,3D-independent-fa9b36e31dc0,3D,3D-independent,equal_per_property,64,independent,raw_minmax,"[80, 48]",,"[1.0, 1.0]",272608,0.2276563330015051,0.5250445420024334,ok,,7.284411558807363e-05,0.008121540039829,0.0116396204651223,0.0003047222737058,0.9999346709265672,0.9993916218288688,0.0012796669896095,0.2854144221839706,0.0003440213506917,0.0005260257133831,0.9999501569082642,0.9479647437634632,0.0799644448569084,1.0
2,3,4D-A-4f7fd7861b3e,4D,4D-A,equal_per_property,64,joint,raw_minmax,"[80, 48]",2.0,"[1.0, 1.0]",504948,0.332444542000303,0.6099612500038347,ok,,0.0001656627140923,0.0184664001899105,0.0264693778495103,0.0006929615124522,0.9995900763217443,0.9965641012588428,0.0016155222715416,0.3613733903108381,0.0004342897314724,0.0006640505461462,0.999886817984724,0.8769854800157768,0.1107662499658597,1.0
2,3,4D-B-51546c614bcf,4D,4D-B,equal_per_property,64,shared-independent,raw_minmax,"[80, 48]",,"[1.0, 1.0]",259184,0.2224472500020056,0.5086285840006894,ok,,0.0001641376175698,0.0182726002534036,0.0262247454630912,0.0006865570994187,0.99959387802922,0.9965956524475872,0.0015398723895328,0.3462471822322885,0.0004139533438972,0.0006329552005801,0.99988538900329,0.8783683255978662,0.1067594483657413,1.0
2,3,3D-independent-5cbc421a2b78,3D,3D-independent,equal_per_property,64,independent,mean_centered,"[80, 48]",,"[1.0, 1.0]",272608,0.2086972920005791,0.4909242499998072,ok,,8.059881482922576e-05,0.0089648943006052,0.0128779638567773,0.0003371417855846,0.9999158434517216,0.9992412969264244,0.0012819541092337,0.2862239162648681,0.0003446354936824,0.0005269647684858,0.9999435546900424,0.9401735035209916,0.0813703525854413,1.0
2,3,4D-A-a9f18b485be4,4D,4D-A,equal_per_property,64,joint,mean_centered,"[80, 48]",2.0,"[1.0, 1.0]",504948,0.3138596670032711,0.5926101669974742,ok,,8.49437295278572e-05,0.0094837261709323,0.013573086021669,0.0003553399052934,0.9998873451973324,0.9990847803285,0.0143291708565143,3.310352478928567,0.0038517950756582,0.0058895857725255,0.9904655760596976,0.3907741444066342,0.9062266856829831,1.0
2,3,4D-B-be3ed22367d4,4D,4D-B,equal_per_property,64,shared-independent,mean_centered,"[80, 48]",,"[1.0, 1.0]",259184,0.2213190000038594,0.4958310829970287,ok,,9.021665659559776e-05,0.0100652760948923,0.0144154281900895,0.0003773922068756,0.9998839670921296,0.9990212855943978,0.0139741924165191,3.233256459080831,0.0037563707836636,0.0057436772957126,0.9907831536293812,0.4639118158451494,0.8779637961139874,1.0
2,3,3D-independent-44372d7b9669,3D,3D-independent,equal_per_property,64,independent,ensemble_anomaly,"[80, 48]",,"[1.0, 1.0]",272608,0.2084299170019221,0.4852671250046114,ok,,5.766412988031838e-05,0.0063806143299618,0.0092124874118942,0.000241180553872,0.9999656374183116,0.9996647914194492,0.0015475496335728,0.3393719352248206,0.0004159654685661,0.0006360318390277,0.99993401076625,0.942954747064466,0.0936106950782061,1.0
2,3,4D-A-abc62af84685,4D,4D-A,equal_per_property,64,joint,ensemble_anomaly,"[80, 48]",2.0,"[1.0, 1.0]",504948,0.3614222920004977,0.6440423329986515,ok,,5.150134124406485e-05,0.0057304272322883,0.0082289216620681,0.0002154310552071,0.9999680425509304,0.999702867147076,0.0032111285819325,0.7203665918843628,0.0008632209273759,0.0013199076255506,0.9998263590678328,0.8719553596074482,0.1975669764348472,1.0
2,3,4D-B-643a4d560541,4D,4D-B,equal_per_property,64,shared-independent,ensemble_anomaly,"[80, 48]",,"[1.0, 1.0]",259184,0.2252121250057825,0.5172067919993424,ok,,5.766354983937819e-05,0.0063805297360507,0.0092123940066171,0.0002411781085458,0.9999656381976924,0.9996648001483508,0.0015531808931317,0.3400013978622429,0.0004174779135459,0.0006383444424399,0.9999343180385036,0.939024651033944,0.0942593005017865,1.0
2,3,3D-independent-11e1b067c3e2,3D,3D-independent,equal_per_property,64,independent,standardized_anomaly,"[80, 48]",,"[1.0, 1.0]",272608,0.2185641660034889,0.5024954589971458,ok,,5.7664129880288384e-05,0.006380614329959,0.0092124874118894,0.0002411805538719,0.9999656374183488,0.9996647914194496,0.0015475496335728,0.3393719352248183,0.0004159654685661,0.0006360318390277,0.99993401076625,0.9429547470644676,0.0936106950782047,1.0
2,3,4D-A-3bf6b15a532d,4D,4D-A,equal_per_property,64,joint,standardized_anomaly,"[80, 48]",2.0,"[1.0, 1.0]",504948,0.3377770830047666,0.627759667004284,ok,,0.0009039998743795,0.1014464958566074,0.1444657973581606,0.003782077463403,0.9968110954231936,0.9587174181546704,0.001421495813192,0.3118237513702948,0.0003820995430784,0.0005842491587428,0.999944134186999,0.9477311628078958,0.1150114891864047,1.0
2,3,4D-B-3ee6d3ebd2d3,4D,4D-B,equal_per_property,64,shared-independent,standardized_anomaly,"[80, 48]",,"[1.0, 1.0]",259184,0.2288754170003812,0.5188612080019084,ok,,0.0001849379724014,0.019869707438573,0.0295212189134877,0.0007728579275278,0.9994642726491202,0.9958585746368388,0.0015169958402991,0.332355306873606,0.0004077501454877,0.0006234702024482,0.9999333525342536,0.9423616841888446,0.0957787212248343,1.0
2,3,4D-A-0bf051d8d579,4D,4D-A,equal_per_property,64,joint,standardized_anomaly,"[80, 48]",1.0,"[1.0, 1.0]",259186,0.2004761659991345,0.4842589169929852,ok,,0.0064891791421275,0.7020343048955615,1.0362265616388813,0.0271281451902265,0.9631189168502684,0.7266576590556825,0.0027503377648945,0.6128978407689653,0.0007392215019744,0.0011303063520402,0.9974971794594324,0.4087048896308276,0.4368127178303179,1.0
2,3,4D-D-e24c5d642104,4D,4D-D,equal_per_property,64,partial-spatial,standardized_anomaly,"[80, 48]",,"[1.0, 1.0]",286032,0.3801262909983052,0.72710229200311,ok,,6.860847823919955e-05,0.0074064693200932,0.0109550722996578,0.0002868009785857,0.99997454577138,0.9996582456574764,0.0016656408870105,0.3662014425583177,0.0004477121027243,0.000684574017724,0.99993268573514,0.936578150602408,0.1013724284371172,1.0
2,3,4D-E-6ca320f290f9,4D,4D-E,equal_per_property,64,joint-property-residual,standardized_anomaly,"[80, 48]",2.0,"[1.0, 1.0]",408916,0.6144580420004786,1.054137457998877,ok,,0.0006431735123956,0.0729155760122142,0.1027994553271982,0.0026912633325879,0.998302910523063,0.9810800849142663,0.0017478527770357,0.3792518873364869,0.0004697990828706,0.0007183461061846,0.9999336277687844,0.9351400274289586,0.1235143517942721,1.0
2,3,4D-C-4e04f7cc08d6,4D,4D-C,equal_per_property,64,joint,standardized_anomaly,"[80, 48]",2.0,"[1.0, 0.5]",504948,0.3258022080044611,0.6183609579966287,ok,,0.0008489064934764,0.0929954818358454,0.1355844667280925,0.0035495665090092,0.997520619891534,0.96191015231978,0.001438153021334,0.3153217450003328,0.0003865798072909,0.0005910997050063,0.9999450020535292,0.94680339043167,0.1134901138651133,1.0
2,3,4D-C-f8d668c31c07,4D,4D-C,equal_per_property,64,joint,standardized_anomaly,"[80, 48]",2.0,"[1.0, 2.0]",504948,0.3188204999969457,0.6141636659958749,ok,,0.0008819193250375,0.0967198275545713,0.1408592352865677,0.0036876585948488,0.9969865144735972,0.9638151286034704,0.0014121134207682,0.3098384256566212,0.0003795777017758,0.0005803931382732,0.9999450093721396,0.950019178807981,0.1124102748763667,1.0
2,3,3D-current-e419eaac8e1a,3D,3D-current,equal_total,32,legacy-independent,raw_minmax,"[48, 48]",,"[1.0, 1.0]",117216,4.1280919589989935,4.4308650419989135,ok,,0.0010659160368039,0.1161724858408749,0.1702423485069273,0.0044569009508082,0.9938137408436548,0.9373471032238428,0.0016678526208168,0.3744817189131297,0.0004484032710002,0.0006856308483091,0.9999338224029656,0.9195973491040472,0.1405454946475149,1.0
2,3,4D-A-current-205a30146a4e,4D,4D-A-current,equal_total,32,legacy-joint,raw_minmax,"[48, 48]",2.0,"[1.0, 1.0]",181972,6.0192328750054,6.386707833000401,ok,,0.0025466598338948,0.2801123681031465,0.4068231556769143,0.0106505257079055,0.9726991463420824,0.8055614638760359,0.0155084849973845,3.5830879530683823,0.0041687869694627,0.0063742821052964,0.9909837412502976,0.4471224313978294,1.059214593383649,1.0
2,3,3D-current-5e7711139fcb,3D,3D-current,equal_per_property,64,legacy-independent,raw_minmax,"[48, 48]",,"[1.0, 1.0]",216480,3.978856749999977,4.294516333997308,ok,,0.0010395348560093,0.1130260407205965,0.1660192362157017,0.004346340955888,0.9939251380923252,0.9402941098920228,0.0012816590590055,0.2858302398996832,0.0003445538144273,0.0005268398768524,0.9999468309389165,0.9410695133896608,0.1145436172448595,1.0
2,3,4D-A-current-43ce2f360e5a,4D,4D-A-current,equal_per_property,64,legacy-joint,raw_minmax,"[48, 48]",2.0,"[1.0, 1.0]",354964,5.532334540999727,5.83223212500161,ok,,0.0025450109760019,0.2799217547004689,0.4065594103295489,0.0106436209224643,0.97267953301646,0.8055601331337447,0.0154187357291545,3.5636152686271045,0.0041446561478813,0.0063373848818789,0.991040202523926,0.4500518951634038,1.05393275229475,1.0
3,1,3D-independent-e9bc2b1d9158,3D,3D-independent,equal_total,32,independent,raw_minmax,"[64, 48]",,"[1.0, 1.0]",120704,0.3797174170031212,0.6891384160044254,ok,,0.0003148854163737,0.0618613106080218,0.050487934942491,0.0012194357359145,0.9994897577409078,0.9908204529204272,0.0013021252451667,0.3616883619308158,0.0003502962887899,0.0005356204050583,0.9999656647242636,0.9342033215848295,0.1152594463215523,1.0
3,1,4D-A-c5fc8bd2cb2c,4D,4D-A,equal_total,32,joint,raw_minmax,"[64, 48]",2.0,"[1.0, 1.0]",207812,0.4606160409966833,0.7535290000014356,ok,,0.0003707966346235,0.072519717132364,0.059445027804686,0.0014357765139342,0.9986559921814658,0.9856608454017608,0.0043004946765155,1.1918204726843151,0.0011569338560624,0.0017690092657003,0.9992199249615388,0.689718873656545,0.3566625825718816,1.0
3,1,4D-B-f835e7c8452f,4D,4D-B,equal_total,32,shared-independent,raw_minmax,"[64, 48]",,"[1.0, 1.0]",109504,0.2823689169963472,0.5651195839964203,ok,,0.0004474483167358,0.0876874352781751,0.0717374705106487,0.0017326760392249,0.9985220593132634,0.9805353898295436,0.0042175971474484,1.1688158399966764,0.0011346323744867,0.0017349091939118,0.9992239359742974,0.6963868514953533,0.3545105386531008,1.0
3,1,3D-independent-7cc1fb3009e2,3D,3D-independent,equal_total,32,independent,mean_centered,"[64, 48]",,"[1.0, 1.0]",120704,0.2590076670021517,0.5462080409997725,ok,,0.0003211261271017,0.063109214681337,0.051488464635767,0.0012436015423436,0.9994737365136944,0.9908055140672234,0.0013857206593621,0.3848011514810734,0.0003727858882826,0.0005700081184751,0.9999409395826752,0.9142473889490126,0.1238459786635731,1.0
3,1,4D-A-a8d848e0bd2f,4D,4D-A,equal_total,32,joint,mean_centered,"[64, 48]",2.0,"[1.0, 1.0]",207812,0.3724866669945186,0.6425969999982044,ok,,0.0001842527198942,0.0360367599480086,0.029539745238557,0.0007134738431021,0.9996340749386622,0.9964721661122824,0.0357036781774396,9.892714172644212,0.0096051460273216,0.0146867448227047,0.9465537497082592,0.2562005366926907,2.575603645297434,1.0
3,1,4D-B-2e139466dc24,4D,4D-B,equal_total,32,shared-independent,mean_centered,"[64, 48]",,"[1.0, 1.0]",109504,0.2448206670014769,0.5130806249944726,ok,,0.000323069146278,0.0634892459658912,0.0518000250756864,0.0012511266656184,0.9994643166102792,0.9907097561931346,0.0355094957710783,9.838708730786092,0.009552902161896,0.0146068613604571,0.9473609478600654,0.3436358833108046,2.558756289250004,1.0
3,1,3D-independent-34daa9e6fa18,3D,3D-independent,equal_total,32,independent,ensemble_anomaly,"[64, 48]",,"[1.0, 1.0]",120704,0.2334914169987314,0.4955309579963796,ok,,0.0002919296161326,0.0574681367433558,0.0468074423378723,0.0011305407511433,0.999593728231178,0.991921540932128,0.0012708935866933,0.3533010916980428,0.0003418964632033,0.0005227766549899,0.999965444873314,0.9425469574802412,0.1108837448088035,1.0
3,1,4D-A-63c64c98502f,4D,4D-A,equal_total,32,joint,ensemble_anomaly,"[64, 48]",2.0,"[1.0, 1.0]",207812,0.3416450410004472,0.6056389169971226,ok,,0.0001444759760896,0.0283466447496438,0.0231634881958671,0.0005594680255124,0.9997899676788248,0.9979702872546676,0.0028857877154062,0.7985829085099873,0.0007763353661931,0.001187055291787,0.9998767346824704,0.8576687112581234,0.2247775135008088,1.0
3,1,4D-B-852478df5431,4D,4D-B,equal_total,32,shared-independent,ensemble_anomaly,"[64, 48]",,"[1.0, 1.0]",109504,0.2733562909997999,0.5544226249985513,ok,,0.0002919300115869,0.0574682181236512,0.046807505814655,0.0011305422842989,0.9995937270431752,0.9919215203894224,0.0013702015876309,0.3802962179803288,0.0003686117688376,0.0005636256827502,0.9999506139946264,0.9315357651926476,0.1190089483282362,1.0
3,1,3D-independent-629bdce16d73,3D,3D-independent,equal_total,32,independent,standardized_anomaly,"[64, 48]",,"[1.0, 1.0]",120704,0.245284749995335,0.5430303339962848,ok,,0.0002919296161327,0.0574681367433697,0.0468074423378843,0.0011305407511436,0.999593728231173,0.9919215409321226,0.0012708935866933,0.3533010916980411,0.0003418964632033,0.0005227766549899,0.999965444873314,0.9425469574802424,0.1108837448088071,1.0
3,1,4D-A-06f4272272b6,4D,4D-A,equal_total,32,joint,standardized_anomaly,"[64, 48]",2.0,"[1.0, 1.0]",207812,0.363212874995952,0.6503754579971428,ok,,0.0006318121251834,0.1242584992812333,0.1012953811791343,0.0024465886321875,0.998706714223232,0.9674695778444562,0.0012264888520497,0.3408703172448721,0.000329950891558,0.0005045112832801,0.9999671152469476,0.9463312978518824,0.127057094669484,1.0
3,1,4D-B-17b80d300b68,4D,4D-B,equal_total,32,shared-independent,standardized_anomaly,"[64, 48]",,"[1.0, 1.0]",109504,0.251080791997083,0.5228879160058568,ok,,0.0003393381036437,0.0666838586349561,0.0544080090780258,0.0013141173364543,0.9992998641031606,0.9889198035689488,0.0012707636806736,0.353264671812896,0.000341861488173,0.0005227231764332,0.9999651394620962,0.9423805490883752,0.1135745885297975,1.0
3,1,4D-A-4681118648ec,4D,4D-A,equal_total,32,joint,standardized_anomaly,"[64, 48]",1.0,"[1.0, 1.0]",109506,0.2795603339982335,0.5702172909950605,ok,,0.0045338710621697,0.8858324041218308,0.7268528179127732,0.0175556853716166,0.972881950186834,0.7421751052485176,0.0020776286135272,0.5757008636062872,0.0005589299351938,0.000854631601499,0.9993702359911412,0.7315142509538436,0.4311721474067344,1.0
3,1,4D-D-9e53fbf0a6d8,4D,4D-D,equal_total,32,partial-spatial,standardized_anomaly,"[64, 48]",,"[1.0, 1.0]",131904,0.5815912089965423,1.0299338750046445,ok,,0.0003389758715318,0.0665734969465103,0.0543474625687741,0.001312654955845,0.9996169068010596,0.9905494417862092,0.0013092171907165,0.3636968187784462,0.0003522059673035,0.0005385403982518,0.9999642184912326,0.9396424276811572,0.1162935952478183,1.0
3,1,4D-E-07794d5e4bbe,4D,4D-E,equal_total,32,joint-property-residual,standardized_anomaly,"[64, 48]",2.0,"[1.0, 1.0]",181060,0.5471776669946848,0.9657419590002974,ok,,0.0004717251719246,0.0925710581274453,0.0756304822854529,0.0018267040022212,0.9993710256486844,0.9856022821361506,0.0013045190266545,0.3626248054335335,0.0003509429451189,0.0005366091746684,0.9999631957377848,0.9401923194832276,0.1230746406878224,1.0
3,1,4D-C-3fe7ec5ee326,4D,4D-C,equal_total,32,joint,standardized_anomaly,"[64, 48]",2.0,"[1.0, 0.5]",207812,0.5165592920020572,0.8322800830064807,ok,,0.000684088468887,0.1344553931358234,0.109671552105322,0.0026488983952855,0.9985935444249056,0.96054426191271,0.0012252980185075,0.3405371204774929,0.0003296305132836,0.0005040214090034,0.9999664846170536,0.9454766128711444,0.1304955190553473,1.0
3,1,4D-C-5b31da2b924b,4D,4D-C,equal_total,32,joint,standardized_anomaly,"[64, 48]",2.0,"[1.0, 2.0]",207812,0.3649433749960735,0.6698455000005197,ok,,0.0007417699966081,0.1451419029776477,0.1189196186150485,0.0028722670635212,0.998229642946618,0.9607824486468473,0.0012066998516978,0.335460396401501,0.0003246269228236,0.0004963706709434,0.9999679014028752,0.9466178054846812,0.1317255430783461,1.0
3,1,3D-independent-7db5f3bc9ad5,3D,3D-independent,equal_total,32,independent,raw_minmax,"[80, 48]",,"[1.0, 1.0]",149728,0.2699449159990763,0.5664862090052338,ok,,0.0002769591963943,0.0544897833703805,0.0444079041672476,0.0010725846751366,0.9997426541571404,0.9931193928663782,0.0013011250265973,0.361416329448361,0.000350027209978,0.0005352089702048,0.999965904629742,0.9346033532237774,0.1130111849434159,1.0
3,1,4D-A-9e409054ed54,4D,4D-A,equal_total,32,joint,raw_minmax,"[80, 48]",2.0,"[1.0, 1.0]",259188,0.4336226250015897,0.7425288750018808,ok,,0.0001953179328899,0.0383116831888998,0.0313151810590263,0.000756355967094,0.9996057922152048,0.9959652159485524,0.0017672150232896,0.4903979864038206,0.000475418301052,0.0007269381695743,0.9999016829012304,0.8726554775416656,0.1485998307119028,1.0
3,1,4D-B-2fb1b6b4a839,4D,4D-B,equal_total,32,shared-independent,raw_minmax,"[80, 48]",,"[1.0, 1.0]",136304,0.2797900829973514,0.5652496250040713,ok,,0.0003197954042533,0.0628297295431898,0.0512752064641398,0.0012384507150072,0.9994480526157375,0.9905788706064508,0.0015581412815104,0.4324525840407849,0.0004191714952297,0.0006409340128592,0.9999084906067393,0.8867835610269967,0.1391502744418127,1.0
3,1,3D-independent-dbbd1a2865ca,3D,3D-independent,equal_total,32,independent,mean_centered,"[80, 48]",,"[1.0, 1.0]",149728,0.2658629170036874,0.5558675419961219,ok,,0.0002818461471328,0.0554881137801951,0.0451919199459661,0.0010915210182288,0.9997319652899654,0.9931781942433888,0.0013096165203518,0.3637570019896287,0.0003523115882993,0.0005387018979947,0.9999594269927926,0.9312219884516012,0.1142612561055822,1.0
3,1,4D-A-85017caccbe9,4D,4D-A,equal_total,32,joint,mean_centered,"[80, 48]",2.0,"[1.0, 1.0]",259188,0.3951176659975317,0.6817959580002935,ok,,8.360284443774983e-05,0.0163715046880768,0.0134030619113223,0.0003237243251077,0.9999274359058572,0.9992648153161188,0.0179485306325174,4.97364498401047,0.0048285915132379,0.0073831559880801,0.9860977521353438,0.3467017174868212,1.329258305574269,1.0
3,1,4D-B-4bb821f89672,4D,4D-B,equal_total,32,shared-independent,mean_centered,"[80, 48]",,"[1.0, 1.0]",136304,0.2691303750034421,0.5352922500023851,ok,,0.0002830099773084,0.0557225425509908,0.0453786644156774,0.001096031459785,0.9997229147508162,0.9931259172163356,0.0175287131407455,4.856832611860438,0.004715642270116,0.0072104509915157,0.9869649877174208,0.4930578352012571,1.292365819550658,1.0
3,1,3D-independent-3e92f69676cb,3D,3D-independent,equal_total,32,independent,ensemble_anomaly,"[80, 48]",,"[1.0, 1.0]",149728,0.2569349590048659,0.5360822500006179,ok,,0.0002683146372877,0.0528875195909648,0.043021857215523,0.0010391074654524,0.9997483072108057,0.9931552818058264,0.0012711976174294,0.3533843014588871,0.0003419782598342,0.0005229017260968,0.9999654414366494,0.9425404139501692,0.1096059932929635,1.0
3,1,4D-A-8bea2cabc037,4D,4D-A,equal_total,32,joint,ensemble_anomaly,"[80, 48]",2.0,"[1.0, 1.0]",259188,0.3695338339966838,0.643753000003926,ok,,5.825214729709801e-05,0.0114550719318886,0.0093390131760792,0.0002255653042268,0.9999708859068572,0.9996465510004076,0.0028647867034198,0.7926929811225144,0.0007706842461814,0.0011784144489161,0.999895691257838,0.8695385613024676,0.2173888742257413,1.0
3,1,4D-B-2828b82824ed,4D,4D-B,equal_total,32,shared-independent,ensemble_anomaly,"[80, 48]",,"[1.0, 1.0]",136304,0.2642186669982038,0.5304307500045979,ok,,0.0002683146382625,0.0528875199778465,0.0430218573826176,0.0010391074694883,0.9997483075121872,0.9931552880145852,0.0013151590769921,0.3653850599854353,0.0003538048485584,0.000540985167017,0.999961986025666,0.9386647482999192,0.1130906404515074,1.0
3,1,3D-independent-86c75f98455a,3D,3D-independent,equal_total,32,independent,standardized_anomaly,"[80, 48]",,"[1.0, 1.0]",149728,0.2476659170060884,0.5408679589963867,ok,,0.0002683146372877,0.0528875195909679,0.0430218572155253,0.0010391074654525,0.99974830721083,0.9931552818058212,0.0012711976174294,0.3533843014588875,0.0003419782598342,0.0005229017260968,0.9999654414366496,0.9425404139501692,0.109605993292965,1.0
3,1,4D-A-4ea76ef087a9,4D,4D-A,equal_total,32,joint,standardized_anomaly,"[80, 48]",2.0,"[1.0, 1.0]",259188,0.3748763340045116,0.6625645840031211,ok,,0.0006468856137415,0.1271223832505099,0.1037092364131214,0.002504890508408,0.9987770298715604,0.9669039699078944,0.0012232162685223,0.3399525084315256,0.0003290704687606,0.0005031650731418,0.999967533422788,0.946627075818694,0.1275773422046853,1.0
3,1,4D-B-934096b5cda8,4D,4D-B,equal_total,32,shared-independent,standardized_anomaly,"[80, 48]",,"[1.0, 1.0]",136304,0.2638088749954477,0.5403330420012935,ok,,0.0003040262977877,0.0598328334703217,0.0487473816185736,0.0011773961293062,0.9995039968746124,0.9910089131415836,0.0012699676792207,0.3530424984352218,0.0003416473635159,0.000522395769209,0.9999653107010796,0.9425994258156076,0.1115177906067369,1.0
3,1,4D-A-b80c4d29ed28,4D,4D-A,equal_total,32,joint,standardized_anomaly,"[80, 48]",1.0,"[1.0, 1.0]",136306,0.2897864999977173,0.5705670419993112,ok,,0.0045313997199858,0.8853398047239557,0.7264564781473966,0.0175461125722139,0.9729528460725488,0.7437793230920176,0.0020785313049685,0.5759521472801463,0.0005591727270385,0.0008550028422755,0.9993691696411368,0.731325660726931,0.4309348650236569,1.0
3,1,4D-D-2ecf0e4138e3,4D,4D-D,equal_total,32,partial-spatial,standardized_anomaly,"[80, 48]",,"[1.0, 1.0]",163152,0.423154499992961,0.8066026250016876,ok,,0.0002947075367681,0.0580601210778241,0.0472543510329612,0.0011413349425497,0.999722173920842,0.9922565928300316,0.0012724258578147,0.3537145718148577,0.0003423086347399,0.0005234068857187,0.9999651752725948,0.9423151665576944,0.1111222032997047,1.0
3,1,4D-E-4f4328240852,4D,4D-E,equal_total,32,joint-property-residual,standardized_anomaly,"[80, 48]",2.0,"[1.0, 1.0]",224596,0.5145941250011674,0.8948849170046742,ok,,0.0004730192172314,0.0924224339510273,0.0758298620117529,0.0018315196232907,0.9993732035887436,0.9850648755821244,0.0012526824964265,0.348116540310927,0.0003369977826971,0.0005152863294542,0.9999653611026328,0.94524999760748,0.118845384416788,1.0
3,1,4D-C-44adce3e7a5f,4D,4D-C,equal_total,32,joint,standardized_anomaly,"[80, 48]",2.0,"[1.0, 0.5]",259188,0.3708281250001164,0.6547404169978108,ok,,0.0006668339113196,0.1310898266006984,0.1069051153829833,0.0025820806138846,0.998779490931984,0.963032581083017,0.0012257689178052,0.3406678305441557,0.0003297572759836,0.0005042152354608,0.9999674094569708,0.946213920101091,0.1292836016382,1.0
3,1,4D-C-1150f24dbbfa,4D,4D-C,equal_total,32,joint,standardized_anomaly,"[80, 48]",2.0,"[1.0, 2.0]",259188,0.3708410830004141,0.6502095420000842,ok,,0.0007303300679353,0.1429121681541561,0.1170857288949979,0.0028279731017479,0.9984618730727408,0.9630028471872314,0.0012067789522069,0.3354991171130657,0.0003246482718906,0.0004964033147259,0.9999680145942086,0.946596590537552,0.1309028916012075,1.0
3,1,3D-independent-82249d692984,3D,3D-independent,equal_per_property,64,independent,raw_minmax,"[64, 48]",,"[1.0, 1.0]",219008,0.2053657500000554,0.4880125000054249,ok,,0.0001728003345711,0.0337898728725686,0.0277041858662895,0.0006691395541975,0.9996623016568194,0.9968110245331656,0.0010120394687192,0.28118539720913,0.0002722573052513,0.0004162949274242,0.9999741040539256,0.9576112406412238,0.084441034373626,1.0
3,1,4D-A-63bd70d89f36,4D,4D-A,equal_per_property,64,joint,raw_minmax,"[64, 48]",2.0,"[1.0, 1.0]",404420,0.2930050419963663,0.5692525410049711,ok,,0.0003612010698349,0.070587830338266,0.0579060923299189,0.0013986065858051,0.9986780965983788,0.9864214619081104,0.0041528194140768,1.1507828272566314,0.0011172065038741,0.001708264173183,0.999229931184064,0.7021473037046194,0.3442715686971331,1.0
3,1,4D-B-49fc67f13645,4D,4D-B,equal_per_property,64,shared-independent,raw_minmax,"[64, 48]",,"[1.0, 1.0]",207808,0.2190887079996173,0.4987146659987047,ok,,0.0003609239205226,0.070536111008119,0.0578617472549461,0.0013975355186443,0.998679581884532,0.9864134564025973,0.0041385677505283,1.1468287327606246,0.0011133724443775,0.0017024017059909,0.9992315545208118,0.7056073686141838,0.3428386078150883,1.0
3,1,3D-independent-64af48d38810,3D,3D-independent,equal_per_property,64,independent,mean_centered,"[64, 48]",,"[1.0, 1.0]",219008,0.2048785000006319,0.4933599590003723,ok,,0.0001811120880247,0.0354182535914715,0.0290361044748097,0.0007013094013186,0.9996469822068152,0.996590636550149,0.0011147347474999,0.3095379535228965,0.0002998860148393,0.0004585405951471,0.9999508144995888,0.9370276552575916,0.0945367653026244,1.0
3,1,4D-A-fbc2ac4d32c8,4D,4D-A,equal_per_property,64,joint,mean_centered,"[64, 48]",2.0,"[1.0, 1.0]",404420,0.3372358330016141,0.6284147080004914,ok,,0.0001826161037244,0.0357099363086882,0.0292772651087836,0.0007071341571835,0.9996361499968572,0.9965494171659146,0.035551644687524,9.8503091942114,0.009564240855548,0.0146241987856056,0.947195434556891,0.3251174030427144,2.5562964301039433,1.0
3,1,4D-B-6a56509ea188,4D,4D-B,equal_per_property,64,shared-independent,mean_centered,"[64, 48]",,"[1.0, 1.0]",207808,0.2131953749994863,0.5036985420010751,ok,,0.0001842271140423,0.0360317536337994,0.0295356420704795,0.0007133747392312,0.9996341445014172,0.9964728402486764,0.035499667436003,9.835972200195952,0.0095502582008416,0.0146028186128282,0.94733961622886,0.344310879895318,2.5504030234394386,1.0
3,1,3D-independent-5a93f5036396,3D,3D-independent,equal_per_property,64,independent,ensemble_anomaly,"[64, 48]",,"[1.0, 1.0]",219008,0.2063199170006555,0.4953249169993796,ok,,0.0001444759727305,0.0283465377442075,0.0231634861601537,0.0005594679763438,0.999789949940708,0.9979705339824124,0.0009803882830776,0.2724166817307344,0.0002637428498001,0.0004032759026057,0.999969978278901,0.958397730082237,0.0806447718606543,1.0
3,1,4D-A-cbe030d90365,4D,4D-A,equal_per_property,64,joint,ensemble_anomaly,"[64, 48]",2.0,"[1.0, 1.0]",404420,0.2938750829998753,0.575471333002497,ok,,0.000141795838698,0.0278136250277679,0.0227337168256085,0.000549087752131,0.9997924663670128,0.99806628354303,0.0024451482266122,0.6757521237041878,0.0006577915320158,0.0010057958879305,0.9998505985756208,0.876700654334868,0.1915455699482516,1.0
3,1,4D-B-6939f5acac9e,4D,4D-B,equal_per_property,64,shared-independent,ensemble_anomaly,"[64, 48]",,"[1.0, 1.0]",207808,0.2148282080015633,0.490717583001242,ok,,0.0001444757056249,0.0283464849088307,0.0231634433918003,0.0005594669433592,0.9997899498555004,0.9979705412961198,0.0010925237414842,0.3028381166369773,0.0002939095470014,0.0004494022793083,0.999956994976678,0.9502571032869108,0.0892676948135732,1.0
3,1,3D-independent-7a2c6100f5cb,3D,3D-independent,equal_per_property,64,independent,standardized_anomaly,"[64, 48]",,"[1.0, 1.0]",219008,0.2008673750024172,0.4848277089986368,ok,,0.0001444759727307,0.0283465377442418,0.0231634861601833,0.0005594679763445,0.999789949940688,0.9979705339824062,0.0009803882830775,0.2724166817307265,0.0002637428498001,0.0004032759026057,0.999969978278901,0.9583977300822372,0.0806447718606616,1.0
3,1,4D-A-c45120ace2c4,4D,4D-A,equal_per_property,64,joint,standardized_anomaly,"[64, 48]",2.0,"[1.0, 1.0]",404420,0.2917491670013987,0.574844791997748,ok,,0.000666168650666,0.1321715176110054,0.1068013609444158,0.002579574631608,0.9977406896829188,0.9688069172965216,0.0008806680844293,0.2445773943815724,0.0002369181833902,0.0003622596567937,0.9999759523516856,0.9656990295636068,0.1023739846406284,1.0
3,1,4D-B-f843c8275099,4D,4D-B,equal_per_property,64,shared-independent,standardized_anomaly,"[64, 48]",,"[1.0, 1.0]",207808,0.2059699579986045,0.4951935830031289,ok,,0.0002140663859681,0.0418671913994294,0.0343202558620171,0.0008289375770972,0.999522762868322,0.99541920773403,0.0009684232246688,0.2690963509084994,0.0002605243594295,0.0003983546711478,0.999970041376006,0.9583076579742752,0.083525027363444,1.0
3,1,4D-A-102750e40079,4D,4D-A,equal_per_property,64,joint,standardized_anomaly,"[64, 48]",1.0,"[1.0, 1.0]",207810,0.1973950000028708,0.4830613750018528,ok,,0.0046521330035507,0.9093676337353206,0.7458123232071169,0.0180136145445471,0.9716457079187538,0.7331549509525731,0.0019420318619912,0.5379237908583706,0.0005224529884888,0.0007988565402305,0.99937833995954,0.7452023355674258,0.4270281953334229,1.0
3,1,4D-D-ff94f89c821d,4D,4D-D,equal_per_property,64,partial-spatial,standardized_anomaly,"[64, 48]",,"[1.0, 1.0]",230208,0.3778877080039819,0.7313435420001042,ok,,9.143334361243686e-05,0.0181129439998467,0.0146599830033386,0.0003540827562571,0.999949926364198,0.9990950561508476,0.0011400830933063,0.3168713848408617,0.000306707011889,0.0004689702380511,0.9999670785434304,0.9494302802975522,0.0901804151541271,1.0
3,1,4D-E-0ed2b1a0be64,4D,4D-E,equal_per_property,64,joint-property-residual,standardized_anomaly,"[64, 48]",2.0,"[1.0, 1.0]",328516,0.6307957919998444,1.1267915829957929,ok,,0.0004878491106766,0.0960256277620954,0.0782152258819894,0.0018891333472396,0.9991498120842848,0.9801278399431228,0.0011817788342273,0.3285719053219872,0.0003179229120937,0.0004861199059265,0.9999680168866444,0.9470379893418353,0.1152536546104009,1.0
3,1,4D-C-e7705bff9f37,4D,4D-C,equal_per_property,64,joint,standardized_anomaly,"[64, 48]",2.0,"[1.0, 0.5]",404420,0.2955431660011527,0.6015819579988602,ok,,0.0006739401727615,0.1342814566670104,0.1080477961286751,0.0026096797964938,0.997660674379384,0.9680757431418548,0.0008837841800787,0.2454407140427607,0.0002377566904588,0.0003635417757031,0.9999752687026264,0.965561281994224,0.1032259145354329,1.0
3,1,4D-C-07c1f38e4371,4D,4D-C,equal_per_property,64,joint,standardized_anomaly,"[64, 48]",2.0,"[1.0, 2.0]",404420,0.3074190839979565,0.5933746670052642,ok,,0.000690912190176,0.136924149411284,0.1107733217252184,0.0026755094509521,0.997657525206664,0.9659943237806125,0.0008826863699332,0.2451399109751944,0.0002374610973495,0.0003630897991734,0.999976020433182,0.9661942439225388,0.1039924441337257,1.0
3,1,3D-independent-fa9b36e31dc0,3D,3D-independent,equal_per_property,64,independent,raw_minmax,"[80, 48]",,"[1.0, 1.0]",272608,0.2201655829994706,0.5153574169962667,ok,,6.775817939589115e-05,0.0132833279396945,0.0108626303573226,0.0002623652494172,0.9999533094768116,0.9995020195986534,0.0010126644264018,0.2813644458858859,0.0002724253674282,0.0004165519028309,0.9999744113800714,0.9579772109151936,0.0789770396421642,1.0
3,1,4D-A-4f7fd7861b3e,4D,4D-A,equal_per_property,64,joint,raw_minmax,"[80, 48]",2.0,"[1.0, 1.0]",504948,0.3338450839946745,0.6115262919993256,ok,,0.0001743972458446,0.0341023764913149,0.0279600368611041,0.0006753191265349,0.999637277914446,0.996772631692136,0.0013755638818157,0.3817118692257769,0.0003700549185463,0.0005658323302548,0.9999146489871183,0.9013076254158464,0.1166935292907751,1.0
3,1,4D-B-51546c614bcf,4D,4D-B,equal_per_property,64,shared-independent,raw_minmax,"[80, 48]",,"[1.0, 1.0]",259184,0.2220775829991907,0.4988819170030183,ok,,0.0001736559525249,0.0339635346319647,0.0278413981008807,0.0006724536430477,0.999638012667732,0.9967909320384812,0.0013249696361637,0.3676813622155129,0.0003564443112469,0.0005450210364213,0.9999156207074282,0.9080798116323514,0.1123023812530153,1.0
3,1,3D-independent-5cbc421a2b78,3D,3D-independent,equal_per_property,64,independent,mean_centered,"[80, 48]",,"[1.0, 1.0]",272608,0.2542905420050374,0.5637821659984183,ok,,7.70992769199933e-05,0.01509925638201,0.0123600816688489,0.000298533210023,0.9999398152926086,0.9993676135424012,0.0010241240636677,0.2845254415408747,0.0002755082410991,0.0004212657696266,0.9999702399438078,0.9548699900945238,0.0806264740261055,1.0
3,1,4D-A-a9f18b485be4,4D,4D-A,equal_per_property,64,joint,mean_centered,"[80, 48]",2.0,"[1.0, 1.0]",504948,0.3556401669993647,0.6387461670019547,ok,,7.98604878785454e-05,0.0156259041987062,0.0128028569502086,0.0003092275670349,0.9999302595457044,0.9993421465209796,0.0176188600782215,4.881622994880349,0.0047398943721398,0.0072475336587468,0.9868528688209626,0.4753478465769374,1.2899759756325242,1.0
3,1,4D-B-be3ed22367d4,4D,4D-B,equal_per_property,64,shared-independent,mean_centered,"[80, 48]",,"[1.0, 1.0]",259184,0.2309471659973496,0.5235698750038864,ok,,8.35457289280144e-05,0.016360296698786,0.0133939078705678,0.0003235032274447,0.9999275189311154,0.9992656092625816,0.0175084581135129,4.851195165236803,0.0047101934139787,0.0072021194201438,0.9869916512642324,0.4967008353847229,1.279893059902984,1.0
3,1,3D-independent-44372d7b9669,3D,3D-independent,equal_per_property,64,independent,ensemble_anomaly,"[80, 48]",,"[1.0, 1.0]",272608,0.2150882499990984,0.5106100420016446,ok,,5.8247160722655955e-05,0.0114538789064407,0.0093382105012239,0.0002255459172108,0.999970864113616,0.9996468128022858,0.0009824422027476,0.2729854667214397,0.0002642952607393,0.0004041205663388,0.999969984290622,0.9583358675316574,0.0763620013652272,1.0
3,1,4D-A-abc62af84685,4D,4D-A,equal_per_property,64,joint,ensemble_anomaly,"[80, 48]",2.0,"[1.0, 1.0]",504948,0.327601417004189,0.6079731249992619,ok,,5.0567154491620545e-05,0.0099322359505985,0.0081066081138797,0.0001957990090579,0.9999745773053754,0.99975093255386,0.0024901301681053,0.6883465453070912,0.0006698906636336,0.001024296060457,0.9998619107307634,0.885422529570774,0.1889230125488432,1.0
3,1,4D-B-643a4d560541,4D,4D-B,equal_per_property,64,shared-independent,ensemble_anomaly,"[80, 48]",,"[1.0, 1.0]",259184,0.2191944579972187,0.4924312500006635,ok,,5.8246260709434026e-05,0.0114536965937912,0.0093380661709332,0.0002255424311994,0.9999708651093624,0.9996468250055314,0.0010353051062148,0.2874509450923778,0.0002785170448997,0.0004258663799157,0.999964941871962,0.9538986596661688,0.0805329748375797,1.0
3,1,3D-independent-11e1b067c3e2,3D,3D-independent,equal_per_property,64,independent,standardized_anomaly,"[80, 48]",,"[1.0, 1.0]",272608,0.2080529579980066,0.4973452089980128,ok,,5.824716072300589e-05,0.0114538789065122,0.0093382105012801,0.0002255459172121,0.9999708641136016,0.999646812802277,0.0009824422027476,0.2729854667214403,0.0002642952607393,0.0004041205663388,0.999969984290622,0.9583358675316566,0.0763620013652464,1.0
3,1,4D-A-3bf6b15a532d,4D,4D-A,equal_per_property,64,joint,standardized_anomaly,"[80, 48]",2.0,"[1.0, 1.0]",504948,0.319548166997265,0.6100911670000642,ok,,0.0006620541116176,0.13134560864234,0.1061394990282635,0.0025635886723147,0.9978734338179792,0.9705328503491888,0.0008839779024771,0.2455080726629553,0.0002378085252321,0.0003636210336432,0.9999760254411476,0.9658660090418864,0.1021635629024394,1.0
3,1,4D-B-3ee6d3ebd2d3,4D,4D-B,equal_per_property,64,shared-independent,standardized_anomaly,"[80, 48]",,"[1.0, 1.0]",259184,0.2179518749981071,0.5100359999996726,ok,,0.0001514693717981,0.0296589278032542,0.0242850530826339,0.0005865571965119,0.9997316169230962,0.9975425115512244,0.0009721327014733,0.2701209846441768,0.0002615221158216,0.0003998802901737,0.999969983840198,0.958415122474,0.0804502738587047,1.0
3,1,4D-A-0bf051d8d579,4D,4D-A,equal_per_property,64,joint,standardized_anomaly,"[80, 48]",1.0,"[1.0, 1.0]",259186,0.2164148749943706,0.507141333000618,ok,,0.0046490520880524,0.9087654143030948,0.7453184130800175,0.0180016851269546,0.9717152670296602,0.7340668217896834,0.0019434843383443,0.5383265364953221,0.0005228437453963,0.0007994540269289,0.9993772451534751,0.7448581948559022,0.426907360618906,1.0
3,1,4D-D-e24c5d642104,4D,4D-D,equal_per_property,64,partial-spatial,standardized_anomaly,"[80, 48]",,"[1.0, 1.0]",286032,0.4241236249945359,0.7866732920010691,ok,,8.499518797206445e-05,0.0168549559935221,0.0136280561315532,0.0003291586133755,0.9999596625862068,0.9991984423657748,0.0011439168867805,0.3179343305664727,0.0003077383552426,0.0004705472132075,0.9999668894599584,0.949297481595504,0.0901353311448388,1.0
3,1,4D-E-6ca320f290f9,4D,4D-E,equal_per_property,64,joint-property-residual,standardized_anomaly,"[80, 48]",2.0,"[1.0, 1.0]",408916,0.687727291995543,1.1466482920004637,ok,,0.0003482741329974,0.0686187042032318,0.0558310372560975,0.0013484877541696,0.999496636984514,0.988590338784588,0.0011677183508995,0.3246839675829625,0.0003141402002664,0.0004803359518682,0.9999681741839,0.94772257804978,0.1062865533422526,1.0
3,1,4D-C-4e04f7cc08d6,4D,4D-C,equal_per_property,64,joint,standardized_anomaly,"[80, 48]",2.0,"[1.0, 0.5]",504948,0.3350949169980595,0.6461198340039118,ok,,0.0006635163330788,0.1321971680258003,0.1063757005314994,0.0025692936502317,0.9978988149183172,0.971456411175748,0.0008944286232209,0.2483961644071645,0.0002406201757186,0.0003679201867334,0.9999763840189976,0.9662045535736464,0.1029407125145669,1.0
3,1,4D-C-f8d668c31c07,4D,4D-C,equal_per_property,64,joint,standardized_anomaly,"[80, 48]",2.0,"[1.0, 2.0]",504948,0.4313200830001733,0.7577877500007162,ok,,0.0006793235224188,0.1348988366405585,0.1089183101704354,0.0026307053332354,0.9978867738397053,0.9671523194482146,0.0008924941312009,0.2478697332723715,0.000240099609803,0.0003671242156213,0.9999762024143428,0.966210942929938,0.1040217346809634,1.0
3,1,3D-current-e419eaac8e1a,3D,3D-current,equal_total,32,legacy-independent,raw_minmax,"[48, 48]",,"[1.0, 1.0]",117216,4.193551374999515,4.469844959006878,ok,,0.0009711659509002,0.1897901889365341,0.155686389593225,0.0037602953513892,0.994867344252332,0.937505819256948,0.0013170665360526,0.3658122066338119,0.0003543157675933,0.0005417663875699,0.9999629992186856,0.9307488494740438,0.1553687653012125,1.0
3,1,4D-A-current-205a30146a4e,4D,4D-A-current,equal_total,32,legacy-joint,raw_minmax,"[48, 48]",2.0,"[1.0, 1.0]",181972,5.419780833006371,5.702177125000162,ok,,0.0022573465686186,0.4414929440464397,0.361906786835952,0.0087411392333725,0.9781164765682554,0.7775131166638577,0.0156881013231788,4.346913728704031,0.0042204743545362,0.0064533146814768,0.9905287708708168,0.4553795292392473,1.2929900874497295,1.0
3,1,3D-current-5e7711139fcb,3D,3D-current,equal_per_property,64,legacy-independent,raw_minmax,"[48, 48]",,"[1.0, 1.0]",216480,4.299634167000477,4.61203020800167,ok,,0.0009437676420582,0.1843258746744136,0.1512921988065403,0.0036541624053336,0.994929855679056,0.9420056046644976,0.0010288928779977,0.2858242589046757,0.0002767914730906,0.0004232278950074,0.999971066444076,0.9539755325271814,0.1305398912458124,1.0
3,1,4D-A-current-43ce2f360e5a,4D,4D-A-current,equal_per_property,64,legacy-joint,raw_minmax,"[48, 48]",2.0,"[1.0, 1.0]",354964,5.941348000000289,6.250978625001153,ok,,0.0022560161694048,0.4412256099574237,0.3616934345656168,0.0087359861332688,0.9781015105845028,0.7780895199769988,0.0156500516961827,4.33633230807776,0.0042102385075219,0.0064376635635535,0.9905170815935092,0.4579805456513037,1.289880721305258,1.0
3,2,3D-independent-e9bc2b1d9158,3D,3D-independent,equal_total,32,independent,raw_minmax,"[64, 48]",,"[1.0, 1.0]",120704,0.2566886249987874,0.5372246250044554,ok,,0.0003554614579924,0.0542844985923603,0.0569474644966296,0.0013754528355341,0.9994233256591976,0.9882650454514484,0.0013119351095877,0.4254612335730194,0.0003529842252697,0.0005397303932944,0.99996220428066,0.9358358717065196,0.1294238183965989,1.0
3,2,4D-A-c5fc8bd2cb2c,4D,4D-A,equal_total,32,joint,raw_minmax,"[64, 48]",2.0,"[1.0, 1.0]",207812,0.3603251249951427,0.6358567919960478,ok,,0.0003400984316553,0.0520500207182712,0.0544470470619495,0.0013150602213774,0.9988558871205968,0.9842977392612632,0.0043126741135088,1.434598725413507,0.0011601279203898,0.0017738931485263,0.9992100046216744,0.7021027369899594,0.4108621270015418,1.0
3,2,4D-B-f835e7c8452f,4D,4D-B,equal_total,32,shared-independent,raw_minmax,"[64, 48]",,"[1.0, 1.0]",109504,0.2654895000014221,0.5318946249972214,ok,,0.0004504048509035,0.0684610650030642,0.0721254367787636,0.0017420465934416,0.9986295952547272,0.9781780946232348,0.0042064861318134,1.4019381776394435,0.0011315463528354,0.0017301905136979,0.9992185748675464,0.7097950349202305,0.4066031694676938,1.0
3,2,3D-independent-7cc1fb3009e2,3D,3D-independent,equal_total,32,independent,mean_centered,"[64, 48]",,"[1.0, 1.0]",120704,0.2890582079999149,0.5746216249972349,ok,,0.0003530550575866,0.0538325419530621,0.0565525811802313,0.0013659152137621,0.999407504787602,0.9881037673772064,0.0013842070034407,0.4508066966853097,0.0003724176760352,0.0005694451036805,0.9999410289239344,0.920638126963471,0.1375670728670082,1.0
3,2,4D-A-a8d848e0bd2f,4D,4D-A,equal_total,32,joint,mean_centered,"[64, 48]",2.0,"[1.0, 1.0]",207812,0.4213401250017341,0.7105520839977544,ok,,0.0001662192048243,0.0258858498474925,0.0266132399213156,0.0006427899228892,0.9997134249575036,0.9962661486828644,0.0364294394458295,12.168211608240258,0.0097993673050943,0.0149837187924573,0.9482190063658416,0.3348716543907296,3.132132139137738,1.0
3,2,4D-B-2e139466dc24,4D,4D-B,equal_total,32,shared-independent,mean_centered,"[64, 48]",,"[1.0, 1.0]",109504,0.2736741250046179,0.5438797919996432,ok,,0.0003555396230758,0.054183767583685,0.056951739232277,0.0013755560832787,0.9993946821103018,0.9879674145711318,0.0362381288864074,12.098976877901128,0.0097479395755639,0.0149050832424849,0.9484477799961376,0.3777831829277649,3.1175713366838416,1.0
3,2,3D-independent-34daa9e6fa18,3D,3D-independent,equal_total,32,independent,ensemble_anomaly,"[64, 48]",,"[1.0, 1.0]",120704,0.253637499998149,0.5306384159994195,ok,,0.0002833715922682,0.0409486913313025,0.0452964512486484,0.0010940457641143,0.9996091308370753,0.9929952391969236,0.0013423400570902,0.4392401265087888,0.0003611408172629,0.0005522022271308,0.9999588948619222,0.9423773421529358,0.1281256317912904,1.0
3,2,4D-A-63c64c98502f,4D,4D-A,equal_total,32,joint,ensemble_anomaly,"[64, 48]",2.0,"[1.0, 1.0]",207812,0.3855491670037736,0.6761592500042752,ok,,0.0001424364410925,0.0217517098298937,0.0227995813719867,0.0005506785793588,0.999801382224907,0.9975015623863804,0.0031578289073687,1.0613773798308184,0.000849407599265,0.0012987863615386,0.999860430154616,0.8399646917586399,0.2910989906470505,1.0
3,2,4D-B-852478df5431,4D,4D-B,equal_total,32,shared-independent,ensemble_anomaly,"[64, 48]",,"[1.0, 1.0]",109504,0.2872273749962915,0.5846072920030565,ok,,0.0002833713513071,0.04094863806305,0.0452964123713358,0.0010940448251101,0.9996091307311592,0.9929952313683442,0.0013762639427164,0.4495087671450772,0.0003702728612867,0.0005661655755178,0.999948055531625,0.9364667848917064,0.1314315992695254,1.0
3,2,3D-independent-629bdce16d73,3D,3D-independent,equal_total,32,independent,standardized_anomaly,"[64, 48]",,"[1.0, 1.0]",120704,0.251988000003621,0.5583704160017078,ok,,0.0002833715922682,0.0409486913312989,0.0452964512486455,0.0010940457641142,0.9996091308370754,0.992995239196924,0.0013423400570902,0.4392401265087886,0.0003611408172629,0.0005522022271308,0.9999588948619226,0.942377342152936,0.1281256317912893,1.0
3,2,4D-A-06f4272272b6,4D,4D-A,equal_total,32,joint,standardized_anomaly,"[64, 48]",2.0,"[1.0, 1.0]",207812,0.3669382500011124,0.6685926669961191,ok,,0.0007093397107036,0.1083552228386408,0.1136178664559416,0.0027442137760745,0.9979867933272928,0.970654815884517,0.0012849262955809,0.4201533368386189,0.0003456966492332,0.0005285873279709,0.9999628559892232,0.9444287973015596,0.1427416882710553,1.0
3,2,4D-B-17b80d300b68,4D,4D-B,equal_total,32,shared-independent,standardized_anomaly,"[64, 48]",,"[1.0, 1.0]",109504,0.2620715000011842,0.5579864579995046,ok,,0.0003402153635585,0.047886913138426,0.0543686822719783,0.0013131674756068,0.9990712283149128,0.9880923055207604,0.0013342562232757,0.436626195346913,0.0003589658401685,0.0005488765792448,0.9999587810660842,0.9423601410432774,0.12982172130083,1.0
3,2,4D-A-4681118648ec,4D,4D-A,equal_total,32,joint,standardized_anomaly,"[64, 48]",1.0,"[1.0, 1.0]",109506,0.269528791999619,0.5557311669981573,ok,,0.0041731445980171,0.613304864409422,0.6675630596542481,0.0161236590850091,0.982058933550185,0.7460616764817062,0.0023301304872671,0.7795064065011164,0.0006267827079062,0.0009583818574041,0.9967704126168364,0.5081407588462522,0.4414275133116398,1.0
3,2,4D-D-9e53fbf0a6d8,4D,4D-D,equal_total,32,partial-spatial,standardized_anomaly,"[64, 48]",,"[1.0, 1.0]",131904,0.3830929169998853,0.7625530000004801,ok,,0.000299562152375,0.0445108364304339,0.0478813595430994,0.0011564790870836,0.999648820468696,0.9927343647010822,0.0013709458675477,0.4480853806344691,0.0003688396848665,0.000563974177666,0.9999566355737434,0.9386453374341324,0.1317265914993239,1.0
3,2,4D-E-07794d5e4bbe,4D,4D-E,equal_total,32,joint-property-residual,standardized_anomaly,"[64, 48]",2.0,"[1.0, 1.0]",181060,0.433398417000717,0.8034402079938445,ok,,0.0006965258238959,0.1125152289354735,0.1116171949772547,0.00269589153236,0.998949328746866,0.9711958721968228,0.0013868445807598,0.452519461648543,0.0003731221300845,0.0005705222488724,0.9999556933984924,0.9369810353714714,0.1527365591999673,1.0
3,2,4D-C-3fe7ec5ee326,4D,4D-C,equal_total,32,joint,standardized_anomaly,"[64, 48]",2.0,"[1.0, 0.5]",207812,0.3366846669960068,0.6104082079982618,ok,,0.0007384200171408,0.1139000654238524,0.1183010423530491,0.002857326583184,0.9981478892029344,0.9718424514200418,0.0012848737867478,0.4198837976131926,0.000345684244701,0.0005285683608257,0.9999621999875704,0.9432690747951076,0.1440570249823676,1.0
3,2,4D-C-5b31da2b924b,4D,4D-C,equal_total,32,joint,standardized_anomaly,"[64, 48]",2.0,"[1.0, 2.0]",207812,0.3293899580021389,0.6049571670009755,ok,,0.0007874200226822,0.1204666453287815,0.1261278762567282,0.0030463682021785,0.9975507661389024,0.9626987565931864,0.0012970143285386,0.4236096531621096,0.0003489519643792,0.0005335648663374,0.9999621952423982,0.9440162459224712,0.1476796993082655,1.0
3,2,3D-independent-7db5f3bc9ad5,3D,3D-independent,equal_total,32,independent,raw_minmax,"[80, 48]",,"[1.0, 1.0]",149728,0.2408859170027426,0.5084381659980863,ok,,0.0003438037166149,0.0522851474616329,0.0550872051441606,0.0013305219676931,0.9995408937175788,0.9897727399256708,0.0013118305897613,0.4253666834467984,0.000352956467622,0.0005396879504739,0.9999625139826106,0.936186823288434,0.1286680123253447,1.0
3,2,4D-A-9e409054ed54,4D,4D-A,equal_total,32,joint,raw_minmax,"[80, 48]",2.0,"[1.0, 1.0]",259188,0.3687979169990285,0.6328703749968554,ok,,0.0001772918092175,0.0277884352251078,0.0284069555655251,0.0006861135596968,0.9997301600916692,0.9958553872034992,0.0018678627664298,0.6089478978372046,0.0005025402644819,0.0007684089972799,0.9998945588000476,0.87841828353378,0.1748998744234182,1.0
3,2,4D-B-2fb1b6b4a839,4D,4D-B,equal_total,32,shared-independent,raw_minmax,"[80, 48]",,"[1.0, 1.0]",136304,0.2473879579993081,0.5148049170020386,ok,,0.0003592500234874,0.0545605340997243,0.0575573608092846,0.0013901836689442,0.9993977315781504,0.988008244510405,0.0016205035202173,0.5317802048000266,0.0004359673458837,0.0006666157018137,0.9999038162540989,0.8920236191528143,0.1615812017670353,1.0
3,2,3D-independent-dbbd1a2865ca,3D,3D-independent,equal_total,32,independent,mean_centered,"[80, 48]",,"[1.0, 1.0]",149728,0.2848566669999854,0.5586521250006626,ok,,0.0003447267467291,0.0521726916516425,0.0552294092625381,0.001333956625576,0.9995357400177244,0.9895820617746566,0.0013163744861595,0.4270847222207307,0.0003541775660376,0.0005415550705346,0.9999579981441702,0.9337356632417322,0.1293996378410447,1.0
3,2,4D-A-85017caccbe9,4D,4D-A,equal_total,32,joint,mean_centered,"[80, 48]",2.0,"[1.0, 1.0]",259188,0.4325404170012916,0.7223148749981192,ok,,8.563594254528507e-05,0.0134169767101316,0.0137149748340644,0.0003312579619047,0.9999284730615536,0.998969684043518,0.0181291425692462,6.06089906689958,0.0048766288282562,0.0074566074260525,0.9881262175847164,0.4638629232086046,1.5857249349959126,1.0
3,2,4D-B-4bb821f89672,4D,4D-B,equal_total,32,shared-independent,mean_centered,"[80, 48]",,"[1.0, 1.0]",136304,0.2691054579991032,0.5498612909941585,ok,,0.0003454871759015,0.052312001108318,0.0553513957925519,0.0013369029677896,0.9995302042385202,0.989523179885258,0.0177373714909612,5.919561651223829,0.0047713111945042,0.0072955715388472,0.9885158539595624,0.5317610108881161,1.5528078892363653,1.0
3,2,3D-independent-3e92f69676cb,3D,3D-independent,equal_total,32,independent,ensemble_anomaly,"[80, 48]",,"[1.0, 1.0]",149728,0.2793601660014246,0.5692840840056306,ok,,0.0002608346329397,0.0372437598772706,0.0416797425685761,0.0010066913532853,0.9997344044033192,0.99437789980156,0.0013427786130331,0.4393763772502572,0.0003612588455498,0.0005523826982372,0.9999589361672402,0.94240501111391,0.1270571704174482,1.0
3,2,4D-A-8bea2cabc037,4D,4D-A,equal_total,32,joint,ensemble_anomaly,"[80, 48]",2.0,"[1.0, 1.0]",259188,0.4162093330014613,0.7099750419947668,ok,,5.813298668056125e-05,0.009012439872164,0.0093040735216191,0.0002247214063075,0.9999725857128184,0.9996122235297488,0.0031815336230638,1.0682962084114127,0.0008557892005802,0.0013085441465644,0.9998668633175204,0.8465512093897782,0.2885567329559533,1.0
3,2,4D-B-2828b82824ed,4D,4D-B,equal_total,32,shared-independent,ensemble_anomaly,"[80, 48]",,"[1.0, 1.0]",136304,0.282497375003004,0.5493253329987056,ok,,0.0002608343214699,0.0372437207534345,0.0416796927512161,0.001006690150046,0.9997344066187488,0.9943779324051262,0.0013446890345302,0.4397762114276167,0.0003617743712951,0.0005531709626791,0.9999580634027354,0.9405114153727342,0.1273938145730302,1.0
3,2,3D-independent-86c75f98455a,3D,3D-independent,equal_total,32,independent,standardized_anomaly,"[80, 48]",,"[1.0, 1.0]",149728,0.3023143750033341,0.591058999998495,ok,,0.0002608346329397,0.0372437598772702,0.0416797425685792,0.0010066913532854,0.9997344044033216,0.9943778998015556,0.0013427786130331,0.439376377250257,0.0003612588455498,0.0005523826982372,0.99995893616724,0.9424050111139094,0.1270571704174486,1.0
3,2,4D-A-4ea76ef087a9,4D,4D-A,equal_total,32,joint,standardized_anomaly,"[80, 48]",2.0,"[1.0, 1.0]",259188,0.4050365000002784,0.6934137909993296,ok,,0.0006871865059682,0.1055544375680369,0.1100908998496743,0.0026590269066976,0.9983835017785482,0.9746150772175052,0.0012886783401567,0.4214245499586491,0.0003467058166478,0.0005301303950163,0.9999630042787492,0.9445312434724824,0.141851456795423,1.0
3,2,4D-B-934096b5cda8,4D,4D-B,equal_total,32,shared-independent,standardized_anomaly,"[80, 48]",,"[1.0, 1.0]",136304,0.2413756669993745,0.5229601669998374,ok,,0.0002923351928235,0.0415400200924094,0.0467171977455089,0.0011283610723542,0.9994870252946674,0.9919783374563792,0.0013382805494043,0.437963473507425,0.0003600483700762,0.000550531821182,0.9999589905930724,0.9424087695830168,0.128077485020034,1.0
3,2,4D-A-b80c4d29ed28,4D,4D-A,equal_total,32,joint,standardized_anomaly,"[80, 48]",1.0,"[1.0, 1.0]",136306,0.2725689169965335,0.5465192499978002,ok,,0.0041696496425128,0.6127728322307796,0.6670048322718732,0.0161101762119304,0.9822034342082472,0.747332165585748,0.0023318165822272,0.7801095179515563,0.0006272360279669,0.0009590750062679,0.9967667427142328,0.5079721620258442,0.4413075465941349,1.0
3,2,4D-D-2ecf0e4138e3,4D,4D-D,equal_total,32,partial-spatial,standardized_anomaly,"[80, 48]",,"[1.0, 1.0]",163152,0.3900699160076328,0.7779169999994338,ok,,0.0002924869568535,0.0434387495358344,0.0467448061914964,0.0011290278995019,0.999688134144356,0.9931180781275994,0.0013404685635447,0.438677950071334,0.0003606370082888,0.0005514318782136,0.9999589512925876,0.942267492058786,0.1286059786284939,1.0
3,2,4D-E-4f4328240852,4D,4D-E,equal_total,32,joint-property-residual,standardized_anomaly,"[80, 48]",2.0,"[1.0, 1.0]",224596,0.605819332995452,1.0366034580001724,ok,,0.0006023283204935,0.1049898877156452,0.0965070940147898,0.0023309370713012,0.999084868393124,0.9750658697446688,0.0013090975254441,0.4280731747251901,0.0003521996946147,0.0005385308069995,0.9999614737931154,0.9447038063167414,0.1432945561025325,1.0
3,2,4D-C-44adce3e7a5f,4D,4D-C,equal_total,32,joint,standardized_anomaly,"[80, 48]",2.0,"[1.0, 0.5]",259188,0.3655913330003386,0.6413880000036443,ok,,0.0007256163571392,0.1128559242116932,0.1162675935993173,0.0028082126695277,0.9983588181484228,0.9741674550115,0.0012918626279574,0.4224098329406691,0.0003475629390331,0.0005314409776685,0.9999631520052064,0.9439979000710296,0.1440457699027744,1.0
3,2,4D-C-1150f24dbbfa,4D,4D-C,equal_total,32,joint,standardized_anomaly,"[80, 48]",2.0,"[1.0, 2.0]",259188,0.3647037089976948,0.6442496669988031,ok,,0.0007583495222427,0.1171105176298124,0.121502370048649,0.0029346482918028,0.998118861065186,0.9676312282508116,0.0013000918299294,0.4246229646374622,0.0003497798788546,0.0005348307886462,0.9999621499606182,0.9439100799515696,0.1464907070415209,1.0
3,2,3D-independent-82249d692984,3D,3D-independent,equal_per_property,64,independent,raw_minmax,"[64, 48]",,"[1.0, 1.0]",219008,0.2053404170001158,0.4907883749983739,ok,,0.0001564390958227,0.0244787065733484,0.0250498329365409,0.0006050289340671,0.9997567942012768,0.9965867767063004,0.0010541351465345,0.3416397665179487,0.0002836233401607,0.000433674158712,0.9999701320611346,0.9547397493577472,0.0976138025148183,1.0
3,2,4D-A-63bd70d89f36,4D,4D-A,equal_per_property,64,joint,raw_minmax,"[64, 48]",2.0,"[1.0, 1.0]",404420,0.2958426659970428,0.5818459589936538,ok,,0.0003240609628757,0.0492751155577371,0.0518699680087021,0.0012528159981707,0.9989037999182844,0.9854459101203954,0.0041342335658326,1.379587800566323,0.001112099847581,0.0017004558423507,0.9992246895411458,0.7180598663347175,0.3942775069741258,1.0
3,2,4D-B-49fc67f13645,4D,4D-B,equal_per_property,64,shared-independent,raw_minmax,"[64, 48]",,"[1.0, 1.0]",207808,0.2119719589973101,0.4895891249980195,ok,,0.0003232966700053,0.0491041977499739,0.0517476167976304,0.0012498608478108,0.998902483604677,0.9854758675372378,0.0041275865396692,1.3770501970082518,0.0011103136219121,0.0016977246146817,0.9992253975941904,0.7185477717795133,0.3935356437749625,1.0
3,2,3D-independent-64af48d38810,3D,3D-independent,equal_per_property,64,independent,mean_centered,"[64, 48]",,"[1.0, 1.0]",219008,0.199294333004218,0.4790082079998683,ok,,0.000166632031497,0.0260632699419674,0.0266810045460023,0.0006444266427326,0.9997226380192572,0.9963267591366614,0.001133925216058,0.3701044621797133,0.0003050751159537,0.0004664749882016,0.9999466489735516,0.9395369488426168,0.1070589695330104,1.0
3,2,4D-A-fbc2ac4d32c8,4D,4D-A,equal_per_property,64,joint,mean_centered,"[64, 48]",2.0,"[1.0, 1.0]",404420,0.2971093750020372,0.575451750002685,ok,,0.000164579779484,0.0256457911464675,0.0263500933342843,0.00063643414002,0.9997162021005972,0.996340674936866,0.0363256138555478,12.129576862701084,0.0097714636617845,0.0149410527374334,0.9483760507138131,0.3565438417601301,3.1196950988747636,1.0
3,2,4D-B-6a56509ea188,4D,4D-B,equal_per_property,64,shared-independent,mean_centered,"[64, 48]",,"[1.0, 1.0]",207808,0.2110122499943827,0.4898534580061096,ok,,0.0001661508514183,0.0258762970346869,0.0266022974824999,0.000642525630025,0.9997134947256502,0.9962698180309052,0.0362301910438057,12.096484678823964,0.0097458033647015,0.0149018168700911,0.9484527169066616,0.3780756966239612,3.1087970546328045,1.0
3,2,3D-independent-5a93f5036396,3D,3D-independent,equal_per_property,64,independent,ensemble_anomaly,"[64, 48]",,"[1.0, 1.0]",219008,0.2008547500008717,0.4789777079931809,ok,,0.0001424351326256,0.0217515477046523,0.0227993711025309,0.0005506735007179,0.9998013752389184,0.9975012492568603,0.0011609782757479,0.3808475828033362,0.0003123416924776,0.0004775859442285,0.9999642232122896,0.9531058830292092,0.1068238910912384,1.0
3,2,4D-A-cbe030d90365,4D,4D-A,equal_per_property,64,joint,ensemble_anomaly,"[64, 48]",2.0,"[1.0, 1.0]",404420,0.2914695840008789,0.5765501660062,ok,,0.0001398766105935,0.0213058886154726,0.0223900392236453,0.0005407869026321,0.9998038074613655,0.9975453876127692,0.0027107599799514,0.9123989111102526,0.0007291392150994,0.0011148900351885,0.9998596283874956,0.8585100809572598,0.2514192663601777,1.0
3,2,4D-B-6939f5acac9e,4D,4D-B,equal_per_property,64,shared-independent,ensemble_anomaly,"[64, 48]",,"[1.0, 1.0]",207808,0.2453095829987432,0.5331745840012445,ok,,0.0001424341223902,0.0217513727593434,0.022799208955224,0.000550669584372,0.9998013767141628,0.9975012678253924,0.00120806609868,0.3942657894258245,0.0003250225176443,0.000496975555051,0.9999505138114356,0.9494599370027348,0.1106341399427761,1.0
3,2,3D-independent-7a2c6100f5cb,3D,3D-independent,equal_per_property,64,independent,standardized_anomaly,"[64, 48]",,"[1.0, 1.0]",219008,0.2115439580011298,0.5092464580011438,ok,,0.0001424351326256,0.0217515477046536,0.0227993711025333,0.000550673500718,0.9998013752389489,0.99750124925686,0.0011609782757479,0.3808475828033432,0.0003123416924776,0.0004775859442285,0.9999642232122896,0.9531058830292092,0.1068238910912405,1.0
3,2,4D-A-c45120ace2c4,4D,4D-A,equal_per_property,64,joint,standardized_anomaly,"[64, 48]",2.0,"[1.0, 1.0]",404420,0.336469957997906,0.6441233330042451,ok,,0.000486758296707,0.074804016773988,0.0779259341443467,0.0018821460802146,0.998753694382576,0.9821716762989744,0.0010044654391481,0.3303772604213093,0.000270229158949,0.0004131937911042,0.9999683555619416,0.9627464943277332,0.1081805479704859,1.0
3,2,4D-B-f843c8275099,4D,4D-B,equal_per_property,64,shared-independent,standardized_anomaly,"[64, 48]",,"[1.0, 1.0]",207808,0.2171669999952428,0.5032004169988795,ok,,0.0002257598546643,0.0313217943988153,0.0360836239177639,0.0008715282282141,0.9993127999368022,0.9933439258754688,0.0011420865615525,0.3747567805329677,0.0003072584145583,0.0004698133600895,0.9999637821345648,0.9535785609041756,0.1081543328854902,1.0
3,2,4D-A-102750e40079,4D,4D-A,equal_per_property,64,joint,standardized_anomaly,"[64, 48]",1.0,"[1.0, 1.0]",207810,0.1897456250007962,0.476235333000659,ok,,0.0042752232947121,0.6313944545628787,0.683956526668794,0.0165196107026746,0.9805398729312872,0.7404486379967858,0.0021861083488448,0.7336031912973322,0.0005880271488675,0.0008991226848268,0.9968858941658866,0.5242404295359816,0.4331632780234568,1.0
3,2,4D-D-ff94f89c821d,4D,4D-D,equal_per_property,64,partial-spatial,standardized_anomaly,"[64, 48]",,"[1.0, 1.0]",230208,0.3890726659956272,0.7572854590034694,ok,,9.495068540789612e-05,0.0151021971336288,0.0152056123004295,0.0003672613476214,0.9999541505647136,0.9990687935130812,0.0012394194831022,0.4053761229415695,0.0003334525785054,0.0005098655363543,0.999964522939329,0.9480380167240192,0.111731228739162,1.0
3,2,4D-E-0ed2b1a0be64,4D,4D-E,equal_per_property,64,joint-property-residual,standardized_anomaly,"[64, 48]",2.0,"[1.0, 1.0]",328516,0.5845126249987516,1.0462976670023636,ok,,0.0004117161069474,0.0677885217311039,0.0659878487784567,0.0015938053522734,0.9991383000920724,0.9847372762076853,0.0012575251196329,0.4111944032149572,0.0003383246803399,0.0005173152217823,0.9999643721484194,0.9466826378869952,0.1283182419746802,1.0
3,2,4D-C-e7705bff9f37,4D,4D-C,equal_per_property,64,joint,standardized_anomaly,"[64, 48]",2.0,"[1.0, 0.5]",404420,0.2922194999991916,0.5844560830009868,ok,,0.000424505443196,0.0642970916801838,0.0679501049305552,0.0016411997501154,0.9990283573661016,0.9862983614018158,0.0009971451819691,0.327633382491318,0.0002682621717577,0.0004101861700992,0.9999672058995692,0.9623822625950682,0.1043975405432649,1.0
3,2,4D-C-07c1f38e4371,4D,4D-C,equal_per_property,64,joint,standardized_anomaly,"[64, 48]",2.0,"[1.0, 2.0]",404420,0.2940184580002096,0.5825547499989625,ok,,0.0005551852754335,0.0833944517508505,0.0889075201009193,0.0021473844657361,0.9981779337651874,0.9776085382828614,0.0010029978489969,0.3301629503834573,0.0002698324328107,0.0004125871771556,0.9999691015012928,0.9636842169011138,0.11072775613558,1.0
3,2,3D-independent-fa9b36e31dc0,3D,3D-independent,equal_per_property,64,independent,raw_minmax,"[80, 48]",,"[1.0, 1.0]",272608,0.2089353749979636,0.4880985839990899,ok,,6.939933843825431e-05,0.0107958499161791,0.0111129433982563,0.000268411063484,0.9999550800244578,0.9993102905385808,0.0010565192109062,0.3424191072025933,0.0002842647427529,0.0004346548950978,0.9999704479557406,0.9549688319030448,0.0940188489744899,1.0
3,2,4D-A-4f7fd7861b3e,4D,4D-A,equal_per_property,64,joint,raw_minmax,"[80, 48]",2.0,"[1.0, 1.0]",504948,0.3285368330034544,0.6106609999987995,ok,,0.0001415104948053,0.0214982914393222,0.0226579992416577,0.0005472589443611,0.9997781405977064,0.9971670891639084,0.0014291319271011,0.4719012661035096,0.0003844646978779,0.0005878655977754,0.9999127253706046,0.9103365284130288,0.1349119371885908,1.0
3,2,4D-B-51546c614bcf,4D,4D-B,equal_per_property,64,shared-independent,raw_minmax,"[80, 48]",,"[1.0, 1.0]",259184,0.2276892500012763,0.5062652080014232,ok,,0.0001396306272992,0.0210935924146669,0.0223574706034927,0.0005400002723346,0.9997785608274062,0.9971846134451924,0.0014114589452398,0.4649620396547884,0.0003797166772344,0.0005806056386446,0.999911970503954,0.9110572051180178,0.1329836806969626,1.0
3,2,3D-independent-5cbc421a2b78,3D,3D-independent,equal_per_property,64,independent,mean_centered,"[80, 48]",,"[1.0, 1.0]",272608,0.2059541670023463,0.4821356250031385,ok,,7.93880898837352e-05,0.012432324153629,0.0127135962759584,0.0003070716528325,0.9999409167423956,0.9991189441339572,0.001055528142397,0.3421457703303524,0.0002839977635728,0.0004342466706855,0.9999643844180782,0.9528330420001052,0.0946505253542375,1.0
3,2,4D-A-a9f18b485be4,4D,4D-A,equal_per_property,64,joint,mean_centered,"[80, 48]",2.0,"[1.0, 1.0]",504948,0.3122415829930105,0.5867922080069548,ok,,8.215961368941887e-05,0.0129078746172959,0.0131570314110634,0.0003177819473004,0.9999319636969074,0.9990650957705546,0.0179214938866256,5.984516201508511,0.004820816917621,0.0073712682456552,0.9884142516826508,0.4974427456048403,1.5622925388595277,1.0
3,2,4D-B-be3ed22367d4,4D,4D-B,equal_per_property,64,shared-independent,mean_centered,"[80, 48]",,"[1.0, 1.0]",259184,0.2094105830037733,0.4821208749999641,ok,,8.551018815374711e-05,0.0134002199639121,0.013694851067538,0.0003307719123154,0.9999285766431756,0.9989738184374176,0.0177199722849327,5.914105898022375,0.0047666287256734,0.0072884118116901,0.988526580266876,0.533641781306549,1.540299579528576,1.0
3,2,3D-independent-44372d7b9669,3D,3D-independent,equal_per_property,64,independent,ensemble_anomaly,"[80, 48]",,"[1.0, 1.0]",272608,0.2038713330039172,0.4835920420009643,ok,,5.813108459957001e-05,0.0090126636495134,0.0093037677172525,0.0002247140202107,0.9999725745504588,0.9996118046635452,0.0011636538964673,0.3816815461570995,0.0003130617994105,0.000478687023456,0.9999641584366008,0.9530773689757572,0.1035874057467404,1.0
3,2,4D-A-abc62af84685,4D,4D-A,equal_per_property,64,joint,ensemble_anomaly,"[80, 48]",2.0,"[1.0, 1.0]",504948,0.3197919579979498,0.6153582499973709,ok,,5.111215237778272e-05,0.0078123376031792,0.0081804579643993,0.0001975827054384,0.9999758093267396,0.9996708265261028,0.0026554888066179,0.8961450247568354,0.0007142570219696,0.0010921344235323,0.9998834268869574,0.8713187380165675,0.2421156450221698,1.0
3,2,4D-B-643a4d560541,4D,4D-B,equal_per_property,64,shared-independent,ensemble_anomaly,"[80, 48]",,"[1.0, 1.0]",259184,0.2450005409991718,0.5251380420013447,ok,,5.812744301832018e-05,0.0090121457719683,0.0093031852955492,0.0002246999529719,0.9999725789244018,0.9996118677301844,0.0011782584986201,0.3859933380080559,0.0003169940418886,0.0004846996172982,0.9999626432319606,0.952596965113853,0.1047252668395014,1.0
3,2,3D-independent-11e1b067c3e2,3D,3D-independent,equal_per_property,64,independent,standardized_anomaly,"[80, 48]",,"[1.0, 1.0]",272608,0.2104353329996229,0.4996697919996222,ok,,5.813108459989313e-05,0.0090126636495566,0.0093037677173039,0.0002247140202119,0.999972574550446,0.9996118046635408,0.0011636538964673,0.381681546157097,0.0003130617994105,0.000478687023456,0.9999641584366008,0.9530773689757582,0.103587405746751,1.0
3,2,4D-A-3bf6b15a532d,4D,4D-A,equal_per_property,64,joint,standardized_anomaly,"[80, 48]",2.0,"[1.0, 1.0]",504948,0.3504833330007386,0.6460064999992028,ok,,0.0005154412634367,0.0832323562472508,0.0825917605001202,0.0019948398436312,0.9990427102285724,0.983681437828646,0.0010130673045732,0.3331861555030298,0.0002725433645303,0.0004167323262544,0.9999688553443384,0.962570375262549,0.1108231513011708,1.0
3,2,4D-B-3ee6d3ebd2d3,4D,4D-B,equal_per_property,64,shared-independent,standardized_anomaly,"[80, 48]",,"[1.0, 1.0]",259184,0.2336383750007371,0.5505973330000415,ok,,0.0001417084952521,0.0200490667404608,0.0226561307238795,0.0005472138140274,0.9997322542157628,0.9973118114390482,0.0011491852342789,0.3770842587479233,0.0003091682341257,0.0004727335689614,0.9999640613243496,0.9534826309856697,0.1054340260690063,1.0
3,2,4D-A-0bf051d8d579,4D,4D-A,equal_per_property,64,joint,standardized_anomaly,"[80, 48]",1.0,"[1.0, 1.0]",259186,0.2423954580008285,0.5625852910015965,ok,,0.0042708599691557,0.6308009712380886,0.6832588432177488,0.0165027595453926,0.98068202304736,0.7415154267104048,0.0021887568806258,0.7344515842753699,0.0005887398027079,0.0009002123679062,0.9968835860757986,0.5240156665667547,0.4331217522187197,1.0
3,2,4D-D-e24c5d642104,4D,4D-D,equal_per_property,64,partial-spatial,standardized_anomaly,"[80, 48]",,"[1.0, 1.0]",286032,0.4594429589997162,0.839551292003307,ok,,8.808113260004634e-05,0.0141428769045518,0.0141056112916308,0.0003406930092412,0.9999670970419756,0.9992326015781005,0.0012433888617076,0.4066906671161359,0.0003345203048104,0.0005114981428485,0.99996421605378,0.9481605971108652,0.1117842361690512,1.0
3,2,4D-E-6ca320f290f9,4D,4D-E,equal_per_property,64,joint-property-residual,standardized_anomaly,"[80, 48]",2.0,"[1.0, 1.0]",408916,0.7346138330030954,1.2240121670038209,ok,,0.0003355488885102,0.0554236529839335,0.0537892260738237,0.0012991718626701,0.9995607322534618,0.990980620448324,0.0012353463779141,0.4044349860373026,0.0003323543270394,0.0005081862553745,0.9999653811397192,0.9480454243613088,0.1225864041541049,1.0
3,2,4D-C-4e04f7cc08d6,4D,4D-C,equal_per_property,64,joint,standardized_anomaly,"[80, 48]",2.0,"[1.0, 0.5]",504948,0.3711885829980019,0.6904726249995292,ok,,0.0004218838025277,0.0640782067640402,0.0675407138244532,0.0016313117215138,0.9991776171798455,0.9876089387744872,0.0010070941752495,0.3311950208355455,0.0002709368174706,0.0004142758360932,0.9999687387086428,0.9629872699354084,0.1049937808111594,1.0
3,2,4D-C-f8d668c31c07,4D,4D-C,equal_per_property,64,joint,standardized_anomaly,"[80, 48]",2.0,"[1.0, 2.0]",504948,0.3330544170021312,0.6245163749990752,ok,,0.000503924363705,0.076817064389275,0.080733198296784,0.0019499499670547,0.9987753015658646,0.983098657715798,0.0010117755016916,0.3331582095798069,0.0002721931720912,0.0004161968646406,0.9999689717697804,0.9632808596731351,0.1091963788186538,1.0
3,2,3D-current-e419eaac8e1a,3D,3D-current,equal_total,32,legacy-independent,raw_minmax,"[48, 48]",,"[1.0, 1.0]",117216,4.135688124995795,4.410833415997331,ok,,0.0009212059623622,0.1411979710232866,0.147437538019548,0.0035610607342346,0.9955619752950104,0.9334275502350374,0.0013201198024625,0.4285118376092191,0.0003551839805565,0.0005430939282659,0.9999600986998424,0.933011635810611,0.1591225539024204,1.0
3,2,4D-A-current-205a30146a4e,4D,4D-A-current,equal_total,32,legacy-joint,raw_minmax,"[48, 48]",2.0,"[1.0, 1.0]",181972,5.5207995000018855,5.7949740839976585,ok,,0.002086911425144,0.325028048307703,0.3339947666775506,0.0080669798548696,0.9802058633958818,0.8355590455160972,0.0157673311700678,5.263368345127762,0.0042413667345308,0.0064852601670369,0.9897519718203944,0.4501308168477884,1.4863878655633809,1.0
3,2,3D-current-5e7711139fcb,3D,3D-current,equal_per_property,64,legacy-independent,raw_minmax,"[48, 48]",,"[1.0, 1.0]",216480,4.2332682909982395,4.517256749997614,ok,,0.0008941565535628,0.1368620912012267,0.1430993944626214,0.0034562814976334,0.995677942343586,0.9372001021984055,0.0010544713217045,0.3422410194964473,0.0002837106355034,0.0004338076376219,0.9999678891286398,0.952897486671484,0.1335135790656823,1.0
3,2,4D-A-current-43ce2f360e5a,4D,4D-A-current,equal_per_property,64,legacy-joint,raw_minmax,"[48, 48]",2.0,"[1.0, 1.0]",354964,5.70553466599813,6.042392000003019,ok,,0.002084790204713,0.3246813277919622,0.3336538925816522,0.0080587467184884,0.9802365956817491,0.8360445813452638,0.0157236811422611,5.249982667872324,0.0042296176990635,0.0064672953088943,0.9897410967532376,0.4528415934721249,1.482555227063898,1.0
3,3,3D-independent-e9bc2b1d9158,3D,3D-independent,equal_total,32,independent,raw_minmax,"[64, 48]",,"[1.0, 1.0]",120704,0.31385583300289,0.6093540000001667,ok,,0.0003360744003899,0.0375027536452584,0.0537272718230648,0.0014065672982383,0.9993619303524844,0.9919890691784912,0.0017385673696065,0.3925670877110636,0.0004674221017019,0.0007147115840469,0.9999350718226592,0.925834826295044,0.1177894734048886,1.0
3,3,4D-A-c5fc8bd2cb2c,4D,4D-A,equal_total,32,joint,raw_minmax,"[64, 48]",2.0,"[1.0, 1.0]",207812,0.4711764590028906,0.7501185419969261,ok,,0.0004281569181794,0.0468646768405765,0.0683874676296898,0.0017903677650716,0.9980042226298496,0.982740787964048,0.0045572677220005,1.047156161467429,0.0012250438598405,0.001873152840667,0.9992132890853148,0.6510217046009762,0.3192848980063733,1.0
3,3,4D-B-f835e7c8452f,4D,4D-B,equal_total,32,shared-independent,raw_minmax,"[64, 48]",,"[1.0, 1.0]",109504,0.2597036250008386,0.5430635000011534,ok,,0.0005013989066765,0.0552370988881811,0.0801126775342122,0.00209733099356,0.9978294764777688,0.9791888153794364,0.0043110316895791,0.99564715589528,0.0011588554925566,0.0017719475432395,0.9992241724352264,0.6602314363458149,0.3077935322302089,1.0
3,3,3D-independent-7cc1fb3009e2,3D,3D-independent,equal_total,32,independent,mean_centered,"[64, 48]",,"[1.0, 1.0]",120704,0.2675388339994242,0.5390808330048458,ok,,0.0003563157857028,0.0398352849835447,0.0569623773400868,0.0014912615972822,0.9992708175781546,0.9910427351898852,0.0017872553872905,0.403925464014147,0.0004805014329061,0.0007347105303723,0.9998970895102384,0.8861962125580809,0.1262853187809272,1.0
3,3,4D-A-a8d848e0bd2f,4D,4D-A,equal_total,32,joint,mean_centered,"[64, 48]",2.0,"[1.0, 1.0]",207812,0.3535814589995425,0.6276041669989354,ok,,0.000197296900153,0.0218769108847786,0.0315217702763394,0.0008252325076042,0.9994864298622244,0.9959139650682634,0.0336421680590469,7.827904198930084,0.0090433044087808,0.0138276611129088,0.9491796425373762,0.2100034800021813,2.0617055968199103,1.0
3,3,4D-B-2e139466dc24,4D,4D-B,equal_total,32,shared-independent,mean_centered,"[64, 48]",,"[1.0, 1.0]",109504,0.2685299579970888,0.5521397499978775,ok,,0.0003605547232667,0.0402722197325342,0.0576377015069614,0.0015089414246139,0.9992276444626144,0.9907206662253776,0.0332292226752608,7.726896504014118,0.0089322592424082,0.0136578675441623,0.9502512035588602,0.3080856348665937,2.029441393300167,1.0
3,3,3D-independent-34daa9e6fa18,3D,3D-independent,equal_total,32,independent,ensemble_anomaly,"[64, 48]",,"[1.0, 1.0]",120704,0.2546006670017959,0.5434292920035659,ok,,0.0003980758540493,0.0455807369127363,0.0636878140123612,0.0016673319423529,0.999296087674852,0.9909469205500728,0.002118809535427,0.4818959219662505,0.000569619961918,0.0008709771827323,0.999912976306536,0.912210780813408,0.1439744520493116,1.0
3,3,4D-A-63c64c98502f,4D,4D-A,equal_total,32,joint,ensemble_anomaly,"[64, 48]",2.0,"[1.0, 1.0]",207812,0.3744182079972233,0.6788142500008689,ok,,0.0001561459497008,0.0174025505088114,0.0249490791314691,0.0006531610043974,0.9996997290739514,0.99761706959438,0.0041946977760586,0.9419156867519504,0.0011276388189382,0.001724215700502,0.9997384170997552,0.8081582178680636,0.264107648382385,1.0
3,3,4D-B-852478df5431,4D,4D-B,equal_total,32,shared-independent,ensemble_anomaly,"[64, 48]",,"[1.0, 1.0]",109504,0.2527847499950439,0.5319277919988963,ok,,0.0003980755273884,0.0455806852970194,0.0636877610401552,0.001667330555553,0.9992960834296896,0.9909469184374976,0.0020317872743003,0.4598442562533297,0.000546217097307,0.0008351930416391,0.9999014751731646,0.9030224225845964,0.1396100677598255,1.0
3,3,3D-independent-629bdce16d73,3D,3D-independent,equal_total,32,independent,standardized_anomaly,"[64, 48]",,"[1.0, 1.0]",120704,0.2485077499950421,0.549737916997401,ok,,0.0003980758540492,0.0455807369127285,0.0636878140123492,0.0016673319423525,0.999296087674901,0.9909469205500776,0.002118809535427,0.48189592196625,0.000569619961918,0.0008709771827323,0.9999129763065358,0.912210780813408,0.1439744520493089,1.0
3,3,4D-A-06f4272272b6,4D,4D-A,equal_total,32,joint,standardized_anomaly,"[64, 48]",2.0,"[1.0, 1.0]",207812,0.3628643340052804,0.6573108750017127,ok,,0.0011446037195995,0.1332291247534665,0.1832462466448805,0.0047973434963239,0.994897530180856,0.9557957301239264,0.0018839837016863,0.4240656828386229,0.0005064468614774,0.0007743823779068,0.9999234749934264,0.9219466721150744,0.1546059016181472,1.0
3,3,4D-B-17b80d300b68,4D,4D-B,equal_total,32,shared-independent,standardized_anomaly,"[64, 48]",,"[1.0, 1.0]",109504,0.2375887500020326,0.5149666249999427,ok,,0.0004863069928711,0.0546322819308029,0.0777532229663754,0.0020355610297373,0.9983381420587106,0.9846499376276592,0.002108497938401,0.4796721124856322,0.0005668481169023,0.0008667388941818,0.9999124215717392,0.9105300342594236,0.1466786021182234,1.0
3,3,4D-A-4681118648ec,4D,4D-A,equal_total,32,joint,standardized_anomaly,"[64, 48]",1.0,"[1.0, 1.0]",109506,0.2726955420002923,0.5464997910021339,ok,,0.0060355701147257,0.655245186553527,0.9639442642529876,0.0252358333750462,0.9667262812148696,0.7332500370814623,0.0029596979849118,0.6670679085748862,0.0007955267512185,0.0012163998716467,0.9971489709650044,0.3612062541886955,0.4437712373733335,1.0
3,3,4D-D-9e53fbf0a6d8,4D,4D-D,equal_total,32,partial-spatial,standardized_anomaly,"[64, 48]",,"[1.0, 1.0]",131904,0.3667216250032652,0.7472617919993354,ok,,0.0004374711895966,0.0502153054650604,0.0699976171656468,0.001832521099974,0.9993456491881392,0.9901439537409914,0.0021267633401909,0.4837032716730547,0.0005717580095342,0.000874246363614,0.9999117305889828,0.9106281466584796,0.1458831317345949,1.0
3,3,4D-E-07794d5e4bbe,4D,4D-E,equal_total,32,joint-property-residual,standardized_anomaly,"[64, 48]",2.0,"[1.0, 1.0]",181060,0.4566063749953173,0.880200416999287,ok,,0.0008065211564202,0.0946156159229862,0.1291242300601368,0.0033804418733732,0.998108331763812,0.9711421749606004,0.001990431969677,0.4487645894904972,0.0005350731381847,0.000818153375248,0.999917906851151,0.9153033211462382,0.150039364340016,1.0
3,3,4D-C-3fe7ec5ee326,4D,4D-C,equal_total,32,joint,standardized_anomaly,"[64, 48]",2.0,"[1.0, 0.5]",207812,0.4707802089978941,0.8006280419940595,ok,,0.0011397297906097,0.1314203763044915,0.1823920375016751,0.0047749805025235,0.995298748238336,0.9593874763143512,0.0018700396742804,0.4218088850030668,0.0005027039825409,0.0007686593303147,0.9999226009308574,0.919657801863423,0.1534266555546678,1.0
3,3,4D-C-5b31da2b924b,4D,4D-C,equal_total,32,joint,standardized_anomaly,"[64, 48]",2.0,"[1.0, 2.0]",207812,0.3868840830036788,0.669968082998821,ok,,0.0012339437327947,0.1424158395277936,0.1974952746622611,0.0051703796874585,0.9942574079407568,0.9517681769322276,0.0018549028314969,0.416489301876401,0.0004986251152847,0.0007624225399123,0.9999258965289842,0.9257457314959472,0.1550370467975268,1.0
3,3,3D-independent-7db5f3bc9ad5,3D,3D-independent,equal_total,32,independent,raw_minmax,"[80, 48]",,"[1.0, 1.0]",149728,0.2567076250052196,0.5236322919954546,ok,,0.0003045975227201,0.0340075860736148,0.0487022750842227,0.00127501406937,0.9996371537607496,0.994287089402194,0.0017395799031719,0.3927871720672788,0.0004676944168602,0.0007151279674345,0.9999352269927784,0.9267771082257034,0.1165656648317362,1.0
3,3,4D-A-9e409054ed54,4D,4D-A,equal_total,32,joint,raw_minmax,"[80, 48]",2.0,"[1.0, 1.0]",259188,0.3662537919954047,0.6360334589990089,ok,,0.0001965583536685,0.0219320787964722,0.0314105731807006,0.0008223213938796,0.9995672126826464,0.9963302244897416,0.0024745454315,0.5552768931592836,0.000665227240293,0.0010171654547995,0.9998636597877214,0.8349287808520147,0.1653948673212194,1.0
3,3,4D-B-2fb1b6b4a839,4D,4D-B,equal_total,32,shared-independent,raw_minmax,"[80, 48]",,"[1.0, 1.0]",136304,0.2540987079992192,0.5249208329987596,ok,,0.0003364434616265,0.0375504307575596,0.0537859084746454,0.0014081023919401,0.9993303096749898,0.9919440833898708,0.0019736173229742,0.4475600934231802,0.000530588131624,0.0008112955776989,0.9998798519392742,0.8555512755683298,0.1403407111754099,1.0
3,3,3D-independent-dbbd1a2865ca,3D,3D-independent,equal_total,32,independent,mean_centered,"[80, 48]",,"[1.0, 1.0]",149728,0.2782508329983102,0.5491326669944101,ok,,0.0003201536414003,0.0358205804609395,0.0511888126083552,0.0013401110350005,0.9996014098640696,0.993597442885641,0.0017405102389153,0.3930072290340833,0.0004679436027976,0.0007155089850958,0.9999279607856272,0.917712653802237,0.1182931902877709,1.0
3,3,4D-A-85017caccbe9,4D,4D-A,equal_total,32,joint,mean_centered,"[80, 48]",2.0,"[1.0, 1.0]",259188,0.4294816670008003,0.7255072920015664,ok,,9.305354921860142e-05,0.0103392182374576,0.0148686838007449,0.0003892586333221,0.9998894764807096,0.9990937546713864,0.0152923460053503,3.567530702052889,0.0041107937307146,0.0062856075659909,0.9894170733636012,0.2678216195228324,0.9861030582983092,1.0
3,3,4D-B-4bb821f89672,4D,4D-B,equal_total,32,shared-independent,mean_centered,"[80, 48]",,"[1.0, 1.0]",136304,0.2545377079950413,0.5247998329941765,ok,,0.0003227404602367,0.0361168737977436,0.0516021048799779,0.0013509309291465,0.999575092967842,0.993428958274468,0.014400663270618,3.347191993846271,0.0038710139431964,0.0059189723745107,0.9906229013842366,0.4510830491094119,0.9152632159880189,1.0
3,3,3D-independent-3e92f69676cb,3D,3D-independent,equal_total,32,independent,ensemble_anomaly,"[80, 48]",,"[1.0, 1.0]",149728,0.2528378749993862,0.5286589169991203,ok,,0.0003773351324659,0.0433578715569665,0.0603806950802714,0.0015807523490956,0.9995007942169296,0.9925120190696658,0.0021198719419079,0.4821248016582714,0.0005699054805127,0.0008714137548292,0.9999129859824002,0.912454532073634,0.143249849410897,1.0
3,3,4D-A-8bea2cabc037,4D,4D-A,equal_total,32,joint,ensemble_anomaly,"[80, 48]",2.0,"[1.0, 1.0]",259188,0.4218246250020456,0.7087367920030374,ok,,6.741454394524303e-05,0.007463796254316,0.0107722395044778,0.0002820146882888,0.9999593874491826,0.9996056329633972,0.0041768355987778,0.9396772732328186,0.0011228496319509,0.001716892795989,0.999762848205174,0.8295524250734169,0.2581405101171819,1.0
3,3,4D-B-2828b82824ed,4D,4D-B,equal_total,32,shared-independent,ensemble_anomaly,"[80, 48]",,"[1.0, 1.0]",136304,0.2535760419996222,0.5395667499979027,ok,,0.0003773350417472,0.0433578640910812,0.0603806806048534,0.0015807519701326,0.999500796961066,0.9925120442617904,0.0020941678646752,0.476350874552796,0.0005629965255682,0.0008608496199402,0.9999117380915348,0.9085123198918432,0.1422991391417651,1.0
3,3,3D-independent-86c75f98455a,3D,3D-independent,equal_total,32,independent,standardized_anomaly,"[80, 48]",,"[1.0, 1.0]",149728,0.2912111249970621,0.5988425000032294,ok,,0.0003773351324659,0.0433578715569689,0.0603806950802742,0.0015807523490957,0.9995007942169062,0.9925120190696672,0.0021198719419079,0.4821248016582705,0.0005699054805127,0.0008714137548292,0.9999129859824002,0.9124545320736352,0.143249849410897,1.0
3,3,4D-A-4ea76ef087a9,4D,4D-A,equal_total,32,joint,standardized_anomaly,"[80, 48]",2.0,"[1.0, 1.0]",259188,0.4048817500006407,0.6859775409975555,ok,,0.0011247786391029,0.1315563673872334,0.1801022872517399,0.0047150353812954,0.9954277808934684,0.9600011059280936,0.0018855110754025,0.424353544368447,0.0005068571422518,0.0007750097175663,0.9999241994563124,0.9230212124317868,0.153599688143935,1.0
3,3,4D-B-934096b5cda8,4D,4D-B,equal_total,32,shared-independent,standardized_anomaly,"[80, 48]",,"[1.0, 1.0]",136304,0.2510514169989619,0.5258245000004536,ok,,0.0004181133710367,0.0476580946429097,0.0668825913322492,0.0017509704587121,0.9990269391924312,0.9892777591304628,0.0021134545118393,0.4807249216242549,0.0005681806191622,0.0008687763562475,0.9999125974108724,0.9112205667531256,0.1445334633313426,1.0
3,3,4D-A-b80c4d29ed28,4D,4D-A,equal_total,32,joint,standardized_anomaly,"[80, 48]",1.0,"[1.0, 1.0]",136306,0.2885358749990701,0.5688115000011749,ok,,0.0060277299497883,0.6543333587601302,0.9626899956124204,0.0252029969180074,0.9667358183789552,0.7343702283232934,0.0029648769793361,0.6681280565411468,0.0007969193164298,0.001218529172945,0.9971396803834728,0.3603509949918835,0.4437752009109221,1.0
3,3,4D-D-2ecf0e4138e3,4D,4D-D,equal_total,32,partial-spatial,standardized_anomaly,"[80, 48]",,"[1.0, 1.0]",163152,0.5464801249981974,1.0645682079994003,ok,,0.0004143145438822,0.0476872177987845,0.066303733710336,0.0017358161027641,0.9994140450323796,0.9911654623772947,0.0021194766371449,0.4820301376732378,0.0005697990701746,0.0008712510481429,0.9999127075095192,0.9118062505994432,0.1445578747459133,1.0
3,3,4D-E-4f4328240852,4D,4D-E,equal_total,32,joint-property-residual,standardized_anomaly,"[80, 48]",2.0,"[1.0, 1.0]",224596,0.6304891670006327,1.0362989579953137,ok,,0.0008142386089298,0.095719539899384,0.1303664398114794,0.0034129626315376,0.9982182521139688,0.9711954990027994,0.001963638474697,0.4427736206433361,0.0005278674936605,0.0008071355872717,0.9999203765963204,0.9176210401994932,0.1485212227353934,1.0
3,3,4D-C-44adce3e7a5f,4D,4D-C,equal_total,32,joint,standardized_anomaly,"[80, 48]",2.0,"[1.0, 0.5]",259188,0.4629152910056291,0.7714792089973344,ok,,0.0011347409962993,0.1311443765674586,0.1816074549584746,0.0047544403166814,0.9957023242795104,0.9630166912427282,0.0018811103565918,0.4243909367784098,0.0005056802284474,0.0007732101579683,0.9999241096863628,0.9226139468938438,0.1531799985693956,1.0
3,3,4D-C-1150f24dbbfa,4D,4D-C,equal_total,32,joint,standardized_anomaly,"[80, 48]",2.0,"[1.0, 2.0]",259188,0.3655698339935043,0.6785387089985306,ok,,0.0011887468752488,0.1378816314953382,0.1902934066717687,0.0049818364829009,0.9951391811122844,0.9575938525998564,0.0018587328815172,0.4173351595260028,0.0004996546976853,0.0007639968224842,0.9999258424419902,0.9260894441878834,0.1533437856568677,1.0
3,3,3D-independent-82249d692984,3D,3D-independent,equal_per_property,64,independent,raw_minmax,"[64, 48]",,"[1.0, 1.0]",219008,0.217041000003519,0.5118295829961426,ok,,0.0001733528876166,0.0192812636027012,0.0277002839929577,0.000725186898466,0.9996049879181714,0.9967110011295676,0.001262003002263,0.2825960209155527,0.0003392569971132,0.0005187407803844,0.9999444142157108,0.9503370683798794,0.0820883124408826,1.0
3,3,4D-A-63bd70d89f36,4D,4D-A,equal_per_property,64,joint,raw_minmax,"[64, 48]",2.0,"[1.0, 1.0]",404420,0.3058382090021041,0.5986274579991004,ok,,0.0004147173102533,0.0453221495355268,0.0662373698529837,0.0017340787126386,0.9980232624448948,0.9831824469406292,0.0041813373953919,0.9657697121825268,0.0011239748670643,0.0017186133363045,0.9992300077758226,0.6653354607553038,0.2967082269675217,1.0
3,3,4D-B-49fc67f13645,4D,4D-B,equal_per_property,64,shared-independent,raw_minmax,"[64, 48]",,"[1.0, 1.0]",207808,0.2174930420005694,0.5156979160019546,ok,,0.0004143333904894,0.0452661803296738,0.0661751039267586,0.001732448605383,0.9980340364977552,0.9832295207228268,0.0041362485315987,0.956456697450682,0.0011118507619256,0.0017000749780256,0.9992193657292812,0.668579441127476,0.293954599213801,1.0
3,3,3D-independent-64af48d38810,3D,3D-independent,equal_per_property,64,independent,mean_centered,"[64, 48]",,"[1.0, 1.0]",219008,0.2157193749953876,0.5124309999955585,ok,,0.0001892322170278,0.0210291251189206,0.0302354244350373,0.0007915562770195,0.999531780607576,0.9962762491981206,0.0013458946094003,0.3022386054947756,0.0003618035959677,0.0005532156486533,0.999916405805962,0.9148136417559294,0.0919306962841678,1.0
3,3,4D-A-fbc2ac4d32c8,4D,4D-A,equal_per_property,64,joint,mean_centered,"[64, 48]",2.0,"[1.0, 1.0]",404420,0.2993239169954904,0.5770066250042873,ok,,0.0001937483315552,0.0214836559884213,0.0309548419631362,0.0008103904581433,0.9994886643679646,0.995992535312464,0.033402697763919,7.768821832620003,0.0089789141444881,0.0137292052041653,0.9493003534740968,0.2274359776552646,2.04464780803114,1.0
3,3,4D-B-6a56509ea188,4D,4D-B,equal_per_property,64,shared-independent,mean_centered,"[64, 48]",,"[1.0, 1.0]",207808,0.199579290994734,0.4769267919982667,ok,,0.000197407940799,0.021885498702958,0.0315393385756789,0.0008256924415353,0.9994860588785052,0.9959122997185847,0.0332088052735828,7.722322217320518,0.0089267682979345,0.013649471617636,0.9503097656974256,0.310244439540873,2.022782336598437,1.0
3,3,3D-independent-5a93f5036396,3D,3D-independent,equal_per_property,64,independent,ensemble_anomaly,"[64, 48]",,"[1.0, 1.0]",219008,0.2001634589978493,0.4744723340045311,ok,,0.0001561356752088,0.0174012906033486,0.024947430969541,0.000653117855907,0.9996997156088192,0.9976170225187594,0.0015540691420028,0.3477606328698606,0.0004177518849891,0.0006387633583693,0.999940255911565,0.9416491855763928,0.0988822048564082,1.0
3,3,4D-A-cbe030d90365,4D,4D-A,equal_per_property,64,joint,ensemble_anomaly,"[64, 48]",2.0,"[1.0, 1.0]",404420,0.2835399169998709,0.5627312500000698,ok,,0.000152218529197,0.0169549421880542,0.0243206487335357,0.0006367088448709,0.999700943966238,0.9976617229603516,0.0037319260580207,0.8388664283522025,0.0010033078680137,0.0015341075080186,0.999748145838376,0.8321390081975254,0.2352302512403295,1.0
3,3,4D-B-6939f5acac9e,4D,4D-B,equal_per_property,64,shared-independent,ensemble_anomaly,"[64, 48]",,"[1.0, 1.0]",207808,0.2087794590042904,0.4831365419959184,ok,,0.0001561343941184,0.0174011155005475,0.0249472243434257,0.0006531124464841,0.9996997131376688,0.9976170319747728,0.0016006312928954,0.3585122088014714,0.0004302767625943,0.0006579145176332,0.9999089474761824,0.9211683223634528,0.1041301617832265,1.0
3,3,3D-independent-7a2c6100f5cb,3D,3D-independent,equal_per_property,64,independent,standardized_anomaly,"[64, 48]",,"[1.0, 1.0]",219008,0.2038272499994491,0.4901012080008513,ok,,0.0001561356752087,0.0174012906033374,0.0249474309695224,0.0006531178559065,0.9996997156088596,0.9976170225187628,0.0015540691420028,0.3477606328698619,0.0004177518849891,0.0006387633583693,0.999940255911565,0.9416491855763964,0.0988822048564049,1.0
3,3,4D-A-c45120ace2c4,4D,4D-A,equal_per_property,64,joint,standardized_anomaly,"[64, 48]",2.0,"[1.0, 1.0]",404420,0.2935613749941694,0.5818489580051391,ok,,0.0006892221247186,0.0749588739635664,0.1100646847718648,0.0028814674752302,0.997219343760736,0.9741968275601648,0.0014971319183101,0.3348267617082023,0.0004024581977971,0.0006153785518762,0.999941922327916,0.9432415040945482,0.112766617461103,1.0
3,3,4D-B-f843c8275099,4D,4D-B,equal_per_property,64,shared-independent,standardized_anomaly,"[64, 48]",,"[1.0, 1.0]",207808,0.2020887079997919,0.4881732919966453,ok,,0.0003031822089701,0.0328605800805381,0.0484090273295297,0.0012673369123502,0.9987872408428684,0.991657196206878,0.0015316967522835,0.3425359479610795,0.0004117371075832,0.0006295664653002,0.999940624994494,0.9401634659881788,0.1023715492360223,1.0
3,3,4D-A-102750e40079,4D,4D-A,equal_per_property,64,joint,standardized_anomaly,"[64, 48]",1.0,"[1.0, 1.0]",207810,0.2095471249995171,0.50927462499385,ok,,0.0061529743525046,0.6688261842609262,0.9827355963549232,0.0257277860152614,0.966243410072386,0.7300000102508203,0.0028227818395931,0.6363660042713418,0.0007587169211957,0.0011601158152697,0.997194546532868,0.3728760758156553,0.4384385363747575,1.0
3,3,4D-D-ff94f89c821d,4D,4D-D,equal_per_property,64,partial-spatial,standardized_anomaly,"[64, 48]",,"[1.0, 1.0]",230208,0.3989297089938191,0.7551649590022862,ok,,0.0001003970082334,0.010912748362317,0.016036933148452,0.0004198431255719,0.9999477990141048,0.9993456065055936,0.001682273414896,0.3784442076428071,0.0004522099013744,0.0006914513750125,0.9999310702481052,0.9313387394235294,0.1060036957601406,1.0
3,3,4D-E-0ed2b1a0be64,4D,4D-E,equal_per_property,64,joint-property-residual,standardized_anomaly,"[64, 48]",2.0,"[1.0, 1.0]",328516,0.6383604170041508,1.1371257499995409,ok,,0.0007848698072088,0.0909982766745461,0.1256340497520381,0.0032890697764892,0.996920024810776,0.9713857357137284,0.0018245358465467,0.4095840161137522,0.0004904569034158,0.0007499329387094,0.9999252532442584,0.9228422517298556,0.1383670747666266,1.0
3,3,4D-C-e7705bff9f37,4D,4D-C,equal_per_property,64,joint,standardized_anomaly,"[64, 48]",2.0,"[1.0, 0.5]",404420,0.3552790829999139,0.686450999994122,ok,,0.0007561961956073,0.0812610158075294,0.1207022517788969,0.0031599564693147,0.9970069027067012,0.9718501019130922,0.0014811735994355,0.3319360715958171,0.0003981692825228,0.0006088205876328,0.9999413884782764,0.9409083324655336,0.1142044675535084,1.0
3,3,4D-C-07c1f38e4371,4D,4D-C,equal_per_property,64,joint,standardized_anomaly,"[64, 48]",2.0,"[1.0, 2.0]",404420,0.2988318750067265,0.6062270000038552,ok,,0.0007590655656483,0.0813329971231179,0.121177799986904,0.0031724062091847,0.996731410882432,0.968174689413785,0.0015013362801068,0.3353797835590597,0.0004035856555234,0.0006171024906771,0.9999419996766532,0.9439611824285196,0.1151612111902563,1.0
3,3,3D-independent-fa9b36e31dc0,3D,3D-independent,equal_per_property,64,independent,raw_minmax,"[80, 48]",,"[1.0, 1.0]",272608,0.2141522499950952,0.4912367500000982,ok,,7.627324642165089e-05,0.0084490572233549,0.01218734257939,0.0003190617528664,0.9999384023497466,0.9994248714477636,0.0012668402221836,0.2835641533276699,0.000340557472139,0.0005207292712202,0.9999443375021548,0.9515556754677228,0.0791307342733204,1.0
3,3,4D-A-4f7fd7861b3e,4D,4D-A,equal_per_property,64,joint,raw_minmax,"[80, 48]",2.0,"[1.0, 1.0]",504948,0.3324796660017455,0.6256275839987211,ok,,0.0001656868688149,0.0184625971718801,0.0264743675062964,0.0006930926941262,0.9996075317567592,0.9969188151600848,0.0016690926928793,0.3759051431486906,0.000448686913472,0.0006860645517211,0.9998889693496088,0.8682804487248554,0.1154420270945251,1.0
3,3,4D-B-51546c614bcf,4D,4D-B,equal_per_property,64,shared-independent,raw_minmax,"[80, 48]",,"[1.0, 1.0]",259184,0.2113228329981211,0.487138500000583,ok,,0.0001645830231112,0.0182845519955663,0.0262947022056037,0.0006883890989499,0.999612329701253,0.9969338697642004,0.0015617388023902,0.3530163871565872,0.0004198176851639,0.0006419220693285,0.999883858883862,0.8737512281801881,0.1089895975449898,1.0
3,3,3D-independent-5cbc421a2b78,3D,3D-independent,equal_per_property,64,independent,mean_centered,"[80, 48]",,"[1.0, 1.0]",272608,0.2014076249979552,0.4733129999949597,ok,,8.347290218061087e-05,0.0092432034832254,0.0133371951675414,0.0003491646222921,0.9999190920171234,0.9992892400632712,0.0012678764516917,0.2840919317668092,0.0003408355884747,0.0005211545248959,0.9999398041433264,0.9442106317876264,0.0803962998311464,1.0
3,3,4D-A-a9f18b485be4,4D,4D-A,equal_per_property,64,joint,mean_centered,"[80, 48]",2.0,"[1.0, 1.0]",504948,0.3100772500038147,0.5835128340040683,ok,,8.46230539543022e-05,0.0094208739216636,0.0135225129639377,0.0003540161984721,0.9998948297833696,0.9991942179104772,0.0148951162991847,3.4653787671591125,0.0040039964202732,0.0061223091797151,0.9891839468048144,0.2827979995778661,0.958450883084151,1.0
3,3,4D-B-be3ed22367d4,4D,4D-B,equal_per_property,64,shared-independent,mean_centered,"[80, 48]",,"[1.0, 1.0]",259184,0.2062626670012832,0.4830084579953109,ok,,9.324806622614468e-05,0.0103553368543459,0.0148995027042509,0.0003900654649435,0.9998893293368138,0.999091919563697,0.0143464081137493,3.335062745548927,0.0038564230010485,0.0058966621000558,0.9906276971134824,0.4566747054836687,0.9043836924698976,1.0
3,3,3D-independent-44372d7b9669,3D,3D-independent,equal_per_property,64,independent,ensemble_anomaly,"[80, 48]",,"[1.0, 1.0]",272608,0.2143312500047614,0.4997419580031419,ok,,6.738727422013988e-05,0.0074604278241911,0.0107678645613815,0.0002819001533109,0.9999593981997088,0.9996057416262872,0.0015583663482284,0.3487781412359805,0.000418907218583,0.0006405299207548,0.9999399907095948,0.9417656234852854,0.0963882216260963,1.0
3,3,4D-A-abc62af84685,4D,4D-A,equal_per_property,64,joint,ensemble_anomaly,"[80, 48]",2.0,"[1.0, 1.0]",504948,0.3172404169963556,0.6030266659945482,ok,,5.7819143752708755e-05,0.0063692303275022,0.0092370546306719,0.000241823910552,0.999963610079564,0.999671006596543,0.0038417970464606,0.8630341015579974,0.0010328431809894,0.001579268466915,0.9997645115864732,0.8498195623749213,0.2361645118499419,1.0
3,3,4D-B-643a4d560541,4D,4D-B,equal_per_property,64,shared-independent,ensemble_anomaly,"[80, 48]",,"[1.0, 1.0]",259184,0.2143887920028646,0.4978056670006481,ok,,6.738715391007076e-05,0.0074604095291345,0.0107678447091709,0.0002818996335847,0.9999594005360808,0.9996057604821028,0.0015390197627849,0.3438497804866596,0.000413703323817,0.000632572907473,0.9999410205852048,0.9379250902200889,0.0956361911661746,1.0
3,3,3D-independent-11e1b067c3e2,3D,3D-independent,equal_per_property,64,independent,standardized_anomaly,"[80, 48]",,"[1.0, 1.0]",272608,0.2104957080009626,0.5047086659978959,ok,,6.738727422020715e-05,0.0074604278241974,0.0107678645613922,0.0002819001533111,0.9999593981996844,0.9996057416262888,0.0015583663482284,0.3487781412359825,0.000418907218583,0.0006405299207548,0.999939990709595,0.941765623485284,0.0963882216260983,1.0
3,3,4D-A-3bf6b15a532d,4D,4D-A,equal_per_property,64,joint,standardized_anomaly,"[80, 48]",2.0,"[1.0, 1.0]",504948,0.3441935830051079,0.6312184589987737,ok,,0.0006810275139288,0.0734152549031833,0.1087316339938409,0.0028465685204232,0.9978743760538464,0.9756220641870432,0.0015111183939073,0.3378017848421313,0.0004062138123144,0.000621121072803,0.9999417807277706,0.9440249892520228,0.1128483782564454,1.0
3,3,4D-B-3ee6d3ebd2d3,4D,4D-B,equal_per_property,64,shared-independent,standardized_anomaly,"[80, 48]",,"[1.0, 1.0]",259184,0.2115658330003498,0.4993937499966705,ok,,0.0001811200703662,0.0198093473044822,0.0289212440162426,0.0007571513437642,0.9994882883989724,0.9964002267220524,0.001541905446895,0.3448781255488658,0.000414481512054,0.0006337627958961,0.9999405814280778,0.9410180878314616,0.0989945788941478,1.0
3,3,4D-A-0bf051d8d579,4D,4D-A,equal_per_property,64,joint,standardized_anomaly,"[80, 48]",1.0,"[1.0, 1.0]",259186,0.2031212079964461,0.4911048330031917,ok,,0.0061473338481454,0.6681987461885406,0.9818337287512864,0.025704175334213,0.9663515737326864,0.7314300342711819,0.0028254033849133,0.6370322572988992,0.0007594218243595,0.0011611936471799,0.997188859095842,0.3723445620917404,0.4383359263264946,1.0
3,3,4D-D-e24c5d642104,4D,4D-D,equal_per_property,64,partial-spatial,standardized_anomaly,"[80, 48]",,"[1.0, 1.0]",286032,0.3926351250047446,0.7462841659944388,ok,,8.712966251829593e-05,0.0094815903136415,0.0139182640532639,0.0003643768686048,0.9999640107672176,0.9995465710730304,0.0016880511885394,0.3796582544104816,0.0004537631083316,0.0006938263055104,0.9999311683270656,0.9320519474009444,0.1058351463717839,1.0
3,3,4D-E-6ca320f290f9,4D,4D-E,equal_per_property,64,joint-property-residual,standardized_anomaly,"[80, 48]",2.0,"[1.0, 1.0]",408916,0.6113653339998564,1.064826957997866,ok,,0.000585845541324,0.0661659622831772,0.0936710267729055,0.0024522853772488,0.9983787743160458,0.9823900604867728,0.0017562114740712,0.3940695095377615,0.0004720808448027,0.0007218350333855,0.9999280746271738,0.9253116174685708,0.1265961582108167,1.0
3,3,4D-C-4e04f7cc08d6,4D,4D-C,equal_per_property,64,joint,standardized_anomaly,"[80, 48]",2.0,"[1.0, 0.5]",504948,0.3237031250027939,0.6162566669954685,ok,,0.0007360012753945,0.0789056191401738,0.1174749126430707,0.0030754654922979,0.9974263433916044,0.974930880575576,0.0014959865592562,0.3351765002068216,0.0004021502229453,0.000614907643048,0.9999421427304762,0.9431145711351592,0.1137648483729069,1.0
3,3,4D-C-f8d668c31c07,4D,4D-C,equal_per_property,64,joint,standardized_anomaly,"[80, 48]",2.0,"[1.0, 2.0]",504948,0.3235971250032889,0.6128840840028715,ok,,0.0006779080522256,0.0724164301039492,0.108219523809387,0.0028331615966374,0.9976978487761796,0.9750420631746208,0.0015097198852165,0.3371071758833404,0.0004058388515085,0.0006205477391277,0.9999426753555456,0.9442039354736352,0.1124751516657904,1.0
3,3,3D-current-e419eaac8e1a,3D,3D-current,equal_total,32,legacy-independent,raw_minmax,"[48, 48]",,"[1.0, 1.0]",117216,4.2362206670004525,4.54937008399429,ok,,0.0010748247799679,0.1168755410422711,0.1716712410452092,0.0044943125810926,0.993662954179115,0.9394891273240912,0.0017409866629493,0.3931968845042462,0.0004680704787915,0.0007157029847852,0.999931652700524,0.9182542115361813,0.1453001890290952,1.0
3,3,4D-A-current-205a30146a4e,4D,4D-A-current,equal_total,32,legacy-joint,raw_minmax,"[48, 48]",2.0,"[1.0, 1.0]",181972,5.9001049590006005,6.239583750000747,ok,,0.0025601667596628,0.2805492071214639,0.4089822184891284,0.0107070579720153,0.9721618738655134,0.8112217411407516,0.0155501268010451,3.609987617105206,0.0041799784659337,0.0063913944586522,0.9907604957504436,0.4361772935129896,1.06670932672495,1.0
3,3,3D-current-5e7711139fcb,3D,3D-current,equal_per_property,64,legacy-independent,raw_minmax,"[48, 48]",,"[1.0, 1.0]",216480,4.0829028749940335,4.399984125004266,ok,,0.0010480118807454,0.1137300500687914,0.1673757436356617,0.0043818574725244,0.9937463333984924,0.9424133254563613,0.0012659471418055,0.2837778077930606,0.0003403158918,0.0005203598828963,0.9999420087318924,0.9434206341032616,0.1136477195205101,1.0
3,3,4D-A-current-43ce2f360e5a,4D,4D-A-current,equal_per_property,64,legacy-joint,raw_minmax,"[48, 48]",2.0,"[1.0, 1.0]",354964,5.664489249997132,5.967495417004102,ok,,0.0025578817329239,0.2802882190913951,0.4086167707142163,0.0106974906355032,0.9721644773912028,0.8113466384670825,0.0154619640753712,3.591086459020874,0.0041562763174551,0.0063551526976769,0.990833548569128,0.4395196906343155,1.0614853783903924,1.0
4,1,3D-independent-e9bc2b1d9158,3D,3D-independent,equal_total,32,independent,raw_minmax,"[64, 48]",,"[1.0, 1.0]",120704,0.2654081660002703,0.545180374996562,ok,,0.0003052233543324,0.0500472812899119,0.0490134276214789,0.0011838219418039,0.9994869283486874,0.9922426207191792,0.0010913950692046,0.3011802725534687,0.0002936938393867,0.0004490724516633,0.999972631211585,0.9507722467332316,0.0949300300292938,1.0
4,1,4D-A-c5fc8bd2cb2c,4D,4D-A,equal_total,32,joint,raw_minmax,"[64, 48]",2.0,"[1.0, 1.0]",207812,0.3631355409961543,0.6290832079976099,ok,,0.0003632681814713,0.060376488302509,0.0583187679220996,0.0014085739446408,0.9986800927097046,0.9870609740175588,0.0042271443471568,1.165542873498268,0.0011375317484438,0.0017393424805409,0.9992247448116504,0.6961224331277149,0.3460819145570351,1.0
4,1,4D-B-f835e7c8452f,4D,4D-B,equal_total,32,shared-independent,raw_minmax,"[64, 48]",,"[1.0, 1.0]",109504,0.2463127090013586,0.513276790996315,ok,,0.0004361054369487,0.0720470549469509,0.0700201066321073,0.0016911965275862,0.9985273026559538,0.9830450706667864,0.0041640560767059,1.1481356870969075,0.0011205562671274,0.0017133861273915,0.9992316772643608,0.7023924738260452,0.3443659924493606,1.0
4,1,3D-independent-7cc1fb3009e2,3D,3D-independent,equal_total,32,independent,mean_centered,"[64, 48]",,"[1.0, 1.0]",120704,0.2356432919987128,0.5066325410007266,ok,,0.0003080418007887,0.0505727794991872,0.0494650121449015,0.0011947290685516,0.9994741489881802,0.9922058563905506,0.0011963438487275,0.3301128480760362,0.0003219368966905,0.0004922574875237,0.9999513693559297,0.9307919108646208,0.1047966859869094,1.0
4,1,4D-A-a8d848e0bd2f,4D,4D-A,equal_total,32,joint,mean_centered,"[64, 48]",2.0,"[1.0, 1.0]",207812,0.3708559579972643,0.6729369579988997,ok,,0.0001808730414134,0.0300759605871543,0.0290380699560167,0.0007013568736112,0.9996440624919116,0.9966620993123896,0.0357120655541058,9.846515608709778,0.0096101935661852,0.0146944627600544,0.9465868188867176,0.2667407059095273,2.5612225416714933,1.0
4,1,4D-B-2e139466dc24,4D,4D-B,equal_total,32,shared-independent,mean_centered,"[64, 48]",,"[1.0, 1.0]",109504,0.3254657080033212,0.6468390410009306,ok,,0.0003093875840385,0.0508267876884452,0.0496807731366705,0.0011999403465348,0.9994666478473874,0.9921333507648872,0.0355158922729494,9.792112731858715,0.0095574049321147,0.0146137463195205,0.9473654848539688,0.3432230338775527,2.5438153318064853,1.0
4,1,3D-independent-34daa9e6fa18,3D,3D-independent,equal_total,32,independent,ensemble_anomaly,"[64, 48]",,"[1.0, 1.0]",120704,0.2270293749970733,0.4865093339976738,ok,,0.0002899745584826,0.0467528593003711,0.0465732399616353,0.0011248840581662,0.9996169588607244,0.9936809871368876,0.0011875677708036,0.3280977468300347,0.0003195884745454,0.0004886666335498,0.9999661541694744,0.9476540740079126,0.1010457688895014,1.0
4,1,4D-A-63c64c98502f,4D,4D-A,equal_total,32,joint,ensemble_anomaly,"[64, 48]",2.0,"[1.0, 1.0]",207812,0.3346020840035635,0.5944017079964397,ok,,0.0001347594653113,0.0224377010729712,0.0216346509617919,0.0005225420003194,0.999809667163686,0.9982478139959928,0.0029929014857743,0.8241085087816699,0.0008054070229251,0.001231507297283,0.9998418846555168,0.8595368797330613,0.2294134657475285,1.0
4,1,4D-B-852478df5431,4D,4D-B,equal_total,32,shared-independent,ensemble_anomaly,"[64, 48]",,"[1.0, 1.0]",109504,0.2304668750002747,0.4893497500015655,ok,,0.0002899747594912,0.046752889081469,0.0465732723298489,0.001124884839956,0.9996169579368898,0.9936809821639336,0.001288583069432,0.3555129482699604,0.0003467663962986,0.0005302230243081,0.9999530877761156,0.9375360955486932,0.109164324623779,1.0
4,1,3D-independent-629bdce16d73,3D,3D-independent,equal_total,32,independent,standardized_anomaly,"[64, 48]",,"[1.0, 1.0]",120704,0.2209682499960763,0.4885944170018774,ok,,0.0002899745584827,0.0467528593003847,0.0465732399616461,0.0011248840581664,0.9996169588607544,0.9936809871368836,0.0011875677708036,0.3280977468300316,0.0003195884745454,0.0004886666335498,0.9999661541694744,0.9476540740079132,0.1010457688895044,1.0
4,1,4D-A-06f4272272b6,4D,4D-A,equal_total,32,joint,standardized_anomaly,"[64, 48]",2.0,"[1.0, 1.0]",207812,0.3276137499997276,0.6001374580009724,ok,,0.0006858126517528,0.1080871311529269,0.1101697570548553,0.002660931545779,0.9984464104414392,0.9714870350378332,0.0011791081599826,0.3257118148949421,0.0003173137029778,0.0004851883949631,0.9999670993629334,0.9488033635742176,0.1184134366854609,1.0
4,1,4D-B-17b80d300b68,4D,4D-B,equal_total,32,shared-independent,standardized_anomaly,"[64, 48]",,"[1.0, 1.0]",109504,0.2346764169997186,0.5059500419956748,ok,,0.0003468831123524,0.0559200513734449,0.0557134845273554,0.0013456485016146,0.9992076990720204,0.9901616219782882,0.0011844632007192,0.3272378286333813,0.0003187527389127,0.0004873887523036,0.9999658504870452,0.947567423732072,0.1035733392879115,1.0
4,1,4D-A-4681118648ec,4D,4D-A,equal_total,32,joint,standardized_anomaly,"[64, 48]",1.0,"[1.0, 1.0]",109506,0.2577270420006243,0.5306289580039447,ok,,0.0048883691801906,0.7935188661206299,0.7850038636347757,0.0189602083198217,0.9721187233013592,0.7330598850484124,0.0021714039901002,0.598730524929866,0.0005843421806551,0.0008934881856053,0.9987931632485147,0.6499680235655076,0.425183859185884,1.0
4,1,4D-D-9e53fbf0a6d8,4D,4D-D,equal_total,32,partial-spatial,standardized_anomaly,"[64, 48]",,"[1.0, 1.0]",131904,0.3548669579977286,0.7270404590017279,ok,,0.0003300047252989,0.0539996730187972,0.052990760280299,0.0012798865081862,0.999629987502526,0.9926660477333592,0.0012505449727656,0.3452930793459606,0.0003365360323172,0.0005145802902142,0.9999646038110502,0.943870917813198,0.1077560673978698,1.0
4,1,4D-E-07794d5e4bbe,4D,4D-E,equal_total,32,joint-property-residual,standardized_anomaly,"[64, 48]",2.0,"[1.0, 1.0]",181060,0.4306166239985032,0.8025616660015658,ok,,0.0004898526959342,0.0789789144020545,0.0786724482606723,0.0019001766451772,0.9993140542353436,0.9862874875483542,0.0012754410264805,0.3523946003394377,0.000343240691818,0.0005248320472339,0.9999636150767912,0.9417193911294072,0.1168425188506529,1.0
4,1,4D-C-3fe7ec5ee326,4D,4D-C,equal_total,32,joint,standardized_anomaly,"[64, 48]",2.0,"[1.0, 0.5]",207812,0.32422379199852,0.5968931249954039,ok,,0.0007593105810076,0.1191087081733485,0.1219781241136578,0.0029461391857964,0.998287444438454,0.964069832338784,0.0011773759387164,0.3252306464788717,0.0003168474770661,0.0004844755124129,0.9999663822129672,0.9476402567553696,0.1221210775262858,1.0
4,1,4D-C-5b31da2b924b,4D,4D-C,equal_total,32,joint,standardized_anomaly,"[64, 48]",2.0,"[1.0, 2.0]",207812,0.3254799999995157,0.5984556670009624,ok,,0.0008508664374638,0.1349799043212666,0.1366749211326467,0.0033011111114426,0.997638294449026,0.9591346855170584,0.0011458666205354,0.3165819176997132,0.0003083681555862,0.0004715102091796,0.9999688993045308,0.9498301463441606,0.1242698515225926,1.0
4,1,3D-independent-7db5f3bc9ad5,3D,3D-independent,equal_total,32,independent,raw_minmax,"[80, 48]",,"[1.0, 1.0]",149728,0.2358755830064183,0.4996657090014196,ok,,0.0002683894082806,0.043732849640524,0.0431022324132243,0.0010410487686265,0.9997330905228576,0.9944522858224468,0.0010897182118871,0.3007214465215346,0.0002932425835309,0.0004483824590712,0.9999729315863584,0.9511874067971408,0.0929086124630662,1.0
4,1,4D-A-9e409054ed54,4D,4D-A,equal_total,32,joint,raw_minmax,"[80, 48]",2.0,"[1.0, 1.0]",259188,0.3495526659971801,0.6105736660028924,ok,,0.0001804958912138,0.0301921967323987,0.028976125858276,0.0006998607370293,0.999638143382766,0.9966741073881682,0.0015640535802208,0.4314510586762601,0.0004208840173284,0.0006435525441128,0.9999105705079168,0.8899969359313594,0.1295769334372237,1.0
4,1,4D-B-2fb1b6b4a839,4D,4D-B,equal_total,32,shared-independent,raw_minmax,"[80, 48]",,"[1.0, 1.0]",136304,0.2483165840021683,0.5084010410064366,ok,,0.0003082399523191,0.0506106491615019,0.0494970330944365,0.0011955024709537,0.9994544863718878,0.9921575460529688,0.0013859605569032,0.3823260725434199,0.0003729630063397,0.0005702789407719,0.9999157581400254,0.9025677747741448,0.1213935153228412,1.0
4,1,3D-independent-dbbd1a2865ca,3D,3D-independent,equal_total,32,independent,mean_centered,"[80, 48]",,"[1.0, 1.0]",149728,0.2344478750019334,0.4927989580028225,ok,,0.0002685469775656,0.0438431144498949,0.0431267863702277,0.0010416418206629,0.9997244735530716,0.994492549763466,0.0011025876156117,0.304262780117195,0.0002967061174785,0.0004536783743159,0.9999692378882544,0.9482083554054812,0.0941888604956541,1.0
4,1,4D-A-85017caccbe9,4D,4D-A,equal_total,32,joint,mean_centered,"[80, 48]",2.0,"[1.0, 1.0]",259188,0.349350582997431,0.6092427500043414,ok,,8.129447526902907e-05,0.0134635885952065,0.0130514447450846,0.0003152317112117,0.9999295489885132,0.9993220332776488,0.0179410031770576,4.947292419776529,0.0048279605102359,0.0073821911531836,0.9862025781101882,0.3681938642423668,1.319249514902932,1.0
4,1,4D-B-4bb821f89672,4D,4D-B,equal_total,32,shared-independent,mean_centered,"[80, 48]",,"[1.0, 1.0]",136304,0.2422094590001506,0.5019534160019248,ok,,0.0002693143864634,0.0439686847859377,0.0432501372806431,0.0010446211167737,0.9997165806679692,0.9944578013769896,0.0175186244211116,4.830140900979447,0.0047143005231333,0.0072083993938101,0.9869649447196922,0.4951818430355616,1.282322440889777,1.0
4,1,3D-independent-3e92f69676cb,3D,3D-independent,equal_total,32,independent,ensemble_anomaly,"[80, 48]",,"[1.0, 1.0]",149728,0.2331063749952591,0.492134708998492,ok,,0.0002684599391455,0.0429562084514559,0.0431219362406694,0.0010415246754219,0.9997514686527174,0.994844841006612,0.0011881002320607,0.328244148300376,0.0003197317658844,0.0004888857331164,0.9999661577014628,0.9476661126669248,0.0999862199787658,1.0
4,1,4D-A-8bea2cabc037,4D,4D-A,equal_total,32,joint,ensemble_anomaly,"[80, 48]",2.0,"[1.0, 1.0]",259188,0.3540869999997085,0.6186994589952519,ok,,5.19080398217891e-05,0.0086449010505669,0.008332728626807,0.0002012605006875,0.9999756449856548,0.9997317225801222,0.0029887164336308,0.8228634598450612,0.0008042832505354,0.0012297889935446,0.9998617210986124,0.8735506167912094,0.2237167978024906,1.0
4,1,4D-B-2828b82824ed,4D,4D-B,equal_total,32,shared-independent,ensemble_anomaly,"[80, 48]",,"[1.0, 1.0]",136304,0.2529029580036877,0.5148967080021976,ok,,0.0002684599252122,0.0429562065350397,0.0431219340099432,0.0010415246215431,0.9997514687651268,0.9948448468748572,0.001233424942724,0.3405992359353578,0.0003319266595237,0.0005075323305248,0.9999619061782272,0.9429801832352336,0.103660731853838,1.0
4,1,3D-independent-86c75f98455a,3D,3D-independent,equal_total,32,independent,standardized_anomaly,"[80, 48]",,"[1.0, 1.0]",149728,0.2386000420010532,0.5115074999994249,ok,,0.0002684599391454,0.0429562084514493,0.0431219362406606,0.0010415246754217,0.9997514686527164,0.9948448410066062,0.0011881002320607,0.328244148300376,0.0003197317658844,0.0004888857331164,0.9999661577014628,0.9476661126669252,0.0999862199787649,1.0
4,1,4D-A-4ea76ef087a9,4D,4D-A,equal_total,32,joint,standardized_anomaly,"[80, 48]",2.0,"[1.0, 1.0]",259188,0.3623381249999511,0.6347220829993603,ok,,0.0007181813694101,0.1128136128783562,0.1153716188587509,0.0027865721802035,0.99847669038063,0.970188533942724,0.0011767575375965,0.3250552236939656,0.0003166811221731,0.0004842211475281,0.9999675886712566,0.9491967616567611,0.1195440471931448,1.0
4,1,4D-B-934096b5cda8,4D,4D-B,equal_total,32,shared-independent,standardized_anomaly,"[80, 48]",,"[1.0, 1.0]",136304,0.246581999999762,0.5180057090037735,ok,,0.0003044907317157,0.0490624336942974,0.0489056363203638,0.0011812184571348,0.99949783531752,0.9926920338441276,0.0011838939223501,0.3270805224174173,0.0003185995258245,0.0004871544818901,0.9999660929032302,0.9478508223212032,0.1014678820072623,1.0
4,1,4D-A-b80c4d29ed28,4D,4D-A,equal_total,32,joint,standardized_anomaly,"[80, 48]",1.0,"[1.0, 1.0]",136306,0.2675431249954272,0.5408255410002312,ok,,0.0048861193604649,0.7931676576000668,0.7846423277129779,0.0189514761380963,0.972206189394488,0.7344105505101411,0.0021719586797737,0.598882033862625,0.0005844914901299,0.0008937164872,0.9987929652319096,0.6498927977335436,0.4249745043352123,1.0
4,1,4D-D-2ecf0e4138e3,4D,4D-D,equal_total,32,partial-spatial,standardized_anomaly,"[80, 48]",,"[1.0, 1.0]",163152,0.3931522499988205,0.7682977080039564,ok,,0.0002922757834739,0.0470249490522647,0.0469453745234862,0.0011338722289798,0.9997060017310224,0.9942435547188928,0.0011888207767075,0.3284326687587431,0.0003199255413699,0.0004891820254477,0.9999659289809808,0.9475088025489912,0.1011453597942664,1.0
4,1,4D-E-4f4328240852,4D,4D-E,equal_total,32,joint-property-residual,standardized_anomaly,"[80, 48]",2.0,"[1.0, 1.0]",224596,0.5467762079933891,0.9496718340014922,ok,,0.0005048931444945,0.0820683506406487,0.0810742152854172,0.001958186554726,0.9993073985582986,0.9857818969581376,0.0012184022500979,0.3365549201414097,0.0003278888646111,0.0005013583417735,0.9999641656892688,0.9465578866430824,0.113113344745362,1.0
4,1,4D-C-44adce3e7a5f,4D,4D-C,equal_total,32,joint,standardized_anomaly,"[80, 48]",2.0,"[1.0, 0.5]",259188,0.4111172919947421,0.7397530830057804,ok,,0.000742650497626,0.1162817248672005,0.1193038599579337,0.0028815476495714,0.9984896942547048,0.9664730274799856,0.0011800846232954,0.3259826010266822,0.0003175765371526,0.0004855902814566,0.9999673135769506,0.9484039545706452,0.1212064587171418,1.0
4,1,4D-C-1150f24dbbfa,4D,4D-C,equal_total,32,joint,standardized_anomaly,"[80, 48]",2.0,"[1.0, 2.0]",259188,0.3962347080014297,0.6734524580024299,ok,,0.000829335104802,0.1318925908561071,0.1332125215720799,0.0032174837307431,0.9980157517718538,0.961803640952982,0.001147365022863,0.3170118946640342,0.0003087716670736,0.0004721271982635,0.9999688916550844,0.9497312573819944,0.1232842590881632,1.0
4,1,3D-independent-82249d692984,3D,3D-independent,equal_per_property,64,independent,raw_minmax,"[64, 48]",,"[1.0, 1.0]",219008,0.2143642500013811,0.5055500829985249,ok,,0.0001694429612529,0.0282333621383035,0.0272030090582347,0.0006570346243672,0.999671058494227,0.9969614808315866,0.000786243600767,0.2169728653063672,0.000211572457189,0.0003235047839366,0.99998177910288,0.971701361935058,0.0652187015153371,1.0
4,1,4D-A-63bd70d89f36,4D,4D-A,equal_per_property,64,joint,raw_minmax,"[64, 48]",2.0,"[1.0, 1.0]",404420,0.3437172089979867,0.6599191669956781,ok,,0.0003582327047953,0.0595174082289106,0.0575104398177613,0.0013890503856381,0.9986943473226928,0.98738581594417,0.0041168877832187,1.13511407052572,0.0011078629005331,0.0016939773401038,0.999236507631622,0.7077229194079996,0.3367692777696364,1.0
4,1,4D-B-49fc67f13645,4D,4D-B,equal_per_property,64,shared-independent,raw_minmax,"[64, 48]",,"[1.0, 1.0]",207808,0.2818542500026524,0.5831177500003832,ok,,0.0003573182134402,0.0593911812771103,0.0573633998625419,0.0013854989277263,0.9986942635193996,0.9874122119862466,0.004101933620744,1.1309854769797816,0.0011038385841052,0.0016878239606243,0.9992369698177214,0.7096500795945572,0.3354613781166225,1.0
4,1,3D-independent-64af48d38810,3D,3D-independent,equal_per_property,64,independent,mean_centered,"[64, 48]",,"[1.0, 1.0]",219008,0.1962556250000489,0.4695026669942308,ok,,0.0001783744054692,0.0296429635972841,0.0286370227101849,0.000691670374373,0.9996546655843184,0.9967501216273824,0.0009401729442018,0.2594253997349288,0.0002529978528363,0.0003868462691489,0.9999582836788004,0.948808556339622,0.0790722560871776,1.0
4,1,4D-A-fbc2ac4d32c8,4D,4D-A,equal_per_property,64,joint,mean_centered,"[64, 48]",2.0,"[1.0, 1.0]",404420,0.2852768340017064,0.5587884580017999,ok,,0.0001799362300939,0.0299096749807379,0.02888774261501,0.0006977260154286,0.9996455698265369,0.9967044359057023,0.035565022956054,9.805590431927524,0.0095706262683028,0.0146339623985117,0.947190698458871,0.3261718531432526,2.5435154905959463,1.0
4,1,4D-B-6a56509ea188,4D,4D-B,equal_per_property,64,shared-independent,mean_centered,"[64, 48]",,"[1.0, 1.0]",207808,0.2088659590008319,0.4847503329947358,ok,,0.000180851388291,0.0300722599351049,0.0290345971899836,0.000701272995849,0.9996441281075512,0.9966627411403252,0.0355077429458306,9.7898606153477,0.0095552118222798,0.0146103929457746,0.947316159427995,0.3434154956926796,2.5374734392165754,1.0
4,1,3D-independent-5a93f5036396,3D,3D-independent,equal_per_property,64,independent,ensemble_anomaly,"[64, 48]",,"[1.0, 1.0]",219008,0.2003730830037966,0.4796373330027563,ok,,0.0001347629871307,0.0224384745955715,0.02163521332796,0.0005225555831566,0.999809662082079,0.998247832498146,0.0008641463861977,0.2385656255644971,0.0002325473443161,0.0003555764269959,0.9999745323378,0.967217007239278,0.0695679200728391,1.0
4,1,4D-A-cbe030d90365,4D,4D-A,equal_per_property,64,joint,ensemble_anomaly,"[64, 48]",2.0,"[1.0, 1.0]",404420,0.2938128329988103,0.5750501670045196,ok,,0.0001330163304333,0.0221351348001891,0.0213549269162804,0.0005157858218843,0.9998118494386944,0.9983042472349902,0.0026067318376794,0.717062459040157,0.0007014855626898,0.0010726062286541,0.9998428584881032,0.8824522652244627,0.1997048344026549,1.0
4,1,4D-B-6939f5acac9e,4D,4D-B,equal_per_property,64,shared-independent,ensemble_anomaly,"[64, 48]",,"[1.0, 1.0]",207808,0.2064089589985087,0.4835752080034581,ok,,0.0001347627641794,0.0224384401427936,0.0216351775723204,0.0005225547195502,0.999809662104206,0.9982478355514264,0.0010142748866041,0.2794735018306795,0.0002729433346865,0.0004173439004672,0.9999612112611964,0.9573043825055324,0.0810339582362484,1.0
4,1,3D-independent-7a2c6100f5cb,3D,3D-independent,equal_per_property,64,independent,standardized_anomaly,"[64, 48]",,"[1.0, 1.0]",219008,0.2060152089979965,0.4916329170009703,ok,,0.0001347629871309,0.0224384745956088,0.0216352133279915,0.0005225555831574,0.999809662082089,0.9982478324981404,0.0008641463861977,0.2385656255644854,0.0002325473443161,0.0003555764269958,0.9999745323378004,0.9672170072392756,0.0695679200728466,1.0
4,1,4D-A-c45120ace2c4,4D,4D-A,equal_per_property,64,joint,standardized_anomaly,"[64, 48]",2.0,"[1.0, 1.0]",404420,0.2884754999977303,0.5820007090005674,ok,,0.0005155847705098,0.0851475508135882,0.0827645169561229,0.001999012432514,0.9985246999515734,0.9807290611525058,0.0008213254997167,0.2267394651082051,0.0002210245882442,0.0003379575612752,0.999976793702126,0.9689525465941224,0.0842615530121198,1.0
4,1,4D-B-f843c8275099,4D,4D-B,equal_per_property,64,shared-independent,standardized_anomaly,"[64, 48]",,"[1.0, 1.0]",207808,0.2157192500017117,0.5034601660008775,ok,,0.0002257760179615,0.0367905255203347,0.0362567008129321,0.0008757085566682,0.9994303421431916,0.995140085228856,0.0008566334809257,0.2365091043102054,0.000230525546325,0.0003524849975586,0.9999743017294346,0.9666451960623902,0.0731017472962292,1.0
4,1,4D-A-102750e40079,4D,4D-A,equal_per_property,64,joint,standardized_anomaly,"[64, 48]",1.0,"[1.0, 1.0]",207810,0.1925772079994203,0.479961707998882,ok,,0.0049840211361728,0.8088091080598078,0.8003633937594677,0.0193311872466136,0.970777408181357,0.7307359187568903,0.0020630691802932,0.5687938005572342,0.0005551871158683,0.0008489086450553,0.9987974161648862,0.6588405588583209,0.4207036674523591,1.0
4,1,4D-D-ff94f89c821d,4D,4D-D,equal_per_property,64,partial-spatial,standardized_anomaly,"[64, 48]",,"[1.0, 1.0]",230208,0.374432541000715,0.7292246670040186,ok,,7.2371179405859e-05,0.0120346274807132,0.0116181668688189,0.0002806137324054,0.9999697863871136,0.9995420688191252,0.0010545823578593,0.2913506839645967,0.0002837971773052,0.0004339399643305,0.9999686312496312,0.9553303351027363,0.0814872773710948,1.0
4,1,4D-E-0ed2b1a0be64,4D,4D-E,equal_per_property,64,joint-property-residual,standardized_anomaly,"[64, 48]",2.0,"[1.0, 1.0]",328516,0.5921068750030827,1.0445079999990412,ok,,0.0005606492243073,0.0867797760267398,0.0900823433489118,0.0021757599866128,0.9988066096531106,0.9807964149109868,0.0011307843375159,0.3124576479688223,0.0003043103413662,0.000465305609914,0.9999687018999316,0.9500620875906106,0.1084520431861909,1.0
4,1,4D-C-e7705bff9f37,4D,4D-C,equal_per_property,64,joint,standardized_anomaly,"[64, 48]",2.0,"[1.0, 0.5]",404420,0.2931571250010165,0.587674499998684,ok,,0.0004890591025525,0.0801093519499661,0.078508836390566,0.001896224925594,0.9986903672408636,0.9819065094967364,0.0008225662136358,0.2270875189492314,0.0002213580296988,0.0003384674098026,0.9999754302603248,0.9675774441854352,0.0831137235145279,1.0
4,1,4D-C-07c1f38e4371,4D,4D-C,equal_per_property,64,joint,standardized_anomaly,"[64, 48]",2.0,"[1.0, 2.0]",404420,0.2895917499990901,0.5793998329972965,ok,,0.0005677172293964,0.0929714302390437,0.091150659066456,0.0022015630297497,0.9981934880511768,0.9754433971093984,0.0008199642088393,0.226361745683959,0.0002206580087286,0.0003373970430085,0.99997686238879,0.969904733484942,0.0866647776564581,1.0
4,1,3D-independent-fa9b36e31dc0,3D,3D-independent,equal_per_property,64,independent,raw_minmax,"[80, 48]",,"[1.0, 1.0]",272608,0.2097419170022476,0.5005791250005132,ok,,6.407904101682014e-05,0.0106336709335677,0.0102869160168364,0.0002484600136165,0.999956790568244,0.9995684033472804,0.0007850887996563,0.2166549709634513,0.0002112616633796,0.0003230295647824,0.9999821028930928,0.97214681990496,0.0603577575677247,1.0
4,1,4D-A-4f7fd7861b3e,4D,4D-A,equal_per_property,64,joint,raw_minmax,"[80, 48]",2.0,"[1.0, 1.0]",504948,0.3221391670012963,0.6141883749951376,ok,,0.0001693695746907,0.0282958917701131,0.0271901466987083,0.0006567239596337,0.9996566491909794,0.9970156722823652,0.0012210778442547,0.3368044968006811,0.0003285912942564,0.0005024323915513,0.9999231714750964,0.917387025034575,0.101974759978081,1.0
4,1,4D-B-51546c614bcf,4D,4D-B,equal_per_property,64,shared-independent,raw_minmax,"[80, 48]",,"[1.0, 1.0]",259184,0.2246345419989666,0.5070337500001187,ok,,0.000167124728777,0.0279825021352725,0.0268292311854181,0.0006480067626429,0.9996587436962068,0.9970762734861428,0.0011696218270067,0.3226244135546648,0.0003147435867608,0.0004812585597543,0.999924024565514,0.9210151979603076,0.097890294991678,1.0
4,1,3D-independent-5cbc421a2b78,3D,3D-independent,equal_per_property,64,independent,mean_centered,"[80, 48]",,"[1.0, 1.0]",272608,0.2077870829962194,0.4941538749990286,ok,,7.355363966140672e-05,0.0122326605924123,0.0118076704670047,0.0002851908152268,0.9999441190082652,0.99944328608289,0.0008040424604131,0.2218746887468351,0.0002163627948052,0.0003308294478182,0.9999785456102208,0.9688303884358026,0.0624926280199752,1.0
4,1,4D-A-a9f18b485be4,4D,4D-A,equal_per_property,64,joint,mean_centered,"[80, 48]",2.0,"[1.0, 1.0]",504948,0.3601414999939152,0.6469599589981954,ok,,7.895569456206355e-05,0.0130533318609339,0.0126760780464627,0.0003061654745575,0.999931442047736,0.9993670124392408,0.0176408078217641,4.863727558402473,0.0047471808119724,0.0072586749867581,0.9868346465407946,0.4695698042760534,1.2855781204764398,1.0
4,1,4D-B-be3ed22367d4,4D,4D-B,equal_per_property,64,shared-independent,mean_centered,"[80, 48]",,"[1.0, 1.0]",259184,0.2174145419994602,0.4940973329939879,ok,,8.124366433220212e-05,0.0134551393026064,0.0130432909797457,0.0003150347732136,0.9999296275891876,0.9993224522160864,0.0175027030398697,4.825744070433179,0.0047100159052617,0.0072018480005086,0.9869727193958244,0.4974387006723665,1.2727046583228896,1.0
4,1,3D-independent-44372d7b9669,3D,3D-independent,equal_per_property,64,independent,ensemble_anomaly,"[80, 48]",,"[1.0, 1.0]",272608,0.2088307079975493,0.4869990420047543,ok,,5.1909513972831486e-05,0.0086455672198058,0.0083329584609135,0.0002012660518736,0.9999756241977668,0.999731711004324,0.0008645205248793,0.2386616993964318,0.000232648010771,0.0003557303509999,0.9999745081111774,0.9673238044953496,0.0659448772166002,1.0
4,1,4D-A-abc62af84685,4D,4D-A,equal_per_property,64,joint,ensemble_anomaly,"[80, 48]",2.0,"[1.0, 1.0]",504948,0.3199066249944735,0.6032378749951022,ok,,4.6440466248281454e-05,0.0076972585724522,0.0074551811600779,0.0001800650855431,0.999978228622432,0.9997929831670888,0.002619116125542,0.7204712182534575,0.000704818894241,0.0010777030579748,0.9998543783277406,0.8929648535112865,0.1954473896216805,1.0
4,1,4D-B-643a4d560541,4D,4D-B,equal_per_property,64,shared-independent,ensemble_anomaly,"[80, 48]",,"[1.0, 1.0]",259184,0.218150874999992,0.4970202499971492,ok,,5.1909085386522824e-05,0.008645496723817,0.0083328896546113,0.0002012643899941,0.9999756246569276,0.9997317161055216,0.0009337085709179,0.2576266441326588,0.0002512655659214,0.0003841975165108,0.9999690971864826,0.9615983401491788,0.0714017781822814,1.0
4,1,3D-independent-11e1b067c3e2,3D,3D-independent,equal_per_property,64,independent,standardized_anomaly,"[80, 48]",,"[1.0, 1.0]",272608,0.2091394169983687,0.4937561670012655,ok,,5.190951397276223e-05,0.0086455672198038,0.0083329584609022,0.0002012660518733,0.9999756241977362,0.9997317110043186,0.0008645205248793,0.2386616993964312,0.000232648010771,0.0003557303509999,0.9999745081111774,0.9673238044953502,0.0659448772166001,1.0
4,1,4D-A-3bf6b15a532d,4D,4D-A,equal_per_property,64,joint,standardized_anomaly,"[80, 48]",2.0,"[1.0, 1.0]",504948,0.3108692080058972,0.6003757919970667,ok,,0.000500215898994,0.0831550459084867,0.0802880963507391,0.001939199414081,0.9987311649620704,0.9818832994028096,0.0008229228790361,0.2271859655781867,0.0002214545338172,0.0003386149693876,0.999977044033058,0.9692845478446293,0.0836892719657385,1.0
4,1,4D-B-3ee6d3ebd2d3,4D,4D-B,equal_per_property,64,shared-independent,standardized_anomaly,"[80, 48]",,"[1.0, 1.0]",259184,0.2283689169998979,0.516954958999122,ok,,0.0001503514073532,0.0248298632681457,0.0241411235350515,0.0005830808643154,0.9997244384074028,0.997660893372338,0.0008583728691648,0.2369776543355314,0.0002309935820322,0.0003532006473758,0.9999744321012884,0.967021525365272,0.069866577058718,1.0
4,1,4D-A-0bf051d8d579,4D,4D-A,equal_per_property,64,joint,standardized_anomaly,"[80, 48]",1.0,"[1.0, 1.0]",259186,0.2068310000031488,0.4976997909980127,ok,,0.0049807250213977,0.8082743608689279,0.7998340947357789,0.0193184030805508,0.9708903162344,0.7316578756274447,0.0020646333583987,0.5692256239220517,0.0005556080482832,0.0008495522716016,0.998796681218551,0.6586112293205154,0.4205913580792499,1.0
4,1,4D-D-e24c5d642104,4D,4D-D,equal_per_property,64,partial-spatial,standardized_anomaly,"[80, 48]",,"[1.0, 1.0]",286032,0.4129925829984131,0.7644005420006579,ok,,6.559017168232172e-05,0.0109355073657482,0.01052946306717,0.0002543182556134,0.9999784271174864,0.9996296928173868,0.0010585501761541,0.2924438584972809,0.0002848649945261,0.0004355727098397,0.999968516038014,0.9553178110241604,0.0814764034855639,1.0
4,1,4D-E-6ca320f290f9,4D,4D-E,equal_per_property,64,joint-property-residual,standardized_anomaly,"[80, 48]",2.0,"[1.0, 1.0]",408916,0.6318398330040509,1.083467834003386,ok,,0.0003923298364968,0.0604997357420991,0.0630319891813495,0.0015224124377649,0.9994126853990388,0.989910186180563,0.0011109803135391,0.306994509073416,0.0002989806525958,0.0004571562513584,0.9999693235999564,0.9514373226292716,0.0992051226026494,1.0
4,1,4D-C-4e04f7cc08d6,4D,4D-C,equal_per_property,64,joint,standardized_anomaly,"[80, 48]",2.0,"[1.0, 0.5]",504948,0.3262059580010827,0.6207686659981846,ok,,0.0004751529856626,0.0781258778856842,0.0762717275288664,0.0018421920067552,0.9988892593041134,0.983429098930745,0.0008321992984285,0.2297426640411664,0.0002239504322449,0.0003424313219142,0.9999767089839908,0.9687872614682016,0.0829400904318443,1.0
4,1,4D-C-f8d668c31c07,4D,4D-C,equal_per_property,64,joint,standardized_anomaly,"[80, 48]",2.0,"[1.0, 2.0]",504948,0.325443958005053,0.6146848329954082,ok,,0.0005380901821366,0.0881130088075432,0.0863947068914824,0.0020866924562737,0.9985619881236412,0.9785553273277104,0.0008291454987838,0.2289017817468687,0.0002231288194653,0.000341175035211,0.9999769976197994,0.9698271658364946,0.0857058859930773,1.0
4,1,3D-current-e419eaac8e1a,3D,3D-current,equal_total,32,legacy-independent,raw_minmax,"[48, 48]",,"[1.0, 1.0]",117216,4.079311000001326,4.353063874994405,ok,,0.0009634428348699,0.1597938096897556,0.1546661736087748,0.0037356540617186,0.9948474322854738,0.9442324038498696,0.0011122798199968,0.3069280316605084,0.0002993144934261,0.000457666710551,0.9999698835592512,0.9473310332403048,0.1302350307012942,1.0
4,1,4D-A-current-205a30146a4e,4D,4D-A-current,equal_total,32,legacy-joint,raw_minmax,"[48, 48]",2.0,"[1.0, 1.0]",181972,5.142959458004043,5.430136708004284,ok,,0.0022455296096217,0.3721245325565477,0.3605266625302826,0.008707805073434,0.9781272796299244,0.8086513225085855,0.0156700401947803,4.320532395556746,0.0042168417445428,0.0064477602405696,0.9905273304126876,0.4564664368862693,1.2650245121039665,1.0
4,1,3D-current-5e7711139fcb,3D,3D-current,equal_per_property,64,legacy-independent,raw_minmax,"[48, 48]",,"[1.0, 1.0]",216480,4.7812112090032315,5.126858750001702,ok,,0.000942485241981,0.1563672312751969,0.1512998736951547,0.0036543477770161,0.9949244931176432,0.9467497707852816,0.0008197397327075,0.2262063334095161,0.0002205874713221,0.0003372891878143,0.9999786084484414,0.9675830138885996,0.1063517930869431,1.0
4,1,4D-A-current-43ce2f360e5a,4D,4D-A-current,equal_per_property,64,legacy-joint,raw_minmax,"[48, 48]",2.0,"[1.0, 1.0]",354964,5.668214917001023,5.98638483400282,ok,,0.002244792791648,0.3719995550031315,0.3604083916624956,0.0087049484756575,0.9780933587574122,0.8087724993324343,0.015645274686562,4.31370130475852,0.0042101777125913,0.0064375706050885,0.9905387929232242,0.458407594519674,1.2630277032088992,1.0
4,2,3D-independent-e9bc2b1d9158,3D,3D-independent,equal_total,32,independent,raw_minmax,"[64, 48]",,"[1.0, 1.0]",120704,0.2510897499960265,0.5422556249977788,ok,,0.0003658743245657,0.0599092728871776,0.0585897693468318,0.0014151184024334,0.9994129147369368,0.9870763631854612,0.0013693561529375,0.4281739516353169,0.0003684080314379,0.0005633141581579,0.9999635578176006,0.933893098417729,0.1318996234302248,1.0
4,2,4D-A-c5fc8bd2cb2c,4D,4D-A,equal_total,32,joint,raw_minmax,"[64, 48]",2.0,"[1.0, 1.0]",207812,0.3643365419993642,0.6340243750018999,ok,,0.0003424129718545,0.0558947260615973,0.0548056538423743,0.0013237206798107,0.9988476420750784,0.985662451740161,0.004372708566603,1.3844945324214262,0.0011762814574055,0.0017985927080603,0.9992069633228118,0.6892522176450576,0.4007329809476035,1.0
4,2,4D-B-f835e7c8452f,4D,4D-B,equal_total,32,shared-independent,raw_minmax,"[64, 48]",,"[1.0, 1.0]",109504,0.2528514170044218,0.5183630829997128,ok,,0.0004644871002932,0.0757937419602727,0.0743593749539858,0.0017960016068321,0.9985960149445586,0.9776063853992634,0.0042220747384971,1.3399449128229806,0.0011357346084536,0.0017365945643331,0.999216960479922,0.6986380730663434,0.3944041063876125,1.0
4,2,3D-independent-7cc1fb3009e2,3D,3D-independent,equal_total,32,independent,mean_centered,"[64, 48]",,"[1.0, 1.0]",120704,0.2432098339995718,0.5086063749986351,ok,,0.0003682186089341,0.0604499368864248,0.0589620304403967,0.0014241096227418,0.9993732236022178,0.9868442980094674,0.0014460344368691,0.4531833838094425,0.0003890290833225,0.0005948447695763,0.99994126398123,0.9159925584625648,0.1405537231149628,1.0
4,2,4D-A-a8d848e0bd2f,4D,4D-A,equal_total,32,joint,mean_centered,"[64, 48]",2.0,"[1.0, 1.0]",207812,0.3620592500010389,0.6314891250003711,ok,,0.000170746963795,0.0287459147972147,0.0273357762270146,0.0006602408648284,0.9997045286123196,0.9964829261128244,0.0365363624704984,11.608802199792157,0.0098281460737427,0.0150277229575422,0.941959788833819,0.3153041262737802,2.995413647099017,1.0
4,2,4D-B-2e139466dc24,4D,4D-B,equal_total,32,shared-independent,mean_centered,"[64, 48]",,"[1.0, 1.0]",109504,0.2511384169993107,0.5150612500001444,ok,,0.00037028008515,0.0607363034804072,0.0592912186618748,0.0014320605041887,0.999356409872123,0.9866757503685716,0.0363322107158076,11.54212814555717,0.0097732452488954,0.0149437768725171,0.942239989598416,0.3623104499078504,2.9820928372248416,1.0
4,2,3D-independent-34daa9e6fa18,3D,3D-independent,equal_total,32,independent,ensemble_anomaly,"[64, 48]",,"[1.0, 1.0]",120704,0.2361938750036643,0.502981917001307,ok,,0.0003022348084005,0.0534683524586691,0.0484027515941629,0.0011690714142232,0.9996162294536686,0.9901007928420767,0.0015200114750118,0.475828834254634,0.0004089355835891,0.0006252827961193,0.9999517915313906,0.9306493471271056,0.142230529182178,1.0
4,2,4D-A-63c64c98502f,4D,4D-A,equal_total,32,joint,ensemble_anomaly,"[64, 48]",2.0,"[1.0, 1.0]",207812,0.3590018340037204,0.6275618750005378,ok,,0.0001507869341904,0.0254514845169277,0.0241459607527752,0.000583197267827,0.9997872707992976,0.9975060489887868,0.0035110703513186,1.1074256634252864,0.0009445356051607,0.0014442418022064,0.9998496755049808,0.8434219760495361,0.3031032838557632,1.0
4,2,4D-B-852478df5431,4D,4D-B,equal_total,32,shared-independent,ensemble_anomaly,"[64, 48]",,"[1.0, 1.0]",109504,0.2599932910015923,0.5283380839973688,ok,,0.0003022332139396,0.0534679998972762,0.0484024941880596,0.0011690651970949,0.9996162360706834,0.9901008984766376,0.0015911043290388,0.4969906201373541,0.0004280712313349,0.000654542150913,0.9999312343773704,0.9183261223678172,0.1490612774031007,1.0
4,2,3D-independent-629bdce16d73,3D,3D-independent,equal_total,32,independent,standardized_anomaly,"[64, 48]",,"[1.0, 1.0]",120704,0.2493764169994392,0.5320483329996932,ok,,0.0003022348084005,0.0534683524586765,0.0484027515941698,0.0011690714142234,0.9996162294536668,0.9901007928420742,0.0015200114750118,0.4758288342546322,0.0004089355835891,0.0006252827961193,0.9999517915313904,0.930649347127106,0.1422305291821796,1.0
4,2,4D-A-06f4272272b6,4D,4D-A,equal_total,32,joint,standardized_anomaly,"[64, 48]",2.0,"[1.0, 1.0]",207812,0.353908874996705,0.662950500001898,ok,,0.0008008932523081,0.130937145347974,0.1283336927036748,0.0030996430302048,0.9980490444783852,0.9639775573308788,0.0014605795755665,0.4561673618559338,0.0003929565939442,0.0006008501281752,0.9999543266215484,0.93474416113333,0.1594359119929508,1.0
4,2,4D-B-17b80d300b68,4D,4D-B,equal_total,32,shared-independent,standardized_anomaly,"[64, 48]",,"[1.0, 1.0]",109504,0.2688763330006622,0.545831959003408,ok,,0.0003512746188682,0.0586445065621614,0.0562038215634708,0.0013574906177004,0.999188545861997,0.9864823864932284,0.0015161135731121,0.4747247486592386,0.0004078858968752,0.0006236777730548,0.9999513753472976,0.92980049008826,0.1438069542326639,1.0
4,2,4D-A-4681118648ec,4D,4D-A,equal_total,32,joint,standardized_anomaly,"[64, 48]",1.0,"[1.0, 1.0]",109506,0.2654908749973401,0.5408474579962785,ok,,0.0043536612578539,0.6829136654319049,0.6962657801265846,0.0168169038626726,0.9786277146767354,0.7478284831618337,0.0023315337235874,0.7423339702856383,0.0006271536852997,0.0009589491002444,0.9971818992942526,0.5296398729936667,0.4466283644099482,1.0
4,2,4D-D-9e53fbf0a6d8,4D,4D-D,equal_total,32,partial-spatial,standardized_anomaly,"[64, 48]",,"[1.0, 1.0]",131904,0.3648150840017479,0.7350202080051531,ok,,0.0003672565494374,0.0627876705022032,0.0588024168818683,0.0014202544772707,0.9995661645883523,0.9875469266537226,0.0015415928915253,0.4823038204080825,0.0004147437100962,0.0006341637097113,0.9999503930954896,0.928651442625968,0.1467480765676101,1.0
4,2,4D-E-07794d5e4bbe,4D,4D-E,equal_total,32,joint-property-residual,standardized_anomaly,"[64, 48]",2.0,"[1.0, 1.0]",181060,0.444728207992739,0.8197835000028135,ok,,0.0006845253729204,0.1140026967108746,0.1096889243632638,0.0026493160348647,0.998487399737392,0.9709844644474892,0.0015295010799174,0.4792238837906825,0.0004114863040883,0.0006291829743131,0.9999512583301424,0.9306803867707836,0.1605985387231052,1.0
4,2,4D-C-3fe7ec5ee326,4D,4D-C,equal_total,32,joint,standardized_anomaly,"[64, 48]",2.0,"[1.0, 0.5]",207812,0.3381033749974449,0.6155128329992294,ok,,0.0008058839064658,0.1366548623486614,0.1291445044366367,0.0031192265618864,0.9979464260163994,0.9667406188663707,0.0014473911497448,0.4515446910879319,0.0003894126811243,0.000595431309647,0.9999540130013264,0.9342150276136328,0.1594304325491478,1.0
4,2,4D-C-5b31da2b924b,4D,4D-C,equal_total,32,joint,standardized_anomaly,"[64, 48]",2.0,"[1.0, 2.0]",207812,0.3423952080047456,0.6249462500054506,ok,,0.0009590773886408,0.1541903014584969,0.1536348697499875,0.0037107422313215,0.9970858834303334,0.9508933112337952,0.0014576680590092,0.4546989892398341,0.00039217787514,0.0005996594284885,0.999955261246261,0.9352136973415912,0.1664589466026594,1.0
4,2,3D-independent-7db5f3bc9ad5,3D,3D-independent,equal_total,32,independent,raw_minmax,"[80, 48]",,"[1.0, 1.0]",149728,0.2518960410016007,0.5194938330023433,ok,,0.0003523014961922,0.057380058440903,0.0564197004757265,0.0013627047399752,0.9995383019194152,0.9884226010936152,0.0013689884435065,0.4280175384089132,0.0003683094324859,0.0005631633954684,0.9999638207745356,0.9341972539720484,0.1310219173292461,1.0
4,2,4D-A-9e409054ed54,4D,4D-A,equal_total,32,joint,raw_minmax,"[80, 48]",2.0,"[1.0, 1.0]",259188,0.3710498329965048,0.638812457997119,ok,,0.0001703732121669,0.0279043383552701,0.0272849371653183,0.0006590129492286,0.999733256368586,0.9963812024695944,0.0019979267393108,0.6234174355257395,0.0005375274598557,0.000821906154851,0.9998984687931444,0.8696939440307068,0.1795710501577147,1.0
4,2,4D-B-2fb1b6b4a839,4D,4D-B,equal_total,32,shared-independent,raw_minmax,"[80, 48]",,"[1.0, 1.0]",136304,0.2533480420024716,0.520579625001119,ok,,0.0003692736420862,0.0601117334244776,0.0591353351543681,0.001428295450621,0.9993822116247618,0.9867465969705048,0.0016577692168935,0.5216511035114377,0.0004459746333466,0.0006819173408431,0.9999092682610544,0.8877859328508665,0.1611241430063074,1.0
4,2,3D-independent-dbbd1a2865ca,3D,3D-independent,equal_total,32,independent,mean_centered,"[80, 48]",,"[1.0, 1.0]",149728,0.252860166998289,0.5170268340007169,ok,,0.000353905764588,0.0576611810588547,0.0566754055484042,0.0013688807833011,0.9995258914426044,0.9882311660705896,0.0013760718368512,0.4303589414529776,0.0003702141262039,0.0005660757666621,0.9999595678378458,0.931662880151866,0.1320182748501511,1.0
4,2,4D-A-85017caccbe9,4D,4D-A,equal_total,32,joint,mean_centered,"[80, 48]",2.0,"[1.0, 1.0]",259188,0.3891073749982752,0.6549922080012038,ok,,8.553226039651844e-05,0.0146818807074383,0.0136966024544275,0.0003308139697451,0.9999280674022628,0.9990855841708162,0.0173521773781192,5.514700087306814,0.0046676597438834,0.0071370833283149,0.9878584173483572,0.4250404567935,1.4543297368830237,1.0
4,2,4D-B-4bb821f89672,4D,4D-B,equal_total,32,shared-independent,mean_centered,"[80, 48]",,"[1.0, 1.0]",136304,0.2609445829948527,0.52626600000076,ok,,0.0003556621337296,0.0580150394339629,0.0569565799243831,0.0013756719865808,0.9995161727224152,0.9881125834506403,0.0169279220586403,5.375936306059415,0.0045535704124497,0.0069626350801578,0.9882133789684404,0.5138953250931438,1.4207368478053717,1.0
4,2,3D-independent-3e92f69676cb,3D,3D-independent,equal_total,32,independent,ensemble_anomaly,"[80, 48]",,"[1.0, 1.0]",149728,0.244562792002398,0.5094631250030943,ok,,0.0002745152426579,0.0491122571596817,0.0439647845539758,0.001061881218768,0.9997705253150672,0.9916859815143768,0.0015202987397709,0.4759124448621457,0.0004090129262805,0.0006254010569317,0.999951831090395,0.9306861625678974,0.1409596574951725,1.0
4,2,4D-A-8bea2cabc037,4D,4D-A,equal_total,32,joint,ensemble_anomaly,"[80, 48]",2.0,"[1.0, 1.0]",259188,0.3885169589993893,0.6565410420007538,ok,,5.762033495880131e-05,0.0100969821470759,0.0092316220447638,0.0002229713205136,0.9999731615760724,0.9996500800512444,0.0035229160373423,1.1101503255217582,0.0009477309686601,0.0014491276715307,0.9998591995164524,0.8533737043939854,0.2984338538615548,1.0
4,2,4D-B-2828b82824ed,4D,4D-B,equal_total,32,shared-independent,ensemble_anomaly,"[80, 48]",,"[1.0, 1.0]",136304,0.2777618339969194,0.5632815830031177,ok,,0.0002745155412648,0.0491123141498707,0.0439648326530974,0.0010618823805059,0.9997705268080632,0.9916859816699825,0.0015425962481381,0.4825874653938071,0.0004150142944963,0.0006345774466838,0.9999512599629772,0.9275945519805644,0.1430148781796011,1.0
4,2,3D-independent-86c75f98455a,3D,3D-independent,equal_total,32,independent,standardized_anomaly,"[80, 48]",,"[1.0, 1.0]",149728,0.2790222080002422,0.5697041660023388,ok,,0.0002745152426578,0.0491122571596727,0.0439647845539681,0.0010618812187678,0.9997705253150028,0.9916859815143764,0.0015202987397709,0.4759124448621446,0.0004090129262805,0.0006254010569317,0.999951831090395,0.9306861625678974,0.1409596574951701,1.0
4,2,4D-A-4ea76ef087a9,4D,4D-A,equal_total,32,joint,standardized_anomaly,"[80, 48]",2.0,"[1.0, 1.0]",259188,0.4813441660007811,0.7835828749957727,ok,,0.0007866778799378,0.1293738611168595,0.1260673843616714,0.0030449048962931,0.9983937515560316,0.9664004520644124,0.0014667426544221,0.457981802528294,0.0003946156278222,0.0006033868732856,0.9999549670605736,0.9351079938324272,0.1591503601741834,1.0
4,2,4D-B-934096b5cda8,4D,4D-B,equal_total,32,shared-independent,standardized_anomaly,"[80, 48]",,"[1.0, 1.0]",136304,0.2855147909940569,0.5673205839993898,ok,,0.0003084072838384,0.0533004722326655,0.0493682726905579,0.0011923916403767,0.999532530695096,0.9895578207110874,0.0015179969367039,0.4752507517366189,0.0004083931231637,0.0006244533472154,0.9999517631767404,0.9303550545845152,0.1421486965803707,1.0
4,2,4D-A-b80c4d29ed28,4D,4D-A,equal_total,32,joint,standardized_anomaly,"[80, 48]",1.0,"[1.0, 1.0]",136306,0.2782265839996398,0.5611837499964167,ok,,0.0043483232027864,0.6819788081293212,0.6954103897915891,0.0167962436242417,0.9787245885314404,0.7493363523404156,0.0023360570603744,0.7437064696950145,0.0006283710418015,0.0009608104987332,0.9971761411134844,0.5290884186519161,0.4466182230820424,1.0
4,2,4D-D-2ecf0e4138e3,4D,4D-D,equal_total,32,partial-spatial,standardized_anomaly,"[80, 48]",,"[1.0, 1.0]",163152,0.3920568329922389,0.7733013329998357,ok,,0.0003409620127125,0.0586884244859265,0.0545729958039565,0.0013181012913866,0.9996656090743952,0.9890296368694722,0.0015184830142185,0.4753829474885997,0.0004085240789595,0.0006246535851243,0.99995160245911,0.9303947602494772,0.1435897933537628,1.0
4,2,4D-E-4f4328240852,4D,4D-E,equal_total,32,joint-property-residual,standardized_anomaly,"[80, 48]",2.0,"[1.0, 1.0]",224596,0.4744341250043362,0.850663874996826,ok,,0.0006686891825723,0.1064466523026573,0.1071163514098603,0.0025871806933444,0.998543284958284,0.9730211511799096,0.0014746429125199,0.46055092630442,0.0003967403315446,0.0006066356506914,0.9999539065810829,0.933682669503384,0.1534114170663576,1.0
4,2,4D-C-44adce3e7a5f,4D,4D-C,equal_total,32,joint,standardized_anomaly,"[80, 48]",2.0,"[1.0, 0.5]",259188,0.3737035419981112,0.6512932079931488,ok,,0.0007959418282753,0.1360679033003262,0.1275776379374867,0.0030813820432644,0.9982009685529242,0.968803553406176,0.0014513575195598,0.4527250961856978,0.0003904801450159,0.000597063514898,0.9999552042362112,0.935353838702296,0.159178575857947,1.0
4,2,4D-C-1150f24dbbfa,4D,4D-C,equal_total,32,joint,standardized_anomaly,"[80, 48]",2.0,"[1.0, 2.0]",259188,0.3805155000009108,0.6559033339945017,ok,,0.0009390059096176,0.1522547581296078,0.1504560281480206,0.0036339636862015,0.997606730731427,0.9557704564090856,0.0014583062522764,0.4548338021460587,0.0003923501103719,0.0005999227847033,0.999955499307496,0.9353381984783806,0.1653835582079833,1.0
4,2,3D-independent-82249d692984,3D,3D-independent,equal_per_property,64,independent,raw_minmax,"[64, 48]",,"[1.0, 1.0]",219008,0.1981526250019669,0.4809113750015967,ok,,0.0001565693098691,0.0264300718373495,0.0250672641213939,0.0006054495034253,0.999756719529509,0.9968962211189444,0.0010611428433788,0.3310664107644051,0.0002854947783751,0.0004365356805907,0.9999680181248268,0.953537100100726,0.0955699554979798,1.0
4,2,4D-A-63bd70d89f36,4D,4D-A,equal_per_property,64,joint,raw_minmax,"[64, 48]",2.0,"[1.0, 1.0]",404420,0.290587499999674,0.5692142909974791,ok,,0.0003324128312758,0.0542497024746749,0.05320034633841,0.001284947695794,0.9988783386782528,0.9863483274243624,0.004144139378375,1.315944029771859,0.0011147639730269,0.0017045294223347,0.999221609911281,0.7053726078993722,0.3810833161461666,1.0
4,2,4D-B-49fc67f13645,4D,4D-B,equal_per_property,64,shared-independent,raw_minmax,"[64, 48]",,"[1.0, 1.0]",207808,0.2102222079993225,0.4931205840039183,ok,,0.000330620269453,0.0539012933174533,0.0529132683146122,0.0012780139017385,0.9988795997583644,0.9864965731356288,0.0041342531283693,1.312758703463339,0.0011121053915574,0.0017004643193657,0.9992239911091066,0.7066242825400963,0.3800248922357325,1.0
4,2,3D-independent-64af48d38810,3D,3D-independent,equal_per_property,64,independent,mean_centered,"[64, 48]",,"[1.0, 1.0]",219008,0.2027773750014603,0.4861907499944209,ok,,0.0001675121670368,0.0283559030594869,0.0268202861192525,0.0006477902348652,0.9997191770542182,0.9966307953372828,0.0011661155432851,0.3652757183751647,0.0003137250051932,0.0004797010980019,0.999944925896208,0.9341097495774378,0.1070653372443228,1.0
4,2,4D-A-fbc2ac4d32c8,4D,4D-A,equal_per_property,64,joint,mean_centered,"[64, 48]",2.0,"[1.0, 1.0]",404420,0.2905086249957094,0.5684787080026581,ok,,0.0001696225634832,0.0285335308901213,0.0271552946657343,0.0006558816945925,0.9997067186657356,0.9965241603313898,0.036444141934327,11.577080336794891,0.0098033594332838,0.0149898229545234,0.9420832550267608,0.32099887765071,2.986713087173491,1.0
4,2,4D-B-6a56509ea188,4D,4D-B,equal_per_property,64,shared-independent,mean_centered,"[64, 48]",,"[1.0, 1.0]",207808,0.219120333000319,0.4957896659980179,ok,,0.0001707014495362,0.0287366220841835,0.0273284899144331,0.0006600648785575,0.9997044810258308,0.9964838021928608,0.0363228501884399,11.53920625617956,0.009770726943232,0.0149399262582153,0.9422453941892912,0.3623884270465241,2.9721266909110127,1.0
4,2,3D-independent-5a93f5036396,3D,3D-independent,equal_per_property,64,independent,ensemble_anomaly,"[64, 48]",,"[1.0, 1.0]",219008,0.2032005829969421,0.4823262920035631,ok,,0.0001507911180484,0.0254524608531174,0.0241466317184769,0.0005832134736582,0.9997872596777388,0.9975057072775724,0.0012573696779926,0.3928945654577334,0.0003382817303455,0.0005172495491099,0.999954727752459,0.9448469822921416,0.1117926703814984,1.0
4,2,4D-A-cbe030d90365,4D,4D-A,equal_per_property,64,joint,ensemble_anomaly,"[64, 48]",2.0,"[1.0, 1.0]",404420,0.3063199999960488,0.5989089580034488,ok,,0.0001487474869543,0.0250665316590133,0.0238187036145459,0.000575293027824,0.999790421889705,0.9975560703997498,0.0027619730053764,0.8757795238026865,0.0007429728828815,0.001136042399567,0.9998839816290565,0.8643112566428698,0.2424780979850975,1.0
4,2,4D-B-6939f5acac9e,4D,4D-B,equal_per_property,64,shared-independent,ensemble_anomaly,"[64, 48]",,"[1.0, 1.0]",207808,0.2348223330045584,0.5221361669973703,ok,,0.0001507876923487,0.0254517324979483,0.0241460811701668,0.0005832001762676,0.9997872653572144,0.9975057848554442,0.0012982729861357,0.4032176960086415,0.0003493082868775,0.0005341097011158,0.9999377698478372,0.9388549946951148,0.1151222596828275,1.0
4,2,3D-independent-7a2c6100f5cb,3D,3D-independent,equal_per_property,64,independent,standardized_anomaly,"[64, 48]",,"[1.0, 1.0]",219008,0.2056477090009139,0.508250416998635,ok,,0.0001507911180485,0.0254524608531368,0.0241466317184945,0.0005832134736586,0.9997872596777536,0.99750570727757,0.0012573696779926,0.392894565457728,0.0003382817303455,0.0005172495491099,0.9999547277524587,0.9448469822921411,0.1117926703815023,1.0
4,2,4D-A-c45120ace2c4,4D,4D-A,equal_per_property,64,joint,standardized_anomaly,"[64, 48]",2.0,"[1.0, 1.0]",404420,0.3899826659981045,0.6920270840055309,ok,,0.0005235197331724,0.0840552046081198,0.0838408019414454,0.0020250064648622,0.9985852794067128,0.9805226529682948,0.0011054330916674,0.3421332365265915,0.0002974339089863,0.0004547912036397,0.9999609877745396,0.958148689928184,0.114213192421618,1.0
4,2,4D-B-f843c8275099,4D,4D-B,equal_per_property,64,shared-independent,standardized_anomaly,"[64, 48]",,"[1.0, 1.0]",207808,0.4102661670040106,0.7595749589963816,ok,,0.000215458637654,0.0316733734744774,0.0344287992268316,0.0008315586134358,0.9993780936078346,0.9943562270578412,0.0012382784002488,0.3869818897097494,0.0003331446125949,0.0005093946411979,0.9999540942716152,0.945009002938765,0.1122431620464809,1.0
4,2,4D-A-102750e40079,4D,4D-A,equal_per_property,64,joint,standardized_anomaly,"[64, 48]",1.0,"[1.0, 1.0]",207810,0.2687035000053583,0.6162629590035067,ok,,0.0044857183436385,0.7080810175527729,0.717458391826776,0.0173287689057834,0.9776215831411668,0.7401629018251711,0.0021700600817249,0.6925975731728027,0.000583703739278,0.0008925119770641,0.9972846455855914,0.5469780399940488,0.4392770299539914,1.0
4,2,4D-D-ff94f89c821d,4D,4D-D,equal_per_property,64,partial-spatial,standardized_anomaly,"[64, 48]",,"[1.0, 1.0]",230208,0.418253249998088,0.7817284170014318,ok,,8.843368956056869e-05,0.0151119622331384,0.0141720436873562,0.0003422972994372,0.9999562278897612,0.9992171209870389,0.0013784586402095,0.4312266001799958,0.0003708566025608,0.0005670581448875,0.9999530958346368,0.9391328034747498,0.11929090004556,1.0
4,2,4D-E-0ed2b1a0be64,4D,4D-E,equal_per_property,64,joint-property-residual,standardized_anomaly,"[64, 48]",2.0,"[1.0, 1.0]",328516,0.6222461250072229,1.081238916995062,ok,,0.0005516697685908,0.0905550535400323,0.0884226003156018,0.0021356706177986,0.9987133662013218,0.9785892445554806,0.001425115057815,0.4453092315586171,0.0003834134030575,0.0005862581158364,0.9999539332766464,0.9364650524776448,0.1445842841455217,1.0
4,2,4D-C-e7705bff9f37,4D,4D-C,equal_per_property,64,joint,standardized_anomaly,"[64, 48]",2.0,"[1.0, 0.5]",404420,0.294946499998332,0.584755124997173,ok,,0.0005635988726544,0.0931009581976135,0.0902878364329986,0.0021807216562997,0.9984860244899182,0.9764166100517014,0.0011049980340146,0.3428219060018961,0.0002973094578025,0.0004546009116053,0.9999587016294592,0.9573241853307204,0.1172631166270747,1.0
4,2,4D-C-07c1f38e4371,4D,4D-C,equal_per_property,64,joint,standardized_anomaly,"[64, 48]",2.0,"[1.0, 2.0]",404420,0.3053865830006543,0.6022202500025742,ok,,0.0006938127210949,0.1129269358654661,0.1110123044060382,0.0026812796263385,0.997647235273377,0.9668356553069334,0.0011367115307305,0.3523121202373149,0.0003058455520852,0.0004676530232708,0.9999606860691698,0.957237374380874,0.1258006353147193,1.0
4,2,3D-independent-fa9b36e31dc0,3D,3D-independent,equal_per_property,64,independent,raw_minmax,"[80, 48]",,"[1.0, 1.0]",272608,0.2191012909970595,0.5014465830026893,ok,,6.793763379663401e-05,0.0115938165383227,0.0108780595409086,0.0002627377170232,0.999956868628692,0.9994263619727496,0.0010677566286549,0.3332203857320293,0.0002872734219185,0.0004392553148136,0.9999684425333824,0.9535418469616812,0.0920825244507841,1.0
4,2,4D-A-4f7fd7861b3e,4D,4D-A,equal_per_property,64,joint,raw_minmax,"[80, 48]",2.0,"[1.0, 1.0]",504948,0.3314179170047282,0.6146905830028118,ok,,0.0001472120766891,0.0239881998102359,0.0235674607851693,0.000569224761038,0.9997670629808184,0.9972541536716204,0.0014507465057394,0.4572487221923045,0.0003902748999529,0.0005967496850138,0.9999128826450808,0.9035520120804524,0.132708459781626,1.0
4,2,4D-B-51546c614bcf,4D,4D-B,equal_per_property,64,shared-independent,raw_minmax,"[80, 48]",,"[1.0, 1.0]",259184,0.2277247910024016,0.5104570409966982,ok,,0.0001427241246526,0.0231285430505505,0.0228489498894136,0.0005518705710101,0.9997714432445254,0.9973843053832095,0.0014206062587791,0.4474766970532761,0.0003821700663913,0.0005843569923871,0.9999127907290948,0.9047283720580084,0.1298872253458044,1.0
4,2,3D-independent-5cbc421a2b78,3D,3D-independent,equal_per_property,64,independent,mean_centered,"[80, 48]",,"[1.0, 1.0]",272608,0.2189947919978294,0.496025083004497,ok,,7.719865235235355e-05,0.0132898003085576,0.0123626647162901,0.0002985953783087,0.999943315493008,0.9992597522124208,0.0010678637965239,0.3333227523773449,0.0002873018540096,0.0004392987888916,0.9999648663877214,0.951345153632735,0.0928275249408311,1.0
4,2,4D-A-a9f18b485be4,4D,4D-A,equal_per_property,64,joint,mean_centered,"[80, 48]",2.0,"[1.0, 1.0]",504948,0.3402380419938708,0.6269749169950956,ok,,8.30530531106509e-05,0.0142264759263037,0.0132987021755253,0.000321203486323,0.9999304887926868,0.99913684962282,0.0171724142295555,5.452223630026712,0.0046193494531247,0.0070632144968921,0.9879317748886662,0.4447889060055343,1.4361218070347097,1.0
4,2,4D-B-be3ed22367d4,4D,4D-B,equal_per_property,64,shared-independent,mean_centered,"[80, 48]",,"[1.0, 1.0]",259184,0.2296108339942293,0.5142115420021582,ok,,8.544594034287001e-05,0.0146650419663393,0.0136827868219245,0.0003304802808432,0.9999281358242342,0.9990870826635824,0.0169060817229967,5.369182445247174,0.0045476940402475,0.0069536498155119,0.988215646437704,0.5156423705978826,1.4066206901456952,1.0
4,2,3D-independent-44372d7b9669,3D,3D-independent,equal_per_property,64,independent,ensemble_anomaly,"[80, 48]",,"[1.0, 1.0]",272608,0.2221833330040681,0.5012535420028144,ok,,5.762081375118868e-05,0.0100970376057149,0.0092316908851348,0.0002229729832148,0.9999731633652964,0.9996496920993724,0.0012605801756781,0.3938988180315257,0.0003391455376033,0.0005185703532639,0.9999546788195648,0.9447502520018646,0.1079489708966555,1.0
4,2,4D-A-abc62af84685,4D,4D-A,equal_per_property,64,joint,ensemble_anomaly,"[80, 48]",2.0,"[1.0, 1.0]",504948,0.3979032499992172,0.6955508749961155,ok,,5.135236505954313e-05,0.0089583121084945,0.0082260614726697,0.0001986840211063,0.9999765914091548,0.999713321227004,0.0027606157508877,0.8786154794403477,0.0007425798343048,0.0011354414087926,0.9998980074115196,0.8747743519129424,0.2375824887447172,1.0
4,2,4D-B-643a4d560541,4D,4D-B,equal_per_property,64,shared-independent,ensemble_anomaly,"[80, 48]",,"[1.0, 1.0]",259184,0.3761808749986812,0.7074620830026106,ok,,5.7619985917396455e-05,0.010096915944338,0.0092315587464475,0.0002229697916697,0.9999731641266086,0.9996497031831691,0.0012624538930601,0.3938416587667393,0.0003396551474547,0.0005193495720103,0.99995634351697,0.9450171689720208,0.1079012846583706,1.0
4,2,3D-independent-11e1b067c3e2,3D,3D-independent,equal_per_property,64,independent,standardized_anomaly,"[80, 48]",,"[1.0, 1.0]",272608,0.2521523329996853,0.6169887080031913,ok,,5.762081375107385e-05,0.0100970376056914,0.0092316908851164,0.0002229729832143,0.999973163365265,0.999649692099374,0.0012605801756781,0.3938988180315244,0.0003391455376033,0.0005185703532639,0.9999546788195652,0.9447502520018656,0.1079489708966489,1.0
4,2,4D-A-3bf6b15a532d,4D,4D-A,equal_per_property,64,joint,standardized_anomaly,"[80, 48]",2.0,"[1.0, 1.0]",504948,0.4384811249983613,0.7791779590043006,ok,,0.0004836759192918,0.0788692910393786,0.0774860590778169,0.0018715203926467,0.9989595527244708,0.984113188333437,0.0011199829532077,0.3468386417379588,0.0003013467803013,0.0004607741780125,0.999961367370778,0.9583609940322436,0.1136177103986242,1.0
4,2,4D-B-3ee6d3ebd2d3,4D,4D-B,equal_per_property,64,shared-independent,standardized_anomaly,"[80, 48]",,"[1.0, 1.0]",259184,0.3054038330010371,0.6487088750000112,ok,,0.0001413989818348,0.0211521930610009,0.0226000617873222,0.0005458591779403,0.9997317415042888,0.9975582644703592,0.0012491626074647,0.3903381407220669,0.0003360734849861,0.0005138730323962,0.9999544345907898,0.9449370239424822,0.1100606723941618,1.0
4,2,4D-A-0bf051d8d579,4D,4D-A,equal_per_property,64,joint,standardized_anomaly,"[80, 48]",1.0,"[1.0, 1.0]",259186,0.2508063330024015,0.5785197500008508,ok,,0.004479280828619,0.7070463614940142,0.7164264793266281,0.0173038451283912,0.9778010071386148,0.741983877391712,0.0021754253273461,0.6942025783104396,0.0005851477991837,0.0008947200163052,0.9972838086473892,0.546696213737147,0.4392272235600061,1.0
4,2,4D-D-e24c5d642104,4D,4D-D,equal_per_property,64,partial-spatial,standardized_anomaly,"[80, 48]",,"[1.0, 1.0]",286032,0.4622181249942514,0.8182056250007008,ok,,8.388359868941049e-05,0.0144634089130539,0.0134424568980848,0.0003246755934093,0.9999621285831324,0.9993115333334456,0.0014027467508442,0.4389324763631005,0.000377389857626,0.0005770478160212,0.9999532563914754,0.9381491747903082,0.1211663828035694,1.0
4,2,4D-E-6ca320f290f9,4D,4D-E,equal_per_property,64,joint-property-residual,standardized_anomaly,"[80, 48]",2.0,"[1.0, 1.0]",408916,0.6355482500075595,1.1099259170005098,ok,,0.0003165937887549,0.055459108456469,0.0507428496452284,0.0012255917906043,0.9996516145399612,0.9919612510111552,0.0013932071244917,0.435053588389911,0.0003748316535026,0.0005731361949944,0.9999523225420784,0.938128170387164,0.1313669965368051,1.0
4,2,4D-C-4e04f7cc08d6,4D,4D-C,equal_per_property,64,joint,standardized_anomaly,"[80, 48]",2.0,"[1.0, 0.5]",504948,0.3324230840007658,0.6344854999988456,ok,,0.0005506843927489,0.0923846090647855,0.0882255057920393,0.0021309101947688,0.9987604969790542,0.9787340307201734,0.0011229620568563,0.3482429520909806,0.0003021443448382,0.0004619936937596,0.9999614695718568,0.9583008290469393,0.1180275328180524,1.0
4,2,4D-C-f8d668c31c07,4D,4D-C,equal_per_property,64,joint,standardized_anomaly,"[80, 48]",2.0,"[1.0, 2.0]",504948,0.3274413340041064,0.620971374999499,ok,,0.0006702028341007,0.1109648310614254,0.1072543219944987,0.0025905130961767,0.998191082541816,0.9710382068696966,0.0011499265437839,0.3567759832896994,0.0003093979477978,0.0004730848125629,0.9999604523613228,0.9567448019865932,0.125962327480745,1.0
4,2,3D-current-e419eaac8e1a,3D,3D-current,equal_total,32,legacy-independent,raw_minmax,"[48, 48]",,"[1.0, 1.0]",117216,4.260797915994772,4.55788400000165,ok,,0.0009414567541645,0.1547565054586014,0.1506677079427627,0.0036390763872124,0.9954725607013516,0.93602218338803,0.0013798285744823,0.4316575375365212,0.0003712238909747,0.0005676197470948,0.9999610999316444,0.930717095516178,0.1632611008857546,1.0
4,2,4D-A-current-205a30146a4e,4D,4D-A-current,equal_total,32,legacy-joint,raw_minmax,"[48, 48]",2.0,"[1.0, 1.0]",181972,6.901867791995755,7.214450499996019,ok,,0.0020882420841518,0.3491245828846092,0.3341959267443932,0.0080718325268484,0.9801185638319682,0.8436314312040173,0.0158248268230636,5.026259228303929,0.004256834365944,0.0065089109428744,0.9896305080952412,0.4425524055526353,1.433072973202553,1.0
4,2,3D-current-5e7711139fcb,3D,3D-current,equal_per_property,64,legacy-independent,raw_minmax,"[48, 48]",,"[1.0, 1.0]",216480,4.115244499997061,4.437333709000086,ok,,0.0009070507338047,0.1487868729859925,0.14515021546329,0.003505812419287,0.9956486442478024,0.9411420101800068,0.001076675675508,0.3361381327356092,0.0002896721644335,0.0004429231111297,0.9999659941119644,0.950205826615448,0.1348127718309685,1.0
4,2,4D-A-current-43ce2f360e5a,4D,4D-A-current,equal_per_property,64,legacy-joint,raw_minmax,"[48, 48]",2.0,"[1.0, 1.0]",354964,5.795231707998028,6.1147067499987315,ok,,0.0020868571001387,0.3488984673178792,0.3339736155810056,0.0080664630464445,0.9801404102061158,0.8440059191408981,0.0157676613552516,5.009162667907078,0.004241448402706,0.0064853850417287,0.98961599885016,0.4452794884915739,1.4283546078521805,1.0
4,3,3D-independent-e9bc2b1d9158,3D,3D-independent,equal_total,32,independent,raw_minmax,"[64, 48]",,"[1.0, 1.0]",120704,0.2569062499969732,0.5609973329992499,ok,,0.0003398226673942,0.0387799284863244,0.0543409659395163,0.0014226325287906,0.999350304259458,0.9922652012545918,0.001527094068032,0.3625287528328726,0.0004105713345196,0.0006277839404476,0.999948888434615,0.9263094848974384,0.1105053345607955,1.0
4,3,4D-A-c5fc8bd2cb2c,4D,4D-A,equal_total,32,joint,raw_minmax,"[64, 48]",2.0,"[1.0, 1.0]",207812,0.4075932499981718,0.7042380409984617,ok,,0.0004129590388142,0.0451043223618299,0.0659563466827952,0.0017267202128054,0.9981168207274372,0.9837391048767796,0.0044745582356886,1.0642877484134277,0.0012028241199404,0.0018391777559561,0.9992101706329594,0.6493488258653074,0.3232120263510535,1.0
4,3,4D-B-f835e7c8452f,4D,4D-B,equal_total,32,shared-independent,raw_minmax,"[64, 48]",,"[1.0, 1.0]",109504,0.2951238750029006,0.5730863750068238,ok,,0.0004941521131884,0.0550499779334373,0.0789673129032073,0.0020673439661034,0.9979152670746853,0.9800513722745589,0.0042549960033239,1.0154318479164666,0.0011437885964535,0.0017489095115732,0.9992195413654592,0.6570342804506563,0.3129847498718241,1.0
4,3,3D-independent-7cc1fb3009e2,3D,3D-independent,equal_total,32,independent,mean_centered,"[64, 48]",,"[1.0, 1.0]",120704,0.2440939579973928,0.5088036250017467,ok,,0.0003555882469465,0.0406119947691291,0.0568624238709222,0.0014886436497042,0.9992630598675076,0.9916623274232536,0.0016044947647027,0.379720561695724,0.0004313674450985,0.0006595822252949,0.999917194499199,0.8896389041517386,0.1199204851693392,1.0
4,3,4D-A-a8d848e0bd2f,4D,4D-A,equal_total,32,joint,mean_centered,"[64, 48]",2.0,"[1.0, 1.0]",207812,0.3522416659980081,0.6170780840038788,ok,,0.0001922306754019,0.021308426760351,0.0307119368125009,0.0008040306162436,0.9995020351224988,0.9961004574100149,0.0341229063279116,8.17666968142943,0.0091724535496512,0.0140251365568675,0.946759300939723,0.1554266609334683,2.15555363725451,1.0
4,3,4D-B-2e139466dc24,4D,4D-B,equal_total,32,shared-independent,mean_centered,"[64, 48]",,"[1.0, 1.0]",109504,0.2762593340012245,0.5550869590006187,ok,,0.000360038915556,0.0410850594886925,0.057572553820239,0.0015072346693539,0.9992267814527848,0.991370446031942,0.0337042897758929,8.077859746447041,0.0090599582127546,0.0138531256054417,0.9485004063703896,0.3051695989098595,2.1176686958662083,1.0
4,3,3D-independent-34daa9e6fa18,3D,3D-independent,equal_total,32,independent,ensemble_anomaly,"[64, 48]",,"[1.0, 1.0]",120704,0.262869291997049,0.5415339580067666,ok,,0.0003204219238216,0.0364218675792786,0.0512309014502225,0.0013412118393971,0.999501812591281,0.9939429534037426,0.0019474944873187,0.4449151139281821,0.0005234822058216,0.0008004302645956,0.9999262522023118,0.9199473313366724,0.1310979597843133,1.0
4,3,4D-A-63c64c98502f,4D,4D-A,equal_total,32,joint,ensemble_anomaly,"[64, 48]",2.0,"[1.0, 1.0]",207812,0.368860249996942,0.6394541669942555,ok,,0.0001409148830681,0.0155541154037853,0.0225097362280858,0.0005892991119851,0.999725648402911,0.9978911670510464,0.004129588228528,0.9398855470746984,0.0011100452574746,0.0016973142721422,0.9997282166501764,0.8174553896348931,0.2619415960338784,1.0
4,3,4D-B-852478df5431,4D,4D-B,equal_total,32,shared-independent,ensemble_anomaly,"[64, 48]",,"[1.0, 1.0]",109504,0.2606291670017526,0.5379382500032079,ok,,0.0003204220219688,0.0364218256024316,0.051230915018775,0.0013412121946183,0.9995017977551024,0.9939429128017302,0.0019652028363455,0.4480955005639178,0.0005282444187691,0.0008077119244634,0.9999065655605528,0.9019622462357648,0.1341411866619004,1.0
4,3,3D-independent-629bdce16d73,3D,3D-independent,equal_total,32,independent,standardized_anomaly,"[64, 48]",,"[1.0, 1.0]",120704,0.2438055419988813,0.5218992910013185,ok,,0.0003204219238216,0.036421867579278,0.0512309014502225,0.0013412118393971,0.999501812591275,0.9939429534037422,0.0019474944873187,0.4449151139281817,0.0005234822058216,0.0008004302645956,0.9999262522023116,0.9199473313366736,0.1310979597843129,1.0
4,3,4D-A-06f4272272b6,4D,4D-A,equal_total,32,joint,standardized_anomaly,"[64, 48]",2.0,"[1.0, 1.0]",207812,0.3533140840008855,0.6375032089999877,ok,,0.0011247005061143,0.1289976228186459,0.1798540635846145,0.0047085331824142,0.9958699505804904,0.961992806051298,0.0018733486166758,0.4279849640769365,0.0005035535368176,0.0007699583409533,0.999935800882326,0.9220191578855697,0.1537441512317871,1.0
4,3,4D-B-17b80d300b68,4D,4D-B,equal_total,32,shared-independent,standardized_anomaly,"[64, 48]",,"[1.0, 1.0]",109504,0.2763219170010416,0.5560157919971971,ok,,0.0004235422675827,0.0469122441148694,0.0676725176515537,0.0017716491279049,0.998569239720138,0.987611136090455,0.0019402866408874,0.4430847547436387,0.0005215436145385,0.0007974660623431,0.999926053283693,0.9187966947659746,0.1341982708575733,1.0
4,3,4D-A-4681118648ec,4D,4D-A,equal_total,32,joint,standardized_anomaly,"[64, 48]",1.0,"[1.0, 1.0]",109506,0.2834461670063319,0.5805389169981936,ok,,0.0062304183505267,0.6682913964218233,0.9947068527538876,0.0260411698775047,0.9650329125472528,0.7218379257923383,0.0028924668072522,0.6623425602585885,0.0007774291396711,0.001188727725701,0.9973367251398898,0.3793153791642558,0.4450143260505287,1.0
4,3,4D-D-9e53fbf0a6d8,4D,4D-D,equal_total,32,partial-spatial,standardized_anomaly,"[64, 48]",,"[1.0, 1.0]",131904,0.4679930000056629,0.9986512499963284,ok,,0.0003662012699395,0.042192236541105,0.0585747407418811,0.0015334716655134,0.9995137705095084,0.9929628795419284,0.0019679240123392,0.4497333283690962,0.0005289761699183,0.0008088308082755,0.9999262419845312,0.918362227558014,0.1340657528400575,1.0
4,3,4D-E-07794d5e4bbe,4D,4D-E,equal_total,32,joint-property-residual,standardized_anomaly,"[64, 48]",2.0,"[1.0, 1.0]",181060,0.5478174160089111,0.9863697079999838,ok,,0.0005762024892293,0.0646138975503769,0.092097644271011,0.0024110926682967,0.999199094147314,0.9872371013318252,0.0020050893358072,0.4586365453712921,0.0005389694088087,0.0008241109663405,0.999925611441577,0.9152670294170874,0.1429995943868032,1.0
4,3,4D-C-3fe7ec5ee326,4D,4D-C,equal_total,32,joint,standardized_anomaly,"[64, 48]",2.0,"[1.0, 0.5]",207812,0.3467517919998499,0.6250828340052976,ok,,0.001122140164929,0.1278666752366418,0.1794102932697263,0.0046969153895694,0.995637104698403,0.9605921606410164,0.0018531184143166,0.4246172257893726,0.0004981195432101,0.0007616494951269,0.9999335271555004,0.9199844395204688,0.1530489002363179,1.0
4,3,4D-C-5b31da2b924b,4D,4D-C,equal_total,32,joint,standardized_anomaly,"[64, 48]",2.0,"[1.0, 2.0]",207812,0.3574286669972935,0.6563015409992659,ok,,0.0011791224419444,0.1345807404293736,0.1885341009462872,0.0049357743307511,0.9954192518867714,0.9511596453514216,0.0018573148793551,0.424307449734196,0.00049924178833,0.000763365463594,0.999935679708182,0.923815837200082,0.1553501122219544,1.0
4,3,3D-independent-7db5f3bc9ad5,3D,3D-independent,equal_total,32,independent,raw_minmax,"[80, 48]",,"[1.0, 1.0]",149728,0.2627077500001178,0.5560757919956814,ok,,0.0003117392097245,0.0357433883092267,0.0498581633183142,0.0013052739077427,0.9996181590017624,0.994373207110045,0.0015282661553081,0.3628718562155724,0.0004108869116112,0.0006282664734777,0.9999493081071078,0.92723358509639,0.1094529621053954,1.0
4,3,4D-A-9e409054ed54,4D,4D-A,equal_total,32,joint,raw_minmax,"[80, 48]",2.0,"[1.0, 1.0]",259188,0.5079997909997473,0.8091286669950932,ok,,0.0001981020295525,0.021839243480969,0.0316462933702776,0.0008284918309019,0.9995667917939364,0.9962850070889308,0.0022412867757657,0.5263655684673416,0.0006025608965168,0.0009213455060558,0.999881513185433,0.8365180365524921,0.1579508225318998,1.0
4,3,4D-B-2fb1b6b4a839,4D,4D-B,equal_total,32,shared-independent,raw_minmax,"[80, 48]",,"[1.0, 1.0]",136304,0.3474152500057244,0.6439593750037602,ok,,0.0003423795832381,0.0390504915465141,0.0547488341267502,0.0014333104131562,0.9993154497251782,0.9920751888981614,0.0017905193291928,0.4244048036580792,0.0004813629313209,0.0007360278041906,0.9998945209331126,0.8534520575800459,0.1351729179913724,1.0
4,3,3D-independent-dbbd1a2865ca,3D,3D-independent,equal_total,32,independent,mean_centered,"[80, 48]",,"[1.0, 1.0]",149728,0.3518577499999082,0.6511808340001153,ok,,0.0003222681413449,0.0370308395012401,0.0515444563510245,0.0013494206261518,0.9995962507782536,0.9940929977884004,0.0015278265466848,0.362578477182747,0.0004107671787611,0.0006280833960094,0.9999441354625112,0.9198344811381004,0.1106613943051841,1.0
4,3,4D-A-85017caccbe9,4D,4D-A,equal_total,32,joint,mean_centered,"[80, 48]",2.0,"[1.0, 1.0]",259188,0.4107654579929658,0.6947014589968603,ok,,9.115535805916846e-05,0.0101421998587869,0.0145650456966157,0.0003813091547616,0.9998888752291828,0.9991213773926684,0.0152727056548828,3.6606600606921766,0.0041053647141847,0.006277306330363,0.9892708601979688,0.2464845977557599,1.0119998182441874,1.0
4,3,4D-B-4bb821f89672,4D,4D-B,equal_total,32,shared-independent,mean_centered,"[80, 48]",,"[1.0, 1.0]",136304,0.3118204580023302,0.5980787080043228,ok,,0.000324739294326,0.0373065300390556,0.0519391861388364,0.0013597545505956,0.9995685187296124,0.993921916902456,0.0143525673760132,3.4395275013546587,0.0038580828794349,0.0058992001364613,0.9903889979243798,0.4508079950807118,0.9386172688505326,1.0
4,3,3D-independent-3e92f69676cb,3D,3D-independent,equal_total,32,independent,ensemble_anomaly,"[80, 48]",,"[1.0, 1.0]",149728,0.2578048329960438,0.5290027500013821,ok,,0.0002990694741139,0.0341399110632035,0.0478240766743561,0.001252022041935,0.9997038635230894,0.9954225340577127,0.0019480028570708,0.4450377603805865,0.0005236188971747,0.0008006392724563,0.999926261587603,0.9201250535773334,0.1303509694065667,1.0
4,3,4D-A-8bea2cabc037,4D,4D-A,equal_total,32,joint,ensemble_anomaly,"[80, 48]",2.0,"[1.0, 1.0]",259188,0.3941318330034846,0.6646335840050597,ok,,5.585621373401024e-05,0.0061188182647596,0.0089219605182431,0.0002335746344289,0.9999709446860208,0.9997204774908648,0.0041439664207375,0.9437000940659748,0.0011138988048459,0.0017032065372618,0.999758017028642,0.840807730130621,0.2573887021299978,1.0
4,3,4D-B-2828b82824ed,4D,4D-B,equal_total,32,shared-independent,ensemble_anomaly,"[80, 48]",,"[1.0, 1.0]",136304,0.2733937500015599,0.5415519169982872,ok,,0.0002990693179927,0.0341398946727857,0.0478240517615757,0.0012520213897248,0.9997038647715066,0.9954225527199708,0.0019382377285502,0.4423318147004869,0.0005209920399467,0.0007966226774265,0.9999246091472028,0.916803149470189,0.1300897145695481,1.0
4,3,3D-independent-86c75f98455a,3D,3D-independent,equal_total,32,independent,standardized_anomaly,"[80, 48]",,"[1.0, 1.0]",149728,0.2567369999960647,0.5392154170040158,ok,,0.0002990694741138,0.0341399110631906,0.0478240766743391,0.0012520220419346,0.999703863523116,0.9954225340577164,0.0019480028570708,0.4450377603805875,0.0005236188971747,0.0008006392724563,0.9999262615876026,0.9201250535773338,0.1303509694065632,1.0
4,3,4D-A-4ea76ef087a9,4D,4D-A,equal_total,32,joint,standardized_anomaly,"[80, 48]",2.0,"[1.0, 1.0]",259188,0.3969057089998387,0.6791698339948198,ok,,0.001082510647339,0.1248549438916059,0.17313265457083,0.0045325684210781,0.996714955812206,0.967133226191266,0.0018818388986789,0.4297828117224283,0.0005058357689618,0.0007734479871318,0.999935866431362,0.9227120947471864,0.152428773786202,1.0
4,3,4D-B-934096b5cda8,4D,4D-B,equal_total,32,shared-independent,standardized_anomaly,"[80, 48]",,"[1.0, 1.0]",136304,0.2895522089966107,0.5817281249983353,ok,,0.0003486944648611,0.0393339218649326,0.0557395100510982,0.0014592460543635,0.9992293163111023,0.9921454691067604,0.0019431050016256,0.4438095039666267,0.0005223017719995,0.0007986253227159,0.9999260948756022,0.9193224164177368,0.1318523707673276,1.0
4,3,4D-A-b80c4d29ed28,4D,4D-A,equal_total,32,joint,standardized_anomaly,"[80, 48]",1.0,"[1.0, 1.0]",136306,0.3948301250056829,0.706967917001748,ok,,0.0062255178681406,0.6677326565341551,0.9939232028553424,0.0260206541244705,0.9651677868164724,0.7237370724677236,0.0028945473816739,0.662874784225309,0.0007779886748902,0.0011895832828117,0.9973325105485732,0.3787408218027752,0.4448421234060536,1.0
4,3,4D-D-2ecf0e4138e3,4D,4D-D,equal_total,32,partial-spatial,standardized_anomaly,"[80, 48]",,"[1.0, 1.0]",163152,0.5485569589945953,1.001807957996789,ok,,0.0003544901942469,0.0409822851685341,0.056706685661257,0.0014845664633823,0.9995603706250226,0.993497004183108,0.0019475614943384,0.4448687421453088,0.000523500084995,0.0008004576027388,0.9999260059646224,0.9193902628705676,0.1323518484467513,1.0
4,3,4D-E-4f4328240852,4D,4D-E,equal_total,32,joint-property-residual,standardized_anomaly,"[80, 48]",2.0,"[1.0, 1.0]",224596,0.7553205840013106,1.2987491250023595,ok,,0.0005831685882694,0.0651117237660454,0.0931990269268607,0.0024399265832956,0.9992144275084752,0.9872707163168472,0.0019642253583973,0.4485526068913452,0.0005279851194472,0.0008073154429354,0.9999283277435564,0.91834874094176,0.1402136505070217,1.0
4,3,4D-C-44adce3e7a5f,4D,4D-C,equal_total,32,joint,standardized_anomaly,"[80, 48]",2.0,"[1.0, 0.5]",259188,0.5746332499984419,0.9627387080035988,ok,,0.0010723130020908,0.1229504951465093,0.1714731029088182,0.0044891217848845,0.9964249800182294,0.966340395309548,0.0018689792696114,0.4277896011122201,0.0005023821284604,0.0007681671994572,0.9999348566358,0.9216401210543802,0.1516874595191913,1.0
4,3,4D-C-1150f24dbbfa,4D,4D-C,equal_total,32,joint,standardized_anomaly,"[80, 48]",2.0,"[1.0, 2.0]",259188,0.4861996670006192,0.8155693329972564,ok,,0.0011289890631836,0.1293593337381118,0.1805348306348796,0.0047263554889097,0.9963725001819592,0.9576787248252392,0.0018617369405738,0.4253995076164152,0.0005004308859741,0.0007651836528873,0.999935372363253,0.9237213253202023,0.1535147040704516,1.0
4,3,3D-independent-82249d692984,3D,3D-independent,equal_per_property,64,independent,raw_minmax,"[64, 48]",,"[1.0, 1.0]",219008,0.3499742090061772,0.6808114169980399,ok,,0.0001681975278568,0.0187313538781046,0.0268756961609888,0.0007035988214687,0.999619788350968,0.9969029979827116,0.001225537618572,0.2885289907133252,0.0003294779103718,0.00050378807158,0.999957017990759,0.9468353365202594,0.0838477943349861,1.0
4,3,4D-A-63bd70d89f36,4D,4D-A,equal_per_property,64,joint,raw_minmax,"[64, 48]",2.0,"[1.0, 1.0]",404420,0.4146395410061814,0.7275474999987637,ok,,0.0003983747281488,0.0435132254999256,0.06362692847252,0.0016657366424585,0.9981602983384162,0.9843741368337618,0.0041831257719921,0.9980730869337728,0.0011244605857805,0.0017193560243199,0.99922639374294,0.6610836407699886,0.3047143559079558,1.0
4,3,4D-B-49fc67f13645,4D,4D-B,equal_per_property,64,shared-independent,raw_minmax,"[64, 48]",,"[1.0, 1.0]",207808,0.2479639579978538,0.5765771250007674,ok,,0.0003976838042257,0.0434147486536084,0.0635156541379578,0.0016628235089646,0.9981646852779974,0.984414349777778,0.0041514234193063,0.9900589803194492,0.0011159338631304,0.0017063182423456,0.9992232040389242,0.6637948039964233,0.3023422880214892,1.0
4,3,3D-independent-64af48d38810,3D,3D-independent,equal_per_property,64,independent,mean_centered,"[64, 48]",,"[1.0, 1.0]",219008,0.2214976659961394,0.5207646249982645,ok,,0.0001855971729107,0.0206136418580425,0.0296536643260018,0.0007763253144039,0.999539168334906,0.9963946360717788,0.0013246302531276,0.310356741630921,0.0003561032183787,0.0005444994885028,0.9999236744693156,0.9072890389980348,0.0947821364885141,1.0
4,3,4D-A-fbc2ac4d32c8,4D,4D-A,equal_per_property,64,joint,mean_centered,"[64, 48]",2.0,"[1.0, 1.0]",404420,0.4018528750020778,0.698392917001911,ok,,0.0001891136950487,0.0209537004555632,0.0302136327475891,0.0007909851438323,0.9995062034887666,0.9961619761312912,0.0338380662386636,8.10920445418771,0.0090959261965137,0.0139081224371144,0.948000780360651,0.2526465842893826,2.126438468608234,1.0
4,3,4D-B-6a56509ea188,4D,4D-B,equal_per_property,64,shared-independent,mean_centered,"[64, 48]",,"[1.0, 1.0]",207808,0.2172036670017405,0.4959212079993449,ok,,0.0001925200391065,0.0213384466904911,0.0307580802806541,0.0008052386403862,0.9995012308894432,0.9960930376256786,0.0336915996954996,8.074740178567794,0.009056545331319,0.013847907140401,0.9485114196713086,0.3047144130198913,2.1114187249838747,1.0
4,3,3D-independent-5a93f5036396,3D,3D-independent,equal_per_property,64,independent,ensemble_anomaly,"[64, 48]",,"[1.0, 1.0]",219008,0.2055342090025078,0.4839744590062764,ok,,0.0001409222759034,0.0155569366065424,0.0225109872528575,0.0005893318634922,0.9997256916222416,0.9978914578149668,0.001560798647431,0.3578286163718522,0.0004195306276401,0.0006414831441326,0.9999442393887163,0.937035986647745,0.1014804576867597,1.0
4,3,4D-A-cbe030d90365,4D,4D-A,equal_per_property,64,joint,ensemble_anomaly,"[64, 48]",2.0,"[1.0, 1.0]",404420,0.2878201249986887,0.5745119160055765,ok,,0.0001380653145337,0.0152524451696326,0.0220548598734044,0.0005773905658715,0.9997266772122728,0.9979222909817332,0.0033758830632602,0.7909248832459737,0.0009075466915985,0.0013876839182125,0.9998104466610034,0.8438841667003891,0.2213185248936363,1.0
4,3,4D-B-6939f5acac9e,4D,4D-B,equal_per_property,64,shared-independent,ensemble_anomaly,"[64, 48]",,"[1.0, 1.0]",207808,0.2124388329975772,0.4924813749967143,ok,,0.000140922862523,0.0155569587137429,0.022511079112223,0.0005893342683468,0.9997256792149006,0.9978913984948036,0.0015490233256542,0.3563443443403251,0.0004163764058568,0.0006366601825334,0.999919742228084,0.917533666540013,0.1035471926341649,1.0
4,3,3D-independent-7a2c6100f5cb,3D,3D-independent,equal_per_property,64,independent,standardized_anomaly,"[64, 48]",,"[1.0, 1.0]",219008,0.2044743750011548,0.4963297499998589,ok,,0.0001409222759034,0.0155569366065457,0.0225109872528627,0.0005893318634924,0.9997256916222376,0.9978914578149656,0.001560798647431,0.3578286163718489,0.0004195306276401,0.0006414831441326,0.9999442393887166,0.9370359866477448,0.1014804576867598,1.0
4,3,4D-A-c45120ace2c4,4D,4D-A,equal_per_property,64,joint,standardized_anomaly,"[64, 48]",2.0,"[1.0, 1.0]",404420,0.3064474999991944,0.6008955419965787,ok,,0.0007338683793722,0.0813149409276485,0.1172536941091021,0.0030696715907873,0.9972609836506078,0.972081601369355,0.0013626424319746,0.3161651128124444,0.0003662825095996,0.000560064129812,0.9999484511237896,0.941793198911888,0.1101356633998679,1.0
4,3,4D-B-f843c8275099,4D,4D-B,equal_per_property,64,shared-independent,standardized_anomaly,"[64, 48]",,"[1.0, 1.0]",207808,0.2201729160005925,0.5155971670028521,ok,,0.0002963296317723,0.0315804448184021,0.0472985331941249,0.001238263448628,0.9988286157690718,0.9918747265097326,0.0015067432697465,0.3467801496888241,0.0004050029811366,0.0006192696518584,0.9999451590908036,0.9358515759310247,0.1036243608217118,1.0
4,3,4D-A-102750e40079,4D,4D-A,equal_per_property,64,joint,standardized_anomaly,"[64, 48]",1.0,"[1.0, 1.0]",207810,0.2088165830064099,0.5019292500001029,ok,,0.0064018449952327,0.6890092076208464,1.0221581972923417,0.0267598390256187,0.963909812730424,0.7274294452704679,0.0027091616565261,0.6199622009271671,0.0007281435643586,0.0011133676358081,0.997400230319938,0.3862499123905338,0.4380329324293781,1.0
4,3,4D-D-ff94f89c821d,4D,4D-D,equal_per_property,64,partial-spatial,standardized_anomaly,"[64, 48]",,"[1.0, 1.0]",230208,0.4025215409928933,0.7597913339996012,ok,,9.288596828150576e-05,0.0101396971753134,0.0148355443915108,0.0003883907411062,0.9999554585984716,0.999438492390783,0.001662646266402,0.384583498059615,0.0004469234632431,0.0006833681488298,0.9999406123750324,0.9323082760987664,0.1072124527475384,1.0
4,3,4D-E-0ed2b1a0be64,4D,4D-E,equal_per_property,64,joint-property-residual,standardized_anomaly,"[64, 48]",2.0,"[1.0, 1.0]",328516,0.6028901660029078,1.0837675420043524,ok,,0.0009535482713428,0.1085757473237684,0.1524482702677185,0.003991056553579,0.9970377812848956,0.9713039689434506,0.001816582042162,0.4160092180315564,0.000488295867219,0.0007466286071475,0.9999370679150794,0.925372427098698,0.1440616918335626,1.0
4,3,4D-C-e7705bff9f37,4D,4D-C,equal_per_property,64,joint,standardized_anomaly,"[64, 48]",2.0,"[1.0, 0.5]",404420,0.2928880420004134,0.5896797500026878,ok,,0.0005786431520285,0.0664482629504983,0.0925420665030001,0.0024227275281637,0.997872717136744,0.9815934493735092,0.0013186449639548,0.3060574338469456,0.0003544554572132,0.0005419799799293,0.999946995472314,0.9410807129951292,0.1027921539032812,1.0
4,3,4D-C-07c1f38e4371,4D,4D-C,equal_per_property,64,joint,standardized_anomaly,"[64, 48]",2.0,"[1.0, 2.0]",404420,0.2990302089965553,0.5942936670035124,ok,,0.0008527140963527,0.0944131989390105,0.1362424769259041,0.0035667930469534,0.9964299303765914,0.9659661792200273,0.0013680447376064,0.3168186363771972,0.0003677314754344,0.0005622796704621,0.9999506773681922,0.9443026805761142,0.1140243513545342,1.0
4,3,3D-independent-fa9b36e31dc0,3D,3D-independent,equal_per_property,64,independent,raw_minmax,"[80, 48]",,"[1.0, 1.0]",272608,0.2180787079996662,0.5052133749995846,ok,,7.46051260796283e-05,0.0082925997835729,0.0119206033326649,0.0003120783329971,0.9999375403598116,0.9994506260390852,0.0012272646521995,0.2889269001910055,0.0003299425535886,0.0005044985341113,0.999957364218474,0.9479649931607872,0.0808779225936605,1.0
4,3,4D-A-4f7fd7861b3e,4D,4D-A,equal_per_property,64,joint,raw_minmax,"[80, 48]",2.0,"[1.0, 1.0]",504948,0.3630467920011142,0.6542219579932862,ok,,0.0001634657543786,0.0181760908620843,0.0261180615803266,0.0006837641427737,0.999623350232875,0.9970388598871116,0.0016170733217128,0.381889040008932,0.0004347186874372,0.0006647064410984,0.9999025657935268,0.8661605386799919,0.1171163578968661,1.0
4,3,4D-B-51546c614bcf,4D,4D-B,equal_per_property,64,shared-independent,raw_minmax,"[80, 48]",,"[1.0, 1.0]",259184,0.2288165840000147,0.5261432909974246,ok,,0.0001618670616623,0.0179255883392137,0.0258597066718868,0.0006770004776388,0.9996245112068648,0.9970550278589564,0.0015396748403142,0.3621512647803521,0.0004139020611342,0.000632876786691,0.9998998730583668,0.870991769115894,0.1115133636580351,1.0
4,3,3D-independent-5cbc421a2b78,3D,3D-independent,equal_per_property,64,independent,mean_centered,"[80, 48]",,"[1.0, 1.0]",272608,0.261140083995997,0.6007022499979939,ok,,8.224182474717149e-05,0.0091262699492232,0.0131402383147685,0.0003440080635198,0.9999173153590768,0.9993075045199984,0.0012308512050022,0.2896890512748924,0.000330904904001,0.0005059700156376,0.9999501532923164,0.9386537402438144,0.0824586747105523,1.0
4,3,4D-A-a9f18b485be4,4D,4D-A,equal_per_property,64,joint,mean_centered,"[80, 48]",2.0,"[1.0, 1.0]",504948,0.4195770000005723,0.7245746249973308,ok,,8.341479644559224e-05,0.0092726224538834,0.0133279959913502,0.0003489235112601,0.9998956074376932,0.9992072042039872,0.0146995859997231,3.520797995622021,0.0039513852986592,0.0060418641645344,0.9901313904910968,0.3853874208794537,0.959443326383546,1.0
4,3,4D-B-be3ed22367d4,4D,4D-B,equal_per_property,64,shared-independent,mean_centered,"[80, 48]",,"[1.0, 1.0]",259184,0.2403042910009389,0.5327684579970082,ok,,9.191467517787544e-05,0.01022038588221,0.0146861142757776,0.0003844786990631,0.9998883548315808,0.999113003358786,0.014321031200493,3.4318536721054507,0.003849601633109,0.005886231890043,0.9903879696282772,0.4511921112754567,0.9292303751676348,1.0
4,3,3D-independent-44372d7b9669,3D,3D-independent,equal_per_property,64,independent,ensemble_anomaly,"[80, 48]",,"[1.0, 1.0]",272608,0.2205253330030245,0.5040507499943487,ok,,5.5879959117193705e-05,0.0061258217930206,0.0089259046746434,0.0002336778914303,0.9999709168135176,0.9997203386918456,0.001564488026167,0.3585810181739586,0.0004205222729426,0.0006429994189995,0.9999442205115812,0.9371737840952626,0.0990649446433562,1.0
4,3,4D-A-abc62af84685,4D,4D-A,equal_per_property,64,joint,ensemble_anomaly,"[80, 48]",2.0,"[1.0, 1.0]",504948,0.3374357080028858,0.624189916998148,ok,,4.839534145141241e-05,0.005323122909266,0.0077308629827026,0.0002023920069263,0.999974167611612,0.9997630350518444,0.0034465157562068,0.8089460659130303,0.0009265512802399,0.0014167428771334,0.9998227427448017,0.863648186317788,0.22064089453437,1.0
4,3,4D-B-643a4d560541,4D,4D-B,equal_per_property,64,shared-independent,ensemble_anomaly,"[80, 48]",,"[1.0, 1.0]",259184,0.2158440000057453,0.4968866250055725,ok,,5.587865446197949e-05,0.0061256742873508,0.008925696098392,0.0002336724309576,0.9999709184700292,0.9997203551924012,0.0015000600467741,0.3450276674050919,0.0004032070273623,0.0006165235494336,0.9999448234046276,0.9345953559489404,0.0959988715304429,1.0
4,3,3D-independent-11e1b067c3e2,3D,3D-independent,equal_per_property,64,independent,standardized_anomaly,"[80, 48]",,"[1.0, 1.0]",272608,0.2200423329995828,0.5142600840044906,ok,,5.587995911695966e-05,0.0061258217929995,0.0089259046746062,0.0002336778914293,0.9999709168134984,0.9997203386918482,0.001564488026167,0.3585810181739621,0.0004205222729427,0.0006429994189995,0.9999442205115808,0.9371737840952594,0.0990649446433519,1.0
4,3,4D-A-3bf6b15a532d,4D,4D-A,equal_per_property,64,joint,standardized_anomaly,"[80, 48]",2.0,"[1.0, 1.0]",504948,0.3341839999993681,0.6279519590025302,ok,,0.0006914243876206,0.0761676640497263,0.110452751364778,0.002891624656817,0.9979258475681676,0.9762147813309052,0.0013810053037703,0.3201098713013953,0.0003712171078426,0.0005676093753493,0.999948949656512,0.9426503835370532,0.1092112382292856,1.0
4,3,4D-B-3ee6d3ebd2d3,4D,4D-B,equal_per_property,64,shared-independent,standardized_anomaly,"[80, 48]",,"[1.0, 1.0]",259184,0.2297284589949413,0.5241705420048675,ok,,0.0001759553877153,0.0188813212243715,0.0280871212540637,0.0007353136192056,0.9995000280723098,0.99648818026842,0.0015284949851354,0.3514748944500778,0.0004108491771923,0.000628208775679,0.999944361850971,0.9362902452452928,0.1009917507293982,1.0
4,3,4D-A-0bf051d8d579,4D,4D-A,equal_per_property,64,joint,standardized_anomaly,"[80, 48]",1.0,"[1.0, 1.0]",259186,0.2149387090030359,0.5097678340025595,ok,,0.0063950166531224,0.6882193445594528,1.0210659556961343,0.026731244421213,0.9640154986847576,0.7286457716827311,0.0027131755204118,0.6209409531481995,0.000729222947426,0.0011150180660702,0.9973948938539856,0.3859956132011568,0.437959901316427,1.0
4,3,4D-D-e24c5d642104,4D,4D-D,equal_per_property,64,partial-spatial,standardized_anomaly,"[80, 48]",,"[1.0, 1.0]",286032,0.4155823339970084,0.7754852910002228,ok,,8.699958365317124e-05,0.0094615633513339,0.0138941300306984,0.0003637447549776,0.9999694999196916,0.9995555837674504,0.0016770296624081,0.3877733399004806,0.0004507907991076,0.0006892814972395,0.9999403236908492,0.9318077776788152,0.1078883056321704,1.0
4,3,4D-E-6ca320f290f9,4D,4D-E,equal_per_property,64,joint-property-residual,standardized_anomaly,"[80, 48]",2.0,"[1.0, 1.0]",408916,0.6463732080010232,1.11160666700016,ok,,0.0007732366627389,0.0896322433751488,0.1236865863639446,0.0032380830574905,0.9970153756204748,0.9741498513328908,0.001740956415018,0.4014446852628798,0.0004679741598279,0.0007155557083112,0.999938283961888,0.9285670300048936,0.1349296219922841,1.0
4,3,4D-C-4e04f7cc08d6,4D,4D-C,equal_per_property,64,joint,standardized_anomaly,"[80, 48]",2.0,"[1.0, 0.5]",504948,0.3382574999995995,0.6312440410038107,ok,,0.0005307509411805,0.062038566087877,0.0849241584022483,0.0022232926510301,0.9984236292677532,0.9858356538248608,0.0013448502935789,0.3114350226777553,0.0003614963486903,0.0005527458523226,0.9999477419143789,0.9429689567312364,0.1022678208718959,1.0
4,3,4D-C-f8d668c31c07,4D,4D-C,equal_per_property,64,joint,standardized_anomaly,"[80, 48]",2.0,"[1.0, 2.0]",504948,0.3218296249979175,0.6268502919992898,ok,,0.0008215130157358,0.0907123740752656,0.1312442406914782,0.0034359405063197,0.997306368744344,0.9705398630029451,0.0013834042585925,0.3204360937643392,0.0003718609820004,0.0005685938908816,0.999950021062344,0.9429701239967206,0.1135983685849429,1.0
4,3,3D-current-e419eaac8e1a,3D,3D-current,equal_total,32,legacy-independent,raw_minmax,"[48, 48]",,"[1.0, 1.0]",117216,4.206267624998873,4.488904541998636,ok,,0.001055418226956,0.1149467707798653,0.1685668149160505,0.0044130359118224,0.9937786871782136,0.940173021195768,0.0015325536621522,0.3635033993479475,0.0004120360064773,0.0006300234965388,0.9999449641778344,0.918640912889686,0.1372608007712714,1.0
4,3,4D-A-current-205a30146a4e,4D,4D-A-current,equal_total,32,legacy-joint,raw_minmax,"[48, 48]",2.0,"[1.0, 1.0]",181972,5.396133166999789,5.678327250003349,ok,,0.0025372187153101,0.2788247666049396,0.4053158186681185,0.010611064012231,0.9725025336887532,0.8097120781580753,0.0155716850702838,3.726174434000533,0.0041857766327025,0.0064002601433104,0.9907199064728356,0.4345653964761062,1.0957151158220957,1.0
4,3,3D-current-5e7711139fcb,3D,3D-current,equal_per_property,64,legacy-independent,raw_minmax,"[48, 48]",,"[1.0, 1.0]",216480,4.465393833001144,4.784371624999039,ok,,0.0010296462573419,0.1118380978979236,0.1644390106933268,0.0043049710576521,0.993920599740108,0.9436611893949928,0.0012273078075664,0.2885688800557434,0.0003299493635026,0.0005045089468076,0.9999528724906912,0.9395007236510672,0.1147065053576592,1.0
4,3,4D-A-current-43ce2f360e5a,4D,4D-A-current,equal_per_property,64,legacy-joint,raw_minmax,"[48, 48]",2.0,"[1.0, 1.0]",354964,5.497250959000667,5.808464916000958,ok,,0.0025350409265798,0.2785866510319204,0.4049679744477583,0.0106019575398987,0.972510199693486,0.8099665612384533,0.0154972868208973,3.7095029186118498,0.0041657720092912,0.0063696720816109,0.9907528013658782,0.4367262422321025,1.091185791977123,1.0
5,1,3D-independent-e9bc2b1d9158,3D,3D-independent,equal_total,32,independent,raw_minmax,"[64, 48]",,"[1.0, 1.0]",120704,0.3479217499989318,0.696410750002542,ok,,0.0003324558034677,0.0650506315255307,0.0533731977360943,0.0012891235249285,0.9994728001050048,0.9875982457821684,0.0012430908159001,0.3639094137745873,0.0003345220713472,0.000511500843971,0.9999687604756344,0.9407205042460316,0.1162001675715045,1.0
5,1,4D-A-c5fc8bd2cb2c,4D,4D-A,equal_total,32,joint,raw_minmax,"[64, 48]",2.0,"[1.0, 1.0]",207812,0.4791507920017466,0.7511190829973202,ok,,0.000370898769066,0.0720987318682017,0.0595446057073145,0.0014381816202851,0.9986754641628608,0.9859388019893308,0.0043057962925592,1.2590820977476342,0.0011587001801004,0.0017717100627883,0.9992158863035732,0.6902884145593499,0.3732668053353739,1.0
5,1,4D-B-f835e7c8452f,4D,4D-B,equal_total,32,shared-independent,raw_minmax,"[64, 48]",,"[1.0, 1.0]",109504,0.2585344160033855,0.5280215000020689,ok,,0.0004513451642082,0.0881172900001875,0.0724594668733857,0.0017501144265728,0.9985148545236012,0.9785656510024956,0.0041766592646015,1.2211391684505253,0.0011239493186726,0.0017185742715461,0.9992324877353732,0.7002371689955394,0.3674637621129238,1.0
5,1,3D-independent-7cc1fb3009e2,3D,3D-independent,equal_total,32,independent,mean_centered,"[64, 48]",,"[1.0, 1.0]",120704,0.2632367909973254,0.5360362909996184,ok,,0.0003369134071287,0.0658751324690351,0.0540889651272435,0.0013064114638463,0.9994585816718432,0.9874148512323384,0.0013359948312098,0.3910434397335064,0.0003595223843659,0.0005497275629348,0.9999451136294436,0.9199278302915452,0.1258118078601499,1.0
5,1,4D-A-a8d848e0bd2f,4D,4D-A,equal_total,32,joint,mean_centered,"[64, 48]",2.0,"[1.0, 1.0]",207812,0.3647575829963898,0.6331882090016734,ok,,0.0001843216113543,0.0359208915398084,0.0295914100692375,0.0007147217044157,0.9996521078223258,0.9963745393514412,0.0359089337225525,10.497658861635912,0.0096631707444738,0.014775467494052,0.9450542995222296,0.2510648714876489,2.727465011939044,1.0
5,1,4D-B-2e139466dc24,4D,4D-B,equal_total,32,shared-independent,mean_centered,"[64, 48]",,"[1.0, 1.0]",109504,0.261212917001103,0.5276607090054313,ok,,0.0003378810137187,0.0660840823225066,0.0542442651515403,0.0013101624273117,0.999450924857346,0.98731654634605,0.0356855655551851,10.432282372941833,0.0096030648835657,0.0146835626506487,0.9463031507361656,0.3467509939461344,2.7078331712795616,1.0
5,1,3D-independent-34daa9e6fa18,3D,3D-independent,equal_total,32,independent,ensemble_anomaly,"[64, 48]",,"[1.0, 1.0]",120704,0.2450493750002351,0.5142294160032179,ok,,0.0002988661760443,0.0577516159421714,0.0479828218267441,0.0011589297069131,0.999610877096344,0.9907058649197912,0.001231802349424,0.3615363029860821,0.0003314896078577,0.0005068640568438,0.9999652839964774,0.9474611608359071,0.112551101512601,1.0
5,1,4D-A-63c64c98502f,4D,4D-A,equal_total,32,joint,ensemble_anomaly,"[64, 48]",2.0,"[1.0, 1.0]",207812,0.3639917920008884,0.6360232919978444,ok,,0.0001361967257706,0.0268377403841894,0.0218623862133602,0.000528042492752,0.9998229077853894,0.9981286932692358,0.0035058673568764,1.0232863529807492,0.0009434417927625,0.0014425693087815,0.9997357587590976,0.8333811106941512,0.2835922978458113,1.0
5,1,4D-B-852478df5431,4D,4D-B,equal_total,32,shared-independent,ensemble_anomaly,"[64, 48]",,"[1.0, 1.0]",109504,0.2647147090028738,0.5322795000029146,ok,,0.0002988661689502,0.057751618715632,0.047982820609909,0.0011589296775229,0.9996108770772044,0.9907058656196568,0.0013207610784828,0.3866407176977466,0.0003554233415801,0.0005434599231467,0.9999519646132676,0.9383351538856488,0.1199679566651815,1.0
5,1,3D-independent-629bdce16d73,3D,3D-independent,equal_total,32,independent,standardized_anomaly,"[64, 48]",,"[1.0, 1.0]",120704,0.2455774999980349,0.5246353750044364,ok,,0.0002988661760444,0.0577516159421805,0.0479828218267519,0.0011589297069133,0.9996108770962868,0.9907058649197874,0.001231802349424,0.3615363029860842,0.0003314896078577,0.0005068640568438,0.9999652839964774,0.9474611608359068,0.1125511015126044,1.0
5,1,4D-A-06f4272272b6,4D,4D-A,equal_total,32,joint,standardized_anomaly,"[64, 48]",2.0,"[1.0, 1.0]",207812,0.3518738749990007,0.6320997500006342,ok,,0.0007015570038178,0.131383651782915,0.1126880480307122,0.0027217558598035,0.9982907635809818,0.9584371770428838,0.0011517649418758,0.3382332609071299,0.0003099512385532,0.0004739308215787,0.9999681013790734,0.9530042350828396,0.1284740516567958,1.0
5,1,4D-B-17b80d300b68,4D,4D-B,equal_total,32,shared-independent,standardized_anomaly,"[64, 48]",,"[1.0, 1.0]",109504,0.264182292004989,0.5407989580053254,ok,,0.0003399432814192,0.0655707443229426,0.0545794410910758,0.0013182579360497,0.9993134242719552,0.988097551971648,0.0012274303244401,0.3602454820914861,0.000330312948728,0.000505064886656,0.9999648528963468,0.9471858594148964,0.1145436301802891,1.0
5,1,4D-A-4681118648ec,4D,4D-A,equal_total,32,joint,standardized_anomaly,"[64, 48]",1.0,"[1.0, 1.0]",109506,0.2704880840028636,0.5572897919992101,ok,,0.0040530208804017,0.7782624556959762,0.6508074997012155,0.0157189618319869,0.9764596179048128,0.7355577480825013,0.0020836058478198,0.6094705577268152,0.0005607115907552,0.000857355841247,0.9988637632299904,0.6663339201437447,0.4216967948274171,1.0
5,1,4D-D-9e53fbf0a6d8,4D,4D-D,equal_total,32,partial-spatial,standardized_anomaly,"[64, 48]",,"[1.0, 1.0]",131904,0.4096331239925348,0.8360594589976245,ok,,0.0003590860376742,0.0696903168627083,0.0576408701530906,0.0013922006711891,0.9996283859959334,0.9868816761633612,0.001245216841101,0.3654473620336748,0.000335099982928,0.0005123844994503,0.9999641760624888,0.9464865169854476,0.1171133955804947,1.0
5,1,4D-E-07794d5e4bbe,4D,4D-E,equal_total,32,joint-property-residual,standardized_anomaly,"[64, 48]",2.0,"[1.0, 1.0]",181060,0.6065081660053693,1.064886916996329,ok,,0.0004838095192457,0.0929038556627412,0.0776731504467437,0.0018760405923457,0.9992649873456716,0.9803162300975068,0.0012227246405874,0.3588922180112753,0.000329047004019,0.0005031291943877,0.9999643888416372,0.9470889371408237,0.1220233725137128,1.0
5,1,4D-C-3fe7ec5ee326,4D,4D-C,equal_total,32,joint,standardized_anomaly,"[64, 48]",2.0,"[1.0, 0.5]",207812,0.5264311249993625,0.8591291659977287,ok,,0.0007018457219545,0.132169752898432,0.1127262640580065,0.0027226788919976,0.9985259061937898,0.9605037593944488,0.0011626860218399,0.3413853937733778,0.0003128897559585,0.0004784239604823,0.9999673662490868,0.9517853681321724,0.1293526457271248,1.0
5,1,4D-C-5b31da2b924b,4D,4D-C,equal_total,32,joint,standardized_anomaly,"[64, 48]",2.0,"[1.0, 2.0]",207812,0.4285151669973857,0.7514620840011048,ok,,0.0007360233098847,0.1389922135252596,0.1181993113276769,0.0028548694724321,0.998081267161996,0.9541073822580683,0.0011427993440862,0.3357031158567187,0.0003075393957918,0.0004702429943362,0.999968992876418,0.9532666933330706,0.1302520728966022,1.0
5,1,3D-independent-7db5f3bc9ad5,3D,3D-independent,equal_total,32,independent,raw_minmax,"[80, 48]",,"[1.0, 1.0]",149728,0.3462282079999568,0.6363662500007194,ok,,0.0003027549434779,0.0592201407307264,0.0486049916805384,0.0011739569833187,0.9997002293237544,0.9897520527284576,0.0012411746771497,0.3633551395291403,0.0003340064643727,0.0005107124553258,0.9999691041647416,0.9411999102286972,0.1142748246953223,1.0
5,1,4D-A-9e409054ed54,4D,4D-A,equal_total,32,joint,raw_minmax,"[80, 48]",2.0,"[1.0, 1.0]",259188,0.453957249999803,0.7456363750025048,ok,,0.0002020482589411,0.0392486537555996,0.0324376686332978,0.0007834674237766,0.9996396127124186,0.9957441496967926,0.0018676670872065,0.5468097255633321,0.0005025950609987,0.0007684927838727,0.9998990648616296,0.8770832668692458,0.1624111677589781,1.0
5,1,4D-B-2fb1b6b4a839,4D,4D-B,equal_total,32,shared-independent,raw_minmax,"[80, 48]",,"[1.0, 1.0]",136304,0.2667975419972208,0.5468152920002467,ok,,0.0003319907496952,0.0650202455806637,0.0532979458789238,0.0012873059658635,0.9994666652023464,0.9877759595106174,0.0015298245942311,0.4476078958179937,0.0004116818108322,0.0006294819138245,0.9999165701664596,0.8960546316016167,0.142678211460635,1.0
5,1,3D-independent-dbbd1a2865ca,3D,3D-independent,equal_total,32,independent,mean_centered,"[80, 48]",,"[1.0, 1.0]",149728,0.2772124160037492,0.54758212500019,ok,,0.0003047320562129,0.059616526430568,0.0489226190496308,0.0011816286412111,0.999686650801038,0.9896100692078772,0.0012531247613712,0.3668422083202693,0.0003372222763888,0.0005156295914467,0.9999634868689844,0.9370338779635826,0.1157841902912768,1.0
5,1,4D-A-85017caccbe9,4D,4D-A,equal_total,32,joint,mean_centered,"[80, 48]",2.0,"[1.0, 1.0]",259188,0.3924605409993091,0.6714056250057183,ok,,8.880449128640911e-05,0.0172365288567893,0.0142572352692217,0.0003443551851038,0.9999233692940652,0.9991656765575504,0.0186006530717239,5.438068484888653,0.0050054717515318,0.0076536146481163,0.9870753970765612,0.3693309268561802,1.4427641780096443,1.0
5,1,4D-B-4bb821f89672,4D,4D-B,equal_total,32,shared-independent,mean_centered,"[80, 48]",,"[1.0, 1.0]",136304,0.2806523339968407,0.5498170419959933,ok,,0.0003059173222897,0.0598371350847344,0.049113102119601,0.001186229381227,0.9996773884182542,0.9895374135408698,0.0181643885405797,5.310453808468588,0.0048880778645173,0.0074741135705249,0.9880167311266812,0.48914850493016,1.407736996079452,1.0
5,1,3D-independent-3e92f69676cb,3D,3D-independent,equal_total,32,independent,ensemble_anomaly,"[80, 48]",,"[1.0, 1.0]",149728,0.2539376250060741,0.5284059170007822,ok,,0.0002863517188834,0.0551350597125917,0.045975147633035,0.0011104383265334,0.9997132845692116,0.9912186250264274,0.0012322405272823,0.3616668121192343,0.0003316075321707,0.000507044368969,0.9999652868083638,0.9474458069195176,0.1118674139647133,1.0
5,1,4D-A-8bea2cabc037,4D,4D-A,equal_total,32,joint,ensemble_anomaly,"[80, 48]",2.0,"[1.0, 1.0]",259188,0.4143574170011561,0.7186940419996972,ok,,6.526820670502816e-05,0.0127074929228366,0.0104794034482256,0.0002531091649992,0.9999713709276764,0.9996014013544772,0.0035409248442077,1.033686841577059,0.0009528748869193,0.001456992977758,0.9997633408706812,0.8497425705143504,0.2804305871413705,1.0
5,1,4D-B-2828b82824ed,4D,4D-B,equal_total,32,shared-independent,ensemble_anomaly,"[80, 48]",,"[1.0, 1.0]",136304,0.2854108750034356,0.5639599159985664,ok,,0.0002863518092554,0.0551350772721762,0.0459751621079179,0.0011104386761454,0.9997132842379216,0.9912186180693592,0.0012754752847392,0.3740425401451697,0.0003432409689196,0.0005248324709361,0.9999617605303012,0.9429880807462048,0.115518567002391,1.0
5,1,3D-independent-86c75f98455a,3D,3D-independent,equal_total,32,independent,standardized_anomaly,"[80, 48]",,"[1.0, 1.0]",149728,0.2548617499996908,0.5290414159971988,ok,,0.0002863517188834,0.0551350597126053,0.0459751476330464,0.0011104383265337,0.9997132845691598,0.991218625026422,0.0012322405272823,0.3616668121192341,0.0003316075321707,0.000507044368969,0.9999652868083638,0.9474458069195176,0.1118674139647174,1.0
5,1,4D-A-4ea76ef087a9,4D,4D-A,equal_total,32,joint,standardized_anomaly,"[80, 48]",2.0,"[1.0, 1.0]",259188,0.4006498749949969,0.6835549590032315,ok,,0.0006841682793648,0.1281558944444169,0.1098938427721786,0.0026542673845942,0.9985249306505292,0.960372199592998,0.001154531065419,0.3390629078224228,0.0003106957898619,0.0004750692774697,0.9999683196542016,0.953115295424556,0.1276187636895157,1.0
5,1,4D-B-934096b5cda8,4D,4D-B,equal_total,32,shared-independent,standardized_anomaly,"[80, 48]",,"[1.0, 1.0]",136304,0.270406332994753,0.5530307090011775,ok,,0.0003092240338686,0.0597309345349963,0.0496458945383902,0.0011990979233061,0.999530073479348,0.9898315038690128,0.0012291308224113,0.3607483412639369,0.0003307706044902,0.0005057646650225,0.9999651272281924,0.947411620295311,0.1129644284291928,1.0
5,1,4D-A-b80c4d29ed28,4D,4D-A,equal_total,32,joint,standardized_anomaly,"[80, 48]",1.0,"[1.0, 1.0]",136306,0.2845632919998024,0.5628263340040576,ok,,0.0040509583897724,0.7779096744701715,0.650475774899937,0.0157109496786353,0.9764697111803082,0.735524790820658,0.0020841784476433,0.6096433443492995,0.0005608657791515,0.0008575916029549,0.9988624065729604,0.6666078277191009,0.4216216773873978,1.0
5,1,4D-D-2ecf0e4138e3,4D,4D-D,equal_total,32,partial-spatial,standardized_anomaly,"[80, 48]",,"[1.0, 1.0]",163152,0.4242134989981423,0.8184325829934096,ok,,0.0003537920390806,0.0686167642690821,0.0567916877141654,0.0013716903569226,0.9996599549001716,0.9871723503704808,0.0012315365226677,0.3614537693790314,0.0003314180542313,0.0005067546477989,0.9999650641345892,0.947275964297004,0.1157115940785928,1.0
5,1,4D-E-4f4328240852,4D,4D-E,equal_total,32,joint-property-residual,standardized_anomaly,"[80, 48]",2.0,"[1.0, 1.0]",224596,0.5333335830000578,0.9554358749956008,ok,,0.000484164216936,0.0924727895669487,0.0777349921992048,0.0018775342569808,0.9992915417419984,0.9806258477731636,0.0012088778897672,0.354807404776334,0.000325320383993,0.0004974310074765,0.9999648709933258,0.9477324406285612,0.120775262535605,1.0
5,1,4D-C-44adce3e7a5f,4D,4D-C,equal_total,32,joint,standardized_anomaly,"[80, 48]",2.0,"[1.0, 0.5]",259188,0.5374468329973752,0.8529070419972413,ok,,0.0006507807652957,0.1232529340828357,0.1045282446254776,0.0025246720241958,0.9988634506818532,0.9647552798076046,0.0011582547154182,0.3400734577049535,0.0003116975466465,0.0004766010132943,0.9999680143484688,0.952498896957064,0.1261748258513637,1.0
5,1,4D-C-1150f24dbbfa,4D,4D-C,equal_total,32,joint,standardized_anomaly,"[80, 48]",2.0,"[1.0, 2.0]",259188,0.5867022080055904,0.9014703750071932,ok,,0.0007138808994952,0.1347633957974018,0.1146421882748252,0.0027689542340166,0.9984110180368976,0.9568512662569876,0.0011448635686814,0.3363218032268067,0.0003080950322382,0.0004710925900298,0.9999690802293476,0.9533182893706508,0.1290001053025973,1.0
5,1,3D-independent-82249d692984,3D,3D-independent,equal_per_property,64,independent,raw_minmax,"[64, 48]",,"[1.0, 1.0]",219008,0.2925359159999061,0.6170306249987334,ok,,0.0001718728890489,0.0336194430962328,0.0275927979425521,0.0006664492002563,0.9996786515293152,0.9967785545685044,0.0009301563651771,0.2722009828343732,0.0002503110187224,0.0003827379664848,0.9999746053376628,0.9614361652224463,0.0816782665087827,1.0
5,1,4D-A-63bd70d89f36,4D,4D-A,equal_per_property,64,joint,raw_minmax,"[64, 48]",2.0,"[1.0, 1.0]",404420,0.4013152089974028,0.7116835829947377,ok,,0.0003519262703748,0.0685342862832026,0.056498131441867,0.0013646000885377,0.9987321305456334,0.9872729435215426,0.0041055982022869,1.200364221092237,0.0011048260794791,0.0016893338900444,0.9992341084198126,0.7083694526119922,0.355269327327168,1.0
5,1,4D-B-49fc67f13645,4D,4D-B,equal_per_property,64,shared-independent,raw_minmax,"[64, 48]",,"[1.0, 1.0]",207808,0.2755035829977714,0.5937512500022422,ok,,0.0003519619587294,0.0685474805121763,0.0565037556689499,0.0013647359305661,0.9987335440455696,0.9872746881462696,0.0040932599907154,1.1966283779967302,0.0011015059663302,0.0016842572723165,0.999237100114919,0.7092551401478926,0.3542277360904564,1.0
5,1,3D-independent-64af48d38810,3D,3D-independent,equal_per_property,64,independent,mean_centered,"[64, 48]",,"[1.0, 1.0]",219008,0.272909958002856,0.5827042090022587,ok,,0.0001823585222399,0.0355139042314514,0.0292762896273385,0.0007071105963677,0.9996624763859012,0.9964524672589102,0.0010398077452877,0.3041927798805843,0.000279817742856,0.0004278552116233,0.9999468891455728,0.9392272348551688,0.092966708263749,1.0
5,1,4D-A-fbc2ac4d32c8,4D,4D-A,equal_per_property,64,joint,mean_centered,"[64, 48]",2.0,"[1.0, 1.0]",404420,0.3367697080029757,0.6632744589951471,ok,,0.0001811359250054,0.0353079682482091,0.0290800070814872,0.000702369781537,0.9996558810995884,0.996498371947362,0.035743221082114,10.449088047196303,0.0096185802028309,0.0147072863435777,0.9459859795316256,0.3198389563876507,2.7065568378192517,1.0
5,1,4D-B-6a56509ea188,4D,4D-B,equal_per_property,64,shared-independent,mean_centered,"[64, 48]",,"[1.0, 1.0]",207808,0.2571827499996288,0.5417620829975931,ok,,0.0001843020788688,0.0359165674429919,0.0295882823080872,0.0007146461595608,0.999652022631266,0.996373824764776,0.03567575631646,10.4294062834525,0.0096004251991389,0.0146795264421956,0.9462169838571918,0.3470308859099072,2.698405123889538,1.0
5,1,3D-independent-5a93f5036396,3D,3D-independent,equal_per_property,64,independent,ensemble_anomaly,"[64, 48]",,"[1.0, 1.0]",219008,0.2177136249956675,0.5034401669981889,ok,,0.0001360974538106,0.0268178988400138,0.0218464434642997,0.0005276574273308,0.9998229450159604,0.9981291908516886,0.0010338002305043,0.3033429950778383,0.0002782063342862,0.000425391287972,0.9999674197070576,0.9560964352947224,0.0882620202111616,1.0
5,1,4D-A-cbe030d90365,4D,4D-A,equal_per_property,64,joint,ensemble_anomaly,"[64, 48]",2.0,"[1.0, 1.0]",404420,0.2954166249983245,0.5804398330001277,ok,,0.0001305257698039,0.0257683622326553,0.0209509097034865,0.0005060275889962,0.9998279857495458,0.998259600226444,0.0026237661225428,0.7637260039605342,0.0007060492840947,0.0010795843851053,0.9998679279223988,0.8692125282784469,0.213939575485186,1.0
5,1,4D-B-6939f5acac9e,4D,4D-B,equal_per_property,64,shared-independent,ensemble_anomaly,"[64, 48]",,"[1.0, 1.0]",207808,0.2286907079978846,0.5123690420005005,ok,,0.0001360965666745,0.026817730175638,0.0218463009357602,0.0005276539848372,0.9998229461429066,0.998129208696176,0.0011434057646951,0.3341960371417317,0.0003076947951594,0.0004704806076791,0.9999546778934096,0.9471151964929796,0.0970978911806979,1.0
5,1,3D-independent-7a2c6100f5cb,3D,3D-independent,equal_per_property,64,independent,standardized_anomaly,"[64, 48]",,"[1.0, 1.0]",219008,0.2060599159958656,0.4980541250042734,ok,,0.0001360974538107,0.0268178988400259,0.0218464434643103,0.0005276574273311,0.999822945016,0.9981291908516872,0.0010338002305043,0.3033429950778432,0.0002782063342862,0.000425391287972,0.9999674197070576,0.9560964352947208,0.0882620202111662,1.0
5,1,4D-A-c45120ace2c4,4D,4D-A,equal_per_property,64,joint,standardized_anomaly,"[64, 48]",2.0,"[1.0, 1.0]",404420,0.2977883329949691,0.5877583749970654,ok,,0.000401786211647,0.0755180326727583,0.0645084865764679,0.0015580742981607,0.9989663302824622,0.985259350918288,0.0009595983306928,0.2813226059454945,0.0002582367620502,0.0003948568212585,0.9999716859531432,0.9617788793294608,0.0958303808735946,1.0
5,1,4D-B-f843c8275099,4D,4D-B,equal_per_property,64,shared-independent,standardized_anomaly,"[64, 48]",,"[1.0, 1.0]",207808,0.2095661249986733,0.50357937499939,ok,,0.0001962668324928,0.0380469935305258,0.0315108964473269,0.0007610830833612,0.9995664494160932,0.9962997461863718,0.001019764021142,0.2991350363340394,0.0002744285173277,0.000419614818411,0.9999672517315848,0.9557737579577024,0.090286319448132,1.0
5,1,4D-A-102750e40079,4D,4D-A,equal_per_property,64,joint,standardized_anomaly,"[64, 48]",1.0,"[1.0, 1.0]",207810,0.2081357499992009,0.5030682079959661,ok,,0.0040992148959549,0.7867553136547212,0.658227449759749,0.0158981759802856,0.9764071676670546,0.7397840007080224,0.0020207412414791,0.5909644417910285,0.0005437933214863,0.0008314869681567,0.998874110145011,0.6697898564356805,0.4182332067184745,1.0
5,1,4D-D-ff94f89c821d,4D,4D-D,equal_per_property,64,partial-spatial,standardized_anomaly,"[64, 48]",,"[1.0, 1.0]",230208,0.4045200829932582,0.7599372909971862,ok,,8.292350915187971e-05,0.0162341025481179,0.0133143730473272,0.0003215822218457,0.9999652580302028,0.999296467776814,0.0010574700263432,0.3103758508303595,0.0002845763657912,0.0004351313821841,0.9999678349935524,0.9555442411377376,0.0872973997303004,1.0
5,1,4D-E-0ed2b1a0be64,4D,4D-E,equal_per_property,64,joint-property-residual,standardized_anomaly,"[64, 48]",2.0,"[1.0, 1.0]",328516,0.6107200830010697,1.0922295420023147,ok,,0.0004387574696357,0.0820744957395895,0.0704786982721037,0.0017022728973097,0.9992263398733042,0.9822343748078436,0.0011295052157139,0.3318065161180234,0.000303961416577,0.0004647720865998,0.999968734379516,0.9542234688213987,0.1114130225107479,1.0
5,1,4D-C-e7705bff9f37,4D,4D-C,equal_per_property,64,joint,standardized_anomaly,"[64, 48]",2.0,"[1.0, 0.5]",404420,0.3484690000041155,0.6547622500002035,ok,,0.0003728796955017,0.070650713597275,0.0598554729062935,0.0014456899997026,0.9991363349353918,0.987228802675874,0.0009556163993498,0.2800963585529796,0.000257165132078,0.0003932182458636,0.999970921648182,0.961158840686544,0.0941383126172613,1.0
5,1,4D-C-07c1f38e4371,4D,4D-C,equal_per_property,64,joint,standardized_anomaly,"[64, 48]",2.0,"[1.0, 2.0]",404420,0.3159033749980153,0.6137128330010455,ok,,0.0004718826715763,0.089123944800286,0.0757505931657481,0.0018296050418432,0.9989795106481296,0.9704583688920198,0.0009690792767896,0.2842281451356227,0.0002607884066821,0.0003987584124974,0.9999714139598108,0.961388424786804,0.1018571732741242,1.0
5,1,3D-independent-fa9b36e31dc0,3D,3D-independent,equal_per_property,64,independent,raw_minmax,"[80, 48]",,"[1.0, 1.0]",272608,0.2211927079988527,0.5068472079947242,ok,,7.412623453226287e-05,0.0143498392012236,0.011900399986888,0.000287430512502,0.9999500858770746,0.9994108799022522,0.0009311674576484,0.2725249245741116,0.0002505832240034,0.0003831541818647,0.9999749659218744,0.9620595112956326,0.0765348920440982,1.0
5,1,4D-A-4f7fd7861b3e,4D,4D-A,equal_per_property,64,joint,raw_minmax,"[80, 48]",2.0,"[1.0, 1.0]",504948,0.3630620839976473,0.6695044999942183,ok,,0.0001621326744436,0.0317689910118201,0.0260281372300873,0.0006286579301334,0.9996968854477816,0.9971731327629592,0.0013257846681864,0.3880907554059262,0.0003567732444613,0.0005455239916256,0.9999196471036608,0.9135189762678584,0.1161284229755844,1.0
5,1,4D-B-51546c614bcf,4D,4D-B,equal_per_property,64,shared-independent,raw_minmax,"[80, 48]",,"[1.0, 1.0]",259184,0.2813032919948455,0.640338208002504,ok,,0.000162948009141,0.0319294254350608,0.0261590170903865,0.0006318190730667,0.9996955014233072,0.9971622384704298,0.001287229890999,0.376439412312985,0.0003463987720127,0.0005296609085357,0.9999212715631204,0.9156943490091044,0.1129851360020696,1.0
5,1,3D-independent-5cbc421a2b78,3D,3D-independent,equal_per_property,64,independent,mean_centered,"[80, 48]",,"[1.0, 1.0]",272608,0.2454436249972786,0.5547021250022226,ok,,8.154618075244221e-05,0.0158389101655925,0.013091180398655,0.0003161914469587,0.9999380426698772,0.9992992536452012,0.0009422982061231,0.2757453356824783,0.0002535783159689,0.0003877338260775,0.9999678069619988,0.9573323000749224,0.0783171172470022,1.0
5,1,4D-A-a9f18b485be4,4D,4D-A,equal_per_property,64,joint,mean_centered,"[80, 48]",2.0,"[1.0, 1.0]",504948,0.3955040410000947,0.7315616249979939,ok,,8.02239482183984e-05,0.0155885549198565,0.0128795812250076,0.0003110806894217,0.9999300661874102,0.9993342115957216,0.0182841773890889,5.345325650995804,0.0049203133430322,0.0075234032164958,0.9878210382331536,0.4533867996381568,1.4086384250746804,1.0
5,1,4D-B-be3ed22367d4,4D,4D-B,equal_per_property,64,shared-independent,mean_centered,"[80, 48]",,"[1.0, 1.0]",259184,0.269298291997984,0.5557920420033042,ok,,8.878793538313423e-05,0.0172326675520289,0.0142545833360894,0.000344291132929,0.9999233253309426,0.999165004111055,0.0181450569887434,5.304779617410944,0.0048828756366064,0.0074661591059473,0.9880322974921584,0.490735867671015,1.3942654622679844,1.0
5,1,3D-independent-44372d7b9669,3D,3D-independent,equal_per_property,64,independent,ensemble_anomaly,"[80, 48]",,"[1.0, 1.0]",272608,0.2145965419986168,0.49280758399982,ok,,6.505628791077406e-05,0.0126635719155794,0.0104453900558636,0.0002522876391002,0.999971391255849,0.9996013965887632,0.0010358319003815,0.3039503205850341,0.0002787531031982,0.0004262273247657,0.9999673713636824,0.9561172579953472,0.0846886413021395,1.0
5,1,4D-A-abc62af84685,4D,4D-A,equal_per_property,64,joint,ensemble_anomaly,"[80, 48]",2.0,"[1.0, 1.0]",504948,0.3415320420026546,0.6331287920038449,ok,,5.037124519833869e-05,0.0098370248110009,0.0080856506278165,0.00019529282263,0.999977551827306,0.9997559957074894,0.0026743334709179,0.7780479012428708,0.0007196588046426,0.0011003940172418,0.9998721141437096,0.8808325940416001,0.2118976577948317,1.0
5,1,4D-B-643a4d560541,4D,4D-B,equal_per_property,64,shared-independent,ensemble_anomaly,"[80, 48]",,"[1.0, 1.0]",259184,0.2249839170035557,0.5231544999987818,ok,,6.505617080005579e-05,0.0126635473859827,0.0104453710959586,0.0002522871811613,0.9999713917366992,0.9996013997069232,0.0010843164739836,0.3176220873108523,0.0002917978211067,0.0004461733456446,0.9999632702118318,0.952252359107396,0.0885896888224188,1.0
5,1,3D-independent-11e1b067c3e2,3D,3D-independent,equal_per_property,64,independent,standardized_anomaly,"[80, 48]",,"[1.0, 1.0]",272608,0.25055479099683,0.5529467910018866,ok,,6.50562879108405e-05,0.0126635719155918,0.0104453900558743,0.0002522876391004,0.9999713912558478,0.9996013965887623,0.0010358319003815,0.3039503205850359,0.0002787531031982,0.0004262273247657,0.9999673713636829,0.9561172579953472,0.0846886413021432,1.0
5,1,4D-A-3bf6b15a532d,4D,4D-A,equal_per_property,64,joint,standardized_anomaly,"[80, 48]",2.0,"[1.0, 1.0]",504948,0.379829207995499,0.6828597499988973,ok,,0.0003761036338468,0.0703968924804401,0.0603836027233059,0.0014584459259017,0.9991690922776622,0.9869377040248885,0.0009683638420842,0.2839383004658174,0.0002605958792214,0.0003984640284579,0.9999716366891992,0.9615503533257752,0.0950227910677314,1.0
5,1,4D-B-3ee6d3ebd2d3,4D,4D-B,equal_per_property,64,shared-independent,standardized_anomaly,"[80, 48]",,"[1.0, 1.0]",259184,0.2202832910043071,0.5138507919982658,ok,,0.0001340517330615,0.0263343084904436,0.0215183878574325,0.0005197338960785,0.9997858422185484,0.9981383428341286,0.0010266511575647,0.3012033964287053,0.0002762821546159,0.0004224491217905,0.999967219175136,0.955890742983832,0.0876307905025421,1.0
5,1,4D-A-0bf051d8d579,4D,4D-A,equal_per_property,64,joint,standardized_anomaly,"[80, 48]",1.0,"[1.0, 1.0]",259186,0.2192026249977061,0.516030957995099,ok,,0.0040949101221373,0.785974576507959,0.6575360371571755,0.0158814762828866,0.9764454385751364,0.740591707706877,0.0020249226363638,0.5922086277235533,0.0005449186983586,0.0008332077252286,0.9988719022650264,0.6692212554926668,0.4183191806579351,1.0
5,1,4D-D-e24c5d642104,4D,4D-D,equal_per_property,64,partial-spatial,standardized_anomaly,"[80, 48]",,"[1.0, 1.0]",286032,0.4643925419950392,0.8452933750013472,ok,,7.906990221406017e-05,0.0154837083345552,0.0126958625620177,0.0003066433302138,0.999971654827891,0.9993545101240984,0.0010663658145066,0.3130249904835058,0.0002869705428971,0.0004387921977629,0.9999678606340882,0.9555932759110484,0.0877587014501219,1.0
5,1,4D-E-6ca320f290f9,4D,4D-E,equal_per_property,64,joint-property-residual,standardized_anomaly,"[80, 48]",2.0,"[1.0, 1.0]",408916,0.6610952919945703,1.1249335410029744,ok,,0.0003779421560862,0.0702600368871377,0.0607086681763658,0.001466297235931,0.9995312825374708,0.9873290411243056,0.001111751531981,0.3265574287429678,0.0002991845005944,0.000457467945062,0.9999684814583906,0.955316124463883,0.1063737207090028,1.0
5,1,4D-C-4e04f7cc08d6,4D,4D-C,equal_per_property,64,joint,standardized_anomaly,"[80, 48]",2.0,"[1.0, 0.5]",504948,0.3261587920060265,0.6172779999978957,ok,,0.0003520999801143,0.0662235184762472,0.0565218260311539,0.0013651723842546,0.999300540506864,0.9885192115646032,0.0009686124026193,0.2840063764626043,0.0002606629424037,0.0003985665713909,0.999971558993672,0.9613775638989815,0.0938203768017648,1.0
5,1,4D-C-f8d668c31c07,4D,4D-C,equal_per_property,64,joint,standardized_anomaly,"[80, 48]",2.0,"[1.0, 2.0]",504948,0.3273464590020012,0.6204631250002421,ok,,0.0004350793306864,0.0817957673642081,0.069841234282183,0.0016868762214395,0.9992958005558672,0.9732033256781906,0.0009822954241478,0.2881500767812535,0.0002643454721653,0.0004041973421004,0.9999712656256956,0.9607747626919516,0.1007391999900976,1.0
5,1,3D-current-e419eaac8e1a,3D,3D-current,equal_total,32,legacy-independent,raw_minmax,"[48, 48]",,"[1.0, 1.0]",117216,4.417426541003806,4.716212167004414,ok,,0.0009492125519863,0.1841585836540918,0.1523807200163461,0.0036804534719825,0.9950669269878692,0.9374356491259196,0.0012607370111179,0.3690653504353481,0.0003392707402372,0.0005187617943028,0.9999658840889946,0.936728681183334,0.1540354422337033,1.0
5,1,4D-A-current-205a30146a4e,4D,4D-A-current,equal_total,32,legacy-joint,raw_minmax,"[48, 48]",2.0,"[1.0, 1.0]",181972,5.720934290999139,6.021755541005405,ok,,0.0022135729420564,0.4313343723207603,0.3553973549921474,0.0085839168431147,0.9787698058948834,0.8209306914458269,0.0156618538112394,4.578887693027299,0.0042146395335983,0.0064443929507757,0.990622177158716,0.4571127367039109,1.3428000878182975,1.0
5,1,3D-current-5e7711139fcb,3D,3D-current,equal_per_property,64,legacy-independent,raw_minmax,"[48, 48]",,"[1.0, 1.0]",216480,5.385464708000654,5.784241790999658,ok,,0.0009195765131281,0.178327263647362,0.1476227325733579,0.0035655337406522,0.9952047609738214,0.9436146316875468,0.0009524017950001,0.2786864684512225,0.00025629710524,0.0003918909897622,0.9999709687447046,0.9575681016880488,0.1266055913526966,1.0
5,1,4D-A-current-43ce2f360e5a,4D,4D-A-current,equal_per_property,64,legacy-joint,raw_minmax,"[48, 48]",2.0,"[1.0, 1.0]",354964,5.941547582995554,6.302882791998854,ok,,0.0022108062218949,0.4308108903769941,0.3549532161795472,0.0085731895527154,0.978795347253104,0.8217802530222668,0.0156187688338313,4.566260454406445,0.0042030452065679,0.0064266646495086,0.9905994232740346,0.4590263704980721,1.3391670082558174,1.0
5,2,3D-independent-e9bc2b1d9158,3D,3D-independent,equal_total,32,independent,raw_minmax,"[64, 48]",,"[1.0, 1.0]",120704,0.254180333999102,0.5481366669991985,ok,,0.0003768202457425,0.089361359753843,0.0605633916821487,0.0014627872927072,0.9993818917125252,0.9839685355625066,0.0016196128655315,0.4931668912036673,0.0004358646428464,0.0006664586637742,0.9999543885398792,0.9165011411504108,0.1580733531502628,1.0
5,2,4D-A-c5fc8bd2cb2c,4D,4D-A,equal_total,32,joint,raw_minmax,"[64, 48]",2.0,"[1.0, 1.0]",207812,0.3785921250018873,0.6475764169954346,ok,,0.0003381211380447,0.0811894192250146,0.0543394546198356,0.0013124605723488,0.9988598566294596,0.9852165104384474,0.0044456986744345,1.3523358722829804,0.0011964327687378,0.0018294050628685,0.99920522813869,0.6840880817641413,0.3997182488516752,1.0
5,2,4D-B-f835e7c8452f,4D,4D-B,equal_total,32,shared-independent,raw_minmax,"[64, 48]",,"[1.0, 1.0]",109504,0.26503687499644,0.5350411250037723,ok,,0.0004656065382365,0.1110708113886332,0.0748306390490855,0.0018073840461354,0.9985702593766522,0.9744296133866268,0.0042918204912314,1.3075531996906504,0.001155005718683,0.0017660610479851,0.999213129943266,0.692166429180698,0.3963314974489053,1.0
5,2,3D-independent-7cc1fb3009e2,3D,3D-independent,equal_total,32,independent,mean_centered,"[64, 48]",,"[1.0, 1.0]",120704,0.2489287499993224,0.5195409579973784,ok,,0.0003781826687384,0.0899656021258589,0.0607812080343432,0.0014680482099591,0.9993509202685712,0.9837730700935726,0.0016809651797203,0.5120552018638123,0.0004523745573848,0.0006917031422215,0.9999256422568692,0.8962673540569271,0.1655001479786053,1.0
5,2,4D-A-a8d848e0bd2f,4D,4D-A,equal_total,32,joint,mean_centered,"[64, 48]",2.0,"[1.0, 1.0]",207812,0.3853129579947563,0.6535301250041812,ok,,0.0001724026999529,0.0417259547168961,0.0277055023527343,0.0006691708580712,0.999700042868254,0.9963963544611704,0.036505426754262,11.120822728861858,0.0098242848182239,0.0150218189062828,0.9417083681611534,0.303706140862722,2.878124358979202,1.0
5,2,4D-B-2e139466dc24,4D,4D-B,equal_total,32,shared-independent,mean_centered,"[64, 48]",,"[1.0, 1.0]",109504,0.2614392499963287,0.5270570000066073,ok,,0.000379794406569,0.0903509450677975,0.0610402366527518,0.0014743045268683,0.9993349228347498,0.9836017978004294,0.0363532236690814,11.074306691753458,0.0097833245453629,0.0149591886168873,0.9421082820289596,0.3620915794741235,2.872952737045994,1.0
5,2,3D-independent-34daa9e6fa18,3D,3D-independent,equal_total,32,independent,ensemble_anomaly,"[64, 48]",,"[1.0, 1.0]",120704,0.2417405419982969,0.5107539579985314,ok,,0.0003019449341142,0.0732857638911069,0.0485224792589901,0.0011719631959057,0.9996084147356704,0.9891111715534504,0.0017192152422848,0.5225394771448737,0.000462677756556,0.0007074572449341,0.9999463026491976,0.919789183199564,0.1603437659148683,1.0
5,2,4D-A-63c64c98502f,4D,4D-A,equal_total,32,joint,ensemble_anomaly,"[64, 48]",2.0,"[1.0, 1.0]",207812,0.3724402080042637,0.640860542000155,ok,,0.0001507965767531,0.0359877438059394,0.0242354634826068,0.0005853590268075,0.9997925677935262,0.99754744219765,0.0034601335553194,1.0492019588501849,0.0009312253733968,0.0014238897974693,0.9998539634187428,0.8398515724801485,0.2916225488293062,1.0
5,2,4D-B-852478df5431,4D,4D-B,equal_total,32,shared-independent,ensemble_anomaly,"[64, 48]",,"[1.0, 1.0]",109504,0.2613767910006572,0.5407170000034967,ok,,0.0003019416679347,0.0732849769154085,0.0485219543636493,0.0011719505181112,0.9996084261885434,0.989111349972719,0.0017842635316627,0.5414229496870351,0.0004801907037158,0.0007342354100238,0.9999221693491936,0.906820905136124,0.1666854497620055,1.0
5,2,3D-independent-629bdce16d73,3D,3D-independent,equal_total,32,independent,standardized_anomaly,"[64, 48]",,"[1.0, 1.0]",120704,0.2475380830001086,0.5307778339993092,ok,,0.0003019449341143,0.0732857638911262,0.0485224792590039,0.001171963195906,0.999608414735658,0.9891111715534454,0.0017192152422848,0.5225394771448715,0.0004626777565559,0.0007074572449341,0.9999463026491976,0.9197891831995646,0.1603437659148732,1.0
5,2,4D-A-06f4272272b6,4D,4D-A,equal_total,32,joint,standardized_anomaly,"[64, 48]",2.0,"[1.0, 1.0]",207812,0.4210414999979548,0.7416628749997471,ok,,0.0009336487592086,0.22258754335342,0.150052944891421,0.0036242280183454,0.9976404829625792,0.9487692067289116,0.0016614410287825,0.5049202717047917,0.0004471305593491,0.0006836848090507,0.9999488236497284,0.9225685713883276,0.197959731499898,1.0
5,2,4D-B-17b80d300b68,4D,4D-B,equal_total,32,shared-independent,standardized_anomaly,"[64, 48]",,"[1.0, 1.0]",109504,0.345071084004303,0.6373199579975335,ok,,0.00031311788375,0.0753445383448658,0.0503206653649358,0.0012153947758196,0.9994963487802696,0.9880822504127624,0.0017150750031242,0.5213409158259612,0.0004615630421512,0.0007057527913042,0.9999458782719174,0.9189007322201412,0.1607984907135938,1.0
5,2,4D-A-4681118648ec,4D,4D-A,equal_total,32,joint,standardized_anomaly,"[64, 48]",1.0,"[1.0, 1.0]",109506,0.2823005000027478,0.5715811249974649,ok,,0.0036166284062933,0.8481416211073062,0.5813132362589895,0.0140404556525659,0.9772182451363424,0.7320070571843179,0.0021183453298848,0.640580263024466,0.0005701215809831,0.00087174418317,0.9991111143938124,0.6763059298632594,0.4461413476519958,1.0
5,2,4D-D-9e53fbf0a6d8,4D,4D-D,equal_total,32,partial-spatial,standardized_anomaly,"[64, 48]",,"[1.0, 1.0]",131904,0.3838023339994834,0.7836263339995639,ok,,0.0003686275890609,0.0892022748018676,0.0592393893337191,0.0014308086706881,0.999550658650659,0.9837122503871506,0.0017461073814453,0.5304900518176247,0.0004699164875229,0.0007185256237229,0.9999458101938514,0.9175920201712684,0.1672600478350707,1.0
5,2,4D-E-07794d5e4bbe,4D,4D-E,equal_total,32,joint-property-residual,standardized_anomaly,"[64, 48]",2.0,"[1.0, 1.0]",181060,0.45655799999804,0.8443805830029305,ok,,0.0006756955042536,0.1536836797638215,0.1086265776168013,0.0026236571792753,0.9985192817148266,0.9657540555035892,0.001733139275301,0.5274195968705436,0.000466420665068,0.0007131803377486,0.999945259540965,0.9187573914806832,0.1847118882855572,1.0
5,2,4D-C-3fe7ec5ee326,4D,4D-C,equal_total,32,joint,standardized_anomaly,"[64, 48]",2.0,"[1.0, 0.5]",207812,0.358900083003391,0.6455552500046906,ok,,0.0009666509802268,0.2347830901411868,0.1553391552539997,0.0037519058304723,0.9972183288947166,0.9464619013563418,0.0016459309555287,0.4999344734910456,0.0004429586099885,0.0006773056914924,0.9999489248802732,0.922607043138635,0.200045772846186,1.0
5,2,4D-C-5b31da2b924b,4D,4D-C,equal_total,32,joint,standardized_anomaly,"[64, 48]",2.0,"[1.0, 2.0]",207812,0.3510978339982102,0.6292463749996386,ok,,0.0011503378640979,0.2784634816759236,0.1848608746357855,0.004464943769252,0.9966609295170872,0.9277774695614424,0.0016458759970498,0.4996276074733587,0.0004429461099261,0.0006772865782769,0.9999511869921488,0.9243758671534535,0.2130036051979586,1.0
5,2,3D-independent-7db5f3bc9ad5,3D,3D-independent,equal_total,32,independent,raw_minmax,"[80, 48]",,"[1.0, 1.0]",149728,0.2552716249992954,0.5266600830000243,ok,,0.0003613571844573,0.0851064023663896,0.0580805606225119,0.0014028194866927,0.9995195204637848,0.9854395084451254,0.0016197789399926,0.4931985223464671,0.0004359094641351,0.0006665271977483,0.9999546574702428,0.9168102772781076,0.1567950079628101,1.0
5,2,4D-A-9e409054ed54,4D,4D-A,equal_total,32,joint,raw_minmax,"[80, 48]",2.0,"[1.0, 1.0]",259188,0.3880386250020819,0.6544598330001463,ok,,0.0001778956676691,0.0422068873699375,0.028591701472202,0.0006905752209175,0.999714963825446,0.9957712217412312,0.0021910788221785,0.6633739326223761,0.000589686751333,0.0009016602993357,0.999892352528417,0.8549082683954191,0.1950602687309971,1.0
5,2,4D-B-2fb1b6b4a839,4D,4D-B,equal_total,32,shared-independent,raw_minmax,"[80, 48]",,"[1.0, 1.0]",136304,0.2696159580009407,0.5443829580035526,ok,,0.0003781390703915,0.089181923937431,0.0607773864338092,0.0014679559068608,0.9993578242951778,0.9836819790551402,0.0018560447565459,0.5653749773418146,0.0004994922178102,0.0007637483826939,0.9999025997979096,0.8728370695100218,0.1815743442491661,1.0
5,2,3D-independent-dbbd1a2865ca,3D,3D-independent,equal_total,32,independent,mean_centered,"[80, 48]",,"[1.0, 1.0]",149728,0.2569922919938108,0.5240268749985262,ok,,0.0003627069642004,0.085512863514851,0.0582971441711708,0.0014080506280471,0.9995113841009556,0.985260947503949,0.0016274197932403,0.4956015197123363,0.0004379651969817,0.0006696705152633,0.9999449147493102,0.9118849300262872,0.1581353611155173,1.0
5,2,4D-A-85017caccbe9,4D,4D-A,equal_total,32,joint,mean_centered,"[80, 48]",2.0,"[1.0, 1.0]",259188,0.4108972920002998,0.6872495409988915,ok,,8.824346644926123e-05,0.0214094641696101,0.0141807126968848,0.0003425066819804,0.9999251024912305,0.9990251946117156,0.017265101408347,5.2589988810549535,0.0046463629384058,0.0071045194561262,0.9876899890118032,0.4054848602428043,1.394538329449326,1.0
5,2,4D-B-4bb821f89672,4D,4D-B,equal_total,32,shared-independent,mean_centered,"[80, 48]",,"[1.0, 1.0]",136304,0.2713509169989265,0.538690041998052,ok,,0.000364305551453,0.0859280286639507,0.0585539264013601,0.0014142526879529,0.999501748566667,0.985142065228364,0.0169477226795673,5.161971402457348,0.0045609517355681,0.0069739214894206,0.9881743752412072,0.510362391445069,1.375036800696145,1.0
5,2,3D-independent-3e92f69676cb,3D,3D-independent,equal_total,32,independent,ensemble_anomaly,"[80, 48]",,"[1.0, 1.0]",149728,0.2541270410001743,0.521089916001074,ok,,0.0002754176997122,0.0671880248534307,0.0442581649254058,0.001068967233394,0.9997513507560986,0.990625488840414,0.0017195286907872,0.5226324574362043,0.0004627621330941,0.0007075862608471,0.9999463156070952,0.9198176593267738,0.1586497270515103,1.0
5,2,4D-A-8bea2cabc037,4D,4D-A,equal_total,32,joint,ensemble_anomaly,"[80, 48]",2.0,"[1.0, 1.0]",259188,0.3990152500045951,0.6749264159952872,ok,,6.245510216786157e-05,0.0151185508445954,0.0100366665299747,0.0002424155558895,0.9999690756614048,0.999583417556663,0.0034829394499302,1.05579162782323,0.0009373655548992,0.0014332784396238,0.9998584707100652,0.8471913774992991,0.2868806952849611,1.0
5,2,4D-B-2828b82824ed,4D,4D-B,equal_total,32,shared-independent,ensemble_anomaly,"[80, 48]",,"[1.0, 1.0]",136304,0.2841285419999622,0.5708500839973567,ok,,0.0002754179374896,0.0671880591247811,0.044258203233571,0.0010689681586509,0.9997513535509572,0.990625501335864,0.0017398332297783,0.5285444702238657,0.0004682285866745,0.0007159447395827,0.9999458641045776,0.916779039490835,0.1605075647338243,1.0
5,2,3D-independent-86c75f98455a,3D,3D-independent,equal_total,32,independent,standardized_anomaly,"[80, 48]",,"[1.0, 1.0]",149728,0.2511786670002038,0.5464367499953369,ok,,0.0002754176997121,0.0671880248534125,0.0442581649253927,0.0010689672333937,0.9997513507560812,0.9906254888404148,0.0017195286907872,0.5226324574362035,0.0004627621330941,0.0007075862608471,0.999946315607095,0.9198176593267744,0.1586497270515053,1.0
5,2,4D-A-4ea76ef087a9,4D,4D-A,equal_total,32,joint,standardized_anomaly,"[80, 48]",2.0,"[1.0, 1.0]",259188,0.5033431249976275,0.801748249999946,ok,,0.0009242214209284,0.2204333832320075,0.148537439235656,0.0035876240179137,0.9978398919090598,0.9511696458150204,0.001671382586501,0.5079248595736866,0.0004498061324666,0.0006877758930926,0.9999493777014709,0.9227544032028638,0.197849054574188,1.0
5,2,4D-B-934096b5cda8,4D,4D-B,equal_total,32,shared-independent,standardized_anomaly,"[80, 48]",,"[1.0, 1.0]",136304,0.2821099579959991,0.5625534580030944,ok,,0.0002914596629497,0.0706279570612254,0.0468379731124163,0.001131277327475,0.9996384018747468,0.9895439106968216,0.0017170713686842,0.5219096029919521,0.0004621006036604,0.0007065747495222,0.999946268264165,0.9194639385207092,0.159508408861103,1.0
5,2,4D-A-b80c4d29ed28,4D,4D-A,equal_total,32,joint,standardized_anomaly,"[80, 48]",1.0,"[1.0, 1.0]",136306,0.2900050419993931,0.5714552089993958,ok,,0.0036101781943502,0.8465484150917962,0.5802768072244598,0.0140154227873417,0.977289955080362,0.7335435927858881,0.0021247201473906,0.6425309288880663,0.0005718370955025,0.0008743672899832,0.9991075379423848,0.6758212563760959,0.4460992298497176,1.0
5,2,4D-D-2ecf0e4138e3,4D,4D-D,equal_total,32,partial-spatial,standardized_anomaly,"[80, 48]",,"[1.0, 1.0]",163152,0.4017436249996535,0.7873385000057169,ok,,0.0003319626148909,0.0814527544199771,0.0533426319466832,0.0012883843193704,0.9996678739449508,0.9869731426341226,0.0017177723206894,0.5221184345768822,0.0004622892844595,0.0007068632518251,0.9999461795872738,0.9195221952027348,0.1625808800196076,1.0
5,2,4D-E-4f4328240852,4D,4D-E,equal_total,32,joint-property-residual,standardized_anomaly,"[80, 48]",2.0,"[1.0, 1.0]",224596,0.4939739580004243,0.8772024169957149,ok,,0.0006719836478911,0.1533112919088801,0.1080276783188001,0.0026091919675625,0.9985775952794288,0.9681265923724726,0.0016983793700816,0.516521015102588,0.0004570683386742,0.0006988801666888,0.9999477871349968,0.9209159010655052,0.1813277650731198,1.0
5,2,4D-C-44adce3e7a5f,4D,4D-C,equal_total,32,joint,standardized_anomaly,"[80, 48]",2.0,"[1.0, 0.5]",259188,0.401774584002851,0.6823795000018436,ok,,0.0009589473369578,0.2318188533446271,0.1541057492767791,0.0037221153821484,0.9973939897104076,0.9483079494791532,0.0016534629712778,0.5022028781717435,0.0004449856813666,0.0006804051842002,0.9999500675575104,0.9234233317399564,0.1995390227267039,1.0
5,2,4D-C-1150f24dbbfa,4D,4D-C,equal_total,32,joint,standardized_anomaly,"[80, 48]",2.0,"[1.0, 2.0]",259188,0.4122631249992992,0.6961172500014072,ok,,0.001149251673993,0.2776968380461921,0.1846884053812792,0.004460778120221,0.9968493549633854,0.929486952332112,0.001647282636616,0.5000281137290655,0.0004433248627188,0.0006778657100882,0.999951378688611,0.9244767775125916,0.2126857717132264,1.0
5,2,3D-independent-82249d692984,3D,3D-independent,equal_per_property,64,independent,raw_minmax,"[64, 48]",,"[1.0, 1.0]",219008,0.223619125004916,0.5121692079992499,ok,,0.0001605063457585,0.0389559361927764,0.0257932749413348,0.000622984839084,0.999743603053397,0.9967000497860382,0.0012051558583922,0.3661109668352084,0.0003243354200553,0.000495924948748,0.999964570762191,0.9461767172769108,0.1084071298741276,1.0
5,2,4D-A-63bd70d89f36,4D,4D-A,equal_per_property,64,joint,raw_minmax,"[64, 48]",2.0,"[1.0, 1.0]",404420,0.3176219580054749,0.6016462080006022,ok,,0.0003260025032878,0.0784932364373445,0.0523909894513164,0.0012653993029973,0.998893782993397,0.9862968047844838,0.0041667052518883,1.269103119559085,0.00112133825282,0.0017145818223128,0.99922266947863,0.7031148182817252,0.3757226361158312,1.0
5,2,4D-B-49fc67f13645,4D,4D-B,equal_per_property,64,shared-independent,raw_minmax,"[64, 48]",,"[1.0, 1.0]",207808,0.2176333329989574,0.5012472500020522,ok,,0.0003236477044563,0.077863170818588,0.0520128168053762,0.0012562653009943,0.9988973734894372,0.9864867311321538,0.004142688983117,1.2616381633205946,0.0011148766202951,0.0017047016655967,0.999226125765246,0.7063873651190274,0.3732660715033979,1.0
5,2,3D-independent-64af48d38810,3D,3D-independent,equal_per_property,64,independent,mean_centered,"[64, 48]",,"[1.0, 1.0]",219008,0.2169730000023264,0.4976555829998688,ok,,0.0001691258581405,0.0408449754198413,0.0271792761931456,0.0006564609203026,0.9997146383213285,0.9965432421764514,0.001268127560319,0.3851204530615652,0.0003412843322189,0.0005218406763446,0.9999391004429476,0.9277308284371086,0.1159570982936566,1.0
5,2,4D-A-fbc2ac4d32c8,4D,4D-A,equal_per_property,64,joint,mean_centered,"[64, 48]",2.0,"[1.0, 1.0]",404420,0.3123916670010658,0.5917043749941513,ok,,0.0001702278887973,0.0411518645176761,0.027356205048606,0.0006607342820529,0.9997026948891076,0.996482481795384,0.0364669572925997,11.108624208795618,0.0098139348552319,0.015005993299368,0.941685877689936,0.294094983772008,2.8761218351323996,1.0
5,2,4D-B-6a56509ea188,4D,4D-B,equal_per_property,64,shared-independent,mean_centered,"[64, 48]",,"[1.0, 1.0]",207808,0.2214376670017372,0.5048781250006869,ok,,0.000172339689345,0.041708438816423,0.0276953857746862,0.0006689265124129,0.9997000161694284,0.996398460553624,0.0363365558629462,11.06915817564709,0.0097788396334437,0.0149523309640496,0.9421286499660838,0.3632942688825045,2.857755062436362,1.0
5,2,3D-independent-5a93f5036396,3D,3D-independent,equal_per_property,64,independent,ensemble_anomaly,"[64, 48]",,"[1.0, 1.0]",219008,0.2116896250008721,0.4955219590046908,ok,,0.0001508007790929,0.0359888499638812,0.0242361384494812,0.000585375329279,0.9997925517568156,0.9975470953259092,0.0012599510626375,0.3796516936747682,0.0003391073399417,0.0005185119471441,0.9999516603765608,0.947162458358615,0.1108214416990968,1.0
5,2,4D-A-cbe030d90365,4D,4D-A,equal_per_property,64,joint,ensemble_anomaly,"[64, 48]",2.0,"[1.0, 1.0]",404420,0.3209351670011529,0.6330534169974271,ok,,0.0001482597645579,0.0353738752214085,0.0238277914368156,0.0005755125259493,0.9997962442605391,0.9976271065257,0.0026808587141501,0.8135916022575471,0.0007214921856969,0.0011031973478347,0.9998824807735152,0.8573430464718325,0.2303701002450474,1.0
5,2,4D-B-6939f5acac9e,4D,4D-B,equal_per_property,64,shared-independent,ensemble_anomaly,"[64, 48]",,"[1.0, 1.0]",207808,0.2780208330004825,0.6367243329950725,ok,,0.0001507950886591,0.0359873898175525,0.0242352243280265,0.0005853532505082,0.9997925635760048,0.9975472392797152,0.0013278402371875,0.399608335881064,0.0003573834373148,0.0005464570067726,0.9999323377723656,0.9360992310687852,0.1171931226310915,1.0
5,2,3D-independent-7a2c6100f5cb,3D,3D-independent,equal_per_property,64,independent,standardized_anomaly,"[64, 48]",,"[1.0, 1.0]",219008,0.2881779169983929,0.6266644169954816,ok,,0.000150800779093,0.0359888499639235,0.0242361384495106,0.0005853753292797,0.9997925517568022,0.9975470953259044,0.0012599510626374,0.3796516936747596,0.0003391073399417,0.0005185119471441,0.9999516603765604,0.947162458358616,0.1108214416991057,1.0
5,2,4D-A-c45120ace2c4,4D,4D-A,equal_per_property,64,joint,standardized_anomaly,"[64, 48]",2.0,"[1.0, 1.0]",404420,0.3295703750045504,0.6367855420030537,ok,,0.000543071110434,0.1274453434487166,0.0872890842413883,0.0021082928097964,0.9985926632777172,0.9769041705869888,0.0011726033459989,0.3531700469791785,0.0003155994056484,0.0004825671492938,0.9999556706910312,0.9536348888762906,0.1288364651740638,1.0
5,2,4D-B-f843c8275099,4D,4D-B,equal_per_property,64,shared-independent,standardized_anomaly,"[64, 48]",,"[1.0, 1.0]",207808,0.2181007910039625,0.5201101249986095,ok,,0.0001597994926157,0.0369163833847486,0.0256874175020645,0.0006204280648892,0.9997009971081412,0.9969561111781156,0.0012350780928595,0.371967945998533,0.000332414283616,0.0005082779319548,0.999951132680244,0.947033431510537,0.1092223895097388,1.0
5,2,4D-A-102750e40079,4D,4D-A,equal_per_property,64,joint,standardized_anomaly,"[64, 48]",1.0,"[1.0, 1.0]",207810,0.1986049999977694,0.4904655419959454,ok,,0.003789690902529,0.8905938041734093,0.6091224183934774,0.014712130687881,0.9761511205143726,0.7329857436177507,0.0019141888806017,0.5782990163815679,0.0005151801184181,0.0007877359610584,0.9991707764777172,0.6950045496452882,0.4387244184808644,1.0
5,2,4D-D-ff94f89c821d,4D,4D-D,equal_per_property,64,partial-spatial,standardized_anomaly,"[64, 48]",,"[1.0, 1.0]",230208,0.401741707995825,0.7706080419957289,ok,,9.874676522352365e-05,0.023545955644306,0.0158702715065361,0.0003833145873568,0.9999496611356022,0.998755450733834,0.0014664378793527,0.4442474354898878,0.0003946630611081,0.000603459401133,0.9999503402814858,0.9374408769445464,0.1249238068237509,1.0
5,2,4D-E-0ed2b1a0be64,4D,4D-E,equal_per_property,64,joint-property-residual,standardized_anomaly,"[64, 48]",2.0,"[1.0, 1.0]",328516,0.6004627509973943,1.0642028329966706,ok,,0.0007194291092474,0.1752433866210584,0.1156086739108793,0.0027922957157206,0.9978475721025096,0.9629379072805498,0.0015979033089793,0.4853476024936629,0.0004300335290722,0.0006575426015103,0.9999465237845476,0.9255739178135028,0.1790837691419237,1.0
5,2,4D-C-e7705bff9f37,4D,4D-C,equal_per_property,64,joint,standardized_anomaly,"[64, 48]",2.0,"[1.0, 0.5]",404420,0.311349292001978,0.6161258329957491,ok,,0.000592964959079,0.1392517578381656,0.0953083111336188,0.0023019811563285,0.9983196883035736,0.9728845940413774,0.0011455682028961,0.3448272462206523,0.0003083247189215,0.0004714437923642,0.9999539212900008,0.9532078469206956,0.1302581958944453,1.0
5,2,4D-C-07c1f38e4371,4D,4D-C,equal_per_property,64,joint,standardized_anomaly,"[64, 48]",2.0,"[1.0, 2.0]",404420,0.3078472909983247,0.6042250829996192,ok,,0.0006740642498863,0.1638648795237492,0.1083205793818915,0.0026162664054566,0.9980958443229412,0.9616530373049984,0.0011988833631544,0.3611968150285403,0.0003226716928788,0.0004933810273515,0.9999549276963212,0.9536097056091704,0.1418575807738013,1.0
5,2,3D-independent-fa9b36e31dc0,3D,3D-independent,equal_per_property,64,independent,raw_minmax,"[80, 48]",,"[1.0, 1.0]",272608,0.2196046250028303,0.5064895830000751,ok,,7.099202874397293e-05,0.0173223995108245,0.0114079963049125,0.0002755372770015,0.9999530280354147,0.9993665145281864,0.0012116058989156,0.3681036855816673,0.0003260710339083,0.0004985787884395,0.9999648172778736,0.9463890158071274,0.1031370799812087,1.0
5,2,4D-A-4f7fd7861b3e,4D,4D-A,equal_per_property,64,joint,raw_minmax,"[80, 48]",2.0,"[1.0, 1.0]",504948,0.3442316669970751,0.6343238330009626,ok,,0.0001502693700207,0.035983861184264,0.0241501869128467,0.0005832993422498,0.99975607359865,0.9970896985691428,0.0015717239192534,0.478289077952133,0.0004229811386825,0.0006467591467092,0.9999096759508768,0.8935851297810607,0.1422338812403238,1.0
5,2,4D-B-51546c614bcf,4D,4D-B,equal_per_property,64,shared-independent,raw_minmax,"[80, 48]",,"[1.0, 1.0]",259184,0.2220845840056426,0.5167027080024127,ok,,0.000144794044157,0.0345262222619657,0.0232708369789178,0.0005620604077472,0.9997618319795836,0.9972606161660053,0.0014949057916265,0.4543056723628446,0.0004023137858582,0.0006151577388568,0.9999115803766356,0.9005380657973708,0.1349831384107805,1.0
5,2,3D-independent-5cbc421a2b78,3D,3D-independent,equal_per_property,64,independent,mean_centered,"[80, 48]",,"[1.0, 1.0]",272608,0.2194285420046071,0.5040672089962754,ok,,7.986758595402648e-05,0.0193735290302601,0.0128347263634654,0.0003099970808832,0.9999401432492444,0.999206759368408,0.0012049629126162,0.3660549910402683,0.0003242836773399,0.0004958458315691,0.999959518883546,0.9437304537693816,0.1034899783754084,1.0
5,2,4D-A-a9f18b485be4,4D,4D-A,equal_per_property,64,joint,mean_centered,"[80, 48]",2.0,"[1.0, 1.0]",504948,0.3269244170005549,0.6114041250039008,ok,,8.372923697911958e-05,0.0202355083100555,0.0134556072297007,0.0003249932133022,0.9999287506023458,0.999125763821898,0.0171983859978889,5.237591939850059,0.0046284153789765,0.0070770767473138,0.9876436386969142,0.4018083415931699,1.3893400988631452,1.0
5,2,4D-B-be3ed22367d4,4D,4D-B,equal_per_property,64,shared-independent,mean_centered,"[80, 48]",,"[1.0, 1.0]",259184,0.2317278749978868,0.5226709159978782,ok,,8.812334429596046e-05,0.0213763223099173,0.0141614256521226,0.0003420408420859,0.9999252103097376,0.9990281533911088,0.0169098520593324,5.150313882547574,0.0045507613139443,0.0069583398291732,0.9881853207474656,0.5152849308326277,1.3536334156864058,1.0
5,2,3D-independent-44372d7b9669,3D,3D-independent,equal_per_property,64,independent,ensemble_anomaly,"[80, 48]",,"[1.0, 1.0]",272608,0.2241511249958421,0.5029761659970973,ok,,6.244833544760522e-05,0.0151170342319917,0.0100355786214254,0.0002423892796399,0.9999690802419172,0.9995830779022536,0.0012642202802024,0.3809784034005727,0.0003402560816287,0.0005202684301768,0.999951563229346,0.947060608282382,0.1056933986350616,1.0
5,2,4D-A-abc62af84685,4D,4D-A,equal_per_property,64,joint,ensemble_anomaly,"[80, 48]",2.0,"[1.0, 1.0]",504948,0.3527482909994432,0.6633389580019866,ok,,5.5302637304347174e-05,0.0134432627825499,0.0088870175849261,0.0002146480907397,0.9999732222413416,0.9996755934635804,0.0026261966280234,0.7977721307048243,0.0007067757285602,0.0010806951547347,0.9998974564833552,0.8662876086953889,0.2195584481019724,1.0
5,2,4D-B-643a4d560541,4D,4D-B,equal_per_property,64,shared-independent,ensemble_anomaly,"[80, 48]",,"[1.0, 1.0]",259184,0.3133032090045162,0.6410242920028395,ok,,6.244760792684464e-05,0.0151168458188011,0.0100354617586114,0.0002423864570529,0.9999690812121674,0.9995830906067802,0.0012679968907573,0.3818165793074785,0.0003412748733723,0.0005218262132989,0.9999531005251472,0.9458083644720084,0.1060594243967213,1.0
5,2,3D-independent-11e1b067c3e2,3D,3D-independent,equal_per_property,64,independent,standardized_anomaly,"[80, 48]",,"[1.0, 1.0]",272608,0.2608784589974675,0.6106916249991627,ok,,6.244833544739403e-05,0.0151170342319362,0.0100355786213915,0.000242389279639,0.9999690802418434,0.999583077902257,0.0012642202802024,0.3809784034005746,0.0003402560816287,0.0005202684301768,0.9999515632293464,0.947060608282383,0.1056933986350477,1.0
5,2,4D-A-3bf6b15a532d,4D,4D-A,equal_per_property,64,joint,standardized_anomaly,"[80, 48]",2.0,"[1.0, 1.0]",504948,0.3730974170030094,0.674668624997139,ok,,0.0005376317307132,0.1275635162440766,0.0864089802345408,0.0020870356621743,0.9987241507538664,0.9771201007365868,0.0011852567931259,0.3569581187104756,0.0003190050623398,0.0004877745673422,0.999956124240668,0.954222320993924,0.1297126060223242,1.0
5,2,4D-B-3ee6d3ebd2d3,4D,4D-B,equal_per_property,64,shared-independent,standardized_anomaly,"[80, 48]",,"[1.0, 1.0]",259184,0.217019290997996,0.5040948329988169,ok,,0.000109765388863,0.0255473017834889,0.0176437597021939,0.0004261496387686,0.9998528763474682,0.9985304672016332,0.0012492647561947,0.376343816497013,0.0003362318210337,0.0005141151360687,0.9999514707732988,0.9471847421901683,0.1072583783961503,1.0
5,2,4D-A-0bf051d8d579,4D,4D-A,equal_per_property,64,joint,standardized_anomaly,"[80, 48]",1.0,"[1.0, 1.0]",259186,0.2056992090001586,0.4956857500001206,ok,,0.003783267045969,0.8891810058944554,0.6080895041305828,0.0146871827149183,0.9763241625354449,0.7346445171003041,0.0019201962339892,0.580080373615324,0.0005167971687548,0.000790208511251,0.9991699804163656,0.6946773776911482,0.4386501080285133,1.0
5,2,4D-D-e24c5d642104,4D,4D-D,equal_per_property,64,partial-spatial,standardized_anomaly,"[80, 48]",,"[1.0, 1.0]",286032,0.397344917008013,0.7478420000043116,ok,,9.075687730868164e-05,0.0215539624046897,0.0145865338116922,0.000352308477312,0.999958467488296,0.9990723415617044,0.0015318448351949,0.4647894732087121,0.0004122597603689,0.0006303656273404,0.9999490431853704,0.9341876657237016,0.1299283579926747,1.0
5,2,4D-E-6ca320f290f9,4D,4D-E,equal_per_property,64,joint-property-residual,standardized_anomaly,"[80, 48]",2.0,"[1.0, 1.0]",408916,0.5979761240014341,1.0473265830005405,ok,,0.0004247577539759,0.1066993919446434,0.0682431710139171,0.0016482769640299,0.9993834353882894,0.9841965526056576,0.0014916603093692,0.4517677420685353,0.0004014522816413,0.0006138404561667,0.9999469718965742,0.9323688414839536,0.1500461092420932,1.0
5,2,4D-C-4e04f7cc08d6,4D,4D-C,equal_per_property,64,joint,standardized_anomaly,"[80, 48]",2.0,"[1.0, 0.5]",504948,0.3122393750018091,0.5981279999978142,ok,,0.0005828028184539,0.1375470961596947,0.0936721532210819,0.0022624630425497,0.9985171183833916,0.9746545549210208,0.0011726105891829,0.3531163164016249,0.0003156019148334,0.0004825709859621,0.9999561483458272,0.9540515310213812,0.1315775923975296,1.0
5,2,4D-C-f8d668c31c07,4D,4D-C,equal_per_property,64,joint,standardized_anomaly,"[80, 48]",2.0,"[1.0, 2.0]",504948,0.3075807910063304,0.5970582500012824,ok,,0.0006820925788789,0.1675528421926905,0.1096035088233926,0.0026472529937626,0.9982038480774412,0.962245161147438,0.0012067256845482,0.3636007150818979,0.000324782081952,0.0004966079169487,0.999954895475716,0.9536155256404006,0.1433058034701673,1.0
5,2,3D-current-e419eaac8e1a,3D,3D-current,equal_total,32,legacy-independent,raw_minmax,"[48, 48]",,"[1.0, 1.0]",117216,3.91441479200148,4.1834447080036625,ok,,0.0009147568280746,0.2208801006288732,0.147005579418208,0.0035506250154977,0.9954525451932748,0.9328466623224982,0.0016284053940078,0.4959425094209972,0.0004382302224112,0.000670075752294,0.9999516969445056,0.9132663405936704,0.1984415271479465,1.0
5,2,4D-A-current-205a30146a4e,4D,4D-A-current,equal_total,32,legacy-joint,raw_minmax,"[48, 48]",2.0,"[1.0, 1.0]",181972,5.193776207997871,5.462311291994411,ok,,0.0020318345900635,0.4947081260234665,0.3265083100010217,0.0078861535585629,0.9802586219064652,0.8246740015549117,0.0158273493282802,4.820632827375434,0.0042594387265177,0.0065128931394036,0.9896413708883972,0.4432481337903028,1.4203449714315732,1.0
5,2,3D-current-5e7711139fcb,3D,3D-current,equal_per_property,64,legacy-independent,raw_minmax,"[48, 48]",,"[1.0, 1.0]",216480,3.958288916001038,4.240987749995838,ok,,0.0008718898888469,0.2105805018359937,0.1401164707754955,0.0033842324093252,0.9956692299971802,0.941037376445402,0.0012092973422803,0.3673308007623812,0.0003254506076062,0.0004976301258419,0.9999621018582516,0.9434177944389835,0.1589209292890455,1.0
5,2,4D-A-current-43ce2f360e5a,4D,4D-A-current,equal_per_property,64,legacy-joint,raw_minmax,"[48, 48]",2.0,"[1.0, 1.0]",354964,5.259365874997457,5.540540124995459,ok,,0.0020301209559726,0.4943235054866162,0.326232801603057,0.0078794992056216,0.9802618377012036,0.8253327143578629,0.015753657193753,4.798598130128801,0.004239604033231,0.0064825649092955,0.9896513772347256,0.4472506146020754,1.4141574927838625,1.0
5,3,3D-independent-e9bc2b1d9158,3D,3D-independent,equal_total,32,independent,raw_minmax,"[64, 48]",,"[1.0, 1.0]",120704,0.2400664999950095,0.509751249999681,ok,,0.0003261401635656,0.0415342155900741,0.0521655864577893,0.0014658510825691,0.9993004306806422,0.992038675657842,0.0015934349678591,0.354393657581433,0.0004283737202832,0.0006550046715226,0.9999492192036336,0.9272642792232604,0.1090690989327389,1.0
5,3,4D-A-c5fc8bd2cb2c,4D,4D-A,equal_total,32,joint,raw_minmax,"[64, 48]",2.0,"[1.0, 1.0]",207812,0.3694099999993341,0.6382547920002253,ok,,0.0004055406339539,0.0463110399738998,0.0647774354385632,0.0018202435803248,0.9979362176812252,0.9829775913353463,0.0045955465086286,1.0401117882695416,0.0012353559966571,0.0018889206094829,0.9991951800402232,0.6541648019943366,0.31696290789465,1.0
5,3,4D-B-f835e7c8452f,4D,4D-B,equal_total,32,shared-independent,raw_minmax,"[64, 48]",,"[1.0, 1.0]",109504,0.3533760000063921,0.6496376249997411,ok,,0.0004838584619663,0.0578498388791426,0.0773296088967598,0.002172959198066,0.9977207381446092,0.9786842817708944,0.0043244161532532,0.9764672068512654,0.0011624401987809,0.001777428736907,0.9992102387854486,0.6632069584339216,0.303342856407,1.0
5,3,3D-independent-7cc1fb3009e2,3D,3D-independent,equal_total,32,independent,mean_centered,"[64, 48]",,"[1.0, 1.0]",120704,0.3341465000048629,0.661468166996201,ok,,0.0003399298290492,0.0431308171854815,0.054369615565443,0.0015277842203491,0.9991837616103464,0.991210400456634,0.0016673482596669,0.3700586059146852,0.0004482355274764,0.0006853743601389,0.9999200648674126,0.8945457852591225,0.1175778325605721,1.0
5,3,4D-A-a8d848e0bd2f,4D,4D-A,equal_total,32,joint,mean_centered,"[64, 48]",2.0,"[1.0, 1.0]",207812,0.4700907079968601,0.8033822090001195,ok,,0.0001938463477297,0.022432698143809,0.030972101149411,0.0008703149160614,0.9994218459808142,0.9958732346932032,0.0336869162517101,7.654771760978534,0.009055279415424,0.0138459714921907,0.9473971311910504,0.2142741701074587,2.0180326891805027,1.0
5,3,4D-B-2e139466dc24,4D,4D-B,equal_total,32,shared-independent,mean_centered,"[64, 48]",,"[1.0, 1.0]",109504,0.302700416999869,0.5974397500031046,ok,,0.0003456275197839,0.0436917632541231,0.0552784131015034,0.0015533213980659,0.9991349086217084,0.9908386969778654,0.033443085796751,7.600273087236663,0.0089897449516792,0.0137457660457169,0.948207917500098,0.3071052591026099,1.998748218112637,1.0
5,3,3D-independent-34daa9e6fa18,3D,3D-independent,equal_total,32,independent,ensemble_anomaly,"[64, 48]",,"[1.0, 1.0]",120704,0.2827765830006683,0.5730297080008313,ok,,0.000371873153469,0.0463401319428124,0.0594666265428634,0.0016710100434723,0.9992667122243124,0.9911638446194598,0.0021026167759309,0.4442949728713818,0.0005650997737316,0.000864065590732,0.9998850739011532,0.9096647256898104,0.1350552049148898,1.0
5,3,4D-A-63c64c98502f,4D,4D-A,equal_total,32,joint,ensemble_anomaly,"[64, 48]",2.0,"[1.0, 1.0]",207812,0.3946283750046859,0.6946873749984661,ok,,0.0001644142699632,0.0176991269020665,0.026243910714771,0.0007374529367789,0.9996109406259944,0.9973853638324304,0.0041469378954225,0.9060685567891495,0.0011146504880001,0.0017043558980983,0.9997655203856466,0.8312901457742399,0.2523574822219703,1.0
5,3,4D-B-852478df5431,4D,4D-B,equal_total,32,shared-independent,ensemble_anomaly,"[64, 48]",,"[1.0, 1.0]",109504,0.2751781249971827,0.5547352500070701,ok,,0.0003718730190522,0.0463400683513675,0.0594666041702063,0.0016710094148014,0.9992667036923092,0.9911638366428868,0.0021065821793094,0.4463382718105403,0.0005661753142923,0.0008657101456109,0.9998449353485244,0.8866168302441787,0.1384470016795938,1.0
5,3,3D-independent-629bdce16d73,3D,3D-independent,equal_total,32,independent,standardized_anomaly,"[64, 48]",,"[1.0, 1.0]",120704,0.2352625830026227,0.5124722499967902,ok,,0.000371873153469,0.0463401319428129,0.0594666265428634,0.0016710100434723,0.9992667122243172,0.9911638446194596,0.0021026167759308,0.4442949728713798,0.0005650997737316,0.000864065590732,0.9998850739011532,0.909664725689813,0.1350552049148891,1.0
5,3,4D-A-06f4272272b6,4D,4D-A,equal_total,32,joint,standardized_anomaly,"[64, 48]",2.0,"[1.0, 1.0]",207812,0.3514744999993127,0.6312369999941438,ok,,0.0014923050357023,0.1608189997380239,0.2382113450984827,0.0066937301351995,0.9923663536378144,0.9454653497469064,0.0023711894520283,0.4958419375642993,0.0006372769810576,0.0009744281217125,0.9998828542727028,0.8974375670277012,0.1838023697287548,1.0
5,3,4D-B-17b80d300b68,4D,4D-B,equal_total,32,shared-independent,standardized_anomaly,"[64, 48]",,"[1.0, 1.0]",109504,0.2470073330041486,0.5230338749970542,ok,,0.0004737828497772,0.055299333420862,0.0756880691304848,0.0021268319903249,0.9978972341446588,0.9840230776691056,0.0020897518596714,0.4415361203892893,0.0005616420361495,0.0008587785384178,0.9998848272965608,0.9079974968276676,0.1377062916404412,1.0
5,3,4D-A-4681118648ec,4D,4D-A,equal_total,32,joint,standardized_anomaly,"[64, 48]",1.0,"[1.0, 1.0]",109506,0.2703077500045765,0.5546511659995303,ok,,0.0054189149754137,0.5654085165137578,0.8644000387017083,0.0242896096553803,0.9775385793371788,0.7435025986069269,0.0037728978413814,0.7985489304732679,0.0010139035876347,0.0015503088890121,0.9925593858792356,0.32317770270042,0.457654324083338,1.0
5,3,4D-D-9e53fbf0a6d8,4D,4D-D,equal_total,32,partial-spatial,standardized_anomaly,"[64, 48]",,"[1.0, 1.0]",131904,0.3819735830038553,0.763550416995713,ok,,0.0003751544488325,0.0466715929659056,0.0599869990119374,0.001685632490931,0.9994626369013871,0.9917112222221512,0.002272315666181,0.4758163761763541,0.0006106951378357,0.0009337831646022,0.9998738062314164,0.9016031423033364,0.1439576967198789,1.0
5,3,4D-E-07794d5e4bbe,4D,4D-E,equal_total,32,joint-property-residual,standardized_anomaly,"[64, 48]",2.0,"[1.0, 1.0]",181060,0.4473823329972219,0.8309889999945881,ok,,0.0008460866781638,0.0965812370996224,0.1351326363764262,0.0037972221683559,0.9978372964375009,0.9723014072130622,0.0026527556558437,0.5477140671495724,0.0007129246305483,0.0010900971309442,0.9998596580116512,0.8867750098052628,0.178689273935008,1.0
5,3,4D-C-3fe7ec5ee326,4D,4D-C,equal_total,32,joint,standardized_anomaly,"[64, 48]",2.0,"[1.0, 0.5]",207812,0.3468076659992221,0.6373110409986111,ok,,0.0012936233177564,0.1373826243911257,0.2064544027554894,0.0058013612101376,0.9943312035220816,0.961342397265772,0.0024827982069373,0.5159206630286189,0.0006672650276908,0.0010202813328329,0.9998805431864284,0.8935266158187866,0.1814671952193663,1.0
5,3,4D-C-5b31da2b924b,4D,4D-C,equal_total,32,joint,standardized_anomaly,"[64, 48]",2.0,"[1.0, 2.0]",207812,0.3958950419983011,0.6834674999990966,ok,,0.0015299242858297,0.1663694365049467,0.2442371539388208,0.0068630551444968,0.9916108147152536,0.9390984509262638,0.0022845181124587,0.4779449907515228,0.0006139836124019,0.0009388114053674,0.9998883259949256,0.9046056607539296,0.1806155928540932,1.0
5,3,3D-independent-7db5f3bc9ad5,3D,3D-independent,equal_total,32,independent,raw_minmax,"[80, 48]",,"[1.0, 1.0]",149728,0.2474253340042196,0.5150644169989391,ok,,0.0002980055484118,0.038714397919999,0.0476760146400986,0.0013396942777461,0.9995927196953296,0.99407091761772,0.0015928597501906,0.3542902427851496,0.0004282192740403,0.0006547685155545,0.999949651458226,0.9282225489897864,0.1079644768503488,1.0
5,3,4D-A-9e409054ed54,4D,4D-A,equal_total,32,joint,raw_minmax,"[80, 48]",2.0,"[1.0, 1.0]",259188,0.3857093330007046,0.654515457994421,ok,,0.0001851872238647,0.0217130938755692,0.0295932891048341,0.0008315703477464,0.9995307821045488,0.9964840547193968,0.0024191458275126,0.5462223615651934,0.0006503821324906,0.0009944665484487,0.9998696114972118,0.8375667670452969,0.162727511139604,1.0
5,3,4D-B-2fb1b6b4a839,4D,4D-B,equal_total,32,shared-independent,raw_minmax,"[80, 48]",,"[1.0, 1.0]",136304,0.2596537909994367,0.5279465000057826,ok,,0.0003303982003284,0.0419613818161505,0.0528454202593961,0.0014849543876735,0.9992481965193027,0.9916926115293148,0.0018582742545741,0.4136781589961145,0.0004995516065145,0.0007638391909693,0.9998904219238436,0.8552140838514273,0.1330465482804735,1.0
5,3,3D-independent-dbbd1a2865ca,3D,3D-independent,equal_total,32,independent,mean_centered,"[80, 48]",,"[1.0, 1.0]",149728,0.254355500001111,0.5200632080013747,ok,,0.0003033526505682,0.0394861998978899,0.0485332959803681,0.0013637838522344,0.99956310119433,0.9937434578712316,0.0015986754366645,0.3553769495249159,0.0004297813540751,0.0006571570134283,0.9999442389723002,0.9215011504501164,0.1093102113155329,1.0
5,3,4D-A-85017caccbe9,4D,4D-A,equal_total,32,joint,mean_centered,"[80, 48]",2.0,"[1.0, 1.0]",259188,0.3850312089998624,0.6537998750063707,ok,,8.935300941720135e-05,0.0105003096652475,0.0142791910000808,0.0004012447478687,0.999876240450443,0.9991375814325264,0.0145708652570091,3.3080848712935897,0.0039167322819844,0.0059888779827739,0.9902362547803248,0.2784155999904098,0.9199521475618424,1.0
5,3,4D-B-4bb821f89672,4D,4D-B,equal_total,32,shared-independent,mean_centered,"[80, 48]",,"[1.0, 1.0]",136304,0.2589865830013877,0.5250434580011643,ok,,0.0003059794717076,0.0397315748714391,0.0489523548270825,0.0013755593905888,0.9995320020297436,0.9935873214076616,0.0139844556067558,3.177224378989537,0.0037591290596394,0.0057478948365279,0.9912410751535168,0.4614822683765189,0.8723552897422214,1.0
5,3,3D-independent-3e92f69676cb,3D,3D-independent,equal_total,32,independent,ensemble_anomaly,"[80, 48]",,"[1.0, 1.0]",149728,0.2438169579982059,0.5127973750059027,ok,,0.0003466882777928,0.0442765462205158,0.0554575054773331,0.0015583538873144,0.9995482817389766,0.9928984042759778,0.002105826721343,0.4449080340433203,0.0005659622392117,0.0008653843432412,0.999884920533054,0.9100392549010224,0.134428937668834,1.0
5,3,4D-A-8bea2cabc037,4D,4D-A,equal_total,32,joint,ensemble_anomaly,"[80, 48]",2.0,"[1.0, 1.0]",259188,0.438540582996211,0.7137766660016496,ok,,6.393302973376932e-05,0.0070538163738082,0.0102069405072921,0.0002868146571004,0.9999520100099047,0.999619825967058,0.00414293884154,0.906684250432074,0.0011135787837613,0.001702717209146,0.9997769113546618,0.8432738479068238,0.2480728074672353,1.0
5,3,4D-B-2828b82824ed,4D,4D-B,equal_total,32,shared-independent,ensemble_anomaly,"[80, 48]",,"[1.0, 1.0]",136304,0.3232498750003287,0.6460742909985129,ok,,0.0003466871736852,0.0442764316354996,0.0554573293123155,0.0015583489370838,0.999548303109516,0.9928985267601248,0.0020917830193928,0.4414697204687027,0.0005621865185325,0.0008596110789951,0.9998825005905436,0.9066734393129346,0.1339900422669181,1.0
5,3,3D-independent-86c75f98455a,3D,3D-independent,equal_total,32,independent,standardized_anomaly,"[80, 48]",,"[1.0, 1.0]",149728,0.2897701659967424,0.5865528329959488,ok,,0.0003466882777927,0.0442765462205087,0.0554575054773221,0.0015583538873141,0.9995482817389548,0.9928984042759832,0.002105826721343,0.4449080340433256,0.0005659622392117,0.0008653843432412,0.9998849205330536,0.9100392549010184,0.1344289376688334,1.0
5,3,4D-A-4ea76ef087a9,4D,4D-A,equal_total,32,joint,standardized_anomaly,"[80, 48]",2.0,"[1.0, 1.0]",259188,0.3866150839967304,0.664136209001299,ok,,0.0014675228340051,0.1587306382957937,0.2342680113930131,0.006582922601467,0.9932687358353322,0.9505880589403544,0.0023799038366182,0.4976883070530977,0.0006396193763155,0.0009780097602767,0.9998826834659256,0.898531888242934,0.1829647429393118,1.0
5,3,4D-B-934096b5cda8,4D,4D-B,equal_total,32,shared-independent,standardized_anomaly,"[80, 48]",,"[1.0, 1.0]",136304,0.2697169169987319,0.5488712080041296,ok,,0.0003995026681816,0.0488128684748855,0.0638649806878627,0.0017946036350096,0.9988668929104748,0.9890486982804844,0.0020958951977267,0.4429694056869899,0.000563293748293,0.0008613040882327,0.999885041708698,0.9088591351756948,0.1357070893584464,1.0
5,3,4D-A-b80c4d29ed28,4D,4D-A,equal_total,32,joint,standardized_anomaly,"[80, 48]",1.0,"[1.0, 1.0]",136306,0.276885040999332,0.5567945829970995,ok,,0.0054126987166152,0.5647748595009096,0.8634085796090843,0.02426174969093,0.9777084426133582,0.7449171369861403,0.0037766156787991,0.7993322237523445,0.0010149029244625,0.0015518369246026,0.992547135417634,0.3229452480409827,0.4575439726849231,1.0
5,3,4D-D-2ecf0e4138e3,4D,4D-D,equal_total,32,partial-spatial,standardized_anomaly,"[80, 48]",,"[1.0, 1.0]",163152,0.4008417930017458,0.786891875002766,ok,,0.0003639866140874,0.0457395288119456,0.0582099455475249,0.0016356973531999,0.999531630125452,0.9922459839089128,0.0021052085379435,0.4447757883332306,0.0005657962726254,0.0008651305720964,0.9998845176941844,0.9093373903706546,0.1349309075013481,1.0
5,3,4D-E-4f4328240852,4D,4D-E,equal_total,32,joint-property-residual,standardized_anomaly,"[80, 48]",2.0,"[1.0, 1.0]",224596,0.50018095800624,0.8805268329961109,ok,,0.0008201834820832,0.0957110650581713,0.1310399554326964,0.003682217982659,0.9981268567733396,0.974696260561622,0.0026345174912571,0.5437948537030387,0.0007080227709516,0.0010826019444214,0.9998652779733184,0.8905531210683003,0.1767203069865622,1.0
5,3,4D-C-44adce3e7a5f,4D,4D-C,equal_total,32,joint,standardized_anomaly,"[80, 48]",2.0,"[1.0, 0.5]",259188,0.3837351249967469,0.6586184590050834,ok,,0.0012733227409065,0.1356007261311257,0.203222607648725,0.0057105478851551,0.9951015911962816,0.9654165249125476,0.0024888332748147,0.5173135048612033,0.0006688874199258,0.0010227620510531,0.9998812269065784,0.8948871263172542,0.180690601344357,1.0
5,3,4D-C-1150f24dbbfa,4D,4D-C,equal_total,32,joint,standardized_anomaly,"[80, 48]",2.0,"[1.0, 2.0]",259188,0.3646837499982212,0.6437686660065083,ok,,0.0014997972787921,0.1636526315766435,0.2394408652198264,0.0067282796059002,0.9927169021257324,0.9448323156238128,0.002286868922903,0.4785010333845998,0.0006146155713325,0.0009397777019262,0.9998885575370744,0.905279028069346,0.1792744982786659,1.0
5,3,3D-independent-82249d692984,3D,3D-independent,equal_per_property,64,independent,raw_minmax,"[64, 48]",,"[1.0, 1.0]",219008,0.207089374998759,0.4941122079981142,ok,,0.000167388621111,0.0196855867425116,0.0267496938604076,0.0007516654247796,0.9995728372716132,0.9968527026972296,0.0012299932884217,0.274409101536974,0.0003306710373496,0.0005056124219246,0.99996197752009,0.946629255141874,0.0805884273399834,1.0
5,3,4D-A-63bd70d89f36,4D,4D-A,equal_per_property,64,joint,raw_minmax,"[64, 48]",2.0,"[1.0, 1.0]",404420,0.2899024170037592,0.5720381659994018,ok,,0.0003954770829569,0.0449473927280161,0.0631663635013406,0.0017749725174721,0.9979597991427722,0.983386050984811,0.0042191556583072,0.9533116306243477,0.0011341405862878,0.0017341572253562,0.9992143939988062,0.6674389388221758,0.2932116321122175,1.0
5,3,4D-B-49fc67f13645,4D,4D-B,equal_per_property,64,shared-independent,raw_minmax,"[64, 48]",,"[1.0, 1.0]",207808,0.2098338340001646,0.4892910420021508,ok,,0.0003951404952305,0.0449194405023747,0.0631127916358189,0.001773467149999,0.9979675811767356,0.9833714974917348,0.0041937058336788,0.9487577335846528,0.0011272999508537,0.0017236975543882,0.999212046925318,0.6697293329403724,0.2917816897177434,1.0
5,3,3D-independent-64af48d38810,3D,3D-independent,equal_per_property,64,independent,mean_centered,"[64, 48]",,"[1.0, 1.0]",219008,0.2060512919997563,0.4920847920002416,ok,,0.0001866336957568,0.0217316961158887,0.029822004579032,0.0008379972442546,0.999468229571736,0.9962056899584188,0.0013221593270804,0.2943315432026312,0.0003554388682169,0.0005434836641446,0.9999313577308216,0.912284237169816,0.0904545689386006,1.0
5,3,4D-A-fbc2ac4d32c8,4D,4D-A,equal_per_property,64,joint,mean_centered,"[64, 48]",2.0,"[1.0, 1.0]",404420,0.3988691250051488,0.7167536249980913,ok,,0.0001913218115538,0.0221106130228721,0.0305682661412076,0.0008589671670155,0.9994238608887068,0.9959471857804588,0.0336066207259407,7.633838893081812,0.009033703541801,0.0138129809109619,0.9479054073039987,0.2558129526992665,2.007517359216205,1.0
5,3,4D-B-6a56509ea188,4D,4D-B,equal_per_property,64,shared-independent,mean_centered,"[64, 48]",,"[1.0, 1.0]",207808,0.2764464170031715,0.5809155410024687,ok,,0.0001938516119825,0.0224331148441399,0.0309729411005745,0.0008703385186585,0.999421711554712,0.9958738850935552,0.0334292906240596,7.597295254207626,0.0089860361388563,0.0137400950869028,0.9481769756271872,0.3075592084671689,1.9920029555678511,1.0
5,3,3D-independent-5a93f5036396,3D,3D-independent,equal_per_property,64,independent,ensemble_anomaly,"[64, 48]",,"[1.0, 1.0]",219008,0.2918227080008364,0.6142172499967273,ok,,0.0001644114733828,0.0176990235357586,0.0262434683627473,0.0007374405067032,0.9996109408049852,0.9973855431578188,0.0018216557450067,0.3853928391977708,0.0004895927532567,0.0007486116102425,0.9999178545324456,0.926774351196218,0.1102529788891278,1.0
5,3,4D-A-cbe030d90365,4D,4D-A,equal_per_property,64,joint,ensemble_anomaly,"[64, 48]",2.0,"[1.0, 1.0]",404420,0.5323244580067694,0.8663207499994314,ok,,0.0001618107099277,0.0173918132687537,0.0258280217223679,0.0007257664712154,0.9996138092673132,0.997431477239096,0.0038170641551869,0.8220216271988189,0.0010260002337203,0.0015688052610365,0.9997677940657572,0.8353828159940943,0.2307515734627443,1.0
5,3,4D-B-6939f5acac9e,4D,4D-B,equal_per_property,64,shared-independent,ensemble_anomaly,"[64, 48]",,"[1.0, 1.0]",207808,0.295469625001715,0.584953375000623,ok,,0.000164410674125,0.0176988353576937,0.0262433389235437,0.0007374368694662,0.9996109335849912,0.997385530700277,0.0018155233126253,0.3863322682044841,0.0004879593020983,0.0007461139823797,0.9998777060535796,0.9058413611483704,0.1131044144094635,1.0
5,3,3D-independent-7a2c6100f5cb,3D,3D-independent,equal_per_property,64,independent,standardized_anomaly,"[64, 48]",,"[1.0, 1.0]",219008,0.2093108330009272,0.5180477089961641,ok,,0.0001644114733828,0.0176990235357574,0.0262434683627458,0.0007374405067031,0.9996109408049856,0.9973855431578188,0.0018216557450067,0.3853928391977727,0.0004895927532567,0.0007486116102425,0.9999178545324456,0.9267743511962208,0.1102529788891275,1.0
5,3,4D-A-c45120ace2c4,4D,4D-A,equal_per_property,64,joint,standardized_anomaly,"[64, 48]",2.0,"[1.0, 1.0]",404420,0.299104541001725,0.595549249999749,ok,,0.0006899033111016,0.071965013480407,0.1100654588393349,0.0030928353910802,0.996802109484314,0.9707811313974082,0.0016697894485225,0.3546262017596437,0.0004487881319134,0.0006862193197399,0.9999273010503842,0.9365188245557974,0.1182353093158619,1.0
5,3,4D-B-f843c8275099,4D,4D-B,equal_per_property,64,shared-independent,standardized_anomaly,"[64, 48]",,"[1.0, 1.0]",207808,0.2119934590009506,0.5052683329995489,ok,,0.0003109174632043,0.0313204012242036,0.0495782740391692,0.0013931476976882,0.9982903533410284,0.9906268642535722,0.0017880477035789,0.3783486409860017,0.0004805603539239,0.0007348006235318,0.9999193964944852,0.9255292165518232,0.1128977504518768,1.0
5,3,4D-A-102750e40079,4D,4D-A,equal_per_property,64,joint,standardized_anomaly,"[64, 48]",1.0,"[1.0, 1.0]",207810,0.1969825839987606,0.4866237499954877,ok,,0.0055469100379683,0.5793373378667552,0.8848396902285959,0.0248639631200398,0.9767036019360548,0.7488537577770513,0.0035624438609211,0.7558673536796908,0.000957336637878,0.0014638152163379,0.9927630632415188,0.3241980289782165,0.449669699542203,1.0
5,3,4D-D-ff94f89c821d,4D,4D-D,equal_per_property,64,partial-spatial,standardized_anomaly,"[64, 48]",,"[1.0, 1.0]",230208,0.3822064160049194,0.7369672080021701,ok,,9.391763677908296e-05,0.0110869606999703,0.015004823077816,0.0004216349828669,0.9999438037731035,0.9993973417525052,0.0019099561703464,0.4056078963479164,0.0005133236317563,0.0007848973008452,0.9999017844112772,0.9194461274896084,0.1143182806067074,1.0
5,3,4D-E-0ed2b1a0be64,4D,4D-E,equal_per_property,64,joint-property-residual,standardized_anomaly,"[64, 48]",2.0,"[1.0, 1.0]",328516,0.5904732080016402,1.0575026669976069,ok,,0.0011653123798941,0.1254979565453974,0.1860207847030614,0.005227177285891,0.9940076575005036,0.9581123616135682,0.0021543979975076,0.4547214337478369,0.0005790212563954,0.0008853522284213,0.9998868914167072,0.9034646453062716,0.1623577217083286,1.0
5,3,4D-C-e7705bff9f37,4D,4D-C,equal_per_property,64,joint,standardized_anomaly,"[64, 48]",2.0,"[1.0, 0.5]",404420,0.2970357090016478,0.5889250419932068,ok,,0.0005331575783343,0.0591894289234342,0.0851249492995653,0.0023920079799232,0.9978375030742148,0.9830447029110704,0.0016449025606794,0.3486194115407258,0.0004420966413244,0.0006759876986396,0.9999260872739244,0.9340192521117936,0.112319215738182,1.0
5,3,4D-C-07c1f38e4371,4D,4D-C,equal_per_property,64,joint,standardized_anomaly,"[64, 48]",2.0,"[1.0, 2.0]",404420,0.2902020000037737,0.5795377920003375,ok,,0.0007194537576875,0.0729164472505495,0.1147420134083919,0.0032242464044174,0.9960672707213876,0.9663208865584906,0.0016759134294606,0.3548868552687237,0.0004504303512529,0.0006887303545866,0.9999283047051604,0.9376917788969572,0.1189492424478873,1.0
5,3,3D-independent-fa9b36e31dc0,3D,3D-independent,equal_per_property,64,independent,raw_minmax,"[80, 48]",,"[1.0, 1.0]",272608,0.2119844170010765,0.4950397080028779,ok,,6.9812352803263e-05,0.008281604839187,0.0111569971862208,0.0003135112152314,0.9999386714533206,0.9995070017458056,0.001232277631953,0.2748855797454448,0.0003312852188421,0.0005065515358983,0.9999625441989152,0.9481125498828344,0.0773393521925779,1.0
5,3,4D-A-4f7fd7861b3e,4D,4D-A,equal_per_property,64,joint,raw_minmax,"[80, 48]",2.0,"[1.0, 1.0]",504948,0.3265540840002359,0.6149617909977678,ok,,0.0001608336670313,0.0185200646188686,0.0256969084854291,0.000722082194025,0.9995691847138084,0.9969711105017292,0.0016153834949515,0.3581506561279386,0.0004342499136617,0.0006639896627381,0.999899097499437,0.8693818735630613,0.110873557178603,1.0
5,3,4D-B-51546c614bcf,4D,4D-B,equal_per_property,64,shared-independent,raw_minmax,"[80, 48]",,"[1.0, 1.0]",259184,0.2247604160002083,0.5091197079964331,ok,,0.00015966906236,0.0184069363217215,0.0255112516107447,0.0007168652425974,0.99957110041947,0.9969676142952963,0.0015478797995282,0.3457603009463814,0.0004161059504279,0.0006362466427643,0.99990099805995,0.8724812702476181,0.1073606987491614,1.0
5,3,3D-independent-5cbc421a2b78,3D,3D-independent,equal_per_property,64,independent,mean_centered,"[80, 48]",,"[1.0, 1.0]",272608,0.2228675410005962,0.5071174170006998,ok,,7.92133805332475e-05,0.0093397500437803,0.0126585220035094,0.0003557040079973,0.9999126226582508,0.9993456735790286,0.001237214214339,0.2759724014037899,0.0003326112957878,0.00050857917334,0.9999550962484016,0.939210161490378,0.0790085584782167,1.0
5,3,4D-A-a9f18b485be4,4D,4D-A,equal_per_property,64,joint,mean_centered,"[80, 48]",2.0,"[1.0, 1.0]",504948,0.3286277500010328,0.6123080410034163,ok,,8.362003975615948e-05,0.0097809230659375,0.0133623664212618,0.0003754820105423,0.999880681138357,0.999213378006515,0.0144252036292589,3.2687751983537914,0.0038776080309353,0.0059290550618207,0.9909948128644728,0.3971648368540286,0.8950917534973643,1.0
5,3,4D-B-be3ed22367d4,4D,4D-B,equal_per_property,64,shared-independent,mean_centered,"[80, 48]",,"[1.0, 1.0]",259184,0.2335255419966415,0.5176363749997108,ok,,8.936086309459609e-05,0.0105013145501952,0.0142804516363848,0.000401280171703,0.9998762639792856,0.9991367473546742,0.0139462333714451,3.169018164251813,0.0037488530993446,0.0057321823834087,0.991261620978237,0.4636432212704208,0.8620323736223652,1.0
5,3,3D-independent-44372d7b9669,3D,3D-independent,equal_per_property,64,independent,ensemble_anomaly,"[80, 48]",,"[1.0, 1.0]",272608,0.2234256669980823,0.5132977920002304,ok,,6.393052044629524e-05,0.00705376895269,0.0102065447658277,0.0002868035367796,0.9999519955432592,0.9996199490671778,0.0018280627861366,0.386723651307101,0.0004913146415212,0.0007512444628281,0.9999175711170092,0.9270877368369024,0.1076058943269377,1.0
5,3,4D-A-abc62af84685,4D,4D-A,equal_per_property,64,joint,ensemble_anomaly,"[80, 48]",2.0,"[1.0, 1.0]",504948,0.3716687499982072,0.6633855000036419,ok,,5.64934881131019e-05,0.0061979087072856,0.0090188908811656,0.0002534305058072,0.9999565103213892,0.9996729064164792,0.0038744613174305,0.8394137174238271,0.0010414458616797,0.0015924223925013,0.99977782645483,0.8515307652497413,0.2300024475745006,1.0
5,3,4D-B-643a4d560541,4D,4D-B,equal_per_property,64,shared-independent,ensemble_anomaly,"[80, 48]",,"[1.0, 1.0]",259184,0.2392175419954583,0.5269169590028469,ok,,6.392684883286757e-05,0.0070535833776086,0.010205962360876,0.0002867871712216,0.9999520087169832,0.99962002792112,0.0017837269442367,0.3758517321190802,0.0004793929368796,0.0007330155849511,0.9999181030391192,0.925979150064782,0.1050264316259344,1.0
5,3,3D-independent-11e1b067c3e2,3D,3D-independent,equal_per_property,64,independent,standardized_anomaly,"[80, 48]",,"[1.0, 1.0]",272608,0.2310178330008057,0.5654412500007311,ok,,6.393052044619323e-05,0.0070537689526846,0.0102065447658115,0.0002868035367792,0.9999519955432364,0.9996199490671804,0.0018280627861367,0.3867236513071103,0.0004913146415212,0.0007512444628281,0.9999175711170086,0.9270877368369024,0.1076058943269384,1.0
5,3,4D-A-3bf6b15a532d,4D,4D-A,equal_per_property,64,joint,standardized_anomaly,"[80, 48]",2.0,"[1.0, 1.0]",504948,0.5291028749998077,0.8736312080000062,ok,,0.0006359246829134,0.0677073290351651,0.1014884564581743,0.0028518219360547,0.9978240084317884,0.9757030150963794,0.0016702194009595,0.3546432446032606,0.0004489028751472,0.0006863947678371,0.9999273128055984,0.9373112557959448,0.1164608595480659,1.0
5,3,4D-B-3ee6d3ebd2d3,4D,4D-B,equal_per_property,64,shared-independent,standardized_anomaly,"[80, 48]",,"[1.0, 1.0]",259184,0.2651894999944488,0.6490564159976202,ok,,0.0001923626112477,0.0193087247829639,0.0306759796260377,0.0008619939120224,0.9992747869059404,0.9957880096391116,0.0018033132255725,0.3815416165014939,0.0004846630342867,0.0007410738253556,0.9999187226212476,0.9260019050499024,0.1099888459849877,1.0
5,3,4D-A-0bf051d8d579,4D,4D-A,equal_per_property,64,joint,standardized_anomaly,"[80, 48]",1.0,"[1.0, 1.0]",259186,0.2582427919987822,0.5793433750004624,ok,,0.0055405825683791,0.5785758981090607,0.8838285109330153,0.0248355490186035,0.9769618860473632,0.7504757780639416,0.0035667966629919,0.7569341069859091,0.0009585071993785,0.0014656050629481,0.9927547766822716,0.3238939469038068,0.4495812856527739,1.0
5,3,4D-D-e24c5d642104,4D,4D-D,equal_per_property,64,partial-spatial,standardized_anomaly,"[80, 48]",,"[1.0, 1.0]",286032,0.5361407500022324,0.9906691670039436,ok,,7.017393134644432e-05,0.0079450959406628,0.011206501079779,0.0003149022728403,0.9999707258637436,0.9996685193539356,0.0019184036891568,0.4073535967684394,0.0005155939777775,0.0007883687725519,0.9999016144872828,0.920046313407092,0.1138603190821471,1.0
5,3,4D-E-6ca320f290f9,4D,4D-E,equal_per_property,64,joint-property-residual,standardized_anomaly,"[80, 48]",2.0,"[1.0, 1.0]",408916,0.7451543749994016,1.2461117499988177,ok,,0.000832409774645,0.0868607451218127,0.1328239297542922,0.0037323475962253,0.9963592836336044,0.9629712863821724,0.0020269791275785,0.4286132444327462,0.0005447767565926,0.0008329906892262,0.9998972403941316,0.9175010081931736,0.1438094605667214,1.0
5,3,4D-C-4e04f7cc08d6,4D,4D-C,equal_per_property,64,joint,standardized_anomaly,"[80, 48]",2.0,"[1.0, 0.5]",504948,0.3187345830010599,0.6148920830019051,ok,,0.0004676746801765,0.0501275729905343,0.0746365326371205,0.0020972838530983,0.9985790341033804,0.9881073666722124,0.0016914462297195,0.3605359562901305,0.0004546141350187,0.0006951275675375,0.9999250531773418,0.9349700075014412,0.1122812105484595,1.0
5,3,4D-C-f8d668c31c07,4D,4D-C,equal_per_property,64,joint,standardized_anomaly,"[80, 48]",2.0,"[1.0, 2.0]",504948,0.3296425420048763,0.6211541669981671,ok,,0.0006578905885303,0.0665344140599684,0.1049222293150954,0.0029483108284721,0.9973547923806416,0.9730157077628744,0.001690810768242,0.3580289765541336,0.0004544348374006,0.0006948534125839,0.9999275259944792,0.9379718713006188,0.1172674002705888,1.0
5,3,3D-current-e419eaac8e1a,3D,3D-current,equal_total,32,legacy-independent,raw_minmax,"[48, 48]",,"[1.0, 1.0]",117216,3.9925632079975912,4.261812125005235,ok,,0.0010574620106165,0.1212208622730417,0.1688971891122694,0.0047460048724542,0.9929567167643624,0.932454876819926,0.0016027519536048,0.3561446945507873,0.0004308764636135,0.0006588314902449,0.9999451243942324,0.9205727399682114,0.1377129371074401,1.0
5,3,4D-A-current-205a30146a4e,4D,4D-A-current,equal_total,32,legacy-joint,raw_minmax,"[48, 48]",2.0,"[1.0, 1.0]",181972,5.3088537080038805,5.587175874999957,ok,,0.0025065513807044,0.289957004820282,0.4004164412838513,0.0112516874397521,0.9699820910178562,0.8085744152386473,0.0159419926722088,3.618270840486256,0.0042853207371131,0.0065524680177065,0.9900366527359786,0.4338325688966304,1.0717560883097248,1.0
5,3,3D-current-5e7711139fcb,3D,3D-current,equal_per_property,64,legacy-independent,raw_minmax,"[48, 48]",,"[1.0, 1.0]",216480,4.917019583997899,5.2385500829986995,ok,,0.0010332278069399,0.1176588707207347,0.1650127577572525,0.0046368524926277,0.9930705250455945,0.9358157770015834,0.0012418560809112,0.2766234859976227,0.0003338576199811,0.0005104848648663,0.9999586756101358,0.9402778887322985,0.1140588809628541,1.0
5,3,4D-A-current-43ce2f360e5a,4D,4D-A-current,equal_per_property,64,legacy-joint,raw_minmax,"[48, 48]",2.0,"[1.0, 1.0]",354964,7.227262749998772,7.619605416002741,ok,,0.0025049512514155,0.2897495264916118,0.4001604282920368,0.0112444934839915,0.9699725715195632,0.8087745690134609,0.0158456890355456,3.596261380825606,0.0042594238808378,0.0065128704396225,0.990104738013054,0.4366483559991126,1.0658248612027328,1.0
6,1,3D-independent-e9bc2b1d9158,3D,3D-independent,equal_total,32,independent,raw_minmax,"[64, 48]",,"[1.0, 1.0]",120704,0.2905491249985061,0.5890434580069268,ok,,0.0002990870946264,0.0472369229186333,0.0480078454724522,0.0011595341033467,0.9995226243589054,0.9876916579018332,0.0011305873441593,0.3227922325856523,0.0003042494093273,0.0004652124418034,0.999971848911592,0.9466443262732817,0.100715290854182,1.0
6,1,4D-A-c5fc8bd2cb2c,4D,4D-A,equal_total,32,joint,raw_minmax,"[64, 48]",2.0,"[1.0, 1.0]",207812,0.4642306250025285,0.8847355830002925,ok,,0.0003473645247773,0.0544425733472958,0.0557653595044958,0.0013469014385984,0.9987651577043412,0.983041131440462,0.0042361147946741,1.209751718687658,0.0011399475561938,0.0017430363704479,0.9992147133528572,0.6987664545022584,0.3558226247658984,1.0
6,1,4D-B-f835e7c8452f,4D,4D-B,equal_total,32,shared-independent,raw_minmax,"[64, 48]",,"[1.0, 1.0]",109504,0.2586692920012865,0.5324417919982807,ok,,0.0004223978919574,0.0663673027880432,0.0678069253482608,0.0016377415318401,0.998599037050804,0.9760165206417613,0.0041648704838726,1.1892550510033617,0.0011207774891875,0.0017137243868971,0.99922601113143,0.7048710643437128,0.3537946403246669,1.0
6,1,3D-independent-7cc1fb3009e2,3D,3D-independent,equal_total,32,independent,mean_centered,"[64, 48]",,"[1.0, 1.0]",120704,0.2803271249940735,0.5965754169956199,ok,,0.0003098344450873,0.0488846986238692,0.0497326117757383,0.0012011924058446,0.9994970181345404,0.9869835402935352,0.001234324565086,0.3524309374664889,0.0003321648796172,0.0005078965808667,0.9999506220850513,0.9276207223670332,0.1110033761900184,1.0
6,1,4D-A-a8d848e0bd2f,4D,4D-A,equal_total,32,joint,mean_centered,"[64, 48]",2.0,"[1.0, 1.0]",207812,0.4097300420035026,0.723399624999729,ok,,0.0001697745337041,0.0266348839500045,0.0272558794797386,0.0006583116043314,0.9996907997460064,0.9959628349249576,0.0355532932390885,10.152149265729411,0.0095674755362911,0.0146291447729463,0.94912115317039,0.2832624331467696,2.6347928789108885,1.0
6,1,4D-B-2e139466dc24,4D,4D-B,equal_total,32,shared-independent,mean_centered,"[64, 48]",,"[1.0, 1.0]",109504,0.3328966249973746,0.6336142080035643,ok,,0.0003099648892819,0.0489116149473023,0.0497536842291743,0.0012017013690809,0.9994918211514602,0.9869992502809228,0.0352891053414844,10.076757575883905,0.0094963767678534,0.0145204312285314,0.9502701217412146,0.3585668523067852,2.613221534884338,1.0
6,1,3D-independent-34daa9e6fa18,3D,3D-independent,equal_total,32,independent,ensemble_anomaly,"[64, 48]",,"[1.0, 1.0]",120704,0.2828494170025806,0.5789395829997375,ok,,0.0002675281744447,0.0409975423518671,0.04295774310704,0.0010375589165734,0.9996787775714714,0.991155809719956,0.0012925361873751,0.3685053383983949,0.000347841446557,0.0005318668294904,0.9999651734403762,0.9472135840540474,0.110079545965815,1.0
6,1,4D-A-63c64c98502f,4D,4D-A,equal_total,32,joint,ensemble_anomaly,"[64, 48]",2.0,"[1.0, 1.0]",207812,0.39334458400117,0.6747597089997726,ok,,0.0001272512352975,0.0199830532412332,0.0204288055434066,0.0004934172005659,0.9998345238037532,0.9978081308792576,0.0035493795485495,1.0117655136613477,0.000955173262572,0.0014605073081619,0.9998127677341284,0.8519076478744371,0.2767226693814334,1.0
6,1,4D-B-852478df5431,4D,4D-B,equal_total,32,shared-independent,ensemble_anomaly,"[64, 48]",,"[1.0, 1.0]",109504,0.2642878330007079,0.5399247919995105,ok,,0.0002675275726941,0.0409974471831647,0.0429576465934428,0.0010375565854792,0.999678779463101,0.991155834517306,0.0012915081411373,0.3683865128495956,0.0003475564894608,0.0005314311159525,0.9999561650411573,0.942723698412556,0.1106110483919573,1.0
6,1,3D-independent-629bdce16d73,3D,3D-independent,equal_total,32,independent,standardized_anomaly,"[64, 48]",,"[1.0, 1.0]",120704,0.248442416996113,0.5358967920037685,ok,,0.0002675281744447,0.0409975423518683,0.042957743107042,0.0010375589165734,0.9996787775714776,0.991155809719956,0.001292536187375,0.368505338398394,0.000347841446557,0.0005318668294904,0.9999651734403762,0.947213584054048,0.1100795459658151,1.0
6,1,4D-A-06f4272272b6,4D,4D-A,equal_total,32,joint,standardized_anomaly,"[64, 48]",2.0,"[1.0, 1.0]",207812,0.3827885829959996,0.6817578330010292,ok,,0.0008789593524178,0.1272377356947581,0.1412146429391451,0.0034107590700739,0.997445533834931,0.9419040714278388,0.0011058862480745,0.3155654122384333,0.0002976053156254,0.0004550532928951,0.9999696044350822,0.9548322245413456,0.1236087499871498,1.0
6,1,4D-B-17b80d300b68,4D,4D-B,equal_total,32,shared-independent,standardized_anomaly,"[64, 48]",,"[1.0, 1.0]",109504,0.250682665995555,0.5533637500047917,ok,,0.0003167869718597,0.0482167278158885,0.0508718776594079,0.0012287091092479,0.999318849439982,0.9872628853284708,0.0012912553459461,0.3681410856741307,0.0003474967357068,0.000531339749498,0.9999645990158608,0.9468469488238322,0.1123257241034669,1.0
6,1,4D-A-4681118648ec,4D,4D-A,equal_total,32,joint,standardized_anomaly,"[64, 48]",1.0,"[1.0, 1.0]",109506,0.2728734580014134,0.5858189169957768,ok,,0.0046631223718642,0.708158080110772,0.748881894970686,0.0180877539504609,0.9753479135557854,0.7350820507193054,0.0021596213832909,0.6158440306663451,0.0005811754702282,0.0008886461282501,0.9985171870455049,0.6322960881284244,0.410078260338313,1.0
6,1,4D-D-9e53fbf0a6d8,4D,4D-D,equal_total,32,partial-spatial,standardized_anomaly,"[64, 48]",,"[1.0, 1.0]",131904,0.3935148329983349,0.8068979579984443,ok,,0.0002896701258789,0.044985607528055,0.0465066030847676,0.0011232745768302,0.9996766732546596,0.9895942130869674,0.0013423445988125,0.3827037030647882,0.0003612450022569,0.0005523615311556,0.9999647675628102,0.9434268588258344,0.1152946936591105,1.0
6,1,4D-E-07794d5e4bbe,4D,4D-E,equal_total,32,joint-property-residual,standardized_anomaly,"[64, 48]",2.0,"[1.0, 1.0]",181060,0.7112316249986179,1.1439870829999563,ok,,0.0005346338452426,0.0803050189782371,0.0858610594283192,0.0020738032622969,0.999269354003398,0.977609858144262,0.0012502900617421,0.3564793041375607,0.0003364712498345,0.000514481234584,0.9999646832353486,0.9482053872884116,0.1184691750998652,1.0
6,1,4D-C-3fe7ec5ee326,4D,4D-C,equal_total,32,joint,standardized_anomaly,"[64, 48]",2.0,"[1.0, 0.5]",207812,0.4216410419976455,0.7369556250050664,ok,,0.0008324613022351,0.1192298856133975,0.1337652652030872,0.0032308341547051,0.9978250393805188,0.9516972049941114,0.0011339353100451,0.3235414769184236,0.0003051543893599,0.0004665962011728,0.9999681531977976,0.952901496524415,0.1226180029431395,1.0
6,1,4D-C-5b31da2b924b,4D,4D-C,equal_total,32,joint,standardized_anomaly,"[64, 48]",2.0,"[1.0, 2.0]",207812,0.4677487500011921,0.7704335410016938,ok,,0.0009540764226829,0.1407337513399723,0.1532471785014606,0.0037013810548127,0.9970364320093336,0.9332459037192564,0.0010793566980169,0.3080285601551462,0.0002904655782743,0.0004441362802564,0.9999705841754792,0.95580916952735,0.1260586937179538,1.0
6,1,3D-independent-7db5f3bc9ad5,3D,3D-independent,equal_total,32,independent,raw_minmax,"[80, 48]",,"[1.0, 1.0]",149728,0.2863939169983496,0.6108930420014076,ok,,0.0002702264637274,0.0426557458406795,0.0433740951142518,0.0010476150719082,0.999722676774997,0.9901220283803496,0.0011290994521413,0.3223682566259136,0.000303849016022,0.0004646002205746,0.9999721663806872,0.947004857205687,0.0991151399183937,1.0
6,1,4D-A-9e409054ed54,4D,4D-A,equal_total,32,joint,raw_minmax,"[80, 48]",2.0,"[1.0, 1.0]",259188,0.4621968330029631,0.7528232910044608,ok,,0.0001655319157513,0.0261020822244077,0.026574029388957,0.0006418428704015,0.999704509859796,0.9958710594392044,0.0016286301274715,0.4654424837036511,0.0004382671372419,0.0006701321969015,0.9999130567269312,0.8899231457435087,0.1371618658341755,1.0
6,1,4D-B-2fb1b6b4a839,4D,4D-B,equal_total,32,shared-independent,raw_minmax,"[80, 48]",,"[1.0, 1.0]",136304,0.2927039159985725,0.5795072920009261,ok,,0.0003004762276892,0.0474840199367852,0.0482304352316025,0.0011649103166354,0.9995096348229682,0.9877393368744936,0.0014274288900762,0.4075700669149255,0.0003841288801454,0.0005873521158012,0.999922209304246,0.903332641630136,0.127379524399849,1.0
6,1,3D-independent-dbbd1a2865ca,3D,3D-independent,equal_total,32,independent,mean_centered,"[80, 48]",,"[1.0, 1.0]",149728,0.27070612499665,0.5576395419993787,ok,,0.000278304376755,0.0438998540613417,0.0446699842899045,0.0010789146996782,0.9997060673820932,0.9896030250450496,0.0011428331047592,0.3262871345677625,0.000307544714125,0.0004702511263314,0.9999672675640782,0.9434535013255422,0.1009146813609521,1.0
6,1,4D-A-85017caccbe9,4D,4D-A,equal_total,32,joint,mean_centered,"[80, 48]",2.0,"[1.0, 1.0]",259188,0.4080701249986305,0.6972140419966308,ok,,8.125460097975841e-05,0.0126390830882637,0.0130455672369396,0.0003150897516826,0.9999318116948284,0.9990888511238974,0.0182322288669249,5.206158581265124,0.0049063439474116,0.0075020433175185,0.9884595348435896,0.3920376550654914,1.380808602814673,1.0
6,1,4D-B-4bb821f89672,4D,4D-B,equal_total,32,shared-independent,mean_centered,"[80, 48]",,"[1.0, 1.0]",136304,0.2696934580017114,0.547458082997764,ok,,0.0002802898962366,0.0442033344079296,0.0449889132335314,0.0010866177945169,0.9996963997436048,0.989437777019236,0.0176970620346665,5.053411202655462,0.0047623195445365,0.0072818228599373,0.9893247713895644,0.511765875940622,1.3367531776458657,1.0
6,1,3D-independent-3e92f69676cb,3D,3D-independent,equal_total,32,independent,ensemble_anomaly,"[80, 48]",,"[1.0, 1.0]",149728,0.2502823339964379,0.5281357089988887,ok,,0.0002480970503221,0.0377528983440278,0.0398399049155837,0.0009622537310119,0.99978757738711,0.9925475391068512,0.0012925789952641,0.3685176858069918,0.0003478529585143,0.0005318844318441,0.9999652066931074,0.9472406635787288,0.1090941207020574,1.0
6,1,4D-A-8bea2cabc037,4D,4D-A,equal_total,32,joint,ensemble_anomaly,"[80, 48]",2.0,"[1.0, 1.0]",259188,0.3892648330001975,0.6693535420054104,ok,,5.167625943555272e-05,0.008047352023351,0.0082965090108545,0.0002003856878419,0.9999775039804912,0.9996318179576577,0.0035311891658876,1.0062536579339765,0.0009502817216012,0.0014530278993301,0.9998274707627198,0.8647282740717661,0.2705302409856539,1.0
6,1,4D-B-2828b82824ed,4D,4D-B,equal_total,32,shared-independent,ensemble_anomaly,"[80, 48]",,"[1.0, 1.0]",136304,0.2718532500002766,0.5459970000010799,ok,,0.0002480970322461,0.0377528936597458,0.0398399019850405,0.0009622536602304,0.999787577239868,0.9925475435731907,0.0013128347374012,0.374341082609407,0.0003533018061172,0.0005402159901665,0.9999626776744592,0.9447717844364968,0.1108585780660772,1.0
6,1,3D-independent-86c75f98455a,3D,3D-independent,equal_total,32,independent,standardized_anomaly,"[80, 48]",,"[1.0, 1.0]",149728,0.254071750001458,0.5455694169941125,ok,,0.0002480970503221,0.0377528983440262,0.0398399049155818,0.0009622537310119,0.999787577387074,0.992547539106852,0.0012925789952641,0.3685176858069921,0.0003478529585143,0.0005318844318441,0.9999652066931074,0.9472406635787292,0.1090941207020569,1.0
6,1,4D-A-4ea76ef087a9,4D,4D-A,equal_total,32,joint,standardized_anomaly,"[80, 48]",2.0,"[1.0, 1.0]",259188,0.3876578749986947,0.6692453329960699,ok,,0.0008619231973523,0.1247399587491603,0.1384777980166583,0.003344656019792,0.99774575305415,0.945038400756881,0.0011080160870672,0.3161691251548943,0.000298178593601,0.0004559298633622,0.9999700424500756,0.9550542445299924,0.1227156903151545,1.0
6,1,4D-B-934096b5cda8,4D,4D-B,equal_total,32,shared-independent,standardized_anomaly,"[80, 48]",,"[1.0, 1.0]",136304,0.2657659579999745,0.5528888749977341,ok,,0.0002739632072652,0.0418641178397652,0.0439924533595717,0.0010625502864857,0.9996098457441304,0.9904820846117992,0.0012914287825399,0.3681897770537064,0.0003475434069573,0.0005314111121556,0.9999649277583114,0.9470828028965564,0.1103178627848234,1.0
6,1,4D-A-b80c4d29ed28,4D,4D-A,equal_total,32,joint,standardized_anomaly,"[80, 48]",1.0,"[1.0, 1.0]",136306,0.2824875420046737,0.5731014579941984,ok,,0.0046614353563819,0.7079232574131421,0.7486107707672468,0.018081205484121,0.9753950638841716,0.7362225212556898,0.0021597502644139,0.6158789236788237,0.0005812102019899,0.000888699234837,0.9985171535910012,0.6323300681690172,0.409881471594903,1.0
6,1,4D-D-2ecf0e4138e3,4D,4D-D,equal_total,32,partial-spatial,standardized_anomaly,"[80, 48]",,"[1.0, 1.0]",163152,0.4633354999896255,0.9000028329974157,ok,,0.0002767902000188,0.0428213648050552,0.0444412213294282,0.0010733893849792,0.9997328408225656,0.9903141355837468,0.0012928016273489,0.3685800549453901,0.0003479128809633,0.0005319760562417,0.9999650964535158,0.9470154376574568,0.1106841582824608,1.0
6,1,4D-E-4f4328240852,4D,4D-E,equal_total,32,joint-property-residual,standardized_anomaly,"[80, 48]",2.0,"[1.0, 1.0]",224596,0.5169849160010926,0.9004958750010701,ok,,0.0005516862748434,0.0824183361025966,0.0886018598961509,0.002140001850916,0.9992657356945872,0.976969033231454,0.0012348765421135,0.3520891853206966,0.0003323228272374,0.0005081380906144,0.9999648496919248,0.948689746575286,0.1179195328799808,1.0
6,1,4D-C-44adce3e7a5f,4D,4D-C,equal_total,32,joint,standardized_anomaly,"[80, 48]",2.0,"[1.0, 0.5]",259188,0.3800771250025718,0.6639715830024215,ok,,0.0008341756532419,0.1195590604863245,0.1340379464406436,0.0032374202281099,0.9979685331211442,0.9524749948086048,0.0011379250738352,0.3246898586855598,0.0003062278237964,0.0004682375356832,0.9999690932169132,0.95349229290558,0.1228163188286979,1.0
6,1,4D-C-1150f24dbbfa,4D,4D-C,equal_total,32,joint,standardized_anomaly,"[80, 48]",2.0,"[1.0, 2.0]",259188,0.3813474159978796,0.6641794579991256,ok,,0.0009290354250716,0.1370963212458209,0.1492230521422859,0.0036041862795896,0.9975022578998178,0.9385738874877292,0.0010826676232053,0.3089713054182983,0.0002913566605701,0.0004454987892966,0.999970611141304,0.9558163173213612,0.1247181310648935,1.0
6,1,3D-independent-82249d692984,3D,3D-independent,equal_per_property,64,independent,raw_minmax,"[64, 48]",,"[1.0, 1.0]",219008,0.2204860419951728,0.5057616669946583,ok,,0.0001577588227177,0.0247546045195657,0.0253270849903616,0.0006117254064554,0.9997186699534266,0.9963055218076936,0.0008132564717283,0.2325099144227755,0.0002188459020297,0.0003346262419605,0.9999779072850752,0.9664195940210298,0.0689754902569949,1.0
6,1,4D-A-63bd70d89f36,4D,4D-A,equal_per_property,64,joint,raw_minmax,"[64, 48]",2.0,"[1.0, 1.0]",404420,0.3292215839974233,0.6327062499985914,ok,,0.0003425655776414,0.0536910328011529,0.0549946379833217,0.001328286191878,0.998777931815898,0.983487417678608,0.004103745257297,1.1718641092558308,0.0011043268681174,0.0016885705711045,0.999229286294362,0.7102189456189026,0.3446754901020571,1.0
6,1,4D-B-49fc67f13645,4D,4D-B,equal_per_property,64,shared-independent,raw_minmax,"[64, 48]",,"[1.0, 1.0]",207808,0.2171767079998972,0.5030760829977226,ok,,0.0003419570923758,0.0535896506374796,0.0548970904353985,0.0013259301247102,0.9987787387680322,0.9834993313150502,0.0040882893346933,1.1674419367919044,0.0011001673865185,0.0016822105173725,0.9992290139797184,0.7116551285818916,0.3433635893702283,1.0
6,1,3D-independent-64af48d38810,3D,3D-independent,equal_per_property,64,independent,mean_centered,"[64, 48]",,"[1.0, 1.0]",219008,0.2398055000012391,0.5408950000055484,ok,,0.00016909665271,0.0265037794640134,0.0271471174848858,0.000655684674484,0.9996947284630814,0.9959566328620691,0.0009423415253932,0.2693106100673142,0.000253584063193,0.0003877426138683,0.9999530851126476,0.9448767487728834,0.0813494246784628,1.0
6,1,4D-A-fbc2ac4d32c8,4D,4D-A,equal_per_property,64,joint,mean_centered,"[64, 48]",2.0,"[1.0, 1.0]",404420,0.3980578750051791,0.7025339999963762,ok,,0.0001681842703897,0.0264123203461924,0.0270002555337907,0.0006521375159081,0.9996934614665456,0.9960399493113952,0.0353340802772676,10.08955994109492,0.0095084797405236,0.0145389372742175,0.950070158591268,0.3396783104453786,2.612028282890681,1.0
6,1,4D-B-6a56509ea188,4D,4D-B,equal_per_property,64,shared-independent,mean_centered,"[64, 48]",,"[1.0, 1.0]",207808,0.2173056669998914,0.4958165420030127,ok,,0.0001697245764375,0.0266278752937506,0.0272478514296656,0.0006581177027357,0.9996907508981506,0.9959588773721432,0.0352798063831159,10.074109097860427,0.0094938741607842,0.0145166046181589,0.9502117674521732,0.3589872263907672,2.6058159803181806,1.0
6,1,3D-independent-5a93f5036396,3D,3D-independent,equal_per_property,64,independent,ensemble_anomaly,"[64, 48]",,"[1.0, 1.0]",219008,0.2034043750027194,0.5066897500000778,ok,,0.0001272590575391,0.0199842365211499,0.0204300626513611,0.0004934475635103,0.9998345149279616,0.9978078280336804,0.0008789687671561,0.2510241131582609,0.000236536997935,0.0003616768053207,0.9999741780454516,0.9642528576063646,0.0724945017148471,1.0
6,1,4D-A-cbe030d90365,4D,4D-A,equal_per_property,64,joint,ensemble_anomaly,"[64, 48]",2.0,"[1.0, 1.0]",404420,0.3828981670012581,0.6748246670031222,ok,,0.0001247652730168,0.0196123740890262,0.020029590822662,0.0004837749623295,0.9998375444459854,0.9979077891788912,0.0024406431712268,0.695722997669095,0.0006567980507366,0.0010042768057644,0.9998980734077092,0.8949345331107806,0.1922285526533213,1.0
6,1,4D-B-6939f5acac9e,4D,4D-B,equal_per_property,64,shared-independent,ensemble_anomaly,"[64, 48]",,"[1.0, 1.0]",207808,0.2155593339994084,0.5074241249967599,ok,,0.0001272573183498,0.019983971545718,0.0204297835476175,0.0004934408223141,0.9998345174154464,0.9978078640888932,0.0009974934313744,0.2848880420627037,0.0002684270260156,0.0004104382404385,0.9999633263923776,0.9562600716061193,0.0819595114402288,1.0
6,1,3D-independent-7a2c6100f5cb,3D,3D-independent,equal_per_property,64,independent,standardized_anomaly,"[64, 48]",,"[1.0, 1.0]",219008,0.2105612500017741,0.5012341670008027,ok,,0.0001272590575391,0.0199842365211486,0.0204300626513597,0.0004934475635103,0.9998345149279176,0.997807828033681,0.0008789687671561,0.251024113158259,0.000236536997935,0.0003616768053207,0.9999741780454512,0.9642528576063684,0.0724945017148457,1.0
6,1,4D-A-c45120ace2c4,4D,4D-A,equal_per_property,64,joint,standardized_anomaly,"[64, 48]",2.0,"[1.0, 1.0]",404420,0.2929612500010989,0.5891994170015096,ok,,0.0003813853057163,0.0578204094918458,0.0612486154666113,0.0014793385897115,0.999138341344124,0.9836995449183256,0.0008384201477518,0.2393731667964006,0.0002256258430216,0.0003449931081153,0.9999749752137792,0.966988543881305,0.0804623829721078,1.0
6,1,4D-B-f843c8275099,4D,4D-B,equal_per_property,64,shared-independent,standardized_anomaly,"[64, 48]",,"[1.0, 1.0]",207808,0.2176267499962705,0.5091858750020037,ok,,0.000204842858101,0.0312039444688447,0.0328964914430567,0.0007945493769464,0.9995079182521156,0.9943310404226172,0.000869288096448,0.2482710113197302,0.0002339314984805,0.0003576928673862,0.9999740193241604,0.9639014805661944,0.0750896738235423,1.0
6,1,4D-A-102750e40079,4D,4D-A,equal_per_property,64,joint,standardized_anomaly,"[64, 48]",1.0,"[1.0, 1.0]",207810,0.2297745830001076,0.5550109169998905,ok,,0.0047285530788515,0.7179124139568144,0.7593908516367011,0.018341576914706,0.9743760778801978,0.7335511139620731,0.0020822686479888,0.5938053513850613,0.0005603586063667,0.0008568161106041,0.998528307908343,0.6400629847205064,0.4062276790001465,1.0
6,1,4D-D-ff94f89c821d,4D,4D-D,equal_per_property,64,partial-spatial,standardized_anomaly,"[64, 48]",,"[1.0, 1.0]",230208,0.5183800830054679,0.9658039169953554,ok,,8.339974485483229e-05,0.0129238286875856,0.0133920470090145,0.0003234582820319,0.9999643677727268,0.999170381911014,0.0010144225701531,0.2896746797749613,0.0002729857139642,0.0004174087004854,0.9999708333669703,0.9577343500964016,0.0810365356147097,1.0
6,1,4D-E-0ed2b1a0be64,4D,4D-E,equal_per_property,64,joint-property-residual,standardized_anomaly,"[64, 48]",2.0,"[1.0, 1.0]",328516,0.6168798340004287,1.0904260000024806,ok,,0.0005751615909776,0.0846796352859142,0.0923906743546244,0.0022315131348034,0.9984280164945458,0.966513584449141,0.0010477735194346,0.2990478618160057,0.0002819655443131,0.0004311393066116,0.999970375002643,0.9569972122307572,0.1054930246904927,1.0
6,1,4D-C-e7705bff9f37,4D,4D-C,equal_per_property,64,joint,standardized_anomaly,"[64, 48]",2.0,"[1.0, 0.5]",404420,0.2936525420009275,0.589790666999761,ok,,0.0002893911857974,0.0450386220237563,0.0464541336318217,0.0011220072814647,0.999471927598464,0.9881768208562468,0.0008346757113907,0.2383187240973831,0.00022461769467,0.0003434515992677,0.9999739823305424,0.9662940198542224,0.0765304814414762,1.0
6,1,4D-C-07c1f38e4371,4D,4D-C,equal_per_property,64,joint,standardized_anomaly,"[64, 48]",2.0,"[1.0, 2.0]",404420,0.2975938340023276,0.5898880000022473,ok,,0.0004130573432296,0.0631952693972067,0.066327308030815,0.0016020043159205,0.9988978594771328,0.9767437144514431,0.0008367129621551,0.2388876845979676,0.0002251664274234,0.0003442906388722,0.9999751611014268,0.9676530231753392,0.0824711462954458,1.0
6,1,3D-independent-fa9b36e31dc0,3D,3D-independent,equal_per_property,64,independent,raw_minmax,"[80, 48]",,"[1.0, 1.0]",272608,0.2419717500015394,0.541469165997114,ok,,6.671479507015354e-05,0.0103248871239245,0.0107113153641366,0.0002587105364589,0.9999558417677268,0.9993812733569764,0.0008132100680831,0.2325003588800994,0.0002188334299128,0.0003346071714751,0.999978233618938,0.9668483474691084,0.0649276088977454,1.0
6,1,4D-A-4f7fd7861b3e,4D,4D-A,equal_per_property,64,joint,raw_minmax,"[80, 48]",2.0,"[1.0, 1.0]",504948,0.3872885829987353,0.7058341250012745,ok,,0.0001541589984258,0.0243264813518673,0.0247475423307397,0.0005977277052138,0.9997210779270936,0.9964707813108792,0.0012320026512745,0.3520138825293871,0.0003315335138063,0.0005069311912175,0.9999270655530746,0.9186364186656132,0.104696690973252,1.0
6,1,4D-B-51546c614bcf,4D,4D-B,equal_per_property,64,shared-independent,raw_minmax,"[80, 48]",,"[1.0, 1.0]",259184,0.2942286249963217,0.5948400000052061,ok,,0.000152938765355,0.0241171533624565,0.0245520201170609,0.0005930052546958,0.9997218331932292,0.9965189994889152,0.0011839596364833,0.3382645018421672,0.0003186041022711,0.000487161479504,0.9999268822411408,0.9210290191693554,0.1009019114688721,1.0
6,1,3D-independent-5cbc421a2b78,3D,3D-independent,equal_per_property,64,independent,mean_centered,"[80, 48]",,"[1.0, 1.0]",272608,0.2332627910000155,0.5506577499982086,ok,,7.383805124318001e-05,0.0114894799475795,0.0118544146242008,0.0002863198274511,0.9999459455878732,0.9992508076429204,0.0008295937737741,0.2371602490166637,0.000223242475039,0.000341348820222,0.9999721841088194,0.9627673279868038,0.0669101652873452,1.0
6,1,4D-A-a9f18b485be4,4D,4D-A,equal_per_property,64,joint,mean_centered,"[80, 48]",2.0,"[1.0, 1.0]",504948,0.3856507500022417,0.6769999999960419,ok,,7.710914767192893e-05,0.0120642390598912,0.0123791109903748,0.0002989928254683,0.9999353129285224,0.9991688581233495,0.0178167124426908,5.0874748231210125,0.0047945185266731,0.0073310567011351,0.9892078025518496,0.4809104279265953,1.339874854788983,1.0
6,1,4D-B-be3ed22367d4,4D,4D-B,equal_per_property,64,shared-independent,mean_centered,"[80, 48]",,"[1.0, 1.0]",259184,0.2256370000031893,0.5039747089977027,ok,,8.113900211475642e-05,0.0126229127342494,0.0130269885379935,0.0003146410201303,0.9999318105564208,0.9990870545689988,0.0176787941427375,5.048209685085152,0.0047574031085661,0.0072743053854161,0.9893312766440052,0.5130814117261916,1.3261870911679516,1.0
6,1,3D-independent-44372d7b9669,3D,3D-independent,equal_per_property,64,independent,ensemble_anomaly,"[80, 48]",,"[1.0, 1.0]",272608,0.2164810419999412,0.4994282080006087,ok,,5.1679715262689054e-05,0.0080479634763227,0.0082970647741007,0.0002003991111987,0.9999774930921403,0.9996314880969256,0.000880985079405,0.2516010035993329,0.0002370795933317,0.0003625064606024,0.9999740561351864,0.9642023872597186,0.0694330073493334,1.0
6,1,4D-A-abc62af84685,4D,4D-A,equal_per_property,64,joint,ensemble_anomaly,"[80, 48]",2.0,"[1.0, 1.0]",504948,0.3262723749940051,0.6090204579959391,ok,,4.4265129493734295e-05,0.0069412680417696,0.0071062777940893,0.0001716380180991,0.9999808893245392,0.9997361981088017,0.0025345591521314,0.7225357886405579,0.0006820685981021,0.0010429167264517,0.9998974204855056,0.8976012383266431,0.1952020846161513,1.0
6,1,4D-B-643a4d560541,4D,4D-B,equal_per_property,64,shared-independent,ensemble_anomaly,"[80, 48]",,"[1.0, 1.0]",259184,0.2156848340018768,0.5137465000007069,ok,,5.167936337380501e-05,0.0080479088097447,0.0082970081353544,0.0002003977432024,0.9999774934972148,0.9996314946650908,0.0009313575856243,0.2659886283844302,0.0002506329560062,0.0003832302245643,0.9999696486591289,0.9602018356040616,0.0735299680148996,1.0
6,1,3D-independent-11e1b067c3e2,3D,3D-independent,equal_per_property,64,independent,standardized_anomaly,"[80, 48]",,"[1.0, 1.0]",272608,0.2256452910005464,0.5387777500000084,ok,,5.167971526254429e-05,0.0080479634763015,0.0082970647740775,0.0002003991111982,0.99997749309212,0.9996314880969264,0.000880985079405,0.2516010035993333,0.0002370795933317,0.0003625064606024,0.9999740561351862,0.9642023872597184,0.0694330073493281,1.0
6,1,4D-A-3bf6b15a532d,4D,4D-A,equal_per_property,64,joint,standardized_anomaly,"[80, 48]",2.0,"[1.0, 1.0]",504948,0.3469085420001647,0.6502500829956261,ok,,0.0003483817727504,0.0529218476793217,0.0559468832294812,0.0013512857834407,0.9994274428893172,0.9868535226380972,0.0008432160528552,0.2407381341035223,0.0002269166306784,0.0003469667864832,0.99997494273685,0.9671427110648436,0.0791654662328433,1.0
6,1,4D-B-3ee6d3ebd2d3,4D,4D-B,equal_per_property,64,shared-independent,standardized_anomaly,"[80, 48]",,"[1.0, 1.0]",259184,0.2270802080020075,0.5155971670028521,ok,,0.0001258972071869,0.0195899873027932,0.0202138586378418,0.0004882255852172,0.9998009702546664,0.9975962129629192,0.0008725321845541,0.2491927338397131,0.0002348046769197,0.0003590280005415,0.9999740089120016,0.9640928436180478,0.0719845482130057,1.0
6,1,4D-A-0bf051d8d579,4D,4D-A,equal_per_property,64,joint,standardized_anomaly,"[80, 48]",1.0,"[1.0, 1.0]",259186,0.2067211670000688,0.5043810000061058,ok,,0.0047253536714554,0.7174503430635414,0.7588768756022262,0.018329162844997,0.9744611260694732,0.7344977370460324,0.0020839635730537,0.5942869907897171,0.0005608147901764,0.0008575136382822,0.9985284724707948,0.6399747493500335,0.4061252726638064,1.0
6,1,4D-D-e24c5d642104,4D,4D-D,equal_per_property,64,partial-spatial,standardized_anomaly,"[80, 48]",,"[1.0, 1.0]",286032,0.4527770419954322,0.832250749997911,ok,,7.791066441288938e-05,0.0120272515157333,0.0125114507209705,0.0003021892286674,0.9999724980607264,0.9992836440592922,0.0010206008043605,0.2914416388882319,0.0002746482513692,0.0004199508026622,0.9999708085026496,0.957892321768246,0.081220226872549,1.0
6,1,4D-E-6ca320f290f9,4D,4D-E,equal_per_property,64,joint-property-residual,standardized_anomaly,"[80, 48]",2.0,"[1.0, 1.0]",408916,0.6304583759992965,1.1011415409957408,ok,,0.0004214439749506,0.0636408231815747,0.0676776237413111,0.00163461850848,0.9993673707084282,0.9762975358175784,0.0010357856426342,0.2955993348210887,0.0002787401688987,0.00042620754758,0.9999708246979234,0.9577886560107366,0.0980492655221265,1.0
6,1,4D-C-4e04f7cc08d6,4D,4D-C,equal_per_property,64,joint,standardized_anomaly,"[80, 48]",2.0,"[1.0, 0.5]",504948,0.3308223339990945,0.6246672499983106,ok,,0.0002631891913918,0.0403188822364843,0.0422557951426006,0.001020604758445,0.9996648748500342,0.991303005299812,0.0008387551444637,0.2394692582443557,0.0002257160125596,0.0003451309818124,0.999974969708993,0.9668414403459292,0.0751789794144923,1.0
6,1,4D-C-f8d668c31c07,4D,4D-C,equal_per_property,64,joint,standardized_anomaly,"[80, 48]",2.0,"[1.0, 2.0]",504948,0.3290302919995156,0.6222637920000125,ok,,0.0003569224719721,0.0549772443693568,0.0573075683035672,0.0013841504273711,0.9993566123622712,0.982084098138486,0.0008411786815652,0.2401632140717407,0.0002263682165185,0.0003461282340239,0.9999751027608752,0.9677254190075611,0.0800589249670185,1.0
6,1,3D-current-e419eaac8e1a,3D,3D-current,equal_total,32,legacy-independent,raw_minmax,"[48, 48]",,"[1.0, 1.0]",117216,4.400831791994278,4.683982875001675,ok,,0.0009646688200723,0.1507484851263651,0.1548586678603442,0.0037403033778293,0.9948023163744024,0.9303802837943222,0.0011505746863315,0.328499183690201,0.0003096279902902,0.000473436558947,0.9999690959053372,0.943366869063815,0.1355935230968744,1.0
6,1,4D-A-current-205a30146a4e,4D,4D-A-current,equal_total,32,legacy-joint,raw_minmax,"[48, 48]",2.0,"[1.0, 1.0]",181972,5.69879475000198,5.969712416997936,ok,,0.0021739143870922,0.3398041782320022,0.3490271815214761,0.0084300579621175,0.9785955810277754,0.7999995248549038,0.0156584679276886,4.471360968424916,0.0042137281149482,0.0064429993464407,0.9903938819450112,0.4564601529116499,1.2957338269434104,1.0
6,1,3D-current-5e7711139fcb,3D,3D-current,equal_per_property,64,legacy-independent,raw_minmax,"[48, 48]",,"[1.0, 1.0]",216480,4.825817791999725,5.154090582997014,ok,,0.0009435487939329,0.1475057174989083,0.1514669615718552,0.0036583834526309,0.9949194346474824,0.9341594829257844,0.0008353870385298,0.2388129816122695,0.0002248015384421,0.0003437327055164,0.9999748203727072,0.9630252111450556,0.1094315880189394,1.0
6,1,4D-A-current-43ce2f360e5a,4D,4D-A-current,equal_per_property,64,legacy-joint,raw_minmax,"[48, 48]",2.0,"[1.0, 1.0]",354964,6.19858162500168,6.513041666999925,ok,,0.0021731672271483,0.3396877499050673,0.3489072062403451,0.0084271601976238,0.9785811921226122,0.8002486652351739,0.0156299334383461,4.463192661997591,0.0042060495173369,0.0064312583897294,0.9904034985113463,0.4581040918831686,1.2934260083358715,1.0
6,2,3D-independent-e9bc2b1d9158,3D,3D-independent,equal_total,32,independent,raw_minmax,"[64, 48]",,"[1.0, 1.0]",120704,0.2617677920061396,0.537971583995386,ok,,0.0003525709242405,0.0803124641138138,0.0563538646371329,0.001361114607299,0.9994943781319804,0.9861571212773452,0.0014573582317154,0.4818160748471253,0.0003918795554437,0.0005992032828721,0.9999633002548828,0.9222400471078064,0.1519824886920908,1.0
6,2,4D-A-c5fc8bd2cb2c,4D,4D-A,equal_total,32,joint,raw_minmax,"[64, 48]",2.0,"[1.0, 1.0]",207812,0.4303336669981945,0.7477129999970202,ok,,0.0003378967244587,0.0753344701485519,0.0539946709345197,0.0013041330137427,0.9988907835636324,0.9855236464728762,0.0043388268342562,1.4431091115234873,0.0011666234150694,0.001783825082157,0.9992099500148288,0.6851923699544301,0.4207713933645965,1.0
6,2,4D-B-f835e7c8452f,4D,4D-B,equal_total,32,shared-independent,raw_minmax,"[64, 48]",,"[1.0, 1.0]",109504,0.4591011669981526,0.8530985420002253,ok,,0.0004525489584682,0.1016272218206362,0.0723217003202981,0.00174678566172,0.998709665508714,0.9765322672046935,0.0042637946264953,1.4183350190606234,0.0011464468821857,0.0017529741623452,0.99921603683735,0.6901452890817775,0.421655865684506,1.0
6,2,3D-independent-7cc1fb3009e2,3D,3D-independent,equal_total,32,independent,mean_centered,"[64, 48]",,"[1.0, 1.0]",120704,0.4735945830034325,0.8294394159966032,ok,,0.0003569815829417,0.0812570169388118,0.0570585916071789,0.0013781358742389,0.9994607398298092,0.9858626285072056,0.0015344189987593,0.5076213706667331,0.0004125982112231,0.0006308831354881,0.9999368204562864,0.902554586971302,0.1611674449665727,1.0
6,2,4D-A-a8d848e0bd2f,4D,4D-A,equal_total,32,joint,mean_centered,"[64, 48]",2.0,"[1.0, 1.0]",207812,1.2490117909983385,1.6259074580011657,ok,,0.0001697101660874,0.0386268226131347,0.0271271104154698,0.0006552009605385,0.999718331705592,0.9965478668858126,0.0365854695410837,12.176500121403366,0.0098370289713508,0.0150413053486986,0.9419028642069328,0.3014244957186417,3.1415351906785687,1.0
6,2,4D-B-2e139466dc24,4D,4D-B,equal_total,32,shared-independent,mean_centered,"[64, 48]",,"[1.0, 1.0]",109504,0.3414246250031283,0.6749997079969035,ok,,0.0003590742257107,0.0816566435046718,0.0573923495162523,0.0013861971273272,0.9994487324283888,0.985720906670594,0.0363899720492345,12.110560333841429,0.0097844719629994,0.0149609430753812,0.9421513085132356,0.362102841846304,3.129576275771913,1.0
6,2,3D-independent-34daa9e6fa18,3D,3D-independent,equal_total,32,independent,ensemble_anomaly,"[64, 48]",,"[1.0, 1.0]",120704,0.315365666996513,0.6240421249967767,ok,,0.0002919569523801,0.0675524678247965,0.0466823187198145,0.0011275178077185,0.999646499202016,0.9895639742420232,0.0015522599327023,0.5139337836027953,0.0004173921652468,0.0006382133290362,0.9999593453968308,0.9227212456695884,0.1563359103679465,1.0
6,2,4D-A-63c64c98502f,4D,4D-A,equal_total,32,joint,ensemble_anomaly,"[64, 48]",2.0,"[1.0, 1.0]",207812,0.3914887080027256,0.6996057080032188,ok,,0.000143800767312,0.0327180216978368,0.0229861055982023,0.0005551832921502,0.99981068145732,0.99773311949434,0.0032759367328734,1.0888504488658064,0.0008808440697378,0.0013468542845714,0.9998614330354996,0.8411386774674198,0.3005331430206908,1.0
6,2,4D-B-852478df5431,4D,4D-B,equal_total,32,shared-independent,ensemble_anomaly,"[64, 48]",,"[1.0, 1.0]",109504,0.2804952499936917,0.5781302909963415,ok,,0.0002919552482942,0.067551878347801,0.0466820445701588,0.0011275111861832,0.999646506393257,0.9895641014611404,0.0015835940992177,0.5242373757874169,0.0004258187108088,0.0006510979352728,0.9999443535175562,0.9143056051815308,0.1599636002034706,1.0
6,2,3D-independent-629bdce16d73,3D,3D-independent,equal_total,32,independent,standardized_anomaly,"[64, 48]",,"[1.0, 1.0]",120704,0.2420070829975884,0.5211562500044238,ok,,0.0002919569523801,0.0675524678248097,0.0466823187198208,0.0011275178077186,0.9996464992019608,0.9895639742420208,0.0015522599327023,0.5139337836027923,0.0004173921652468,0.0006382133290362,0.9999593453968312,0.9227212456695892,0.1563359103679492,1.0
6,2,4D-A-06f4272272b6,4D,4D-A,equal_total,32,joint,standardized_anomaly,"[64, 48]",2.0,"[1.0, 1.0]",207812,0.3571290409963694,0.6395610420004232,ok,,0.0008104747352823,0.194521525752142,0.1296191545788641,0.0031306907843688,0.9978440732223878,0.9545143312055672,0.0014769193894241,0.488203185155956,0.0003971416577452,0.0006072492983635,0.9999620330887824,0.9282530880571256,0.1853352503191879,1.0
6,2,4D-B-17b80d300b68,4D,4D-B,equal_total,32,shared-independent,standardized_anomaly,"[64, 48]",,"[1.0, 1.0]",109504,0.2578563340066466,0.5385932080025668,ok,,0.0003344709242756,0.0720562935918123,0.0534309211191647,0.0012905167673064,0.9992776984693856,0.9863587782177848,0.0015512726468085,0.5136411944020615,0.0004171263301497,0.0006378068539837,0.9999588296274666,0.9220137126209847,0.1578778106436222,1.0
6,2,4D-A-4681118648ec,4D,4D-A,equal_total,32,joint,standardized_anomaly,"[64, 48]",1.0,"[1.0, 1.0]",109506,0.2793311670029652,0.5654861670045648,ok,,0.0040040538573922,0.8155947963507136,0.6391819621991733,0.0154381586972488,0.981346576378304,0.7378520038866919,0.0021544923124501,0.7223769238645045,0.0005792446043867,0.0008856937385811,0.9977105557816224,0.6147870931188176,0.4654130429281158,1.0
6,2,4D-D-9e53fbf0a6d8,4D,4D-D,equal_total,32,partial-spatial,standardized_anomaly,"[64, 48]",,"[1.0, 1.0]",131904,0.4160562499964726,0.8043048750041635,ok,,0.0003606343428472,0.0824133750197162,0.0576501188652144,0.0013924230291077,0.9995993733742664,0.9850083628881362,0.0015698518381274,0.5198187085323559,0.0004221217922387,0.0006454451633612,0.9999595826736912,0.920971629920146,0.1623105217869827,1.0
6,2,4D-E-07794d5e4bbe,4D,4D-E,equal_total,32,joint-property-residual,standardized_anomaly,"[64, 48]",2.0,"[1.0, 1.0]",181060,0.5093209170081536,0.9269991670007584,ok,,0.0005759319608127,0.130638381530461,0.092059824047449,0.0022235204641811,0.9989906598575208,0.9714645236981756,0.0015760908351439,0.521419397408591,0.0004238043870951,0.0006480179343765,0.9999568049670612,0.9217786284776888,0.17635905071278,1.0
6,2,4D-C-3fe7ec5ee326,4D,4D-C,equal_total,32,joint,standardized_anomaly,"[64, 48]",2.0,"[1.0, 0.5]",207812,0.3841713750007329,0.6993070000025909,ok,,0.0008497930463058,0.2080666745760919,0.1359484182642578,0.0032835614581213,0.9976434597671564,0.9524793764444932,0.0014511956652471,0.4795699984422459,0.0003902259322338,0.0005966748109418,0.9999631665374328,0.9288509420564072,0.1867428784419719,1.0
6,2,4D-C-5b31da2b924b,4D,4D-C,equal_total,32,joint,standardized_anomaly,"[64, 48]",2.0,"[1.0, 2.0]",207812,0.384896083996864,0.7039679160006926,ok,,0.0010331340411176,0.2480427490289265,0.165220634678791,0.003990573152996,0.9968477389161908,0.931580860280836,0.001448397258024,0.4788079198181346,0.0003894719646305,0.0005955219570692,0.9999645762446526,0.9304263633387996,0.1989617642593108,1.0
6,2,3D-independent-7db5f3bc9ad5,3D,3D-independent,equal_total,32,independent,raw_minmax,"[80, 48]",,"[1.0, 1.0]",149728,0.557247583004937,0.8891258750009001,ok,,0.0003340511099944,0.0758853336185827,0.0533917227519044,0.0012895700093404,0.9996331018226062,0.9877148117120376,0.0014565715326867,0.4815492110658663,0.0003916680694269,0.0005988799102599,0.9999635254351832,0.9225887712598492,0.1505706882996264,1.0
6,2,4D-A-9e409054ed54,4D,4D-A,equal_total,32,joint,raw_minmax,"[80, 48]",2.0,"[1.0, 1.0]",259188,0.4986362920026295,0.7882147079944843,ok,,0.0001649281951638,0.0377974392514741,0.0263633914333058,0.0006367548598285,0.9997582668906456,0.9964195964088476,0.0019231789322962,0.6373066919588918,0.0005171251007492,0.0007907099355403,0.9999038727643096,0.8643019751317027,0.1861858363600227,1.0
6,2,4D-B-2fb1b6b4a839,4D,4D-B,equal_total,32,shared-independent,raw_minmax,"[80, 48]",,"[1.0, 1.0]",136304,0.4959644590053358,0.9857611670013284,ok,,0.0003514386774899,0.0797375775525697,0.0561698820735436,0.001356670877372,0.9994920945042622,0.9861435797216108,0.0017380304683025,0.5760886446519681,0.0004673383432581,0.0007145835132307,0.9999104999065628,0.8765046193065603,0.181125530672613,1.0
6,2,3D-independent-dbbd1a2865ca,3D,3D-independent,equal_total,32,independent,mean_centered,"[80, 48]",,"[1.0, 1.0]",149728,0.4873823329980951,0.9538555830004044,ok,,0.0003363746473287,0.0763815330812755,0.0537628442367734,0.0012985337046857,0.9996203066026658,0.9875004291291236,0.0014664156361321,0.4848145723566834,0.0003943150349477,0.0006029272518669,0.9999537716276544,0.9177133757624368,0.1521473007480447,1.0
6,2,4D-A-85017caccbe9,4D,4D-A,equal_total,32,joint,mean_centered,"[80, 48]",2.0,"[1.0, 1.0]",259188,0.6478383339999709,0.962012167001376,ok,,8.504434488119391e-05,0.0196796566643589,0.0135969609284943,0.0003284073284736,0.9999312469197577,0.9990769604332872,0.0173347175670833,5.770552444980422,0.004660914288619,0.0071267691925485,0.9878869565564602,0.4265444521856404,1.5193553488338294,1.0
6,2,4D-B-4bb821f89672,4D,4D-B,equal_total,32,shared-independent,mean_centered,"[80, 48]",,"[1.0, 1.0]",136304,0.3836186659973464,0.7093390829977579,ok,,0.0003381520039387,0.0767972812602275,0.0540471555082422,0.0013054006733862,0.9996103432822347,0.9873800192489068,0.0169227477875623,5.6314690421985745,0.0045501628996341,0.0069574248240034,0.9882468248777764,0.5117863663361075,1.4896707826665738,1.0
6,2,3D-independent-3e92f69676cb,3D,3D-independent,equal_total,32,independent,ensemble_anomaly,"[80, 48]",,"[1.0, 1.0]",149728,0.5023751249973429,0.9060712499995134,ok,,0.0002670821322916,0.0621444366148826,0.0427087261976646,0.0010315436476466,0.9997770879595326,0.9909043332230436,0.001552395942717,0.513975736134837,0.0004174287698369,0.0006382692992706,0.9999593473519122,0.9227606133300778,0.1548219248682897,1.0
6,2,4D-A-8bea2cabc037,4D,4D-A,equal_total,32,joint,ensemble_anomaly,"[80, 48]",2.0,"[1.0, 1.0]",259188,0.5324353750038426,0.8911795410022023,ok,,5.7030978636997274e-05,0.0135985876382227,0.0091217869527454,0.0002203184740921,0.9999742653146788,0.9996362414390952,0.0032742611374407,1.0879454058250295,0.0008803969484901,0.0013461706140004,0.9998699178684576,0.8504418428648625,0.2941262378278184,1.0
6,2,4D-B-2828b82824ed,4D,4D-B,equal_total,32,shared-independent,ensemble_anomaly,"[80, 48]",,"[1.0, 1.0]",136304,0.3491115420038113,0.6233158750037546,ok,,0.000267082138299,0.0621444397573386,0.0427087272055846,0.0010315436719909,0.999777090348553,0.990904342734398,0.0015630214449731,0.5174809726329745,0.0004202861138884,0.0006426383200887,0.99995921037574,0.9202551775319864,0.1560114130642802,1.0
6,2,3D-independent-86c75f98455a,3D,3D-independent,equal_total,32,independent,standardized_anomaly,"[80, 48]",,"[1.0, 1.0]",149728,0.2978708329974324,0.5960209580007358,ok,,0.0002670821322916,0.0621444366148702,0.0427087261976585,0.0010315436476465,0.9997770879595208,0.9909043332230422,0.001552395942717,0.513975736134836,0.0004174287698369,0.0006382692992706,0.9999593473519118,0.922760613330078,0.1548219248682865,1.0
6,2,4D-A-4ea76ef087a9,4D,4D-A,equal_total,32,joint,standardized_anomaly,"[80, 48]",2.0,"[1.0, 1.0]",259188,0.5259022500031278,0.881253250001464,ok,,0.0007959866100649,0.19212219138728,0.1273122108872252,0.0030749711850631,0.9981728177113262,0.957912281133897,0.0014834515246411,0.4903199718186553,0.0003988985181885,0.0006099356251457,0.999962493863514,0.9283956832045802,0.1848220452591741,1.0
6,2,4D-B-934096b5cda8,4D,4D-B,equal_total,32,shared-independent,standardized_anomaly,"[80, 48]",,"[1.0, 1.0]",136304,0.3016650829958962,0.6017710420055664,ok,,0.0002965794432253,0.066397213710412,0.0474012982968234,0.0011448833178023,0.9995731022076604,0.989056877640209,0.0015515563662228,0.5137234849390576,0.0004172027419218,0.0006379236913743,0.9999591971575296,0.9224441311895916,0.1560925485586423,1.0
6,2,4D-A-b80c4d29ed28,4D,4D-A,equal_total,32,joint,standardized_anomaly,"[80, 48]",1.0,"[1.0, 1.0]",136306,0.284060791003867,0.5633387499983655,ok,,0.0039982404258323,0.8141582451055226,0.6382517835896989,0.015415692098003,0.9814270454232644,0.7392722128025903,0.0021593791986778,0.7239538257614905,0.0005805590599945,0.0008877036064205,0.99770732868005,0.6144465486421868,0.4653131725361561,1.0
6,2,4D-D-2ecf0e4138e3,4D,4D-D,equal_total,32,partial-spatial,standardized_anomaly,"[80, 48]",,"[1.0, 1.0]",163152,0.4731972919980762,0.8794283329989412,ok,,0.0003423246288279,0.0772937660622902,0.0547161153356725,0.0013215580567116,0.9996637203530148,0.9872418108986438,0.0015517420217577,0.5137737655975948,0.0004172527772782,0.0006380001979168,0.9999591533422084,0.9224863196260372,0.1590508665993861,1.0
6,2,4D-E-4f4328240852,4D,4D-E,equal_total,32,joint-property-residual,standardized_anomaly,"[80, 48]",2.0,"[1.0, 1.0]",224596,0.5185345839927322,0.9046316249950904,ok,,0.000587675947838,0.1316475888296552,0.0939115422797092,0.0022682450052709,0.998963014731247,0.9728433867284378,0.0015119050938504,0.4995607357945934,0.0004065510119661,0.0006216366678002,0.999960973127578,0.9261560918379924,0.1704271463352583,1.0
6,2,4D-C-44adce3e7a5f,4D,4D-C,equal_total,32,joint,standardized_anomaly,"[80, 48]",2.0,"[1.0, 0.5]",259188,0.3910856669972418,0.671518457995262,ok,,0.0008248064550454,0.2033889524324895,0.1319657636569473,0.0031873684215524,0.9978978749936576,0.9554016634918342,0.0014567402965616,0.4814159741497386,0.0003917166665856,0.0005989542177265,0.9999638181678878,0.9294648324589668,0.1855929196517069,1.0
6,2,4D-C-1150f24dbbfa,4D,4D-C,equal_total,32,joint,standardized_anomaly,"[80, 48]",2.0,"[1.0, 2.0]",259188,0.3734270420027314,0.6640810829994734,ok,,0.0010078823985292,0.244970084872355,0.1612088564663227,0.0038936766941392,0.9973780438339892,0.935443084892346,0.0014481885173083,0.4787222896538536,0.0003894159909814,0.0005954363705826,0.9999647026529844,0.9305110904660984,0.1976788217117466,1.0
6,2,3D-independent-82249d692984,3D,3D-independent,equal_per_property,64,independent,raw_minmax,"[64, 48]",,"[1.0, 1.0]",219008,0.2182404580016737,0.5055410839995602,ok,,0.0001572028249318,0.0360261897039273,0.0251298775837975,0.0006069618060658,0.9997593034915608,0.99687045785567,0.0010630510526362,0.3512243952906006,0.0002858548557657,0.0004370862567857,0.9999728613738226,0.9514102448844736,0.103277558406114,1.0
6,2,4D-A-63bd70d89f36,4D,4D-A,equal_per_property,64,joint,raw_minmax,"[64, 48]",2.0,"[1.0, 1.0]",404420,0.3167698749966803,0.6002147079998394,ok,,0.0003297513951396,0.0732732220243027,0.0526910224791498,0.0012726459991997,0.9989114349786434,0.9862031398648332,0.0041566333057915,1.383286637479186,0.0011176281892983,0.0017089089511181,0.9992243260519942,0.7005649972197278,0.403293947740302,1.0
6,2,4D-B-49fc67f13645,4D,4D-B,equal_per_property,64,shared-independent,raw_minmax,"[64, 48]",,"[1.0, 1.0]",207808,0.2310258750003413,0.5242639170028269,ok,,0.0003273503865127,0.0726603581447187,0.0523066534351003,0.0012633623356246,0.9989128298511148,0.9863914412082708,0.0041318397117806,1.3750386400800885,0.0011109620477323,0.0016987160899316,0.999228798392625,0.7043790465089871,0.4005784385915445,1.0
6,2,3D-independent-64af48d38810,3D,3D-independent,equal_per_property,64,independent,mean_centered,"[64, 48]",,"[1.0, 1.0]",219008,0.2273935420016641,0.5274204160014051,ok,,0.0001649767624384,0.0376494045798285,0.026371726727171,0.000636956182139,0.9997355780131136,0.9967412482092556,0.0011466587286424,0.3795985800636393,0.0003083303620387,0.0004714524209704,0.9999488146988864,0.9329454970598268,0.1131011530022316,1.0
6,2,4D-A-fbc2ac4d32c8,4D,4D-A,equal_per_property,64,joint,mean_centered,"[64, 48]",2.0,"[1.0, 1.0]",404420,0.3969931249957881,0.7583350839995546,ok,,0.0001678753472358,0.0381077135320487,0.0268330239799222,0.0006480978923495,0.9997201909055732,0.9966181757040852,0.0364894092805193,12.143557466458068,0.0098112094407522,0.0150018260054106,0.9419428242016372,0.3064234248237446,3.1325360949315506,1.0
6,2,4D-B-6a56509ea188,4D,4D-B,equal_per_property,64,shared-independent,mean_centered,"[64, 48]",,"[1.0, 1.0]",207808,0.3829822499974398,0.7577062499985914,ok,,0.0001696421136503,0.0386092261888686,0.027116214040575,0.0006549377804508,0.999718323229419,0.996549754905849,0.0363745797631227,12.105498876342123,0.0097803328462329,0.0149546141604881,0.9421641418525436,0.3631768535643905,3.116061199573968,1.0
6,2,3D-independent-5a93f5036396,3D,3D-independent,equal_per_property,64,independent,ensemble_anomaly,"[64, 48]",,"[1.0, 1.0]",219008,0.2283531249995576,0.5256759580006474,ok,,0.0001438048432443,0.0327190832617572,0.0229867587580851,0.0005551990679175,0.999810653052689,0.9977326039222506,0.0011047531043815,0.3672478736670921,0.00029704841302,0.0004542017611815,0.9999650511943976,0.9505547917415352,0.1064558147742391,1.0
6,2,4D-A-cbe030d90365,4D,4D-A,equal_per_property,64,joint,ensemble_anomaly,"[64, 48]",2.0,"[1.0, 1.0]",404420,0.2952052079999703,0.5814753749946249,ok,,0.0001417948557731,0.0321938454048741,0.0226648491852673,0.0005474239876348,0.9998127292615516,0.997797700933256,0.0026425885392498,0.881107696260774,0.0007105190831483,0.0010864189296215,0.999898460342818,0.8656055067584649,0.2453999844549469,1.0
6,2,4D-B-6939f5acac9e,4D,4D-B,equal_per_property,64,shared-independent,ensemble_anomaly,"[64, 48]",,"[1.0, 1.0]",207808,0.2067140419967472,0.4924531249998836,ok,,0.0001438004901297,0.0327178145312426,0.0229860604853469,0.0005551822025396,0.9998106600088544,0.9977327156595248,0.0011102318485576,0.3679091987016104,0.0002985331746538,0.0004564720353841,0.9999537182205576,0.9466798316689964,0.107105184892148,1.0
6,2,3D-independent-7a2c6100f5cb,3D,3D-independent,equal_per_property,64,independent,standardized_anomaly,"[64, 48]",,"[1.0, 1.0]",219008,0.2158497079944936,0.5121961670010933,ok,,0.0001438048432444,0.0327190832617887,0.0229867587581019,0.0005551990679179,0.99981065305268,0.9977326039222484,0.0011047531043815,0.3672478736670818,0.00029704841302,0.0004542017611815,0.999965051194397,0.9505547917415372,0.1064558147742444,1.0
6,2,4D-A-c45120ace2c4,4D,4D-A,equal_per_property,64,joint,standardized_anomaly,"[64, 48]",2.0,"[1.0, 1.0]",404420,0.3000332080046064,0.6048571249993984,ok,,0.0004974077025027,0.1129744027448849,0.0794983370412046,0.0019201229321096,0.998700597684734,0.9785070697381122,0.0009592993799858,0.3171292751676599,0.0002579556055434,0.0003944269190105,0.9999717698830288,0.9622205223129802,0.1149349704717496,1.0
6,2,4D-B-f843c8275099,4D,4D-B,equal_per_property,64,shared-independent,standardized_anomaly,"[64, 48]",,"[1.0, 1.0]",207808,0.230366582996794,0.5309582500049146,ok,,0.0001962596834764,0.0370351554986411,0.0313019859717592,0.000756036708715,0.9994648185935504,0.9950347823494524,0.0010832271825029,0.3602983340290313,0.0002912584329725,0.0004453485944264,0.9999643866889552,0.9505141450629851,0.1061397564553634,1.0
6,2,4D-A-102750e40079,4D,4D-A,equal_per_property,64,joint,standardized_anomaly,"[64, 48]",1.0,"[1.0, 1.0]",207810,0.2018547910047345,0.5010175829957006,ok,,0.0041416391942293,0.852144138115423,0.6612212763712666,0.0159704741408771,0.9803637259954632,0.736125148930029,0.0019865173326421,0.6675362009914169,0.0005340695960737,0.0008166189095708,0.997764936313216,0.6311162175089032,0.4590149139718434,1.0
6,2,4D-D-ff94f89c821d,4D,4D-D,equal_per_property,64,partial-spatial,standardized_anomaly,"[64, 48]",,"[1.0, 1.0]",230208,0.3997026240031118,0.7566700000024866,ok,,8.60018605341982e-05,0.0206398609509564,0.0137558621330881,0.0003322452684638,0.999960044840802,0.9989465228629096,0.0013089858433237,0.4337951537283797,0.0003519750973586,0.0005381873866518,0.9999647217154528,0.9421434535350084,0.1209725066200942,1.0
6,2,4D-E-0ed2b1a0be64,4D,4D-E,equal_per_property,64,joint-property-residual,standardized_anomaly,"[64, 48]",2.0,"[1.0, 1.0]",328516,0.8491387920003035,1.3914270829991435,ok,,0.0006153689322712,0.1537062764351086,0.0984609376223432,0.002378126527951,0.9984571671546498,0.9698640902762548,0.0014230842831159,0.4706368095010285,0.0003826635574693,0.0005851115647294,0.9999600954415652,0.930578086253422,0.1685304994178247,1.0
6,2,4D-C-e7705bff9f37,4D,4D-C,equal_per_property,64,joint,standardized_anomaly,"[64, 48]",2.0,"[1.0, 0.5]",404420,0.566304374995525,1.3282558749997406,ok,,0.0005284333468087,0.1222371401356678,0.0844804791734528,0.0020404565858086,0.9986068249946636,0.9755630122869352,0.0009515361340075,0.3151429085064146,0.000255862568496,0.0003912265615218,0.9999705737369676,0.9614675492435136,0.1172161919692145,1.0
6,2,4D-C-07c1f38e4371,4D,4D-C,equal_per_property,64,joint,standardized_anomaly,"[64, 48]",2.0,"[1.0, 2.0]",404420,0.8384442499955185,1.317081249995681,ok,,0.0007043135383572,0.1555596184870001,0.1125333872010545,0.0027180183313863,0.9977144444388728,0.9592131368661044,0.0009912716212856,0.3279057995383942,0.0002665509270531,0.0004075695920446,0.9999712807105716,0.9613239194922768,0.1307992224615509,1.0
6,2,3D-independent-fa9b36e31dc0,3D,3D-independent,equal_per_property,64,independent,raw_minmax,"[80, 48]",,"[1.0, 1.0]",272608,0.4848810830008006,0.9540064579996396,ok,,6.91143980881281e-05,0.0160167194831211,0.0110499904070462,0.0002668903623627,0.9999568301972278,0.9993855421670692,0.0010707628654745,0.3538001798436906,0.0002879283001176,0.0004402566560711,0.999973042551576,0.9513472882970097,0.0986126210236931,1.0
6,2,4D-A-4f7fd7861b3e,4D,4D-A,equal_per_property,64,joint,raw_minmax,"[80, 48]",2.0,"[1.0, 1.0]",504948,0.967958916000498,1.907750375001342,ok,,0.000145681949688,0.0329334115951436,0.0232829049810071,0.0005623518861405,0.9997820754182812,0.9972665893240046,0.0014859903820726,0.4932271059620028,0.0003995613835701,0.0006109491792013,0.99991652101352,0.8968660584076856,0.1447735484228253,1.0
6,2,4D-B-51546c614bcf,4D,4D-B,equal_per_property,64,shared-independent,raw_minmax,"[80, 48]",,"[1.0, 1.0]",259184,0.561463541998819,1.0286491250008112,ok,,0.0001399355987065,0.0315023891208744,0.0223632766564831,0.0005401401078738,0.999787771394252,0.9974503986406088,0.0014052747122768,0.4664495960534975,0.0003778589598202,0.00057776509655,0.9999181976596212,0.9038114717399148,0.1368302624960275,1.0
6,2,3D-independent-5cbc421a2b78,3D,3D-independent,equal_per_property,64,independent,mean_centered,"[80, 48]",,"[1.0, 1.0]",272608,0.3365478330015321,0.6585557500002324,ok,,7.66382989843619e-05,0.0177775522849035,0.0122534265191003,0.0002959569486849,0.9999450036173008,0.9992447091153428,0.0010658659222375,0.352192270460067,0.0002866115556173,0.0004382432884015,0.9999681237767368,0.9489459213360596,0.0989686268798173,1.0
6,2,4D-A-a9f18b485be4,4D,4D-A,equal_per_property,64,joint,mean_centered,"[80, 48]",2.0,"[1.0, 1.0]",504948,0.6455943340042722,1.0689038339987746,ok,,8.128390332956812e-05,0.0186292358227878,0.0129943488056543,0.0003138524409213,0.9999339882263352,0.9991588304074376,0.017140723636,5.703799787241273,0.0046087739554796,0.0070470440363031,0.9878525338718526,0.426491221370554,1.5024009992937664,1.0
6,2,4D-B-be3ed22367d4,4D,4D-B,equal_per_property,64,shared-independent,mean_centered,"[80, 48]",,"[1.0, 1.0]",259184,0.4399525830012862,0.8894691669993335,ok,,8.491457055254852e-05,0.0196464625110761,0.0135761864234692,0.0003279055619589,0.9999313483353832,0.999079144819782,0.0168893388077789,5.620502703835633,0.0045411787374113,0.0069436875942271,0.9882626100297052,0.5166618360821066,1.4705696689739414,1.0
6,2,3D-independent-44372d7b9669,3D,3D-independent,equal_per_property,64,independent,ensemble_anomaly,"[80, 48]",,"[1.0, 1.0]",272608,0.4347022090005339,0.9444205420004436,ok,,5.703076485991256e-05,0.0135978290306557,0.0091217471802452,0.0002203175134672,0.9999742596435878,0.9996357396173368,0.0011086980054194,0.3685237899062992,0.0002981094764459,0.0004558241798029,0.9999649060407246,0.9504962772792642,0.1017639026221636,1.0
6,2,4D-A-abc62af84685,4D,4D-A,equal_per_property,64,joint,ensemble_anomaly,"[80, 48]",2.0,"[1.0, 1.0]",504948,0.7899440409964882,1.2810284169972874,ok,,5.1472339624813655e-05,0.0122007957160717,0.0082320039333281,0.0001988275493285,0.9999771091268308,0.999711384520282,0.0026650431781115,0.8898547133971845,0.0007165444677404,0.0010956320416046,0.9999082694536098,0.874230383993937,0.2412711562140367,1.0
6,2,4D-B-643a4d560541,4D,4D-B,equal_per_property,64,shared-independent,ensemble_anomaly,"[80, 48]",,"[1.0, 1.0]",259184,0.8837050830043154,1.5528471669967985,ok,,5.7029775361662874e-05,0.0135976258550858,0.0091215892379983,0.0002203136986889,0.9999742607449617,0.9996357544521208,0.0010970800739553,0.3645002363075983,0.0002949872853923,0.0004510501947785,0.999966222298784,0.950031811610315,0.1008160197828665,1.0
6,2,3D-independent-11e1b067c3e2,3D,3D-independent,equal_per_property,64,independent,standardized_anomaly,"[80, 48]",,"[1.0, 1.0]",272608,0.753300374999526,1.5746627499975148,ok,,5.703076485973984e-05,0.013597829030606,0.0091217471802175,0.0002203175134665,0.999974259643531,0.9996357396173398,0.0011086980054194,0.3685237899062981,0.0002981094764459,0.0004558241798029,0.9999649060407249,0.9504962772792656,0.1017639026221503,1.0
6,2,4D-A-3bf6b15a532d,4D,4D-A,equal_per_property,64,joint,standardized_anomaly,"[80, 48]",2.0,"[1.0, 1.0]",504948,1.2580791669970497,1.7622105829941574,ok,,0.0004772639161231,0.1122306986651799,0.0763107416745626,0.0018431329573558,0.998955542632117,0.9797088834282836,0.0009737313351529,0.3220734046074862,0.0002618345951118,0.0004003580865116,0.9999722152915612,0.962584525490643,0.1157893497033007,1.0
6,2,4D-B-3ee6d3ebd2d3,4D,4D-B,equal_per_property,64,shared-independent,standardized_anomaly,"[80, 48]",,"[1.0, 1.0]",259184,0.3768710829972406,0.747568291000789,ok,,0.0001302637313917,0.0252743332190832,0.0207823316259573,0.0005019555505547,0.9997664245480689,0.9978225072461514,0.001095162439897,0.3641438169085998,0.0002944688237226,0.0004502574411627,0.9999648998882232,0.9505378798931132,0.1038094891395126,1.0
6,2,4D-A-0bf051d8d579,4D,4D-A,equal_per_property,64,joint,standardized_anomaly,"[80, 48]",1.0,"[1.0, 1.0]",259186,0.2311124169937102,0.5299964579971856,ok,,0.0041365859185698,0.8510041245246907,0.6604136390233221,0.0159509672801008,0.9804917171873908,0.7377387821974516,0.0019901656980134,0.6687315541180441,0.0005350507457476,0.0008181191361006,0.9977637073646508,0.6308313131888457,0.4588626577373965,1.0
6,2,4D-D-e24c5d642104,4D,4D-D,equal_per_property,64,partial-spatial,standardized_anomaly,"[80, 48]",,"[1.0, 1.0]",286032,0.5039936250032042,0.9421093339988148,ok,,7.944895564084263e-05,0.018907345576375,0.0127069101159049,0.0003069099357029,0.9999652965663204,0.9992194118497872,0.0013740018178004,0.4550571167660046,0.0003694594344383,0.0005649218055094,0.9999630875944496,0.9387552312515984,0.1262442851979217,1.0
6,2,4D-E-6ca320f290f9,4D,4D-E,equal_per_property,64,joint-property-residual,standardized_anomaly,"[80, 48]",2.0,"[1.0, 1.0]",408916,0.867535333003616,1.3957382079970555,ok,,0.0003779768320052,0.0963519985480975,0.0604990431877364,0.0014612330838474,0.9994932125976816,0.9857696783043286,0.0013142543143674,0.4351034689750051,0.0003533961316604,0.000540360218602,0.9999614849327771,0.9370276850663164,0.142514196459445,1.0
6,2,4D-C-4e04f7cc08d6,4D,4D-C,equal_per_property,64,joint,standardized_anomaly,"[80, 48]",2.0,"[1.0, 0.5]",504948,0.3410997920000227,0.6508183749974705,ok,,0.0005189573549829,0.1210295841050117,0.0829762066142662,0.0020041238983017,0.9988096551097811,0.9773830028530542,0.0009719762349998,0.3217191199314176,0.0002613606396855,0.0003996333851502,0.9999721045303828,0.9621039941752402,0.1182513013805705,1.0
6,2,4D-C-f8d668c31c07,4D,4D-C,equal_per_property,64,joint,standardized_anomaly,"[80, 48]",2.0,"[1.0, 2.0]",504948,0.3890942910002195,0.7122651660029078,ok,,0.0007009209261506,0.1585759745830563,0.1120239678294938,0.0027057143278838,0.9981001518059888,0.9618690740657528,0.001005309200047,0.3327388788053283,0.0002703237498242,0.0004133384252454,0.9999712581907132,0.960841819630482,0.1324898516350668,1.0
6,2,3D-current-e419eaac8e1a,3D,3D-current,equal_total,32,legacy-independent,raw_minmax,"[48, 48]",,"[1.0, 1.0]",117216,4.658299374998023,4.9543398750029155,ok,,0.0009341033604949,0.207277887721051,0.1492606396030325,0.0036050914727259,0.9957504051283592,0.9357189130822536,0.0014699675228043,0.4860080872883752,0.0003952700077008,0.0006043874525861,0.9999609071563066,0.9189457814999372,0.1914884069295827,1.0
6,2,4D-A-current-205a30146a4e,4D,4D-A-current,equal_total,32,legacy-joint,raw_minmax,"[48, 48]",2.0,"[1.0, 1.0]",181972,6.2702913750035805,6.591319792001741,ok,,0.0020941921740219,0.4676483104978099,0.3346661490709219,0.0080831898043206,0.9804733577679522,0.8252517037799301,0.0158187369973091,5.26460698679746,0.0042533129735475,0.0065035265591908,0.9896276544840776,0.4402186197522406,1.5248800338822963,1.0
6,2,3D-current-5e7711139fcb,3D,3D-current,equal_per_property,64,legacy-independent,raw_minmax,"[48, 48]",,"[1.0, 1.0]",216480,4.91413316600665,5.37974770800065,ok,,0.0008990514633506,0.1984315645367376,0.1436506456288732,0.0034695933166676,0.995875181158503,0.9423667166168492,0.0010706438563745,0.3538070064431807,0.0002878960885121,0.0004402074029281,0.9999702872535028,0.9486152040136684,0.1516869026661648,1.0
6,2,4D-A-current-43ce2f360e5a,4D,4D-A-current,equal_per_property,64,legacy-joint,raw_minmax,"[48, 48]",2.0,"[1.0, 1.0]",354964,5.9349432090020855,6.274877417003154,ok,,0.0020930191029578,0.4673507266029193,0.3344784018353793,0.008078655146291,0.9804494409514336,0.8256070531037026,0.0157704267108321,5.248766520045552,0.0042403212849462,0.0064836616227536,0.9896347196720716,0.4431852265060312,1.520430276710901,1.0
6,3,3D-independent-e9bc2b1d9158,3D,3D-independent,equal_total,32,independent,raw_minmax,"[64, 48]",,"[1.0, 1.0]",120704,0.2503978750028182,0.545648583000002,ok,,0.0003806612781701,0.0416346584350691,0.0608553291298106,0.0015931768836551,0.9991827241917168,0.9912315880323452,0.0018209718554017,0.4096919730812311,0.000489565505129,0.0007485699465033,0.999935817658888,0.9139149161308078,0.1246883448586809,1.0
6,3,4D-A-c5fc8bd2cb2c,4D,4D-A,equal_total,32,joint,raw_minmax,"[64, 48]",2.0,"[1.0, 1.0]",207812,0.4592582089971984,0.7491336659950321,ok,,0.0004345972469831,0.046695892276063,0.0694206725062362,0.0018174153729217,0.9979082420697624,0.9829255551041166,0.0046523860511719,1.0679522430438209,0.001250626694065,0.0019122702634556,0.999190135745315,0.6439547774832972,0.3253019922565442,1.0
6,3,4D-B-f835e7c8452f,4D,4D-B,equal_total,32,shared-independent,raw_minmax,"[64, 48]",,"[1.0, 1.0]",109504,0.3068117500006337,0.5771920420011156,ok,,0.0005333125560337,0.0576966136443985,0.0852186024597065,0.0022310011208154,0.9976036153701728,0.9785379156594048,0.004356276267746,1.0059705973147597,0.0011710169205495,0.0017905429700142,0.9992105111722326,0.651491790603499,0.3121630894569266,1.0
6,3,3D-independent-7cc1fb3009e2,3D,3D-independent,equal_total,32,independent,mean_centered,"[64, 48]",,"[1.0, 1.0]",120704,0.2616950829979032,0.5539311669999734,ok,,0.0003889897917516,0.0425740869520966,0.062187931479249,0.0016280640708347,0.999140451979394,0.9908985582403784,0.0018798888622385,0.4232649336290938,0.0005053969141991,0.0007727769564264,0.9998991256858472,0.8734896350382297,0.1334112309854715,1.0
6,3,4D-A-a8d848e0bd2f,4D,4D-A,equal_total,32,joint,mean_centered,"[64, 48]",2.0,"[1.0, 1.0]",207812,0.6704237080048188,1.15617475000181,ok,,0.0002006559676645,0.021849084652533,0.0320609587577621,0.0008393476642239,0.9994470247012756,0.9959885868052792,0.0326977243551989,7.621700151165207,0.0087894012980721,0.0134394306595598,0.9378307609621565,0.1578267192957403,2.0166603956918077,1.0
6,3,4D-B-2e139466dc24,4D,4D-B,equal_total,32,shared-independent,mean_centered,"[64, 48]",,"[1.0, 1.0]",109504,0.4561759580028592,0.8515136670030188,ok,,0.0003953037518805,0.0432807469569902,0.0631969703145408,0.0016544804483334,0.9990777831990352,0.990439191538285,0.0321940156602633,7.497902296213675,0.0086539839616758,0.0132323708336535,0.9400685274159862,0.318537873780004,1.97167362762788,1.0
6,3,3D-independent-34daa9e6fa18,3D,3D-independent,equal_total,32,independent,ensemble_anomaly,"[64, 48]",,"[1.0, 1.0]",120704,0.3083456249951268,0.6558652919993619,ok,,0.000317692820843,0.034910819767253,0.0507824351659786,0.0013294711072809,0.9994753971758986,0.9938576563414556,0.0019337710875375,0.4402721726108908,0.0005198484287208,0.0007948740391234,0.9999209915538024,0.9125630231723664,0.1304931631553082,1.0
6,3,4D-A-63c64c98502f,4D,4D-A,equal_total,32,joint,ensemble_anomaly,"[64, 48]",2.0,"[1.0, 1.0]",207812,0.4446680000037304,0.7420561249964521,ok,,0.0001510685331131,0.0165146211147526,0.0241398226663407,0.0006319743561901,0.9996961010169944,0.9978181652787642,0.0044536160781528,1.032781378472144,0.0011973004900622,0.0018307318518245,0.9997483209059758,0.8061984859442409,0.2868219184938485,1.0
6,3,4D-B-852478df5431,4D,4D-B,equal_total,32,shared-independent,ensemble_anomaly,"[64, 48]",,"[1.0, 1.0]",109504,0.3066612500042538,0.5972837079971214,ok,,0.000317693132205,0.0349108561646898,0.0507824849049533,0.0013294724094344,0.9994753925710214,0.9938576252194872,0.001938865660509,0.4398083338384111,0.0005212228186059,0.0007969755494463,0.9999025112039056,0.8946301384656573,0.1326188270401322,1.0
6,3,3D-independent-629bdce16d73,3D,3D-independent,equal_total,32,independent,standardized_anomaly,"[64, 48]",,"[1.0, 1.0]",120704,0.24192120799853,0.5237434590017074,ok,,0.0003176928208431,0.0349108197672602,0.0507824351659889,0.0013294711072811,0.9994753971758876,0.9938576563414552,0.0019337710875375,0.4402721726108904,0.0005198484287208,0.0007948740391234,0.9999209915538028,0.912563023172367,0.1304931631553099,1.0
6,3,4D-A-06f4272272b6,4D,4D-A,equal_total,32,joint,standardized_anomaly,"[64, 48]",2.0,"[1.0, 1.0]",207812,0.36254170799657,0.6489582499998505,ok,,0.0011459696083129,0.1297014753901917,0.183397345804163,0.0048012954006976,0.996033409529508,0.9560009963843928,0.0017895075742024,0.4049281025574451,0.0004810369374374,0.000735529343369,0.9999318253692158,0.9165442256556956,0.1495892417318982,1.0
6,3,4D-B-17b80d300b68,4D,4D-B,equal_total,32,shared-independent,standardized_anomaly,"[64, 48]",,"[1.0, 1.0]",109504,0.249164542001381,0.5307299170017359,ok,,0.0004255767388354,0.0462110168895485,0.0680017775508184,0.001780269067485,0.9985093299774483,0.9877078317862686,0.0019237455265025,0.4379391495550167,0.0005171532308074,0.0007907529477949,0.9999206686518616,0.9112218290896524,0.1336713340016512,1.0
6,3,4D-A-4681118648ec,4D,4D-A,equal_total,32,joint,standardized_anomaly,"[64, 48]",1.0,"[1.0, 1.0]",109506,0.2700005419974332,0.5570225000046776,ok,,0.0063397037375181,0.6742787233758428,1.012416310013059,0.0265047989192146,0.9635943654416836,0.7259504522393856,0.0029207332433546,0.6552104296612765,0.0007850541555051,0.0012003867532166,0.9972460117048516,0.361015585045303,0.4465015335986937,1.0
6,3,4D-D-9e53fbf0a6d8,4D,4D-D,equal_total,32,partial-spatial,standardized_anomaly,"[64, 48]",,"[1.0, 1.0]",131904,0.4406077500025276,0.8501086660035071,ok,,0.0004240591985452,0.046826360160214,0.0678056652575235,0.0017751348980253,0.999430638865474,0.9912076152128934,0.0019588097310445,0.4453946398880206,0.0005265767208837,0.000805161931656,0.999922750864039,0.908971245150344,0.1355328924666539,1.0
6,3,4D-E-07794d5e4bbe,4D,4D-E,equal_total,32,joint-property-residual,standardized_anomaly,"[64, 48]",2.0,"[1.0, 1.0]",181060,0.4822201260030851,0.8809407090011518,ok,,0.0006918930854581,0.0756182786901603,0.1105963490648465,0.0028953840077163,0.9987302149429196,0.9816459087115432,0.0019862964931292,0.4513446355196324,0.0005339652359193,0.0008164593377171,0.9999250434171052,0.9073571034691522,0.1456153520298612,1.0
6,3,4D-C-3fe7ec5ee326,4D,4D-C,equal_total,32,joint,standardized_anomaly,"[64, 48]",2.0,"[1.0, 0.5]",207812,0.4524708750032005,0.7542880829932983,ok,,0.0011828043214874,0.1338304794408771,0.1892765885819931,0.0049552124663182,0.9962910655646288,0.9552703782533746,0.0017774794613867,0.4030454654150392,0.0004778060696097,0.0007305891861651,0.9999323387769504,0.915970999449914,0.150313814001068,1.0
6,3,4D-C-5b31da2b924b,4D,4D-C,equal_total,32,joint,standardized_anomaly,"[64, 48]",2.0,"[1.0, 2.0]",207812,0.3840349590027472,0.6726668330011307,ok,,0.0011713575934507,0.1322248808876334,0.1874519535186115,0.0049074439890845,0.9954449186812248,0.9517328301033942,0.0017643307970224,0.399339059299784,0.0004742675053535,0.000725178545856,0.999933626296051,0.919804074526368,0.1489488719681341,1.0
6,3,3D-independent-7db5f3bc9ad5,3D,3D-independent,equal_total,32,independent,raw_minmax,"[80, 48]",,"[1.0, 1.0]",149728,0.2785198749988922,0.5685877910000272,ok,,0.0003546440206257,0.0388507228834587,0.0567043327496053,0.0014845048647597,0.9994988673546912,0.9935373356303142,0.0018214539221756,0.4097842487846346,0.0004896952377955,0.0007487683141869,0.99993630395356,0.9148034088458248,0.1236161498575059,1.0
6,3,4D-A-9e409054ed54,4D,4D-A,equal_total,32,joint,raw_minmax,"[80, 48]",2.0,"[1.0, 1.0]",259188,0.4341927919958834,0.7268837919982616,ok,,0.0002062259932772,0.0225742218480803,0.0329609202949602,0.0008629084260791,0.9995065351496688,0.9961386320292188,0.0026019146419287,0.581807634471319,0.0006994988506781,0.00106956844742,0.9998633515010036,0.8308159795120167,0.1727261376371954,1.0
6,3,4D-B-2fb1b6b4a839,4D,4D-B,equal_total,32,shared-independent,raw_minmax,"[80, 48]",,"[1.0, 1.0]",136304,0.2858068750065285,0.5710800840024604,ok,,0.000385283667077,0.042167972108223,0.0615955516244705,0.0016125557184115,0.9991406095001952,0.9909039973923832,0.0020179399344895,0.4556384877724714,0.0005424997556655,0.0008295090418381,0.9998864800924482,0.8501133635884455,0.14432444484757,1.0
6,3,3D-independent-dbbd1a2865ca,3D,3D-independent,equal_total,32,independent,mean_centered,"[80, 48]",,"[1.0, 1.0]",149728,0.3084338339976966,0.6158281660027569,ok,,0.0003616790911324,0.039690304660101,0.0578324206236222,0.00151403791551,0.9994682438444938,0.9932029175945926,0.0018243986788018,0.4104531970045161,0.0004904860869767,0.0007499775618219,0.9999309104151008,0.9074377643565968,0.1249557901722556,1.0
6,3,4D-A-85017caccbe9,4D,4D-A,equal_total,32,joint,mean_centered,"[80, 48]",2.0,"[1.0, 1.0]",259188,0.9675322500042968,1.3562192500030503,ok,,9.085571028022184e-05,0.0098714135715245,0.014516267404705,0.0003800321516099,0.9998796004178184,0.9991287394704416,0.0151564937335388,3.542686870587662,0.0040742119210294,0.0062296721640229,0.987782552262273,0.1899999154069702,0.9894984891801204,1.0
6,3,4D-B-4bb821f89672,4D,4D-B,equal_total,32,shared-independent,mean_centered,"[80, 48]",,"[1.0, 1.0]",136304,0.4268456249992596,0.7737105000051088,ok,,0.0003637596885544,0.0399175943210967,0.0581645343261936,0.0015227325669275,0.9994444691079734,0.9930440965214156,0.0139964669409022,3.258970811318136,0.0037623643651066,0.0057528417791028,0.9905845375252388,0.4423107120958823,0.895302750332646,1.0
6,3,3D-independent-3e92f69676cb,3D,3D-independent,equal_total,32,independent,ensemble_anomaly,"[80, 48]",,"[1.0, 1.0]",149728,0.2762456659984309,0.55287020799733,ok,,0.0002939400854919,0.0323056360216676,0.0469880169478343,0.0012301342130678,0.9996967349306378,0.9954048360656944,0.0019349906816411,0.4405532355525633,0.0005201762506325,0.0007953752950908,0.9999209649637146,0.9127824526025604,0.1296913068100259,1.0
6,3,4D-A-8bea2cabc037,4D,4D-A,equal_total,32,joint,ensemble_anomaly,"[80, 48]",2.0,"[1.0, 1.0]",259188,0.4174483749957289,0.7197901670006104,ok,,6.206784436921227e-05,0.0066993074320706,0.0099159876144742,0.0002595980084553,0.9999583096868356,0.9996554133267772,0.0041068198937476,0.9438253688247166,0.0011040199981016,0.0016881013516254,0.9997855070418944,0.8257850431202177,0.2594511120083224,1.0
6,3,4D-B-2828b82824ed,4D,4D-B,equal_total,32,shared-independent,ensemble_anomaly,"[80, 48]",,"[1.0, 1.0]",136304,0.2873147909995168,0.5722337090046494,ok,,0.000293940396811,0.0323056725677336,0.0469880667832268,0.0012301355177456,0.9996967366154303,0.9954048422397336,0.0019206712366069,0.4368479343924991,0.0005163284500411,0.0007894918170829,0.9999193328913092,0.9082581321866215,0.1293305299367638,1.0
6,3,3D-independent-86c75f98455a,3D,3D-independent,equal_total,32,independent,standardized_anomaly,"[80, 48]",,"[1.0, 1.0]",149728,0.2725504579939297,0.578186958002334,ok,,0.000293940085492,0.0323056360216693,0.0469880169478367,0.0012301342130679,0.999696734930644,0.9954048360656969,0.0019349906816411,0.4405532355525625,0.0005201762506325,0.0007953752950908,0.9999209649637149,0.9127824526025612,0.1296913068100257,1.0
6,3,4D-A-4ea76ef087a9,4D,4D-A,equal_total,32,joint,standardized_anomaly,"[80, 48]",2.0,"[1.0, 1.0]",259188,0.4330707079934655,0.7360083329986082,ok,,0.0011173226853668,0.1268771512725654,0.1788332148524959,0.0046818076248504,0.9966806144913344,0.9603460918827283,0.0017936810696271,0.4059592826242948,0.0004821594672208,0.0007372457471006,0.9999319192007105,0.9173244591388036,0.1485002895965235,1.0
6,3,4D-B-934096b5cda8,4D,4D-B,equal_total,32,shared-independent,standardized_anomaly,"[80, 48]",,"[1.0, 1.0]",136304,0.2832942919994821,0.5650071249983739,ok,,0.0003453327870995,0.0378703700742516,0.0551955216962554,0.0014450045789775,0.9991827674672348,0.992128830751488,0.0019280715538527,0.4389629384332068,0.0005183163483311,0.0007925314121953,0.9999207245430664,0.9118360237908388,0.1312127203090737,1.0
6,3,4D-A-b80c4d29ed28,4D,4D-A,equal_total,32,joint,standardized_anomaly,"[80, 48]",1.0,"[1.0, 1.0]",136306,0.3069601660026819,0.5896741659962572,ok,,0.0063327142391048,0.6735020418925379,1.0112986358865472,0.0264755384976988,0.9637497388599916,0.7273870575429063,0.0029242712753192,0.6559496498034886,0.0007860052854412,0.001201841078078,0.9972407618369512,0.3606693504101481,0.4463558719298748,1.0
6,3,4D-D-2ecf0e4138e3,4D,4D-D,equal_total,32,partial-spatial,standardized_anomaly,"[80, 48]",,"[1.0, 1.0]",163152,0.4402993749972665,0.8445872079973924,ok,,0.0003862549438449,0.0427447159384412,0.0617720067048768,0.0016171752670875,0.9994844046054628,0.9928183278063988,0.0019333412710982,0.4401092942262814,0.0005197323597762,0.0007946965639484,0.9999206628860874,0.9120819032180364,0.1326009736631263,1.0
6,3,4D-E-4f4328240852,4D,4D-E,equal_total,32,joint-property-residual,standardized_anomaly,"[80, 48]",2.0,"[1.0, 1.0]",224596,0.5514837500013527,0.9598422080016462,ok,,0.0006687355826477,0.0740329984239855,0.1069425677731023,0.0027997289521086,0.9988786480282072,0.9828535312781124,0.0019529444453896,0.4418518466948433,0.000524990394316,0.0008027363596303,0.99992531387714,0.9095227217011802,0.1424241796572956,1.0
6,3,4D-C-44adce3e7a5f,4D,4D-C,equal_total,32,joint,standardized_anomaly,"[80, 48]",2.0,"[1.0, 0.5]",259188,0.4489957920013694,0.7484247920001508,ok,,0.0011672166947302,0.1323660770793494,0.1867982160623308,0.004890329310416,0.9967091764556668,0.9584630532556084,0.0017852635995357,0.4048305667350562,0.0004798990252429,0.0007337894191675,0.9999339055285668,0.9182629229285584,0.1497084139305805,1.0
6,3,4D-C-1150f24dbbfa,4D,4D-C,equal_total,32,joint,standardized_anomaly,"[80, 48]",2.0,"[1.0, 2.0]",259188,0.3962519580018124,0.6816759170033038,ok,,0.0011188912462049,0.126798967432351,0.1790770468373292,0.004688191083576,0.9963717044115462,0.957789333929584,0.0017739224496772,0.401497388846474,0.000476846507218,0.0007291219676607,0.9999332956619954,0.9199648492310916,0.1473548161746218,1.0
6,3,3D-independent-82249d692984,3D,3D-independent,equal_per_property,64,independent,raw_minmax,"[64, 48]",,"[1.0, 1.0]",219008,0.2266069580000476,0.5151937080008793,ok,,0.0001781035450024,0.0194385978717668,0.0284603994099141,0.0007450859454354,0.9995578064717852,0.9967042641275816,0.0012904733863119,0.2895691063762791,0.0003469184721214,0.0005304555557861,0.9999533548879566,0.9399030013321716,0.0851760178795423,1.0
6,3,4D-A-63bd70d89f36,4D,4D-A,equal_per_property,64,joint,raw_minmax,"[64, 48]",2.0,"[1.0, 1.0]",404420,0.3249381249988801,0.640802916001121,ok,,0.0004236096380387,0.0454399891129075,0.0676603532731947,0.0017713306676044,0.997920514322828,0.983256669344723,0.004172057272315,0.9649124886963922,0.0011214791497816,0.0017147972607575,0.9992200479643726,0.6595239068018596,0.2972405474340021,1.0
6,3,4D-B-49fc67f13645,4D,4D-B,equal_per_property,64,shared-independent,raw_minmax,"[64, 48]",,"[1.0, 1.0]",207808,0.2306598330033011,0.5254704160033725,ok,,0.0004214233120422,0.0451777695260095,0.0673095575229961,0.0017621469249792,0.9979294705905862,0.9833627367277508,0.0041377372879499,0.95777051431776,0.001112251483658,0.0017006877014357,0.999218045673209,0.6617809183017582,0.2950941140822537,1.0
6,3,3D-independent-64af48d38810,3D,3D-independent,equal_per_property,64,independent,mean_centered,"[64, 48]",,"[1.0, 1.0]",219008,0.2027960420018644,0.4908730410024873,ok,,0.0001889352026272,0.0205630389005751,0.0301885772968004,0.000790329198567,0.999517173589326,0.9964575770575674,0.0013752951608025,0.3082578779655839,0.0003697128442001,0.0005653092816079,0.999916239690991,0.8962362936346687,0.0956184953800102,1.0
6,3,4D-A-fbc2ac4d32c8,4D,4D-A,equal_per_property,64,joint,mean_centered,"[64, 48]",2.0,"[1.0, 1.0]",404420,0.3899480830004904,0.714518249995308,ok,,0.0001983505652293,0.021595076554206,0.0316924142903729,0.0008296992647421,0.9994488262213412,0.9960414129255843,0.0323840981054555,7.5421568492094195,0.0087050851099719,0.0133105070247156,0.939534138492754,0.2371566506152203,1.986788223498306,1.0
6,3,4D-B-6a56509ea188,4D,4D-B,equal_per_property,64,shared-independent,mean_centered,"[64, 48]",,"[1.0, 1.0]",207808,0.3013886670014472,0.6340827919993899,ok,,0.0002006262897091,0.0218456586006554,0.0320562004054044,0.0008392230917816,0.9994469445099912,0.9959889972118524,0.0321665573661895,7.491892661434624,0.0086466004528517,0.0132210810823381,0.940180236037,0.3193160377403042,1.9640214506398,1.0
6,3,3D-independent-5a93f5036396,3D,3D-independent,equal_per_property,64,independent,ensemble_anomaly,"[64, 48]",,"[1.0, 1.0]",219008,0.2034192499995697,0.5194667499963543,ok,,0.0001505568949055,0.0164564618093488,0.0240577902631369,0.0006298267689473,0.999696690381696,0.9978262715144922,0.0015361647304097,0.3473402923717195,0.000412917795097,0.0006313717950871,0.9999367290127616,0.9305858644214838,0.09989767155327,1.0
6,3,4D-A-cbe030d90365,4D,4D-A,equal_per_property,64,joint,ensemble_anomaly,"[64, 48]",2.0,"[1.0, 1.0]",404420,0.3037532910020672,0.5869608329958282,ok,,0.0001480076915047,0.0162005944576272,0.023651214064288,0.0006191827085057,0.9996994728898716,0.99786514456759,0.0039032684210246,0.8938423845695495,0.0010493231488942,0.0016044671554737,0.9997517349274052,0.8223498176687474,0.249983874477252,1.0
6,3,4D-B-6939f5acac9e,4D,4D-B,equal_per_property,64,shared-independent,ensemble_anomaly,"[64, 48]",,"[1.0, 1.0]",207808,0.2097940829989966,0.4898221670009661,ok,,0.0001505561277817,0.0164563663303709,0.0240576670515055,0.0006298235432984,0.9996966893464352,0.9978262674882772,0.0015636162652286,0.3519831098635261,0.000420304243732,0.0006426660415192,0.9999100447001936,0.9079705877100346,0.1038852621486853,1.0
6,3,3D-independent-7a2c6100f5cb,3D,3D-independent,equal_per_property,64,independent,standardized_anomaly,"[64, 48]",,"[1.0, 1.0]",219008,0.2081450000041513,0.5005222089966992,ok,,0.0001505568949056,0.0164564618093582,0.0240577902631506,0.0006298267689476,0.9996966903816172,0.9978262715144928,0.0015361647304097,0.3473402923717207,0.000412917795097,0.0006313717950871,0.9999367290127612,0.930585864421482,0.0998976715532729,1.0
6,3,4D-A-c45120ace2c4,4D,4D-A,equal_per_property,64,joint,standardized_anomaly,"[64, 48]",2.0,"[1.0, 1.0]",404420,0.3599507499966421,0.6636261250023381,ok,,0.0006806717067074,0.0725241053522082,0.1087354915261299,0.0028466672353834,0.997565078480928,0.9745234539466606,0.0014193684811135,0.319786041692877,0.0003815258964475,0.0005833720245835,0.9999421931381436,0.938024393954938,0.1090090557735714,1.0
6,3,4D-B-f843c8275099,4D,4D-B,equal_per_property,64,shared-independent,standardized_anomaly,"[64, 48]",,"[1.0, 1.0]",207808,0.2419476249997387,0.5983761250026873,ok,,0.0003115924245595,0.0334490765421655,0.0497680366180512,0.0013029144138823,0.998766966968866,0.991932419889503,0.0015212654930681,0.344107378329458,0.000408912610706,0.0006252476694412,0.9999366027112706,0.929152938865132,0.1042534438735765,1.0
6,3,4D-A-102750e40079,4D,4D-A,equal_per_property,64,joint,standardized_anomaly,"[64, 48]",1.0,"[1.0, 1.0]",207810,0.2269322499996633,0.5346387910030899,ok,,0.0064796235988992,0.6907011995654754,1.0348479306849327,0.027092052986005,0.9631447084242994,0.7247227135245741,0.0027755911012881,0.6213278020595515,0.0007460255564952,0.0011407100889768,0.9973305705114076,0.3716466386349967,0.4409610813863103,1.0
6,3,4D-D-ff94f89c821d,4D,4D-D,equal_per_property,64,partial-spatial,standardized_anomaly,"[64, 48]",,"[1.0, 1.0]",230208,0.4154863329968066,0.8111865000028047,ok,,0.0001020079032324,0.0109881679506358,0.0162963694348873,0.0004266347654744,0.999950149030329,0.999220107254972,0.0015829266426815,0.3572236889574867,0.0004254898632904,0.0006505951111018,0.9999385509909668,0.9284057850099102,0.1010997276939203,1.0
6,3,4D-E-0ed2b1a0be64,4D,4D-E,equal_per_property,64,joint-property-residual,standardized_anomaly,"[64, 48]",2.0,"[1.0, 1.0]",328516,0.7727788330012118,1.320427833001304,ok,,0.0009696090733206,0.1119016227856115,0.1552872410208773,0.0040653800786011,0.996449637486127,0.9592066076746684,0.0016831980593551,0.3811263568000038,0.0004524490383374,0.0006918170272933,0.9999363319409688,0.9220150296193868,0.1381042902346469,1.0
6,3,4D-C-e7705bff9f37,4D,4D-C,equal_per_property,64,joint,standardized_anomaly,"[64, 48]",2.0,"[1.0, 0.5]",404420,0.3081654170018737,0.6191640420001931,ok,,0.0006348240486297,0.066342748020705,0.1013438178662264,0.0026531551177945,0.9979863336847736,0.9795176798575476,0.0014153364612928,0.3187249692727089,0.0003804407541791,0.0005817127882172,0.9999412056080536,0.9364552942459629,0.1067703075604147,1.0
6,3,4D-C-07c1f38e4371,4D,4D-C,equal_per_property,64,joint,standardized_anomaly,"[64, 48]",2.0,"[1.0, 2.0]",404420,0.6127156669972464,0.9544770409993362,ok,,0.0007780985383992,0.0834756541399418,0.1243321649575752,0.0032549841392308,0.9967840345778782,0.9719458083558394,0.0014190074994835,0.319260778535503,0.0003814284611654,0.000583223041203,0.9999419856759326,0.9391281577106576,0.111799862410549,1.0
6,3,3D-independent-fa9b36e31dc0,3D,3D-independent,equal_per_property,64,independent,raw_minmax,"[80, 48]",,"[1.0, 1.0]",272608,0.5103218750009546,1.1234732090015314,ok,,7.209963540783243e-05,0.0078420797366051,0.0115211042241625,0.0003016195489628,0.9999350452842248,0.9994769089347808,0.0012939743125831,0.2902876418994197,0.0003478600345432,0.0005318952514434,0.9999536154249498,0.9413354877221384,0.0819308808268913,1.0
6,3,4D-A-4f7fd7861b3e,4D,4D-A,equal_per_property,64,joint,raw_minmax,"[80, 48]",2.0,"[1.0, 1.0]",504948,0.5911250830031349,1.144245667004725,ok,,0.0001821050549403,0.0198690470983944,0.0290989462420846,0.000761802937467,0.9995343237967524,0.9965610882718364,0.0016289881700305,0.366018046273338,0.0004379077558138,0.0006695826848678,0.9998987063873682,0.8668889758530786,0.1135405153273187,1.0
6,3,4D-B-51546c614bcf,4D,4D-B,equal_per_property,64,shared-independent,raw_minmax,"[80, 48]",,"[1.0, 1.0]",259184,0.4837823330017272,1.121043874998577,ok,,0.0001758846110273,0.0191269781725341,0.0281010171650978,0.0007356774105868,0.9995419522557988,0.9966601767518396,0.0015352356220785,0.3463318026105718,0.0004127000844631,0.0006310389047264,0.9999022721253334,0.8713719406626615,0.1078606805189638,1.0
6,3,3D-independent-5cbc421a2b78,3D,3D-independent,equal_per_property,64,independent,mean_centered,"[80, 48]",,"[1.0, 1.0]",272608,0.2489188749968889,0.5432954999996582,ok,,8.14505820981313e-05,0.0088629806580484,0.0130147835400445,0.0003407236897453,0.9999064655972828,0.9993004060596972,0.0012970419105275,0.2909706103858307,0.0003486843794667,0.0005331557157303,0.9999471745502598,0.931564750874016,0.0836002531442556,1.0
6,3,4D-A-a9f18b485be4,4D,4D-A,equal_per_property,64,joint,mean_centered,"[80, 48]",2.0,"[1.0, 1.0]",504948,0.3852455000014743,0.6703847919998225,ok,,8.556967206565625e-05,0.0092896045236926,0.0136712548898548,0.0003579099410441,0.9998835709203294,0.9991922353814414,0.0144800331555262,3.371242304438519,0.003892359242715,0.0059516103964942,0.9900670742806458,0.333216588734268,0.9285818742260892,1.0
6,3,4D-B-be3ed22367d4,4D,4D-B,equal_per_property,64,shared-independent,mean_centered,"[80, 48]",,"[1.0, 1.0]",259184,0.2199708330008434,0.5100204590053181,ok,,9.081785739684888e-05,0.0098670234609581,0.0145101965911005,0.0003798732192692,0.9998796087352786,0.9991287750544576,0.0139307711875094,3.2445735514381853,0.0037446988172071,0.005725830279911,0.9905998947214896,0.4460053538251364,0.8829683776148365,1.0
6,3,3D-independent-44372d7b9669,3D,3D-independent,equal_per_property,64,independent,ensemble_anomaly,"[80, 48]",,"[1.0, 1.0]",272608,0.3293742500027292,0.6733942089995253,ok,,6.39208249323351e-05,0.0069233355983754,0.0102133355060159,0.0002673824998709,0.9999574252380586,0.9996442484243544,0.0015384833374123,0.3478355055177271,0.0004135410149987,0.0006323247292371,0.9999367336802096,0.9308379692034652,0.0973794330755481,1.0
6,3,4D-A-abc62af84685,4D,4D-A,equal_per_property,64,joint,ensemble_anomaly,"[80, 48]",2.0,"[1.0, 1.0]",504948,0.3890701249983976,0.8139344589944812,ok,,5.5025211327985834e-05,0.0059726595547851,0.0087920775428767,0.0002301743314991,0.9999620163284364,0.9997023195598116,0.0039355995659522,0.9021273989972663,0.001058013075189,0.001617754483918,0.9997726838908924,0.8467657552823026,0.2462165052827486,1.0
6,3,4D-B-643a4d560541,4D,4D-B,equal_per_property,64,shared-independent,ensemble_anomaly,"[80, 48]",,"[1.0, 1.0]",259184,0.3504327080008806,0.792975167001714,ok,,6.391907329010637e-05,0.0069231430005544,0.010213055435555,0.0002673751676982,0.9999574284640026,0.9996442744319056,0.0015308629502858,0.3450751443112727,0.0004114915327681,0.000629190969224,0.9999340319209375,0.9255974952525232,0.0973443506174032,1.0
6,3,3D-independent-11e1b067c3e2,3D,3D-independent,equal_per_property,64,independent,standardized_anomaly,"[80, 48]",,"[1.0, 1.0]",272608,0.5012549579987535,0.911062667000806,ok,,6.392082493217305e-05,0.0069233355983595,0.01021333550599,0.0002673824998702,0.9999574252379988,0.9996442484243574,0.0015384833374123,0.3478355055177279,0.0004135410149987,0.0006323247292371,0.99993673368021,0.9308379692034628,0.0973794330755443,1.0
6,3,4D-A-3bf6b15a532d,4D,4D-A,equal_per_property,64,joint,standardized_anomaly,"[80, 48]",2.0,"[1.0, 1.0]",504948,0.959282957999676,1.64250287500181,ok,,0.000659438175188,0.0700291148966337,0.1053364614516402,0.0027576815012011,0.998154324002834,0.9779763960403476,0.0014280595222895,0.3217794673489166,0.000383862292114,0.0005869444894748,0.999942081647742,0.938534946203514,0.1083882277809049,1.0
6,3,4D-B-3ee6d3ebd2d3,4D,4D-B,equal_per_property,64,shared-independent,standardized_anomaly,"[80, 48]",,"[1.0, 1.0]",259184,1.109399166001822,1.865522374995635,ok,,0.0001886295274975,0.0205319333713717,0.030136617584836,0.0007889689066556,0.999451970306631,0.99643095674172,0.0015279979848257,0.3455837769489284,0.0004107225470377,0.00062801515189,0.9999363727030512,0.9295831566599034,0.1007771634048721,1.0
6,3,4D-A-0bf051d8d579,4D,4D-A,equal_per_property,64,joint,standardized_anomaly,"[80, 48]",1.0,"[1.0, 1.0]",259186,1.6093145839986391,2.6551489590056008,ok,,0.0064721547783551,0.6898738558831647,1.0336538075584878,0.0270607911493097,0.9633124227132072,0.7267825258076458,0.0027804422540661,0.6223768379519387,0.000747329617384,0.0011427040627751,0.9973240917300292,0.370659084721616,0.4408824721426181,1.0
6,3,4D-D-e24c5d642104,4D,4D-D,equal_per_property,64,partial-spatial,standardized_anomaly,"[80, 48]",,"[1.0, 1.0]",286032,0.7977645829960238,1.6804575420028414,ok,,8.347324159375675e-05,0.0090228906869606,0.0133385088443425,0.0003491987350509,0.9999700036439793,0.9994675465924336,0.0015871901143615,0.358177700279245,0.0004266359065776,0.0006523474681473,0.9999381776832572,0.9286686155554368,0.1007831274730676,1.0
6,3,4D-E-6ca320f290f9,4D,4D-E,equal_per_property,64,joint-property-residual,standardized_anomaly,"[80, 48]",2.0,"[1.0, 1.0]",408916,1.0239004579998436,1.8762015839965895,ok,,0.0008610770751773,0.0981768160951971,0.1378386869971179,0.0036085814165716,0.9976833604140296,0.97008553180037,0.0016490437832921,0.3727688551130452,0.0004432693403007,0.0006777808135563,0.9999372010105086,0.9258487105478324,0.1307446375085353,1.0
6,3,4D-C-4e04f7cc08d6,4D,4D-C,equal_per_property,64,joint,standardized_anomaly,"[80, 48]",2.0,"[1.0, 0.5]",504948,0.5397287499945378,0.943020874998183,ok,,0.0006015646647946,0.0631425953422403,0.0960538261715172,0.0025146644941589,0.9984888725256144,0.9833427627505166,0.001428730362618,0.3219258455973483,0.0003840419274325,0.0005872191607892,0.9999426251231944,0.9385387396382092,0.1060319224363064,1.0
6,3,4D-C-f8d668c31c07,4D,4D-C,equal_per_property,64,joint,standardized_anomaly,"[80, 48]",2.0,"[1.0, 2.0]",504948,0.4270039160037413,0.82851533399662,ok,,0.0007198108876226,0.0772883433308412,0.1150254684273981,0.0030113372148432,0.9976839087109016,0.9772187563668724,0.0014254931925073,0.3207186782257235,0.0003831721048315,0.0005858891588771,0.9999421362320424,0.9395369952219172,0.1099072864405424,1.0
6,3,3D-current-e419eaac8e1a,3D,3D-current,equal_total,32,legacy-independent,raw_minmax,"[48, 48]",,"[1.0, 1.0]",117216,6.559644207998645,7.003793667005084,ok,,0.0010823098430599,0.1154744012099858,0.1728688683183377,0.0045256625647512,0.9934133683948448,0.9405424827064424,0.0018298608338767,0.4117409793635625,0.000491953527154,0.0007522213506581,0.9999312465950392,0.9055213945146612,0.1510458604907492,1.0
6,3,4D-A-current-205a30146a4e,4D,4D-A-current,equal_total,32,legacy-joint,raw_minmax,"[48, 48]",2.0,"[1.0, 1.0]",181972,6.38442020900402,6.872387499999604,ok,,0.0026078147701371,0.2802886533908061,0.4165998673932272,0.0109064775091251,0.9715011556927874,0.8079986592338989,0.0155969578852537,3.62619136978723,0.0041925695662368,0.0064106468757069,0.9908266066706072,0.4371003767839159,1.070982626292282,1.0
6,3,3D-current-5e7711139fcb,3D,3D-current,equal_per_property,64,legacy-independent,raw_minmax,"[48, 48]",,"[1.0, 1.0]",216480,5.1102527500042925,5.489059040999564,ok,,0.0010526101298108,0.1121335237510513,0.1681142659040717,0.0044011882949429,0.9935979991617008,0.9439281119972196,0.0013018891694845,0.2919492303219101,0.000349984834359,0.0005351441757811,0.9999498669830436,0.9316262619144612,0.1165763917792802,1.0
6,3,4D-A-current-43ce2f360e5a,4D,4D-A-current,equal_per_property,64,legacy-joint,raw_minmax,"[48, 48]",2.0,"[1.0, 1.0]",354964,8.098719000001438,8.63726041699556,ok,,0.0026058463637498,0.2800645217600396,0.4162846239013943,0.010898224515491,0.9715280574125028,0.8082908000690647,0.0154783724767379,3.601176749451908,0.0041606862749895,0.0063618957415415,0.9908830323712788,0.4400110431556583,1.0642725873998964,1.0
7,1,3D-independent-e9bc2b1d9158,3D,3D-independent,equal_total,32,independent,raw_minmax,"[64, 48]",,"[1.0, 1.0]",120704,0.3866870409983676,0.7118728339992231,ok,,0.0003044215926587,0.0522419855697906,0.0488783134002425,0.001180558526297,0.9995334998803124,0.9891585606524246,0.0010650870516553,0.3227349212141201,0.0002866153157601,0.0004382490378465,0.9999725228336612,0.9510714749524268,0.1012154722453712,1.0
7,1,4D-A-c5fc8bd2cb2c,4D,4D-A,equal_total,32,joint,raw_minmax,"[64, 48]",2.0,"[1.0, 1.0]",207812,0.4599393329990562,0.748329707996163,ok,,0.0003496602694076,0.0602527635094861,0.0561345006433344,0.0013558173092278,0.9987715565878434,0.9860515928603718,0.0042449422816046,1.2842596262864387,0.0011423211406227,0.0017466656988019,0.9992251400061938,0.7041821024840095,0.3748488855309335,1.0
7,1,4D-B-f835e7c8452f,4D,4D-B,equal_total,32,shared-independent,raw_minmax,"[64, 48]",,"[1.0, 1.0]",109504,0.2980387089992291,0.5707457500029705,ok,,0.0004248741030873,0.0730780606732064,0.0682133324761056,0.0016475574883768,0.9986156478063922,0.9794932734622064,0.0041578684530921,1.257843611590031,0.0011188913096553,0.001710840324812,0.9992331156111632,0.7122475778433447,0.3712628116526155,1.0
7,1,3D-independent-7cc1fb3009e2,3D,3D-independent,equal_total,32,independent,mean_centered,"[64, 48]",,"[1.0, 1.0]",120704,0.2625325420012814,0.5393695839957218,ok,,0.000310634859747,0.053338948630693,0.0498755289524034,0.0012046442862335,0.9995120491590636,0.9890508133165544,0.0011674189648178,0.3536529994330659,0.0003141536461908,0.0004803565113536,0.9999530223368196,0.933979521451866,0.1113691951698871,1.0
7,1,4D-A-a8d848e0bd2f,4D,4D-A,equal_total,32,joint,mean_centered,"[64, 48]",2.0,"[1.0, 1.0]",207812,0.3619871670016437,0.6339810830031638,ok,,0.0001756041315669,0.0302423875769396,0.0281925938331588,0.0006809360780439,0.9996816261763608,0.9964655593452112,0.0363124112079379,10.984804071252611,0.0097717535690638,0.0149414960200468,0.9465040263947454,0.2658479602462146,2.8459724247584592,1.0
7,1,4D-B-2e139466dc24,4D,4D-B,equal_total,32,shared-independent,mean_centered,"[64, 48]",,"[1.0, 1.0]",109504,0.2532821249988046,0.5247876249995898,ok,,0.000311226172391,0.0534551182371302,0.0499704468784639,0.0012069368401109,0.9995058155927024,0.9889844333809266,0.0359797479211393,10.883503764666536,0.0096822297318507,0.0148046096313384,0.9479148843545042,0.3590402002516357,2.815736641521846,1.0
7,1,3D-independent-34daa9e6fa18,3D,3D-independent,equal_total,32,independent,ensemble_anomaly,"[64, 48]",,"[1.0, 1.0]",120704,0.2418769169962615,0.5088819999946281,ok,,0.0002835527852409,0.0481606787452455,0.0455300643803443,0.0010996882250605,0.9996858196736276,0.9929267964020188,0.0012915574081224,0.3911665354465252,0.0003475717422701,0.0005314544382547,0.9999574621462822,0.9412219895925368,0.1180632052986232,1.0
7,1,4D-A-63c64c98502f,4D,4D-A,equal_total,32,joint,ensemble_anomaly,"[64, 48]",2.0,"[1.0, 1.0]",207812,0.3992835829994874,0.6919995420030318,ok,,0.0001258617164793,0.0217511303480625,0.0202065072877255,0.0004880480279642,0.9998457312390842,0.9982898327931948,0.0028184144166316,0.8514886172913082,0.0007584685306817,0.00115973601385,0.9998670541105062,0.8745006872052823,0.234211121910033,1.0
7,1,4D-B-852478df5431,4D,4D-B,equal_total,32,shared-independent,ensemble_anomaly,"[64, 48]",,"[1.0, 1.0]",109504,0.2531740830017952,0.5390097499985131,ok,,0.0002835526361722,0.0481606583737707,0.0455300403877933,0.0010996876455681,0.9996858203833918,0.9929268047541971,0.0013671953455515,0.4138352053925798,0.0003679225597787,0.0005625718479048,0.9999484023087196,0.9348520506981904,0.1245266090100391,1.0
7,1,3D-independent-629bdce16d73,3D,3D-independent,equal_total,32,independent,standardized_anomaly,"[64, 48]",,"[1.0, 1.0]",120704,0.2340826250001555,0.5204569999987143,ok,,0.0002835527852409,0.0481606787452477,0.0455300643803474,0.0010996882250606,0.999685819673624,0.9929267964020164,0.0012915574081224,0.3911665354465255,0.0003475717422701,0.0005314544382547,0.9999574621462822,0.9412219895925368,0.1180632052986241,1.0
7,1,4D-A-06f4272272b6,4D,4D-A,equal_total,32,joint,standardized_anomaly,"[64, 48]",2.0,"[1.0, 1.0]",207812,0.3601934580001398,0.690735958996811,ok,,0.0008892190515368,0.145511817254605,0.1428213553931725,0.0034495660164466,0.9973685240005542,0.9514735944231868,0.0011922513759786,0.3609868579925924,0.0003208464686939,0.0004905901690167,0.9999638069684283,0.9469810652173049,0.1393178363567379,1.0
7,1,4D-B-17b80d300b68,4D,4D-B,equal_total,32,shared-independent,standardized_anomaly,"[64, 48]",,"[1.0, 1.0]",109504,0.3695175419998122,0.6931212080016849,ok,,0.0003336123365443,0.0562051661740167,0.0535733945681701,0.0012939588815643,0.9993294259314596,0.9895299820072088,0.0012870757281553,0.3898138197198719,0.0003463657636106,0.0005296104370512,0.9999574261621998,0.9410070796658468,0.1201876137643402,1.0
7,1,4D-A-4681118648ec,4D,4D-A,equal_total,32,joint,standardized_anomaly,"[64, 48]",1.0,"[1.0, 1.0]",109506,0.3179461249965243,0.6730538330011768,ok,,0.004426469356486,0.7397561191495177,0.7108827188205886,0.0171699593647738,0.977184992029046,0.7443909594686774,0.002087275784759,0.6310507160802976,0.0005617042624027,0.0008588736854462,0.9987360659437718,0.6691344994245848,0.416011026445796,1.0
7,1,4D-D-9e53fbf0a6d8,4D,4D-D,equal_total,32,partial-spatial,standardized_anomaly,"[64, 48]",,"[1.0, 1.0]",131904,0.4999006659927545,0.9898991250011022,ok,,0.0003125582448839,0.0535596878465406,0.0501845849679445,0.0012121089201144,0.9997286563245888,0.9899771142817776,0.0013095965928803,0.3966138577016673,0.0003524270771369,0.0005388784861572,0.9999569816184334,0.9397111766045328,0.1213323500262631,1.0
7,1,4D-E-07794d5e4bbe,4D,4D-E,equal_total,32,joint-property-residual,standardized_anomaly,"[64, 48]",2.0,"[1.0, 1.0]",181060,0.511754208993807,0.9164910830004374,ok,,0.0006572971938854,0.1120227761439333,0.1055301022500006,0.0025488699041652,0.9988054304239086,0.967861481107942,0.0012791932571847,0.387419003694641,0.0003442469787164,0.0005263707098272,0.9999579862286267,0.9411073017591391,0.1362393471012584,1.0
7,1,4D-C-3fe7ec5ee326,4D,4D-C,equal_total,32,joint,standardized_anomaly,"[64, 48]",2.0,"[1.0, 0.5]",207812,0.4247456669982057,0.712434334003774,ok,,0.0009048269219977,0.1473376464956159,0.1453328733502035,0.0035102267416611,0.9974385586749136,0.9525061961629137,0.00121028319008,0.3664493799925779,0.0003256997589123,0.0004980110905503,0.9999621614768982,0.944691960138602,0.141296987084359,1.0
7,1,4D-C-5b31da2b924b,4D,4D-C,equal_total,32,joint,standardized_anomaly,"[64, 48]",2.0,"[1.0, 2.0]",207812,0.4137722500017844,0.7151556250028079,ok,,0.0008657765155115,0.1426472342123711,0.1390531432624044,0.0033585523408427,0.9976075613444596,0.9478727524808864,0.001198333907221,0.3628871661207785,0.0003224841318339,0.0004930942372082,0.999963835470002,0.94669030964194,0.139563217317934,1.0
7,1,3D-independent-7db5f3bc9ad5,3D,3D-independent,equal_total,32,independent,raw_minmax,"[80, 48]",,"[1.0, 1.0]",149728,0.2623632920003729,0.5443368749984074,ok,,0.0002730678074953,0.0467812853754313,0.0438453790878847,0.0010589979997278,0.9997484572194876,0.9913124666354592,0.00106335822398,0.3222142457893114,0.0002861500819028,0.0004375376721966,0.9999728456296192,0.951440920092076,0.0994047094502437,1.0
7,1,4D-A-9e409054ed54,4D,4D-A,equal_total,32,joint,raw_minmax,"[80, 48]",2.0,"[1.0, 1.0]",259188,0.4419097499994677,0.7305522079986986,ok,,0.000170307382519,0.0294163215537019,0.0273410351538372,0.0006603683704128,0.9997033041696411,0.9967532579858132,0.0016475631585028,0.4989851123202037,0.000443356762709,0.0006779144867559,0.9999072758188772,0.8894125302460448,0.1463296349394941,1.0
7,1,4D-B-2fb1b6b4a839,4D,4D-B,equal_total,32,shared-independent,raw_minmax,"[80, 48]",,"[1.0, 1.0]",136304,0.2723083750024671,0.5445915410018642,ok,,0.0003027646039575,0.0520392338478346,0.0486113179404535,0.001174109781555,0.9995292744388512,0.9893721545279842,0.0013966329696689,0.4228979813692471,0.0003758357341206,0.0005746714840755,0.9999142237217008,0.9059553886878576,0.1318183609022902,1.0
7,1,3D-independent-dbbd1a2865ca,3D,3D-independent,equal_total,32,independent,mean_centered,"[80, 48]",,"[1.0, 1.0]",149728,0.2599882499998784,0.528937290997419,ok,,0.0002773404589696,0.0475304308147089,0.0445316896324875,0.0010755744670556,0.9997310609313396,0.9911942219035024,0.0010772736296215,0.3264116189125601,0.0002898947925552,0.000443263520573,0.999969059799386,0.9485982780667666,0.1010114499355336,1.0
7,1,4D-A-85017caccbe9,4D,4D-A,equal_total,32,joint,mean_centered,"[80, 48]",2.0,"[1.0, 1.0]",259188,0.3993091659940546,0.6696986669994658,ok,,8.630078882234772e-05,0.0147253747929334,0.0138567744145209,0.000334682848978,0.9999308088526928,0.9991733740141844,0.0179295284736868,5.425160354511486,0.0048248800658365,0.0073774810008647,0.9864352385763824,0.3654714034845253,1.439390835138766,1.0
7,1,4D-B-4bb821f89672,4D,4D-B,equal_total,32,shared-independent,mean_centered,"[80, 48]",,"[1.0, 1.0]",136304,0.274546000000555,0.5616984589942149,ok,,0.0002783031230282,0.0476992458651869,0.0446862034856788,0.0010793064421203,0.9997215510302762,0.9911280091046888,0.01725536129974,5.219672122601535,0.0046434557543313,0.00710007422744,0.9874801177648888,0.510935348515191,1.3790849224141954,1.0
7,1,3D-independent-3e92f69676cb,3D,3D-independent,equal_total,32,independent,ensemble_anomaly,"[80, 48]",,"[1.0, 1.0]",149728,0.2570014579978306,0.537328874997911,ok,,0.0002691306065183,0.0455339845040616,0.0432159715007518,0.0010437959102567,0.9997852948204976,0.99388886255107,0.0012916153690336,0.3911844524470154,0.0003475873339397,0.000531478278691,0.9999574483938511,0.9412395667580604,0.1172885555741279,1.0
7,1,4D-A-8bea2cabc037,4D,4D-A,equal_total,32,joint,ensemble_anomaly,"[80, 48]",2.0,"[1.0, 1.0]",259188,0.4102132499974686,0.6841039170030854,ok,,5.912175790670816e-05,0.0100831743328032,0.0094933438746119,0.0002292928555547,0.9999748784456316,0.9996487351685084,0.0030330094617896,0.9156935046745946,0.0008162265511526,0.0012480508927398,0.9998580550912662,0.8789547530935948,0.2466187337190865,1.0
7,1,4D-B-2828b82824ed,4D,4D-B,equal_total,32,shared-independent,ensemble_anomaly,"[80, 48]",,"[1.0, 1.0]",136304,0.2834839589995681,0.5560881670025992,ok,,0.0002691305527969,0.0455339743332708,0.0432159628466688,0.0010437957012345,0.9997852955690631,0.9938888733623936,0.001322735935937,0.4005128439368315,0.0003559605027234,0.0005442812691853,0.9999551766758576,0.9380522484124983,0.120019064345664,1.0
7,1,3D-independent-86c75f98455a,3D,3D-independent,equal_total,32,independent,standardized_anomaly,"[80, 48]",,"[1.0, 1.0]",149728,0.266245250000793,0.564192040998023,ok,,0.0002691306065182,0.045533984504051,0.0432159715007429,0.0010437959102565,0.9997852948205086,0.993888862551073,0.0012916153690336,0.3911844524470143,0.0003475873339397,0.000531478278691,0.9999574483938511,0.94123956675806,0.1172885555741247,1.0
7,1,4D-A-4ea76ef087a9,4D,4D-A,equal_total,32,joint,standardized_anomaly,"[80, 48]",2.0,"[1.0, 1.0]",259188,0.4367662080039736,0.7328260419963044,ok,,0.0008634476510313,0.1412581605971539,0.1386827369898529,0.0033496059134226,0.9976893848135128,0.9552391647357514,0.0011946481386678,0.3617138742903621,0.0003214913716642,0.0004915762576542,0.99996380449859,0.9471938983334424,0.1379388758382297,1.0
7,1,4D-B-934096b5cda8,4D,4D-B,equal_total,32,shared-independent,standardized_anomaly,"[80, 48]",,"[1.0, 1.0]",136304,0.2869525830028578,0.5731184579999535,ok,,0.0002964057324748,0.0502145845629487,0.0475955313054113,0.001149575474017,0.9995920910216,0.9920111686016018,0.0012888385823365,0.3903459209237283,0.0003468400972784,0.0005303357167627,0.9999574385939566,0.9412270572533832,0.1184853481397961,1.0
7,1,4D-A-b80c4d29ed28,4D,4D-A,equal_total,32,joint,standardized_anomaly,"[80, 48]",1.0,"[1.0, 1.0]",136306,0.2884642920034821,0.5677702500033774,ok,,0.0044234618379295,0.7394217294534045,0.7103967935402116,0.0171582228052859,0.976886440443094,0.7486619285131763,0.0020891770198582,0.6315889469038588,0.0005622157772102,0.000859655816965,0.9987146170108608,0.6680200134211369,0.4156674263475266,1.0
7,1,4D-D-2ecf0e4138e3,4D,4D-D,equal_total,32,partial-spatial,standardized_anomaly,"[80, 48]",,"[1.0, 1.0]",163152,0.4006883749971166,0.7996987500009709,ok,,0.000306478658404,0.0524989638699634,0.0492086007890141,0.001188535961806,0.9997316320276536,0.9909064244047748,0.0012910381707702,0.3910116095570872,0.0003474320376193,0.0005312408229123,0.9999573803084196,0.9410550836818576,0.1193824548459336,1.0
7,1,4D-E-4f4328240852,4D,4D-E,equal_total,32,joint-property-residual,standardized_anomaly,"[80, 48]",2.0,"[1.0, 1.0]",224596,0.493334999999206,0.8787102080023033,ok,,0.0006914495997162,0.1178516416879756,0.1110144628222352,0.0026813337349406,0.9987139968332382,0.9643961094873382,0.0012567826543549,0.3806331406217424,0.0003382155846386,0.0005171484090424,0.999958710407484,0.9426920224099952,0.1362351790902628,1.0
7,1,4D-C-44adce3e7a5f,4D,4D-C,equal_total,32,joint,standardized_anomaly,"[80, 48]",2.0,"[1.0, 0.5]",259188,0.3995819580013631,0.6982687499985332,ok,,0.000890460137421,0.1448557444469697,0.1430265057221374,0.0034545210149558,0.9976106545595864,0.9547667386669726,0.0012157452780613,0.3680987618593446,0.0003271694965519,0.0005002583923205,0.9999624441177852,0.9450843562588476,0.140757239710851,1.0
7,1,4D-C-1150f24dbbfa,4D,4D-C,equal_total,32,joint,standardized_anomaly,"[80, 48]",2.0,"[1.0, 2.0]",259188,0.3855989170042448,0.6804631249979138,ok,,0.0008350332034932,0.1376446714200309,0.13411467743206,0.0032392735127232,0.9980423768172412,0.9527296896279006,0.0012016398318109,0.3638929593039133,0.00032337385623,0.0004944546699524,0.999963803966525,0.9465813201263392,0.137970531461706,1.0
7,1,3D-independent-82249d692984,3D,3D-independent,equal_per_property,64,independent,raw_minmax,"[64, 48]",,"[1.0, 1.0]",219008,0.3316784999988158,0.7406737080018502,ok,,0.0001643751269325,0.0282924742173245,0.0263905649888667,0.0006374116524087,0.9997064557323524,0.9967288743490658,0.000860808687833,0.2609234408348543,0.0002316409885124,0.0003541905640043,0.9999763549565512,0.96685513392143,0.0768559777292327,1.0
7,1,4D-A-63bd70d89f36,4D,4D-A,equal_per_property,64,joint,raw_minmax,"[64, 48]",2.0,"[1.0, 1.0]",404420,0.3190109159986605,0.6154608329961775,ok,,0.0003428787486257,0.0591283136464368,0.0550453137310289,0.001329510163858,0.9987885361398772,0.9864609462728704,0.0041167868597102,1.2454061530245868,0.0011078360501877,0.0016939362845936,0.9992361774643794,0.7175923735277975,0.3631269516926724,1.0
7,1,4D-B-49fc67f13645,4D,4D-B,equal_per_property,64,shared-independent,raw_minmax,"[64, 48]",,"[1.0, 1.0]",207808,0.2195191670034546,0.5057715840011952,ok,,0.0003431088152502,0.059152511633283,0.0550825601621009,0.0013304097773822,0.9987879684366308,0.9864604064717802,0.0041115427837297,1.2437955901228128,0.0011064247222743,0.0016917782941929,0.9992342309292392,0.7175329818849511,0.3627378518944326,1.0
7,1,3D-independent-64af48d38810,3D,3D-independent,equal_per_property,64,independent,mean_centered,"[64, 48]",,"[1.0, 1.0]",219008,0.2788212500017835,0.5724073749952368,ok,,0.0001745618202475,0.0300394629592507,0.0280252801455156,0.0006768949484146,0.9996881285056012,0.9965189721425216,0.0009842053805676,0.2981886486097931,0.0002648487855743,0.000404966933274,0.9999525766529208,0.9474158516869128,0.0890651749135816,1.0
7,1,4D-A-fbc2ac4d32c8,4D,4D-A,equal_per_property,64,joint,mean_centered,"[64, 48]",2.0,"[1.0, 1.0]",404420,0.306438583000272,0.5865565839994815,ok,,0.0001717875326857,0.0296424168358738,0.0275790609856743,0.0006661174113618,0.9996858820444988,0.9965887693150718,0.0360185075815243,10.895212088566486,0.0096926606348224,0.0148205589994978,0.9476413829895264,0.350223787927766,2.812862056695235,1.0
7,1,4D-B-6a56509ea188,4D,4D-B,equal_per_property,64,shared-independent,mean_centered,"[64, 48]",,"[1.0, 1.0]",207808,0.2158899170026416,0.4958948750063428,ok,,0.0001755761246677,0.0302370126130217,0.0281881049589717,0.0006808276582085,0.9996815046840312,0.9964641942566552,0.0359745440929683,10.88192614161576,0.0096808293616194,0.014802468395777,0.9478852019702874,0.3587856251936654,2.808634561125905,1.0
7,1,3D-independent-5a93f5036396,3D,3D-independent,equal_per_property,64,independent,ensemble_anomaly,"[64, 48]",,"[1.0, 1.0]",219008,0.2038072909999755,0.4935459160042228,ok,,0.0001258971634576,0.0217570325166103,0.0202122025778714,0.0004881855863797,0.9998456791957104,0.9982889094926324,0.0010207619380346,0.3092420451419952,0.0002746920821626,0.00042001782212,0.9999665269044412,0.9559814826397378,0.0884659703981051,1.0
7,1,4D-A-cbe030d90365,4D,4D-A,equal_per_property,64,joint,ensemble_anomaly,"[64, 48]",2.0,"[1.0, 1.0]",404420,0.2928275839949492,0.5721809579990804,ok,,0.0001213700317087,0.0210457318266808,0.0194845163021733,0.0004706097704915,0.9998497524637884,0.998388429631462,0.0021777244382136,0.6585933070419253,0.0005860406009263,0.0008960851544647,0.9999081873810894,0.8991725226677688,0.1827146406797477,1.0
7,1,4D-B-6939f5acac9e,4D,4D-B,equal_per_property,64,shared-independent,ensemble_anomaly,"[64, 48]",,"[1.0, 1.0]",207808,0.2297135409971815,0.536447667000175,ok,,0.0001258966193322,0.0217569496971892,0.0202121151019197,0.0004881834735719,0.9998456800043626,0.9982889218939622,0.0011092279146795,0.3356391252167829,0.0002984946261763,0.0004564130928494,0.9999568812391574,0.9499279972873436,0.0958219038308298,1.0
7,1,3D-independent-7a2c6100f5cb,3D,3D-independent,equal_per_property,64,independent,standardized_anomaly,"[64, 48]",,"[1.0, 1.0]",219008,0.3053874170000199,0.6360072909956216,ok,,0.0001258971634577,0.021757032516615,0.0202122025778792,0.0004881855863798,0.9998456791957454,0.9982889094926306,0.0010207619380346,0.3092420451419987,0.0002746920821626,0.00042001782212,0.9999665269044412,0.9559814826397374,0.0884659703981074,1.0
7,1,4D-A-c45120ace2c4,4D,4D-A,equal_per_property,64,joint,standardized_anomaly,"[64, 48]",2.0,"[1.0, 1.0]",404420,0.3636348750005709,0.6714031669980614,ok,,0.0004702307255555,0.0806174268274107,0.0754728804719459,0.0018228974436116,0.998559654840362,0.9782243210346994,0.0009327664490552,0.2825729964165153,0.0002510135737282,0.0003838122079451,0.9999719216920836,0.963364162012266,0.0980990454301108,1.0
7,1,4D-B-f843c8275099,4D,4D-B,equal_per_property,64,shared-independent,standardized_anomaly,"[64, 48]",,"[1.0, 1.0]",207808,0.2267761250041076,0.5281008340025437,ok,,0.0002046545354966,0.0342413329531718,0.032867928032126,0.0007938594845183,0.9995147254029478,0.9953306123313146,0.0010118265555294,0.3065325062189978,0.000272287479674,0.0004163410656137,0.9999667084116806,0.9557160529286098,0.0913126266355518,1.0
7,1,4D-A-102750e40079,4D,4D-A,equal_per_property,64,joint,standardized_anomaly,"[64, 48]",1.0,"[1.0, 1.0]",207810,0.1953555830041295,0.4858740409981692,ok,,0.0045295670783825,0.757120574286961,0.7274341567851419,0.0175697264568076,0.9756221253900872,0.7392005424364788,0.0019804026867565,0.5986594810893053,0.0005329430704367,0.0008148963959807,0.9987440334808456,0.6789976315894775,0.4116702420908221,1.0
7,1,4D-D-ff94f89c821d,4D,4D-D,equal_per_property,64,partial-spatial,standardized_anomaly,"[64, 48]",,"[1.0, 1.0]",230208,0.3769330840004841,0.7436415420015692,ok,,7.425944927130405e-05,0.0129444464386757,0.0119208990757804,0.0002879256272571,0.9999731666216451,0.9994147320532284,0.0010817804861012,0.3276837541461259,0.0002911149712829,0.0004451292343854,0.999963145410358,0.9524695078347036,0.0911715201602089,1.0
7,1,4D-E-0ed2b1a0be64,4D,4D-E,equal_per_property,64,joint-property-residual,standardized_anomaly,"[64, 48]",2.0,"[1.0, 1.0]",328516,0.6809690420050174,1.19332479199511,ok,,0.0007559620982422,0.1192277384967448,0.1214514016417314,0.0029334172512212,0.9975996673518236,0.9665792764006568,0.0011400612411216,0.3452319942658637,0.000306801165845,0.0004691142041211,0.9999651341179652,0.9502294398493146,0.1265138436594057,1.0
7,1,4D-C-e7705bff9f37,4D,4D-C,equal_per_property,64,joint,standardized_anomaly,"[64, 48]",2.0,"[1.0, 0.5]",404420,0.3453258750014356,0.659916875003546,ok,,0.0004617472270794,0.0804694609231426,0.0741005447988393,0.0017897514026146,0.9987582767887764,0.9777362998179914,0.0009258311628378,0.28048954486656,0.0002491470326828,0.0003809581740806,0.9999709465097064,0.9626088295373268,0.0976966102780109,1.0
7,1,4D-C-07c1f38e4371,4D,4D-C,equal_per_property,64,joint,standardized_anomaly,"[64, 48]",2.0,"[1.0, 2.0]",404420,0.3055878750019474,0.617430250000325,ok,,0.0004974206367799,0.0837389651185118,0.0798609037956192,0.0019288814268545,0.9984470088081242,0.9762913557756616,0.0009321666763659,0.2823914082024749,0.0002508517123816,0.0003835647139157,0.9999717258906098,0.9638274587592566,0.0990177415133819,1.0
7,1,3D-independent-fa9b36e31dc0,3D,3D-independent,equal_per_property,64,independent,raw_minmax,"[80, 48]",,"[1.0, 1.0]",272608,0.3038180000003194,0.6006873330043163,ok,,7.297007490635837e-05,0.0124029833161922,0.0117167139815579,0.0002829939420749,0.9999539831008168,0.9994131032645708,0.0008606897007013,0.2608939531979489,0.000231608940843,0.0003541415615277,0.9999766827342752,0.9673317189009656,0.0724811313578432,1.0
7,1,4D-A-4f7fd7861b3e,4D,4D-A,equal_per_property,64,joint,raw_minmax,"[80, 48]",2.0,"[1.0, 1.0]",504948,0.340192208001099,0.6203934580044006,ok,,0.0001540002174632,0.0267388788147136,0.0247218148756686,0.0005971063096637,0.9997225242282016,0.9971424653594144,0.0012670141033448,0.3837069618607714,0.0003409538394479,0.0005213353365007,0.999918898991985,0.918613543709049,0.1131419590353133,1.0
7,1,4D-B-51546c614bcf,4D,4D-B,equal_per_property,64,shared-independent,raw_minmax,"[80, 48]",,"[1.0, 1.0]",259184,0.2360863750000135,0.5172639160009567,ok,,0.0001554359903414,0.0269111177778415,0.0249535073220215,0.0006027023802724,0.9997206486550878,0.9971378095870476,0.0012492097179609,0.3782425645541554,0.0003361624162088,0.0005140090126479,0.9999169778637156,0.9197079268148172,0.1116827035327661,1.0
7,1,3D-independent-5cbc421a2b78,3D,3D-independent,equal_per_property,64,independent,mean_centered,"[80, 48]",,"[1.0, 1.0]",272608,0.2132364159988355,0.4931107920056092,ok,,8.044085181076753e-05,0.0137478066782688,0.0129155041938813,0.0003119483373465,0.9999432770018628,0.999291919422054,0.0008767078547319,0.2657171581180301,0.0002359197062413,0.0003607329356949,0.9999708724585016,0.9635731586062858,0.0745081064455322,1.0
7,1,4D-A-a9f18b485be4,4D,4D-A,equal_per_property,64,joint,mean_centered,"[80, 48]",2.0,"[1.0, 1.0]",504948,0.3269132499990519,0.6061627080052858,ok,,7.725930396645921e-05,0.0132972339429073,0.0124033784693341,0.0002995789581967,0.9999360442284528,0.999313853524567,0.0173527701041029,5.249073269523323,0.004669669954281,0.0071401570397469,0.9873897714236612,0.4957093512170551,1.3787147252738547,1.0
7,1,4D-B-be3ed22367d4,4D,4D-B,equal_per_property,64,shared-independent,mean_centered,"[80, 48]",,"[1.0, 1.0]",259184,0.2254519999987678,0.5092147090035724,ok,,8.630016615051168e-05,0.0147231635728053,0.0138567038934437,0.0003346811456816,0.9999307509270484,0.9991722322903822,0.0172438320826875,5.216177105290357,0.0046403531132728,0.007095330135328,0.9874847755435102,0.5112531398471337,1.3689218956986011,1.0
7,1,3D-independent-44372d7b9669,3D,3D-independent,equal_per_property,64,independent,ensemble_anomaly,"[80, 48]",,"[1.0, 1.0]",272608,0.2510015410007327,0.5429500420068507,ok,,5.904088033973615e-05,0.0100762754042162,0.0094802807013609,0.0002289773405648,0.9999748314615694,0.999648092235049,0.0010218845739266,0.309582148835603,0.000274994169766,0.0004204797290533,0.9999664474126614,0.955951753579959,0.0854646253330788,1.0
7,1,4D-A-abc62af84685,4D,4D-A,equal_per_property,64,joint,ensemble_anomaly,"[80, 48]",2.0,"[1.0, 1.0]",504948,0.3247817499941448,0.6088788330016541,ok,,4.7224509488285423e-05,0.0081957432359942,0.0075811569127069,0.0001831077795013,0.999979578259464,0.999757909721486,0.0022368056133177,0.6763157130846483,0.0006019403233221,0.0009203966188522,0.999914320283264,0.904653973573173,0.1830763786683282,1.0
7,1,4D-B-643a4d560541,4D,4D-B,equal_per_property,64,shared-independent,ensemble_anomaly,"[80, 48]",,"[1.0, 1.0]",259184,0.2218301670000073,0.5046786250022706,ok,,5.904108461813275e-05,0.0100763124783288,0.0094803133986998,0.000228978130304,0.9999748318288548,0.9996480932581596,0.0010734122126519,0.3249965122212633,0.0002888593194625,0.0004416802308407,0.9999626216529708,0.9523201583809788,0.0897721747200057,1.0
7,1,3D-independent-11e1b067c3e2,3D,3D-independent,equal_per_property,64,independent,standardized_anomaly,"[80, 48]",,"[1.0, 1.0]",272608,0.2906399159983266,0.612722957994265,ok,,5.904088033957343e-05,0.0100762754041879,0.0094802807013348,0.0002289773405641,0.9999748314615864,0.9996480922350512,0.0010218845739266,0.3095821488355998,0.000274994169766,0.0004204797290533,0.9999664474126616,0.9559517535799592,0.0854646253330706,1.0
7,1,4D-A-3bf6b15a532d,4D,4D-A,equal_per_property,64,joint,standardized_anomaly,"[80, 48]",2.0,"[1.0, 1.0]",504948,0.3456504580026376,0.658572667001863,ok,,0.0004427260506433,0.0762025695711748,0.0710556393896452,0.0017162077634723,0.9988745067380452,0.980894906642369,0.0009419755228792,0.2853575150736719,0.0002534913705251,0.0003876008821802,0.9999719246902125,0.9632208025618542,0.0973755575106838,1.0
7,1,4D-B-3ee6d3ebd2d3,4D,4D-B,equal_per_property,64,shared-independent,standardized_anomaly,"[80, 48]",,"[1.0, 1.0]",259184,0.2307757079979637,0.5253970409976318,ok,,0.000134842068241,0.0229560545057418,0.0216521855824314,0.0005229655142351,0.9997814674316418,0.9978364593206134,0.0010162447406398,0.3078713475207197,0.0002734763994806,0.0004181589829847,0.9999665786807328,0.9558749821339092,0.0884929203248,1.0
7,1,4D-A-0bf051d8d579,4D,4D-A,equal_per_property,64,joint,standardized_anomaly,"[80, 48]",1.0,"[1.0, 1.0]",259186,0.2004957499957527,0.4926224160008132,ok,,0.0045262982380372,0.7565731032156767,0.7269093222481877,0.0175570501215498,0.9757258657497084,0.7393192724935186,0.0019820213156261,0.5991533822687986,0.0005333786862709,0.0008155624742037,0.9987426181811196,0.6789306505756523,0.4116503809874725,1.0
7,1,4D-D-e24c5d642104,4D,4D-D,equal_per_property,64,partial-spatial,standardized_anomaly,"[80, 48]",,"[1.0, 1.0]",286032,0.4044018330023391,0.761261707993981,ok,,6.904708215582684e-05,0.0120547793171261,0.0110840209366555,0.0002677124989005,0.999979685861384,0.999492588456372,0.001090028358624,0.3301810902964251,0.000293334772774,0.0004485234209979,0.9999628369426992,0.9524448685995224,0.091566785271401,1.0
7,1,4D-E-6ca320f290f9,4D,4D-E,equal_per_property,64,joint-property-residual,standardized_anomaly,"[80, 48]",2.0,"[1.0, 1.0]",408916,0.7293787500020699,1.2725109169987263,ok,,0.0005688465818228,0.0896826229792147,0.0913870611376354,0.0022072728519868,0.9975105471899836,0.9740000462760202,0.0010756664736945,0.3257312938344177,0.0002894693734602,0.0004426130336703,0.9999661182757236,0.9549379460842736,0.1127362301583713,1.0
7,1,4D-C-4e04f7cc08d6,4D,4D-C,equal_per_property,64,joint,standardized_anomaly,"[80, 48]",2.0,"[1.0, 0.5]",504948,0.3666404579998925,0.6726678749982966,ok,,0.0004449736761213,0.0774845627259591,0.0714081913977158,0.001724722956615,0.9989568422929048,0.9797510525691848,0.0009432143338547,0.2857506429425288,0.0002538250444537,0.0003881110861719,0.9999715757589854,0.9625359151169204,0.0980229304563588,1.0
7,1,4D-C-f8d668c31c07,4D,4D-C,equal_per_property,64,joint,standardized_anomaly,"[80, 48]",2.0,"[1.0, 2.0]",504948,0.3907302500010701,0.6850633329959237,ok,,0.0004577174381267,0.0773429435171476,0.0734798820069,0.0017747605262933,0.998841790223155,0.9795401335060672,0.0009361503184866,0.2835954208282827,0.000251923782285,0.0003852039619873,0.9999717424639056,0.9638093218871774,0.097315909162202,1.0
7,1,3D-current-e419eaac8e1a,3D,3D-current,equal_total,32,legacy-independent,raw_minmax,"[48, 48]",,"[1.0, 1.0]",117216,4.338351333004539,4.634019249999255,ok,,0.0009432550580007,0.1623816512589259,0.1514256155728083,0.0036573848221891,0.9950569041081488,0.9385821699442036,0.0010846240208623,0.3286234949169925,0.0002918730601325,0.0004462883898479,0.9999696643166168,0.9477877547690924,0.1369550459548176,1.0
7,1,4D-A-current-205a30146a4e,4D,4D-A-current,equal_total,32,legacy-joint,raw_minmax,"[48, 48]",2.0,"[1.0, 1.0]",181972,5.885656916994776,6.256499208000605,ok,,0.0021734561546817,0.3732370268726039,0.348955718719933,0.0084283319201614,0.978917019921037,0.8091827343676301,0.0156860882680351,4.745064075646456,0.0042211603860574,0.0064543636577092,0.9903948575345352,0.4589841158516,1.3710544193523613,1.0
7,1,3D-current-5e7711139fcb,3D,3D-current,equal_per_property,64,legacy-independent,raw_minmax,"[48, 48]",,"[1.0, 1.0]",216480,4.459300124995934,4.775787375001528,ok,,0.0009223123174757,0.1588618381786157,0.148061849989048,0.003576139749188,0.995161608023801,0.941999486837168,0.0008846720194246,0.2681229010239968,0.0002380629948473,0.0003640101303099,0.99997340030105,0.9633307908509976,0.1185799000896324,1.0
7,1,4D-A-current-43ce2f360e5a,4D,4D-A-current,equal_per_property,64,legacy-joint,raw_minmax,"[48, 48]",2.0,"[1.0, 1.0]",354964,6.381817916997534,6.941397124996001,ok,,0.0021726215024961,0.3730967312274915,0.3488216950827866,0.0084250948455458,0.9788838214695846,0.8091761278627203,0.015658916069205,4.736833612038978,0.0042138487858804,0.006443183858283,0.9904259473882132,0.4607107922092112,1.3687467208076258,1.0
7,2,3D-independent-e9bc2b1d9158,3D,3D-independent,equal_total,32,independent,raw_minmax,"[64, 48]",,"[1.0, 1.0]",120704,0.6026490840013139,1.1817591250000987,ok,,0.000391919721443,0.0706201904405488,0.0627562514584256,0.0015157514237827,0.9993620562453857,0.9867232763434276,0.0015970677787215,0.5035405776129861,0.0004296230797828,0.0006569150041828,0.9999549768756504,0.9179581987682756,0.1554550076244208,1.0
7,2,4D-A-c5fc8bd2cb2c,4D,4D-A,equal_total,32,joint,raw_minmax,"[64, 48]",2.0,"[1.0, 1.0]",207812,0.4986144169961335,0.8605915000007371,ok,,0.0003602523679129,0.0639527262057466,0.0576562302098008,0.0013925706363826,0.9987552025953772,0.9843730762408528,0.0044416653936976,1.4140391025889392,0.001194715333322,0.0018267790189095,0.9992077577412164,0.6819439996527626,0.4112083227119695,1.0
7,2,4D-B-f835e7c8452f,4D,4D-B,equal_total,32,shared-independent,raw_minmax,"[64, 48]",,"[1.0, 1.0]",109504,0.3453570830024546,0.648354458004178,ok,,0.000492203395222,0.0877618000761849,0.0787906298083017,0.001903029682896,0.9984828552135392,0.9765558637095836,0.0042975177222948,1.3714171944055569,0.0011559155143815,0.0017674521707466,0.9992108301658366,0.6892074703115041,0.4065743318677995,1.0
7,2,3D-independent-7cc1fb3009e2,3D,3D-independent,equal_total,32,independent,mean_centered,"[64, 48]",,"[1.0, 1.0]",120704,0.3196847080034786,0.6224061250031809,ok,,0.0003929151041601,0.0707959488399848,0.0629118892924135,0.0015195105435991,0.999334325141239,0.9865664042184,0.0016575214006786,0.5234965949764329,0.0004458776254821,0.0006817690110054,0.9999280200507848,0.8991256651549063,0.1628616272824411,1.0
7,2,4D-A-a8d848e0bd2f,4D,4D-A,equal_total,32,joint,mean_centered,"[64, 48]",2.0,"[1.0, 1.0]",207812,0.4767799589972128,0.7772985420015175,ok,,0.0001749717654584,0.0314419852154726,0.0280073780767811,0.000676462060906,0.9996865689823916,0.9963205097893318,0.0365152204030712,11.665165727346766,0.0098214860742179,0.0150175394878416,0.941937113064519,0.294933836660692,3.0127451348343066,1.0
7,2,4D-B-2e139466dc24,4D,4D-B,equal_total,32,shared-independent,mean_centered,"[64, 48]",,"[1.0, 1.0]",109504,0.2607977500010747,0.5336012499974458,ok,,0.0003952423187324,0.0711739766767309,0.0632836656075064,0.0015284900550555,0.9993147063555236,0.9863729941932688,0.0363455650406028,11.609214882065713,0.0097758695114205,0.0149477895001174,0.942246888929204,0.3605264236423726,3.0017347874561557,1.0
7,2,3D-independent-34daa9e6fa18,3D,3D-independent,equal_total,32,independent,ensemble_anomaly,"[64, 48]",,"[1.0, 1.0]",120704,0.2500008340066415,0.5209394580015214,ok,,0.00028212469217,0.0500797954708212,0.0451641478041893,0.0010908494332789,0.9996322070553786,0.9934858033688546,0.0016939623693501,0.5341735110743592,0.0004556864035273,0.0006967671192864,0.999943875119504,0.9200182784567752,0.1568753164080913,1.0
7,2,4D-A-63c64c98502f,4D,4D-A,equal_total,32,joint,ensemble_anomaly,"[64, 48]",2.0,"[1.0, 1.0]",207812,0.3541252499999245,0.6227467499993509,ok,,0.0001511525585767,0.0267848801402396,0.0241992177241676,0.0005844835831874,0.9997884607287988,0.9975073037355036,0.0033396135375671,1.058462777552671,0.0008983234024917,0.0013735810515667,0.9998778803109056,0.8410738479795707,0.2914892704588434,1.0
7,2,4D-B-852478df5431,4D,4D-B,equal_total,32,shared-independent,ensemble_anomaly,"[64, 48]",,"[1.0, 1.0]",109504,0.2576044579982408,0.529730041998846,ok,,0.0002821225884457,0.050079265310094,0.0451638087904419,0.0010908412450815,0.99963221279816,0.9934858861326834,0.0017473056173732,0.5497340026883758,0.0004700462640259,0.0007187240584348,0.9999270771825106,0.9113879877431824,0.1618440827651342,1.0
7,2,3D-independent-629bdce16d73,3D,3D-independent,equal_total,32,independent,standardized_anomaly,"[64, 48]",,"[1.0, 1.0]",120704,0.2526622919976944,0.5327358750000712,ok,,0.0002821246921701,0.0500797954708377,0.0451641478042008,0.0010908494332791,0.9996322070553568,0.9934858033688516,0.0016939623693501,0.5341735110743578,0.0004556864035273,0.0006967671192864,0.999943875119504,0.9200182784567756,0.1568753164080955,1.0
7,2,4D-A-06f4272272b6,4D,4D-A,equal_total,32,joint,standardized_anomaly,"[64, 48]",2.0,"[1.0, 1.0]",207812,0.3732751249990542,0.6588964170005056,ok,,0.0009483130653085,0.1820581163810354,0.1519584713542838,0.0036702521893566,0.9973434756226583,0.9560191237259806,0.0015975425799467,0.5026215463446009,0.0004297586504848,0.0006571222985124,0.9999485282766548,0.9252824013068278,0.186007225052308,1.0
7,2,4D-B-17b80d300b68,4D,4D-B,equal_total,32,shared-independent,standardized_anomaly,"[64, 48]",,"[1.0, 1.0]",109504,0.2730609579957672,0.5645459999941522,ok,,0.0003305150928485,0.0551058269036929,0.0528608145209758,0.0012767469855264,0.9992050780212134,0.9899687928809006,0.0016918365136853,0.533630870496201,0.0004551134769387,0.0006958910861074,0.9999437021935909,0.9194072525541273,0.158512168670595,1.0
7,2,4D-A-4681118648ec,4D,4D-A,equal_total,32,joint,standardized_anomaly,"[64, 48]",1.0,"[1.0, 1.0]",109506,0.3127722080025705,0.6069250419968739,ok,,0.0042559298960737,0.6822209499760775,0.6804570133117579,0.0164350747978232,0.9807674852831244,0.738683650230895,0.0022957084320054,0.7342907716660493,0.000617464100086,0.0009441332437164,0.997219731079738,0.5356567016422199,0.4448353864263923,1.0
7,2,4D-D-9e53fbf0a6d8,4D,4D-D,equal_total,32,partial-spatial,standardized_anomaly,"[64, 48]",,"[1.0, 1.0]",131904,0.4841540830020676,0.9043949170009,ok,,0.0003650436711363,0.0652286125739163,0.0584336031366068,0.0014113465207484,0.99955997497477,0.9882364528963826,0.0017263274430741,0.5441175700833655,0.0004643950106145,0.000710083011589,0.9999435936966904,0.9175503295277108,0.1641131978613088,1.0
7,2,4D-E-07794d5e4bbe,4D,4D-E,equal_total,32,joint-property-residual,standardized_anomaly,"[64, 48]",2.0,"[1.0, 1.0]",181060,0.7090272909917985,1.1747318749985425,ok,,0.0006713345402441,0.1149851454595679,0.1075504517766606,0.0025976655173061,0.9984985056990772,0.9733725607431524,0.0016839330859246,0.5314097138387948,0.0004529852737782,0.0006926369578869,0.9999433810466196,0.919413503813688,0.1750004567549856,1.0
7,2,4D-C-3fe7ec5ee326,4D,4D-C,equal_total,32,joint,standardized_anomaly,"[64, 48]",2.0,"[1.0, 0.5]",207812,0.512962166001671,0.8311632500044652,ok,,0.0009401071485834,0.1844940447942428,0.1506487406556771,0.0036386182704234,0.9973540345877406,0.9548123038682416,0.0015760710519413,0.495316183311111,0.0004239871094664,0.0006482973259476,0.9999491410587296,0.9262508959116552,0.1848196570538514,1.0
7,2,4D-C-5b31da2b924b,4D,4D-C,equal_total,32,joint,standardized_anomaly,"[64, 48]",2.0,"[1.0, 2.0]",207812,0.5874464580047061,1.1819172500036077,ok,,0.001199684566357,0.2349387258902531,0.1922052843327045,0.0046423332594819,0.995985322861106,0.936975055002216,0.0015791815256023,0.4961686658548404,0.0004248246915117,0.0006495780304504,0.9999509948300124,0.9270319612344168,0.1997759709066942,1.0
7,2,3D-independent-7db5f3bc9ad5,3D,3D-independent,equal_total,32,independent,raw_minmax,"[80, 48]",,"[1.0, 1.0]",149728,0.5425712910000584,0.9198724579982808,ok,,0.0003774693860398,0.0676604905056057,0.0604461156786898,0.0014599547259894,0.9995058060431632,0.9884063929331676,0.0015972946049245,0.503572809166131,0.0004296844334066,0.0006570088169177,0.999955211747588,0.9182504062528476,0.1544762250196822,1.0
7,2,4D-A-9e409054ed54,4D,4D-A,equal_total,32,joint,raw_minmax,"[80, 48]",2.0,"[1.0, 1.0]",259188,0.589175916997192,0.931923749994894,ok,,0.0001843828457391,0.0334687940923467,0.0295269288908441,0.0007131637640256,0.999695111545322,0.9957566034908298,0.0021572845876436,0.6777507624593939,0.0005803426592999,0.0008873727190221,0.9998987005200832,0.8567367891352009,0.1962432150596813,1.0
7,2,4D-B-2fb1b6b4a839,4D,4D-B,equal_total,32,shared-independent,raw_minmax,"[80, 48]",,"[1.0, 1.0]",136304,0.4216385000036098,0.7894040000028326,ok,,0.0003958690984495,0.0709559771967633,0.0633902210437976,0.0015310636879688,0.999324628236266,0.9864643426411388,0.0018500708267118,0.5861509012030942,0.0004976573661446,0.0007609428034635,0.9999022430731732,0.8729229764044852,0.1818533047192613,1.0
7,2,3D-independent-dbbd1a2865ca,3D,3D-independent,equal_total,32,independent,mean_centered,"[80, 48]",,"[1.0, 1.0]",149728,0.5246698330010986,0.8614976249955362,ok,,0.000379033430067,0.0679475064703557,0.0606952868396769,0.0014659729557793,0.9994936373943654,0.9882320080376712,0.0016046606571796,0.5060220582112279,0.0004316648932208,0.0006600370382314,0.9999452342650617,0.9139001187499548,0.1557258753219427,1.0
7,2,4D-A-85017caccbe9,4D,4D-A,equal_total,32,joint,mean_centered,"[80, 48]",2.0,"[1.0, 1.0]",259188,0.5959381659995415,0.9427710410018336,ok,,8.650248776010479e-05,0.015713849392478,0.013849010414367,0.0003344950784299,0.9999263540016392,0.9990686692622598,0.0172899026638854,5.524661462169266,0.0046504474676124,0.0071107649039316,0.9877918107249524,0.4010731016409773,1.4600761065275312,1.0
7,2,4D-B-4bb821f89672,4D,4D-B,equal_total,32,shared-independent,mean_centered,"[80, 48]",,"[1.0, 1.0]",136304,0.2927167090019793,0.5886819579973235,ok,,0.0003802036188427,0.0681438959704365,0.0608823202580638,0.0014704903729868,0.9994837437453348,0.9881406485704826,0.0169261383485104,5.404609204366172,0.0045526399345671,0.0069612123333107,0.9882464436488136,0.5092427320738984,1.4310153525036045,1.0
7,2,3D-independent-3e92f69676cb,3D,3D-independent,equal_total,32,independent,ensemble_anomaly,"[80, 48]",,"[1.0, 1.0]",149728,0.2824900410050759,0.5812515840007109,ok,,0.0002527841842312,0.0450480718247527,0.0404669185844452,0.0009773972797133,0.9997850615715594,0.9951610388411084,0.0016940930477245,0.5342076021441923,0.0004557216160157,0.0006968209609282,0.9999439097516772,0.9200357053590936,0.155414325467211,1.0
7,2,4D-A-8bea2cabc037,4D,4D-A,equal_total,32,joint,ensemble_anomaly,"[80, 48]",2.0,"[1.0, 1.0]",259188,0.6021109590001288,0.93442537500232,ok,,5.851707308209829e-05,0.0108866629095565,0.0093732117908415,0.0002263911369339,0.9999731854631876,0.9996248813325612,0.0033488915786039,1.0603868705303343,0.0009008277544722,0.0013774103299951,0.9998861902117452,0.8505105612931697,0.2865514530317563,1.0
7,2,4D-B-2828b82824ed,4D,4D-B,equal_total,32,shared-independent,ensemble_anomaly,"[80, 48]",,"[1.0, 1.0]",136304,0.284856457998103,0.5601328749980894,ok,,0.0002527843017077,0.0450480754209424,0.0404669376148408,0.0009773977393543,0.9997850637329824,0.9951610512626048,0.0017111496103819,0.5392307333777009,0.0004603128012807,0.0007038411109841,0.9999437783429252,0.9178054697795432,0.1569488870693923,1.0
7,2,3D-independent-86c75f98455a,3D,3D-independent,equal_total,32,independent,standardized_anomaly,"[80, 48]",,"[1.0, 1.0]",149728,0.2560704159986926,0.5395628339974792,ok,,0.0002527841842312,0.0450480718247391,0.0404669185844353,0.0009773972797131,0.9997850615715316,0.9951610388411112,0.0016940930477245,0.5342076021441909,0.0004557216160157,0.0006968209609282,0.9999439097516772,0.9200357053590944,0.1554143254672068,1.0
7,2,4D-A-4ea76ef087a9,4D,4D-A,equal_total,32,joint,standardized_anomaly,"[80, 48]",2.0,"[1.0, 1.0]",259188,0.4146370000016759,0.7147237909957767,ok,,0.0009298119697593,0.1791598092371215,0.1490046855352693,0.0035989094154229,0.997722955639094,0.9603560892759768,0.0016066131151296,0.5053784452487589,0.0004321995929776,0.0006608546206881,0.9999489276328112,0.925443755148212,0.1854095830684464,1.0
7,2,4D-B-934096b5cda8,4D,4D-B,equal_total,32,shared-independent,standardized_anomaly,"[80, 48]",,"[1.0, 1.0]",136304,0.2869061669989605,0.5667688749963418,ok,,0.0002867833155441,0.0493669180255125,0.0458871549803246,0.001108312221944,0.999546770866889,0.9930486543940664,0.0016931751895415,0.5339843302006583,0.000455474157233,0.000696442584172,0.9999438449331112,0.9197785945401834,0.1567344059397614,1.0
7,2,4D-A-b80c4d29ed28,4D,4D-A,equal_total,32,joint,standardized_anomaly,"[80, 48]",1.0,"[1.0, 1.0]",136306,0.2889502500038361,0.5709312500039232,ok,,0.0042498783548453,0.6810185432172405,0.679487372209481,0.0164116550611886,0.980866320820618,0.7402833590945949,0.0023003545033157,0.7357139339256721,0.0006187142962117,0.0009460448556195,0.9972146803711728,0.5355639799872743,0.4447022019004945,1.0
7,2,4D-D-2ecf0e4138e3,4D,4D-D,equal_total,32,partial-spatial,standardized_anomaly,"[80, 48]",,"[1.0, 1.0]",163152,0.4222120409976924,0.8157595000011497,ok,,0.0003302538065433,0.0584024136775817,0.0528417938871328,0.0012762875802535,0.999671995894297,0.9915374288336368,0.0016933263385464,0.534010699268841,0.0004555149977265,0.0006965050313129,0.9999436892909556,0.9197584476379028,0.1591912936776632,1.0
7,2,4D-E-4f4328240852,4D,4D-E,equal_total,32,joint-property-residual,standardized_anomaly,"[80, 48]",2.0,"[1.0, 1.0]",224596,0.5011205839982722,0.8900705000050948,ok,,0.0007149984605065,0.1250186405482759,0.1145265350919357,0.0027661588223048,0.9983752796650864,0.9724477258276863,0.0016328484325337,0.5138607659589497,0.0004392556491269,0.0006716436806175,0.9999479600571096,0.924554843433532,0.1725945304691541,1.0
7,2,4D-C-44adce3e7a5f,4D,4D-C,equal_total,32,joint,standardized_anomaly,"[80, 48]",2.0,"[1.0, 0.5]",259188,0.3873903339990647,0.6701255000007222,ok,,0.0009176222037657,0.1800480337474694,0.1470696466287584,0.0035521724305098,0.9976803368945336,0.9578889527074032,0.0015860906960499,0.4984374453753282,0.0004266828223393,0.0006524192046746,0.9999499431407084,0.926765009475781,0.1840396245078013,1.0
7,2,4D-C-1150f24dbbfa,4D,4D-C,equal_total,32,joint,standardized_anomaly,"[80, 48]",2.0,"[1.0, 2.0]",259188,0.3769767920020967,0.6790329579962417,ok,,0.0011784824427886,0.2326193618039559,0.1888452146574675,0.0045611775136256,0.9965479420867238,0.9415624751206776,0.0015801363803197,0.4964051531537065,0.0004250821021835,0.0006499716241387,0.9999511537344736,0.9270766759371885,0.1986762348571823,1.0
7,2,3D-independent-82249d692984,3D,3D-independent,equal_per_property,64,independent,raw_minmax,"[64, 48]",,"[1.0, 1.0]",219008,0.2533298339985776,0.5892534169979626,ok,,0.0001619938215044,0.0293894802198891,0.025931800883822,0.0006263306554717,0.999733734688235,0.9966781453894132,0.0011483241520126,0.3608760469956792,0.0003089167582576,0.0004723490498824,0.9999650180789376,0.9489715399856832,0.104360171132005,1.0
7,2,4D-A-63bd70d89f36,4D,4D-A,equal_per_property,64,joint,raw_minmax,"[64, 48]",2.0,"[1.0, 1.0]",404420,0.597616166996886,0.9738218339989544,ok,,0.0003487413834567,0.0617786929511489,0.0558088247714205,0.0013479502621816,0.9987868452356752,0.9853233811875904,0.0041773445337693,1.3337169677355962,0.0011235858881474,0.0017180185682419,0.9992189030981452,0.7001489678145377,0.3881898715464202,1.0
7,2,4D-B-49fc67f13645,4D,4D-B,equal_per_property,64,shared-independent,raw_minmax,"[64, 48]",,"[1.0, 1.0]",207808,0.2476359159991261,0.5728620000008959,ok,,0.0003467503972593,0.0613470305356469,0.0554900121116566,0.0013402499816242,0.9987899185094044,0.9854282674892966,0.0041438459162361,1.3229549803148075,0.0011145759889814,0.0017042419854025,0.99922478394916,0.704442409154141,0.3848416681321839,1.0
7,2,3D-independent-64af48d38810,3D,3D-independent,equal_per_property,64,independent,mean_centered,"[64, 48]",,"[1.0, 1.0]",219008,0.208999375005078,0.5005215830024099,ok,,0.000169845370389,0.0304585175324226,0.0271884732811211,0.0006566830575219,0.9997070200920112,0.9965419008963724,0.0012157232548443,0.383207560366863,0.0003270375846357,0.0005000566924559,0.9999406511640444,0.9305172194158318,0.1125341294357959,1.0
7,2,4D-A-fbc2ac4d32c8,4D,4D-A,equal_per_property,64,joint,mean_centered,"[64, 48]",2.0,"[1.0, 1.0]",404420,0.2993953330005752,0.5885210839987849,ok,,0.0001730769671994,0.0309798824428834,0.0277033592085628,0.0006691190947209,0.9996886615046834,0.9963950336957492,0.0364546875643509,11.643448542587528,0.0098052253898246,0.0149926760946513,0.941978503510948,0.3097279798763881,3.005341729561086,1.0
7,2,4D-B-6a56509ea188,4D,4D-B,equal_per_property,64,shared-independent,mean_centered,"[64, 48]",,"[1.0, 1.0]",207808,0.2292152920053922,0.5103723749998608,ok,,0.0001749208249446,0.0314303773014339,0.02799922409638,0.0006762651178586,0.9996865509645152,0.9963226575363948,0.0363275931864371,11.603515140561209,0.0097710351342549,0.0149403974975798,0.9422414478073768,0.3616882743919453,2.988985012974618,1.0
7,2,3D-independent-5a93f5036396,3D,3D-independent,equal_per_property,64,independent,ensemble_anomaly,"[64, 48]",,"[1.0, 1.0]",219008,0.2145288749961764,0.5049874999967869,ok,,0.0001511544018488,0.0267852074771666,0.0241995128796973,0.0005844907120774,0.9997884503751514,0.9975071300201136,0.0012360101360509,0.3880126359245192,0.0003325059960048,0.0005084181647474,0.99995057601248,0.94677588622613,0.110664083819641,1.0
7,2,4D-A-cbe030d90365,4D,4D-A,equal_per_property,64,joint,ensemble_anomaly,"[64, 48]",2.0,"[1.0, 1.0]",404420,0.3151163330039708,0.6053660830002627,ok,,0.0001490965367436,0.0263737337132063,0.0238693948440656,0.000576517372834,0.9997915788460626,0.997566511968506,0.0027239228861166,0.8680990755957779,0.0007326682656699,0.0011202861286002,0.9998931774882588,0.8679619350980886,0.2404271464439217,1.0
7,2,4D-B-6939f5acac9e,4D,4D-B,equal_per_property,64,shared-independent,ensemble_anomaly,"[64, 48]",,"[1.0, 1.0]",207808,0.2266030000027967,0.5047068330022739,ok,,0.0001511503700519,0.0267842455763775,0.0241988653045626,0.0005844750711985,0.9997884568296672,0.997507217554371,0.0012520060505884,0.3904704506659478,0.0003368309398115,0.0005150312184044,0.9999382695506488,0.9415846283855078,0.1119271933180964,1.0
7,2,3D-independent-7a2c6100f5cb,3D,3D-independent,equal_per_property,64,independent,standardized_anomaly,"[64, 48]",,"[1.0, 1.0]",219008,0.2082066660004784,0.5166170420052367,ok,,0.000151154401849,0.0267852074772004,0.0241995128797219,0.000584490712078,0.99978845037514,0.99750713002011,0.0012360101360509,0.3880126359245127,0.0003325059960048,0.0005084181647474,0.9999505760124796,0.9467758862261292,0.1106640838196483,1.0
7,2,4D-A-c45120ace2c4,4D,4D-A,equal_per_property,64,joint,standardized_anomaly,"[64, 48]",2.0,"[1.0, 1.0]",404420,0.3066927079999004,0.6553544999987935,ok,,0.0005762606131712,0.1038752674953865,0.0922860265914316,0.0022289839330808,0.998334625406354,0.9770770483364976,0.0010893589712317,0.3387926793799944,0.000293082243892,0.0004481372918084,0.9999590215160126,0.9586545315448074,0.1187005392336821,1.0
7,2,4D-B-f843c8275099,4D,4D-B,equal_per_property,64,shared-independent,standardized_anomaly,"[64, 48]",,"[1.0, 1.0]",207808,0.2745315840002149,0.5874186660003033,ok,,0.0002151904081151,0.032794179602126,0.0343804459674592,0.000830390737407,0.9993823127121922,0.9943495439974116,0.0012201660328177,0.3830855364653409,0.000328243180581,0.0005019001084703,0.9999503479885828,0.9460928833838826,0.1114146255942049,1.0
7,2,4D-A-102750e40079,4D,4D-A,equal_per_property,64,joint,standardized_anomaly,"[64, 48]",1.0,"[1.0, 1.0]",207810,0.3923860840004636,0.7403659999981755,ok,,0.0043954117787226,0.711081033699761,0.7028345422166957,0.0169755591401819,0.9802381008857234,0.7440817340777058,0.002126666583789,0.6817838816153011,0.0005719837086507,0.0008745914687608,0.9973097471164816,0.5482035578476551,0.4366805673380954,1.0
7,2,4D-D-ff94f89c821d,4D,4D-D,equal_per_property,64,partial-spatial,standardized_anomaly,"[64, 48]",,"[1.0, 1.0]",230208,1.085287083995354,1.9511631249988568,ok,,9.482974798417164e-05,0.017802364919202,0.0151949554193711,0.0003670036813222,0.9999538879258412,0.998926958441626,0.0014148607374648,0.4452145688526845,0.0003806125775079,0.0005819755146117,0.9999499540783484,0.9399793291484873,0.1233909474942075,1.0
7,2,4D-E-0ed2b1a0be64,4D,4D-E,equal_per_property,64,joint-property-residual,standardized_anomaly,"[64, 48]",2.0,"[1.0, 1.0]",328516,1.137411499992595,2.0774852500035195,ok,,0.0007207851750487,0.1466499786273073,0.1155354836644746,0.0027905279520697,0.9978597071276808,0.9679809717761588,0.0015359741916843,0.483320192789538,0.0004131950047815,0.0006317956624481,0.999945989648964,0.9279530620280344,0.1705007886286872,1.0
7,2,4D-C-e7705bff9f37,4D,4D-C,equal_per_property,64,joint,standardized_anomaly,"[64, 48]",2.0,"[1.0, 0.5]",404420,1.1503145419992509,1.7250949580047743,ok,,0.0006011853413525,0.1088412210704485,0.0962992913827804,0.0023259162972698,0.9982459083567434,0.9767058154641316,0.0010802623177575,0.3366673797502443,0.0002906285077213,0.0004443854074644,0.999957998073546,0.9572973403738702,0.1196267557254229,1.0
7,2,4D-C-07c1f38e4371,4D,4D-C,equal_per_property,64,joint,standardized_anomaly,"[64, 48]",2.0,"[1.0, 2.0]",404420,0.5767458750051446,0.974597000000358,ok,,0.0007306632614031,0.1295333449984639,0.1169008639354252,0.0028235059748419,0.9975377092658394,0.9641893420630891,0.0011204410672451,0.3489556723177514,0.0003014403480954,0.0004609172478119,0.999958090476469,0.958148976517991,0.1293299645064188,1.0
7,2,3D-independent-fa9b36e31dc0,3D,3D-independent,equal_per_property,64,independent,raw_minmax,"[80, 48]",,"[1.0, 1.0]",272608,0.3526273750030668,0.7848949170002015,ok,,7.040050185954402e-05,0.012928996126664,0.0112706189586534,0.0002722192026528,0.9999541098084496,0.999378574827588,0.0011552205379179,0.3631329247448391,0.000310771228111,0.0004751846262953,0.99996516474673,0.9489500790772478,0.1004743984797713,1.0
7,2,4D-A-4f7fd7861b3e,4D,4D-A,equal_per_property,64,joint,raw_minmax,"[80, 48]",2.0,"[1.0, 1.0]",504948,0.5315324999974109,0.9874067080017994,ok,,0.0001588654198353,0.0286619113764956,0.0254321706410335,0.0006142630887469,0.9997313391691054,0.9968712751747651,0.0015744938528943,0.4993776944952581,0.0004235234776766,0.0006475884099385,0.9999080702034288,0.8929770048778972,0.1457788664613556,1.0
7,2,4D-B-51546c614bcf,4D,4D-B,equal_per_property,64,shared-independent,raw_minmax,"[80, 48]",,"[1.0, 1.0]",259184,0.3755986249962006,0.7286468750025961,ok,,0.000154144474472,0.0276767418483229,0.0246765191354909,0.0005960118417589,0.9997374512372867,0.996996649880482,0.0014708180008514,0.465999143129089,0.0003956390048312,0.0006049516675057,0.9999105465605724,0.9011150071032668,0.1361550141213843,1.0
7,2,3D-independent-5cbc421a2b78,3D,3D-independent,equal_per_property,64,independent,mean_centered,"[80, 48]",,"[1.0, 1.0]",272608,0.4755819580022944,0.961009708000347,ok,,7.785818167270233e-05,0.0141589270823888,0.0124655254087051,0.0003010797720918,0.9999423064791938,0.9992492373280252,0.0011452684166395,0.3600160159307187,0.0003080937544793,0.0004710906362731,0.9999598998147224,0.9465207270291124,0.1003224902086347,1.0
7,2,4D-A-a9f18b485be4,4D,4D-A,equal_per_property,64,joint,mean_centered,"[80, 48]",2.0,"[1.0, 1.0]",504948,0.8853723749998608,1.6604044580017217,ok,,8.249294140212324e-05,0.0147618491075425,0.0132057147475756,0.0003189575614465,0.9999295038010576,0.9991539643491776,0.0171680899706906,5.480475395379121,0.0046177295387451,0.0070607375674357,0.9878423514121324,0.4272835819684779,1.4455046178319588,1.0
7,2,4D-B-be3ed22367d4,4D,4D-B,equal_per_property,64,shared-independent,mean_centered,"[80, 48]",,"[1.0, 1.0]",259184,0.6091633750038454,1.4977538750026724,ok,,8.639828747122088e-05,0.0156903908919206,0.0138323312375791,0.0003340922263574,0.999926423386742,0.9990714555653096,0.0168865061140394,5.39211162854532,0.0045419783847534,0.0069449102946867,0.988266035765404,0.5146078250541274,1.4127405947818803,1.0
7,2,3D-independent-44372d7b9669,3D,3D-independent,equal_per_property,64,independent,ensemble_anomaly,"[80, 48]",,"[1.0, 1.0]",272608,0.8070171660001506,1.7679019159986638,ok,,5.851242526687598e-05,0.0108851567501805,0.0093724581102473,0.0002263729332903,0.9999731878221684,0.9996248544146128,0.001238764937449,0.3888805980252157,0.0003332470758001,0.0005095513125222,0.9999504623155032,0.9468575524049808,0.1066311378413998,1.0
7,2,4D-A-abc62af84685,4D,4D-A,equal_per_property,64,joint,ensemble_anomaly,"[80, 48]",2.0,"[1.0, 1.0]",504948,0.6486936660003266,1.08238779099338,ok,,5.2438517323240976e-05,0.009748386257674,0.0083982945472502,0.0002028439656848,0.9999764238443526,0.9996931319130694,0.002709869400989,0.8668439828529468,0.0007288604149279,0.0011144637358941,0.9999071775053028,0.8766918053562195,0.2345999751189941,1.0
7,2,4D-B-643a4d560541,4D,4D-B,equal_per_property,64,shared-independent,ensemble_anomaly,"[80, 48]",,"[1.0, 1.0]",259184,0.3040186250000261,0.619705791999877,ok,,5.851144952099298e-05,0.0108849842849391,0.0093723022657339,0.0002263691691786,0.999973188907562,0.9996248660776148,0.0012343344488923,0.3868017338145946,0.0003320609454888,0.0005077376604279,0.999952162514667,0.945561931166838,0.1062733298693268,1.0
7,2,3D-independent-11e1b067c3e2,3D,3D-independent,equal_per_property,64,independent,standardized_anomaly,"[80, 48]",,"[1.0, 1.0]",272608,0.2473909170003025,0.5594690420039115,ok,,5.8512425266710855e-05,0.01088515675014,0.0093724581102208,0.0002263729332897,0.9999731878221052,0.9996248544146152,0.0012387649374491,0.3888805980252168,0.0003332470758001,0.0005095513125222,0.9999504623155032,0.9468575524049824,0.1066311378413895,1.0
7,2,4D-A-3bf6b15a532d,4D,4D-A,equal_per_property,64,joint,standardized_anomaly,"[80, 48]",2.0,"[1.0, 1.0]",504948,0.4461393330057035,0.7770962919967133,ok,,0.0005523497017006,0.1034665863053772,0.0884879201102374,0.0021372482864678,0.9986574980993712,0.9788724042249092,0.0011092570290036,0.3452206157392488,0.0002984335883951,0.0004563197630537,0.999959086794026,0.9587674872810112,0.1199668140729165,1.0
7,2,4D-B-3ee6d3ebd2d3,4D,4D-B,equal_per_property,64,shared-independent,standardized_anomaly,"[80, 48]",,"[1.0, 1.0]",259184,0.418788292001409,0.77373745800287,ok,,0.0001418938717727,0.0221380173087482,0.0226757695944588,0.0005476877482228,0.999731669956576,0.9975267778280212,0.0012289429083585,0.3857978867711926,0.0003306047196074,0.0005055110188064,0.9999503105509644,0.9465463993896795,0.1089748288677726,1.0
7,2,4D-A-0bf051d8d579,4D,4D-A,equal_per_property,64,joint,standardized_anomaly,"[80, 48]",1.0,"[1.0, 1.0]",259186,0.2449324589979369,0.5537681659989175,ok,,0.0043888222033833,0.7099589625988715,0.7017784146663516,0.0169500504968049,0.9804224768138298,0.7456112981358164,0.0021319719758457,0.6833772560948375,0.000573411552249,0.0008767747124633,0.99730891425967,0.547968697926673,0.436636555165616,1.0
7,2,4D-D-e24c5d642104,4D,4D-D,equal_per_property,64,partial-spatial,standardized_anomaly,"[80, 48]",,"[1.0, 1.0]",286032,0.4094473329969332,0.7671145000058459,ok,,8.612593564536413e-05,0.0158548639824157,0.0137990879963406,0.0003332893025201,0.999963046547434,0.9992401306671238,0.0014857054758758,0.4679101078025087,0.0003996679770427,0.0006111121659094,0.999948186025429,0.9361812628194462,0.1290135687604098,1.0
7,2,4D-E-6ca320f290f9,4D,4D-E,equal_per_property,64,joint-property-residual,standardized_anomaly,"[80, 48]",2.0,"[1.0, 1.0]",408916,0.6878497929938021,1.1720592500059863,ok,,0.0003983948878765,0.0835077346855747,0.0638532987679736,0.0015422484018966,0.999433765522948,0.9876735096690826,0.0014203020729322,0.4461087561848005,0.0003820833399534,0.0005842243833607,0.9999466362330688,0.9357820111507196,0.1419721826151185,1.0
7,2,4D-C-4e04f7cc08d6,4D,4D-C,equal_per_property,64,joint,standardized_anomaly,"[80, 48]",2.0,"[1.0, 0.5]",504948,0.3619612910042633,0.6642694170004688,ok,,0.0005780781523939,0.1050892104316937,0.0926013207282866,0.0022365992307721,0.9985430800592272,0.9794828736517696,0.0010998137529875,0.3426442177767447,0.0002958896656905,0.0004524299790248,0.999959480989287,0.9581153507211084,0.1197335790054998,1.0
7,2,4D-C-f8d668c31c07,4D,4D-C,equal_per_property,64,joint,standardized_anomaly,"[80, 48]",2.0,"[1.0, 2.0]",504948,0.3225537090038415,0.6163165000034496,ok,,0.0007171445263337,0.1307607875183419,0.1147614101833287,0.0027718317591982,0.9980414802717248,0.9680252313104988,0.0011343664305105,0.3536604035995741,0.0003051836163936,0.0004666408907574,0.9999579798895136,0.9577047070548764,0.130389055483807,1.0
7,2,3D-current-e419eaac8e1a,3D,3D-current,equal_total,32,legacy-independent,raw_minmax,"[48, 48]",,"[1.0, 1.0]",117216,4.602186875003099,4.906625625000743,ok,,0.0009718488727137,0.1713763500081999,0.1555113083694476,0.0037560638437982,0.9952494265457764,0.9332138868469108,0.0016044360919608,0.5060558206104281,0.0004316035611986,0.0006599432585266,0.9999528494971744,0.9153110162009174,0.1882924297736785,1.0
7,2,4D-A-current-205a30146a4e,4D,4D-A-current,equal_total,32,legacy-joint,raw_minmax,"[48, 48]",2.0,"[1.0, 1.0]",181972,6.325730582997494,6.7891711670017685,ok,,0.0021122614524544,0.3735233355232352,0.3379740860532977,0.0081630863895101,0.9796107108881988,0.8195164887725784,0.0158280284543253,5.054582455618047,0.0042572748994435,0.0065095845404517,0.9896411626333288,0.4412348953478566,1.4494325247702662,1.0
7,2,3D-current-5e7711139fcb,3D,3D-current,equal_per_property,64,legacy-independent,raw_minmax,"[48, 48]",,"[1.0, 1.0]",216480,4.594117208995158,4.99008949999552,ok,,0.0009321257842318,0.1634819460777683,0.1491420866064466,0.0036022280627995,0.99543772476655,0.938940566022279,0.0011480203616281,0.3609046628210479,0.0003088337739921,0.0004722221628233,0.9999627111838364,0.9463613068436696,0.1454339181164605,1.0
7,2,4D-A-current-43ce2f360e5a,4D,4D-A-current,equal_per_property,64,legacy-joint,raw_minmax,"[48, 48]",2.0,"[1.0, 1.0]",354964,6.018967874995724,6.409452708001481,ok,,0.0021106140172075,0.3732077233657021,0.3377097090424665,0.0081567008929058,0.9795989151470044,0.820076844167958,0.0157573946002551,5.0330906209504445,0.0042382673076345,0.0064805209895385,0.9896322955923168,0.4446681804260953,1.44348145800478,1.0
7,3,3D-independent-e9bc2b1d9158,3D,3D-independent,equal_total,32,independent,raw_minmax,"[64, 48]",,"[1.0, 1.0]",120704,0.2540357079997193,0.5496177919994807,ok,,0.0003527294922277,0.0392160823775711,0.0564003232005376,0.0014765459728613,0.9992717761875128,0.9911774505540668,0.001576975952279,0.355001408096481,0.0004239524605086,0.0006482443459722,0.9999392380413544,0.9215560026673904,0.1094626909658308,1.0
7,3,4D-A-c5fc8bd2cb2c,4D,4D-A,equal_total,32,joint,raw_minmax,"[64, 48]",2.0,"[1.0, 1.0]",207812,0.6497230000022682,1.1711690830052248,ok,,0.0004264650748926,0.0457130084317217,0.0681186162781947,0.0017833278753533,0.9979874825951902,0.9806647409082212,0.0045959965524322,1.0515209429465335,0.0012354616381106,0.0018890821405066,0.999186871325382,0.6573085308503761,0.3195618288747391,1.0
7,3,4D-B-f835e7c8452f,4D,4D-B,equal_total,32,shared-independent,raw_minmax,"[64, 48]",,"[1.0, 1.0]",109504,0.4226534160043229,0.8211497500014957,ok,,0.0005088349078903,0.0553170495463542,0.0813092093499317,0.0021286542134751,0.997767355308748,0.9768291392703362,0.0042643131184145,0.9806473194076069,0.0011462842616088,0.0017527255074149,0.999214803814766,0.6692774947856703,0.3032277629814894,1.0
7,3,3D-independent-7cc1fb3009e2,3D,3D-independent,equal_total,32,independent,mean_centered,"[64, 48]",,"[1.0, 1.0]",120704,0.3182524169969838,0.6903907500018249,ok,,0.000361428514553,0.0400915347955447,0.0577871159158029,0.0015128518498975,0.9992141376458448,0.9908151395625344,0.001665048724357,0.3732274492474297,0.0004476168406861,0.0006844283573412,0.999900054085581,0.8860198744618907,0.1187253692576904,1.0
7,3,4D-A-a8d848e0bd2f,4D,4D-A,equal_total,32,joint,mean_centered,"[64, 48]",2.0,"[1.0, 1.0]",207812,0.391070875004516,0.6961083749993122,ok,,0.000201741346201,0.0218142083424763,0.0322296173281124,0.0008437631022694,0.9994504419711046,0.9951450666285788,0.0314621653645905,7.279796570766689,0.0084572668793509,0.0129315806549143,0.9459298833405684,0.1466951873912741,1.93267266302481,1.0
7,3,4D-B-2e139466dc24,4D,4D-B,equal_total,32,shared-independent,mean_centered,"[64, 48]",,"[1.0, 1.0]",109504,0.332893166996655,0.6548872919956921,ok,,0.0003652427565914,0.0404563842894208,0.0583942314184054,0.0015287459777953,0.999160127999418,0.9904456042444778,0.0310848637835122,7.198397198788477,0.0083558395875203,0.0127764932935212,0.9481739855712484,0.3214815299491283,1.8957225039952736,1.0
7,3,3D-independent-34daa9e6fa18,3D,3D-independent,equal_total,32,independent,ensemble_anomaly,"[64, 48]",,"[1.0, 1.0]",120704,0.2541065420009545,0.5342931249979301,ok,,0.0003418026512436,0.0382284487683774,0.0546564941950345,0.0014308929774648,0.9993854684143976,0.992445784372944,0.0019131766363067,0.420586755518872,0.0005142555120526,0.0007863221920523,0.9999155248619056,0.917202377069744,0.1259977808914763,1.0
7,3,4D-A-63c64c98502f,4D,4D-A,equal_total,32,joint,ensemble_anomaly,"[64, 48]",2.0,"[1.0, 1.0]",207812,0.3659398750023683,0.645471957999689,ok,,0.0001733949966011,0.0185729390918511,0.0276932703173139,0.0007250027028568,0.9996322391317268,0.9966495843977132,0.0052506545281264,1.100710173792937,0.0014112336461883,0.0021578462615589,0.9996893798186862,0.7974812603159384,0.3055544226319906,1.0
7,3,4D-B-852478df5431,4D,4D-B,equal_total,32,shared-independent,ensemble_anomaly,"[64, 48]",,"[1.0, 1.0]",109504,0.2552193329975125,0.5292412499984493,ok,,0.0003418023477511,0.0382284134447729,0.0546564456035524,0.0014308917053523,0.9993854640807192,0.9924457783825118,0.0018809988372566,0.4158454225942266,0.0005056198514158,0.0007731178384915,0.9998979569445222,0.9022101216914896,0.1266864715004997,1.0
7,3,3D-independent-629bdce16d73,3D,3D-independent,equal_total,32,independent,standardized_anomaly,"[64, 48]",,"[1.0, 1.0]",120704,0.242444333001913,0.5221362090014736,ok,,0.0003418026512435,0.0382284487683705,0.0546564941950225,0.0014308929774645,0.9993854684143956,0.9924457843729454,0.0019131766363067,0.4205867555188705,0.0005142555120526,0.0007863221920523,0.999915524861906,0.9172023770697472,0.1259977808914737,1.0
7,3,4D-A-06f4272272b6,4D,4D-A,equal_total,32,joint,standardized_anomaly,"[64, 48]",2.0,"[1.0, 1.0]",207812,0.3692951249977341,0.6658310420025373,ok,,0.001078241031682,0.1163784477933422,0.1722495314620642,0.0045094484849538,0.995154884390668,0.9428088916033076,0.0018589916503149,0.4095622847491975,0.0004996938935435,0.0007640567548959,0.9999205807298124,0.9157799626021949,0.1491615763599471,1.0
7,3,4D-B-17b80d300b68,4D,4D-B,equal_total,32,shared-independent,standardized_anomaly,"[64, 48]",,"[1.0, 1.0]",109504,0.2717481669969857,0.566001375002088,ok,,0.0004663025874932,0.0505148907971057,0.0745019088864999,0.0019504408360517,0.9982587493331386,0.9836504008451374,0.001901278869338,0.4180679543037153,0.0005110573852657,0.0007814320975242,0.999914033137422,0.9148678900195032,0.1298309249171252,1.0
7,3,4D-A-4681118648ec,4D,4D-A,equal_total,32,joint,standardized_anomaly,"[64, 48]",1.0,"[1.0, 1.0]",109506,0.2822054159987601,0.570701791002648,ok,,0.0066837559738446,0.7026752776632726,1.067086878640984,0.027936060361717,0.957349826308202,0.6966952541741788,0.0029639189832211,0.6453804419617573,0.0007966257623565,0.0012180803142027,0.9976260290860064,0.4058340782151676,0.4491977633575891,1.0
7,3,4D-D-9e53fbf0a6d8,4D,4D-D,equal_total,32,partial-spatial,standardized_anomaly,"[64, 48]",,"[1.0, 1.0]",131904,0.445957666997856,0.8712179170033778,ok,,0.0004077455580422,0.0442310253810456,0.0651503442867223,0.0017056192771281,0.9993841693140578,0.9915934973403392,0.0019190270671806,0.4216892490267541,0.0005158269685797,0.000788725027048,0.999913427035956,0.9140050191465768,0.1282802540410854,1.0
7,3,4D-E-07794d5e4bbe,4D,4D-E,equal_total,32,joint-property-residual,standardized_anomaly,"[64, 48]",2.0,"[1.0, 1.0]",181060,0.518032874999335,0.9226155409996863,ok,,0.0008951840080913,0.0953548651995576,0.1429477036214866,0.0037423341593559,0.997991487792858,0.9743725398264104,0.001951376524465,0.4273542605529871,0.0005245236376813,0.0008020226655784,0.999917549153122,0.9130618526550744,0.1447479823779506,1.0
7,3,4D-C-3fe7ec5ee326,4D,4D-C,equal_total,32,joint,standardized_anomaly,"[64, 48]",2.0,"[1.0, 0.5]",207812,0.3949221250004484,0.703944084001705,ok,,0.0010041902984359,0.1084702125350702,0.1604223102781933,0.0041998148726234,0.9958570598934032,0.9520826020630532,0.0018496576915514,0.4074325943226863,0.000497184507257,0.0007602197787639,0.9999177877796906,0.9129490566175852,0.1458467443793594,1.0
7,3,4D-C-5b31da2b924b,4D,4D-C,equal_total,32,joint,standardized_anomaly,"[64, 48]",2.0,"[1.0, 2.0]",207812,0.3997282919954159,0.7068822500004899,ok,,0.0011487751690742,0.1250789975619678,0.183562671520438,0.0048056235854796,0.9948289587755148,0.9431688692628196,0.0018711957803289,0.411391218509876,0.0005029729516603,0.0007690705974428,0.9999225884289672,0.9183337199362426,0.1514297303680781,1.0
7,3,3D-independent-7db5f3bc9ad5,3D,3D-independent,equal_total,32,independent,raw_minmax,"[80, 48]",,"[1.0, 1.0]",149728,0.2761543749948032,0.5834475419978844,ok,,0.000322420363451,0.0359687822530882,0.051560401946219,0.0013498380777377,0.9995817961224844,0.9939325508848648,0.0015769896056638,0.3550723759253529,0.0004239563415478,0.0006482502802736,0.9999397354991548,0.9227870417206776,0.1081703404689175,1.0
7,3,4D-A-9e409054ed54,4D,4D-A,equal_total,32,joint,raw_minmax,"[80, 48]",2.0,"[1.0, 1.0]",259188,0.5551600420003524,1.0166627079961472,ok,,0.0002070821582574,0.022630158987549,0.0330919970710427,0.0008663399824049,0.9994978468679164,0.9953379280517162,0.0024869707365097,0.5567103821246979,0.0006685834525959,0.0010222972699248,0.9998452370498144,0.8318401559726314,0.1664378747750183,1.0
7,3,4D-B-2fb1b6b4a839,4D,4D-B,equal_total,32,shared-independent,raw_minmax,"[80, 48]",,"[1.0, 1.0]",136304,0.5373526249968563,1.009576582997397,ok,,0.0003556466667162,0.0394975259415356,0.0568648765665504,0.0014887078606457,0.9992297028951452,0.9909010217504196,0.0018154698722592,0.4101054003085805,0.0004880482304931,0.0007462499583074,0.9998785314852432,0.8551127514183303,0.1316490099164353,1.0
7,3,3D-independent-dbbd1a2865ca,3D,3D-independent,equal_total,32,independent,mean_centered,"[80, 48]",,"[1.0, 1.0]",149728,0.3456935830035945,0.6475414160013315,ok,,0.0003264401501346,0.0363661441203524,0.0522006387542045,0.0013665993129021,0.9995668844601876,0.9937976603592676,0.0015849854063448,0.3563891541801149,0.0004261042027905,0.0006515344666771,0.999930819745977,0.9134077195266164,0.1097881520893813,1.0
7,3,4D-A-85017caccbe9,4D,4D-A,equal_total,32,joint,mean_centered,"[80, 48]",2.0,"[1.0, 1.0]",259188,0.4033707499984302,0.6937398329973803,ok,,9.656867878234782e-05,0.0104428127455994,0.0154276106489783,0.0004038908836324,0.9998841124543568,0.9989202552887292,0.0149602861182336,3.4522711832372317,0.0040214568047925,0.0061490069739197,0.9890243064052524,0.2328978730708067,0.9617012329507658,1.0
7,3,4D-B-4bb821f89672,4D,4D-B,equal_total,32,shared-independent,mean_centered,"[80, 48]",,"[1.0, 1.0]",136304,0.3006186670027091,0.587718999995559,ok,,0.0003286834302977,0.0366159300823731,0.0525591976383285,0.0013759862923792,0.9995396510382292,0.9936014536529818,0.0141611831296976,3.278186323263097,0.0038066345396385,0.0058205330723696,0.9906976680337198,0.475360881084749,0.895080271494151,1.0
7,3,3D-independent-3e92f69676cb,3D,3D-independent,equal_total,32,independent,ensemble_anomaly,"[80, 48]",,"[1.0, 1.0]",149728,0.2760229999985313,0.5573415000035311,ok,,0.0003138753784603,0.0354502002775114,0.0502051721439705,0.0013143585096562,0.9996451064113716,0.9946185190467208,0.00191419216393,0.4208056179655728,0.0005145284274204,0.00078673949319,0.9999155964532565,0.917511479700124,0.1250477047174155,1.0
7,3,4D-A-8bea2cabc037,4D,4D-A,equal_total,32,joint,ensemble_anomaly,"[80, 48]",2.0,"[1.0, 1.0]",259188,0.4331979170019622,0.7351107079957728,ok,,8.042671549303891e-05,0.008444698801899,0.0128390050440854,0.0003361218538763,0.9999559277595432,0.9994767948351294,0.0051857236179608,1.0853933538682383,0.0013937838938845,0.0021311647245394,0.9997201245224052,0.8148375411744567,0.2966702211663361,1.0
7,3,4D-B-2828b82824ed,4D,4D-B,equal_total,32,shared-independent,ensemble_anomaly,"[80, 48]",,"[1.0, 1.0]",136304,0.2785203749954235,0.5643439580017002,ok,,0.0003138756672722,0.0354502283334803,0.0502052181532968,0.0013143597141686,0.9996451079798072,0.994618529965653,0.0018745728260295,0.4128227472339576,0.0005038809426213,0.0007704589606709,0.999915367330428,0.9148469298323112,0.1233850614171139,1.0
7,3,3D-independent-86c75f98455a,3D,3D-independent,equal_total,32,independent,standardized_anomaly,"[80, 48]",,"[1.0, 1.0]",149728,0.2713350000049104,0.5599137919998611,ok,,0.0003138753784603,0.0354502002775102,0.0502051721439703,0.0013143585096562,0.9996451064113908,0.9946185190467228,0.00191419216393,0.420805617965571,0.0005145284274204,0.00078673949319,0.9999155964532562,0.9175114797001246,0.1250477047174144,1.0
7,3,4D-A-4ea76ef087a9,4D,4D-A,equal_total,32,joint,standardized_anomaly,"[80, 48]",2.0,"[1.0, 1.0]",259188,0.4195249170006718,0.7200519999969401,ok,,0.0010393073835809,0.1127661171651476,0.1660533753039087,0.0043472347084473,0.9959311274411844,0.9497696519517592,0.0018651334809038,0.410927123277793,0.0005013454115345,0.0007665820078421,0.9999207337570186,0.9166775056943276,0.1476174154049743,1.0
7,3,4D-B-934096b5cda8,4D,4D-B,equal_total,32,shared-independent,standardized_anomaly,"[80, 48]",,"[1.0, 1.0]",136304,0.288528083001438,0.5762149579968536,ok,,0.0003714825589924,0.0412676263699133,0.0593914837349858,0.0015548537872619,0.999040221213652,0.9898649084033968,0.0019070519968939,0.4193139056227905,0.0005126094578224,0.0007838052934675,0.9999143841706712,0.9158558271758408,0.1269302910507712,1.0
7,3,4D-A-b80c4d29ed28,4D,4D-A,equal_total,32,joint,standardized_anomaly,"[80, 48]",1.0,"[1.0, 1.0]",136306,0.3129311250013415,0.6064503340021474,ok,,0.0066764972244322,0.7018474646168049,1.065925605890189,0.0279056585394174,0.9575156448589603,0.6988491797534196,0.0029673453115232,0.646116993575273,0.000797547181032,0.0012194892090726,0.9976239813362726,0.4054403630856644,0.4489549216931339,1.0
7,3,4D-D-2ecf0e4138e3,4D,4D-D,equal_total,32,partial-spatial,standardized_anomaly,"[80, 48]",,"[1.0, 1.0]",163152,0.4770195000019157,0.910757999998168,ok,,0.0003540592675082,0.0390824919687736,0.0565986034140443,0.0014817368979153,0.9995069443945832,0.9932447069002986,0.0019117360882154,0.4202350087217317,0.0005138682866749,0.0007857301052382,0.99991484924859,0.9160247378616356,0.1261706945773845,1.0
7,3,4D-E-4f4328240852,4D,4D-E,equal_total,32,joint-property-residual,standardized_anomaly,"[80, 48]",2.0,"[1.0, 1.0]",224596,0.525265333999414,0.9110924170017825,ok,,0.0008352643148385,0.0882983930675484,0.1333497551126985,0.0034910623329872,0.9979018017555744,0.974011799812955,0.0019180543574743,0.4212478729761762,0.0005155677774429,0.0007883287109404,0.999919654042125,0.9157936255152196,0.1411608883449093,1.0
7,3,4D-C-44adce3e7a5f,4D,4D-C,equal_total,32,joint,standardized_anomaly,"[80, 48]",2.0,"[1.0, 0.5]",259188,0.4081584579980699,0.6948774999982561,ok,,0.0009925659019406,0.1072675478577163,0.1585671579030048,0.0041512474600061,0.9964134217930996,0.9561400817033778,0.0018604206620569,0.4097283962726895,0.000500077201496,0.0007646428517728,0.9999191619299376,0.9152307147616168,0.1453276364744771,1.0
7,3,4D-C-1150f24dbbfa,4D,4D-C,equal_total,32,joint,standardized_anomaly,"[80, 48]",2.0,"[1.0, 2.0]",259188,0.4302308330006781,0.7314153750048717,ok,,0.0010975214681151,0.1200233612967996,0.1753921635049625,0.0045917217845345,0.995839968327048,0.950436275909432,0.0018749985683426,0.4121759441919455,0.0005039949301118,0.0007706332531993,0.9999225603465748,0.9187038515991508,0.1494073104336133,1.0
7,3,3D-independent-82249d692984,3D,3D-independent,equal_per_property,64,independent,raw_minmax,"[64, 48]",,"[1.0, 1.0]",219008,0.2205990000002202,0.5036370839952724,ok,,0.0001763483192446,0.0192220100211846,0.028178936601704,0.0007377173214206,0.9995740139268724,0.9960861320492096,0.001313367596447,0.2971079067608237,0.0003530867164187,0.0005398871073463,0.9999482981852418,0.9401050882308208,0.0870585766604983,1.0
7,3,4D-A-63bd70d89f36,4D,4D-A,equal_per_property,64,joint,raw_minmax,"[64, 48]",2.0,"[1.0, 1.0]",404420,0.3493687499940279,0.6636461249945569,ok,,0.0004104709664527,0.0438866147301839,0.0655597823928516,0.0017163382615671,0.9980337896022772,0.9813356466317296,0.0041950618428923,0.9651854526463802,0.0011276643654947,0.0017242547624543,0.999219931625991,0.674903408939317,0.2952381348977602,1.0
7,3,4D-B-49fc67f13645,4D,4D-B,equal_per_property,64,shared-independent,raw_minmax,"[64, 48]",,"[1.0, 1.0]",207808,0.2925974579993635,0.6126649169964367,ok,,0.0004110188676498,0.0439293357182499,0.065646603890478,0.0017186112260716,0.9980420907945708,0.981352569638096,0.0041720337004792,0.961045198316684,0.0011214751587171,0.0017147911582219,0.9992175715186064,0.6753160697285857,0.2941600535878982,1.0
7,3,3D-independent-64af48d38810,3D,3D-independent,equal_per_property,64,independent,mean_centered,"[64, 48]",,"[1.0, 1.0]",219008,0.1962825420050649,0.5220833749990561,ok,,0.0001907383163921,0.0206912186830371,0.0304745003899293,0.0007978145916951,0.9995194799385708,0.995705894369752,0.0014283638344672,0.320414684421635,0.0003839836239699,0.0005871300119022,0.9999047540156288,0.9005944292139892,0.0982389353282004,1.0
7,3,4D-A-fbc2ac4d32c8,4D,4D-A,equal_per_property,64,joint,mean_centered,"[64, 48]",2.0,"[1.0, 1.0]",404420,0.3031336249987362,0.6104744169933838,ok,,0.0001975059665743,0.0213725961915008,0.031553619068288,0.0008260656414826,0.9994522112941469,0.9952316447665894,0.0313039108558347,7.244335566975795,0.0084147179848679,0.0128665212842413,0.9474176192914724,0.2277995222744565,1.9135481449116931,1.0
7,3,4D-B-6a56509ea188,4D,4D-B,equal_per_property,64,shared-independent,mean_centered,"[64, 48]",,"[1.0, 1.0]",207808,0.2392707079998217,0.5363940839961288,ok,,0.0002018317354287,0.0218231274412911,0.0322440122022645,0.0008441399563769,0.9994498785813172,0.9951410398918542,0.0310738594625735,7.196035844235475,0.0083528810834076,0.0127719695939504,0.9481575923097312,0.3207616889951884,1.889976901808311,1.0
7,3,3D-independent-5a93f5036396,3D,3D-independent,equal_per_property,64,independent,ensemble_anomaly,"[64, 48]",,"[1.0, 1.0]",219008,0.2471663329997682,0.5539359579997836,ok,,0.0001733726191542,0.0185700287447839,0.027689676517189,0.0007249086180928,0.9996322281810552,0.996649778100533,0.0016783387240967,0.3664237225973281,0.0004511187960449,0.0006897830208298,0.9999291751909856,0.9305998075193824,0.1053422396330386,1.0
7,3,4D-A-cbe030d90365,4D,4D-A,equal_per_property,64,joint,ensemble_anomaly,"[64, 48]",2.0,"[1.0, 1.0]",404420,0.323445834001177,0.617510999996739,ok,,0.0001673609216319,0.0179616381100853,0.0267308631557456,0.0006998071305972,0.9996358172404088,0.9967387419009142,0.0034402271247827,0.7758141655432164,0.0009247876954488,0.0014140462684898,0.9998395297052282,0.8349082840501785,0.2194880726694388,1.0
7,3,4D-B-6939f5acac9e,4D,4D-B,equal_per_property,64,shared-independent,ensemble_anomaly,"[64, 48]",,"[1.0, 1.0]",207808,0.2143142079949029,0.521574916994723,ok,,0.0001733710616537,0.0185698326822222,0.0276894265277694,0.000724902073434,0.999632228114058,0.9966498092254782,0.0016182866560237,0.3572549249078267,0.0004350051365506,0.0006651444360046,0.9999115051482746,0.9178372259615678,0.1046453099991314,1.0
7,3,3D-independent-7a2c6100f5cb,3D,3D-independent,equal_per_property,64,independent,standardized_anomaly,"[64, 48]",,"[1.0, 1.0]",219008,0.2536292079967097,0.6092528750014026,ok,,0.0001733726191541,0.0185700287447717,0.0276896765171676,0.0007249086180922,0.9996322281810532,0.9966497781005352,0.0016783387240967,0.3664237225973245,0.0004511187960449,0.0006897830208298,0.9999291751909865,0.9305998075193874,0.1053422396330337,1.0
7,3,4D-A-c45120ace2c4,4D,4D-A,equal_per_property,64,joint,standardized_anomaly,"[64, 48]",2.0,"[1.0, 1.0]",404420,0.2968367919966113,0.5950679579982534,ok,,0.0007589644915575,0.0854375028497603,0.1214048543743034,0.0031783479001498,0.9967307640445976,0.9678288236149896,0.0015198680795988,0.3328483084216045,0.000408534549048,0.000624669594409,0.9999357163752128,0.938316949472696,0.1163032311818805,1.0
7,3,4D-B-f843c8275099,4D,4D-B,equal_per_property,64,shared-independent,standardized_anomaly,"[64, 48]",,"[1.0, 1.0]",207808,0.2981775830048718,0.7167266249962267,ok,,0.0003435642779385,0.0357261960637457,0.0548324458728165,0.0014354993471894,0.9985597238930138,0.9884639484803848,0.0016560783455313,0.3613234575815077,0.0004451353216413,0.0006806339916044,0.999929485799413,0.9295748465497669,0.1095075640325443,1.0
7,3,4D-A-102750e40079,4D,4D-A,equal_per_property,64,joint,standardized_anomaly,"[64, 48]",1.0,"[1.0, 1.0]",207810,0.3404464999985066,0.6988822089988389,ok,,0.0068582803505751,0.7224892348031494,1.0950052437837503,0.0286669559892802,0.9586580612266626,0.706002882150285,0.0027870025812185,0.6071786555018504,0.0007490657382697,0.0011453586777448,0.9976666727997804,0.415605196036829,0.4422159628028607,1.0
7,3,4D-D-ff94f89c821d,4D,4D-D,equal_per_property,64,partial-spatial,standardized_anomaly,"[64, 48]",,"[1.0, 1.0]",230208,0.4078690409951377,0.79203783399862,ok,,0.0001015531074574,0.0109515209646886,0.0162235577420914,0.0004247285740614,0.999940979231157,0.9992502347994436,0.0017421508401891,0.3815297589886058,0.0004682695218009,0.0007160073314218,0.9999215593646724,0.926239912607668,0.1074340515624346,1.0
7,3,4D-E-0ed2b1a0be64,4D,4D-E,equal_per_property,64,joint-property-residual,standardized_anomaly,"[64, 48]",2.0,"[1.0, 1.0]",328516,0.7657865420042071,1.5515342919970865,ok,,0.0008075863382907,0.0864999688931576,0.1289837183648599,0.0033767606125084,0.9971462638436628,0.969427758492909,0.0018068279385369,0.3987304845130062,0.0004856706961987,0.0007426145904129,0.9999257979616936,0.919496452473955,0.1351920869806829,1.0
7,3,4D-C-e7705bff9f37,4D,4D-C,equal_per_property,64,joint,standardized_anomaly,"[64, 48]",2.0,"[1.0, 0.5]",404420,0.8771676670003217,1.3963840829965193,ok,,0.0006585370256405,0.0752607832673815,0.1053844109858174,0.0027589368076882,0.9976722058841556,0.9739295041382232,0.0015177063705507,0.3331005517334768,0.000407955217344,0.0006237837674908,0.999933506386485,0.935560744604369,0.1134040526573905,1.0
7,3,4D-C-07c1f38e4371,4D,4D-C,equal_per_property,64,joint,standardized_anomaly,"[64, 48]",2.0,"[1.0, 2.0]",404420,0.7397867920008139,1.238331417000154,ok,,0.0008336556583691,0.0920369084039601,0.1332765648472545,0.0034891462306396,0.995774779972156,0.9629404868067928,0.0015246937543205,0.3329969797157526,0.0004098281069419,0.000626647508607,0.999937764536627,0.9403121988504802,0.118351886322769,1.0
7,3,3D-independent-fa9b36e31dc0,3D,3D-independent,equal_per_property,64,independent,raw_minmax,"[80, 48]",,"[1.0, 1.0]",272608,0.2789061670046067,0.6024003339989576,ok,,7.958075296215528e-05,0.0085701560585503,0.0127125396797846,0.0003328110231263,0.9999355583268458,0.9993172847183937,0.0013158995382306,0.297700794230176,0.0003537677983752,0.0005409285154487,0.999948650328762,0.9413283924860458,0.0839870279216266,1.0
7,3,4D-A-4f7fd7861b3e,4D,4D-A,equal_per_property,64,joint,raw_minmax,"[80, 48]",2.0,"[1.0, 1.0]",504948,0.3634704170035547,0.6672661249976954,ok,,0.0001714227579681,0.0186004131577169,0.0273883496464661,0.0007170199580243,0.999565641650015,0.9961729386828636,0.0016399519763595,0.3702020262067078,0.0004408581565673,0.0006740939940002,0.999885588614414,0.8709001149116853,0.1138164781417875,1.0
7,3,4D-B-51546c614bcf,4D,4D-B,equal_per_property,64,shared-independent,raw_minmax,"[80, 48]",,"[1.0, 1.0]",259184,0.226515834001475,0.5241426249995129,ok,,0.0001726068499199,0.0186834169590822,0.0275756493744349,0.0007219234167876,0.9995665416413922,0.9961508480056714,0.0015887037179369,0.3605655169708186,0.0004270837470357,0.0006530322384268,0.999885518553888,0.8714488473964604,0.1113622715572087,1.0
7,3,3D-independent-5cbc421a2b78,3D,3D-independent,equal_per_property,64,independent,mean_centered,"[80, 48]",,"[1.0, 1.0]",272608,0.212065416999394,0.593056458994397,ok,,8.784772184101604e-05,0.0094660600072452,0.0140332372230104,0.0003673865455375,0.9999130464787764,0.9991350900669532,0.0013221817488058,0.2984624380311544,0.0003554525285705,0.000543504551503,0.9999348098694346,0.9283799787663914,0.0860427409054318,1.0
7,3,4D-A-a9f18b485be4,4D,4D-A,equal_per_property,64,joint,mean_centered,"[80, 48]",2.0,"[1.0, 1.0]",504948,0.4064988340032869,0.7179143750036019,ok,,8.695004421699359e-05,0.0094454003416028,0.0138926105315876,0.0003637049748812,0.9998905298948664,0.999036132109795,0.0146620376515561,3.383684337217345,0.0039412640973049,0.0060263883455134,0.9900018102030884,0.3419329345435289,0.9306613010580714,1.0
7,3,4D-B-be3ed22367d4,4D,4D-B,equal_per_property,64,shared-independent,mean_centered,"[80, 48]",,"[1.0, 1.0]",259184,0.4285931660051574,0.7907719590002671,ok,,9.668890765014906e-05,0.0104555175843944,0.0154467826738413,0.0004043928023183,0.9998839649649846,0.9989192228697376,0.0141333866055568,3.272274770455946,0.0037991614219503,0.0058091063046552,0.9906895229563372,0.4750130443889553,0.8864410386027485,1.0
7,3,3D-independent-44372d7b9669,3D,3D-independent,equal_per_property,64,independent,ensemble_anomaly,"[80, 48]",,"[1.0, 1.0]",272608,0.4796632500001578,1.0246641249977984,ok,,8.039772050534268e-05,0.0084400689970034,0.0128343148498846,0.000335999065797,0.9999559944886008,0.9994775493579828,0.0016810256263256,0.367083279505396,0.0004518411745296,0.0006908875733728,0.9999291957017836,0.9306947210532368,0.1026093033241974,1.0
7,3,4D-A-abc62af84685,4D,4D-A,equal_per_property,64,joint,ensemble_anomaly,"[80, 48]",2.0,"[1.0, 1.0]",504948,0.7282192499988014,1.5721108750003625,ok,,6.577804374402135e-05,0.0069213974638683,0.0105011659012477,0.0002749178256781,0.9999628851756884,0.999591777887948,0.0034708863583668,0.7866646554189073,0.0009330457327165,0.001426673217184,0.9998594767503648,0.8540822393276546,0.2166872610687436,1.0
7,3,4D-B-643a4d560541,4D,4D-B,equal_per_property,64,shared-independent,ensemble_anomaly,"[80, 48]",,"[1.0, 1.0]",259184,1.1388768750039162,1.92347937500017,ok,,8.039764284335678e-05,0.0084400312745983,0.0128343012251381,0.0003359987091046,0.9999559963846902,0.9994775695409996,0.001613778101271,0.3527989005955912,0.0004337674961987,0.0006632520225026,0.9999314448132038,0.9311744982562484,0.0989782244928914,1.0
7,3,3D-independent-11e1b067c3e2,3D,3D-independent,equal_per_property,64,independent,standardized_anomaly,"[80, 48]",,"[1.0, 1.0]",272608,1.6353190419977182,2.500270292002824,ok,,8.03977205054451e-05,0.0084400689970147,0.012834314849901,0.0003359990657974,0.9999559944885758,0.999477549357981,0.0016810256263256,0.3670832795053993,0.0004518411745296,0.0006908875733728,0.9999291957017836,0.9306947210532348,0.1026093033242015,1.0
7,3,4D-A-3bf6b15a532d,4D,4D-A,equal_per_property,64,joint,standardized_anomaly,"[80, 48]",2.0,"[1.0, 1.0]",504948,0.8160317079964443,1.4024341669937712,ok,,0.0007204783924797,0.0822055100224496,0.1152924779718923,0.0030183274561267,0.9973621835570796,0.9726241547383851,0.0015238900746036,0.3334469852900432,0.0004096144798522,0.0006263208621881,0.9999362551703092,0.9394277075241104,0.1149066410453112,1.0
7,3,4D-B-3ee6d3ebd2d3,4D,4D-B,equal_per_property,64,shared-independent,standardized_anomaly,"[80, 48]",,"[1.0, 1.0]",259184,0.8160552499975893,1.368331332996604,ok,,0.0002059420167152,0.0216812603933753,0.0328766324040438,0.0008607017907474,0.9993511280818328,0.9947602703172752,0.0016690552275238,0.3642985098912362,0.000448623489311,0.0006859675730323,0.999928748782498,0.9295509159425156,0.105956044288679,1.0
7,3,4D-A-0bf051d8d579,4D,4D-A,equal_per_property,64,joint,standardized_anomaly,"[80, 48]",1.0,"[1.0, 1.0]",259186,0.3226251250016503,0.8267106249986682,ok,,0.0068493424490775,0.721467273632569,1.0935751696405502,0.0286295170155791,0.9588350887912596,0.709336298940792,0.0027919995895271,0.6083343874125577,0.0007504096452931,0.0011474135782597,0.9976613219993022,0.4157712328106697,0.441811973792349,1.0
7,3,4D-D-e24c5d642104,4D,4D-D,equal_per_property,64,partial-spatial,standardized_anomaly,"[80, 48]",,"[1.0, 1.0]",286032,0.7118442920036614,1.2611167499999285,ok,,9.256556750671216e-05,0.0100101996892232,0.0147887485846587,0.0003871656389041,0.9999597720371284,0.99942496776442,0.0017484067441933,0.3828177903049624,0.0004699510387523,0.0007185784542669,0.9999213496256306,0.9265848698268088,0.1074557677996428,1.0
7,3,4D-E-6ca320f290f9,4D,4D-E,equal_per_property,64,joint-property-residual,standardized_anomaly,"[80, 48]",2.0,"[1.0, 1.0]",408916,0.9163112500027636,1.5340516249998473,ok,,0.0007891124880482,0.0831642048877618,0.1259778359900992,0.0032980673841103,0.9976022870297552,0.9739554423740824,0.0017583503544678,0.3879219461566562,0.0004726376202157,0.0007226863706157,0.9999267834983476,0.9243416206496056,0.1304844048831435,1.0
7,3,4D-C-4e04f7cc08d6,4D,4D-C,equal_per_property,64,joint,standardized_anomaly,"[80, 48]",2.0,"[1.0, 0.5]",504948,0.5665329170005862,1.1942460420032148,ok,,0.0006212330939491,0.0713368256080098,0.0994292585106254,0.0026030324456909,0.998150318685338,0.97872484156962,0.0015340558275912,0.336759976796291,0.000412350477217,0.0006305043379018,0.9999346127893796,0.9380641013357848,0.1124255827378996,1.0
7,3,4D-C-f8d668c31c07,4D,4D-C,equal_per_property,64,joint,standardized_anomaly,"[80, 48]",2.0,"[1.0, 2.0]",504948,0.7594704579969402,1.2924162080016686,ok,,0.0007595133477368,0.0837810202826912,0.12141897781388,0.0031787176481698,0.9968203761348496,0.968602802391226,0.0015418215303111,0.3380679170451948,0.0004144363757755,0.000633693780287,0.9999366940839874,0.9399713856924258,0.116890460821515,1.0
7,3,3D-current-e419eaac8e1a,3D,3D-current,equal_total,32,legacy-independent,raw_minmax,"[48, 48]",,"[1.0, 1.0]",117216,5.371682749995671,5.764734417003638,ok,,0.0010777402800413,0.1147663148927936,0.1721262634950573,0.0045062213612435,0.9936282854239928,0.9339669628208492,0.0015926561236132,0.3576384737646922,0.000428164682051,0.0006546850416944,0.9999337618388164,0.9144365950878304,0.1370507524257865,1.0
7,3,4D-A-current-205a30146a4e,4D,4D-A-current,equal_total,32,legacy-joint,raw_minmax,"[48, 48]",2.0,"[1.0, 1.0]",181972,6.456123083000421,6.796458292003081,ok,,0.0026031718406769,0.2798134389870324,0.4158471800738679,0.0108867723484602,0.971790426102848,0.7942679518448026,0.0155877929744205,3.6029382005515096,0.0041901056999193,0.0064068795018659,0.99078920055199,0.4425533386194606,1.0660852485766026,1.0
7,3,3D-current-5e7711139fcb,3D,3D-current,equal_per_property,64,legacy-independent,raw_minmax,"[48, 48]",,"[1.0, 1.0]",216480,5.896890208001423,6.437963167001726,ok,,0.0010504729950871,0.1116398992874371,0.1677622917157615,0.0043919737011106,0.9937721373229972,0.9370919344737424,0.0013277337595224,0.2992956653505249,0.000356944156099,0.0005457853239993,0.9999443562818048,0.9337037018382298,0.1188844366204939,1.0
7,3,4D-A-current-43ce2f360e5a,4D,4D-A-current,equal_per_property,64,legacy-joint,raw_minmax,"[48, 48]",2.0,"[1.0, 1.0]",354964,7.625287584000034,8.03260295799555,ok,,0.0026007506786243,0.2795376964789607,0.4154598659441302,0.0108766325640397,0.9717564762920112,0.7942898781532516,0.0154897030045484,3.5818386064548893,0.0041637323595211,0.0063665533559179,0.9908566739758105,0.4461794146165118,1.060285414137242,1.0
8,1,3D-independent-e9bc2b1d9158,3D,3D-independent,equal_total,32,independent,raw_minmax,"[64, 48]",,"[1.0, 1.0]",120704,0.3161227919990779,0.6104347500004224,ok,,0.0003044952961932,0.0631733647032185,0.0488946257451554,0.0012017870573657,0.9994903620846908,0.9877466792370204,0.0012076908723438,0.3809522676211395,0.0003249894133937,0.0004969249370095,0.99996816773704,0.9423187405815828,0.1197732306037641,1.0
8,1,4D-A-c5fc8bd2cb2c,4D,4D-A,equal_total,32,joint,raw_minmax,"[64, 48]",2.0,"[1.0, 1.0]",207812,0.5585245420006686,0.9002617500009364,ok,,0.0003689897394173,0.0764063639442072,0.0592365518651501,0.0014559825393809,0.9985971815369596,0.9846601099878076,0.0042316001337792,1.3309994663446043,0.001138729568901,0.0017411740074484,0.9992444170082332,0.6983069312779566,0.3914805774139824,1.0
8,1,4D-B-f835e7c8452f,4D,4D-B,equal_total,32,shared-independent,raw_minmax,"[64, 48]",,"[1.0, 1.0]",109504,0.330433292001544,0.6400280840025516,ok,,0.0004401056325608,0.0911862432232979,0.0706596671556276,0.0017367527038249,0.998443650721159,0.9769027839325688,0.0041151676224595,1.2948319910478112,0.0011074001215349,0.0016932697280554,0.9992542325495504,0.7062037684604547,0.3861162395186493,1.0
8,1,3D-independent-7cc1fb3009e2,3D,3D-independent,equal_total,32,independent,mean_centered,"[64, 48]",,"[1.0, 1.0]",120704,0.3035342910006875,0.590368249999301,ok,,0.0003117857340794,0.0646416655835781,0.0500648605626857,0.0012305504037735,0.999469457883046,0.987602912066148,0.0012940527662748,0.4080958387394321,0.0003482301691981,0.0005324612056946,0.9999490683033496,0.9261504073414336,0.1289652111548048,1.0
8,1,4D-A-a8d848e0bd2f,4D,4D-A,equal_total,32,joint,mean_centered,"[64, 48]",2.0,"[1.0, 1.0]",207812,0.5076814580024802,0.815749291999964,ok,,0.0001831019734806,0.0379120337553435,0.0293960667099127,0.0007225295617061,0.999635847539544,0.9960510740122062,0.0360855363623761,11.35013355340056,0.0097106879395941,0.0148481236428952,0.9450025514863348,0.2203529449021055,2.944960894424687,1.0
8,1,4D-B-2e139466dc24,4D,4D-B,equal_total,32,shared-independent,mean_centered,"[64, 48]",,"[1.0, 1.0]",109504,0.3362317909995909,0.6386204159935005,ok,,0.0003124113742159,0.0648015919272715,0.0501652669027902,0.0012330183036332,0.9994617377623648,0.9875685287124142,0.0357823258875382,11.25618204854688,0.0096291031841664,0.0147233765041239,0.9467373143714872,0.3519706742518094,2.91280350974801,1.0
8,1,3D-independent-34daa9e6fa18,3D,3D-independent,equal_total,32,independent,ensemble_anomaly,"[64, 48]",,"[1.0, 1.0]",120704,0.2633360410036403,0.5444834160007304,ok,,0.0002509752966764,0.0510234156137112,0.0403061025285963,0.0009906886823144,0.9996994219394204,0.9931073742079656,0.0012557886589668,0.3963513799695043,0.0003379386926449,0.0005167250274464,0.9999647610336692,0.9410363175841931,0.120075737421784,1.0
8,1,4D-A-63c64c98502f,4D,4D-A,equal_total,32,joint,ensemble_anomaly,"[64, 48]",2.0,"[1.0, 1.0]",207812,0.3587073340022471,0.6270872500026599,ok,,0.0001329291590334,0.0277339539886506,0.0213405575755721,0.0005245322057472,0.9998205348903572,0.9979858194271533,0.002844116955464,0.8920805894740452,0.0007653496922505,0.0011702576512887,0.9998892397167832,0.8603494830528499,0.2476617230556735,1.0
8,1,4D-B-852478df5431,4D,4D-B,equal_total,32,shared-independent,ensemble_anomaly,"[64, 48]",,"[1.0, 1.0]",109504,0.2759089589962968,0.5592839169985382,ok,,0.0002509750185453,0.0510233670923183,0.0403060578408162,0.0009906875839279,0.999699422422503,0.9931073864837248,0.0013276171403815,0.418018600886971,0.000357263382666,0.0005462734372582,0.999953417251156,0.9343642532215016,0.126326537031669,1.0
8,1,3D-independent-629bdce16d73,3D,3D-independent,equal_total,32,independent,standardized_anomaly,"[64, 48]",,"[1.0, 1.0]",120704,0.3165698340017115,0.6176680409989785,ok,,0.0002509752966765,0.0510234156137199,0.0403061025286023,0.0009906886823145,0.9996994219394408,0.993107374207963,0.0012557886589668,0.3963513799695051,0.0003379386926449,0.0005167250274464,0.9999647610336692,0.9410363175841931,0.1200757374217867,1.0
8,1,4D-A-06f4272272b6,4D,4D-A,equal_total,32,joint,standardized_anomaly,"[64, 48]",2.0,"[1.0, 1.0]",207812,0.4382705829993938,0.7414490419978392,ok,,0.0008643129187989,0.1742603584612149,0.1388087239282364,0.0034117968043336,0.9975218936200204,0.9512292636190258,0.00118419755307,0.3739443682762107,0.0003186750146178,0.0004872699080004,0.999967839273177,0.9462390485227234,0.1498676426666377,1.0
8,1,4D-B-17b80d300b68,4D,4D-B,equal_total,32,shared-independent,standardized_anomaly,"[64, 48]",,"[1.0, 1.0]",109504,0.2690772499990999,0.6153515830010292,ok,,0.0002866259292119,0.0582475710903793,0.046030067844195,0.0011313787342017,0.9994500788122356,0.9910506426947532,0.0012525238983512,0.3952938758444664,0.0003370599481752,0.0005153813835544,0.9999643899035898,0.940927416186439,0.1218881043735623,1.0
8,1,4D-A-4681118648ec,4D,4D-A,equal_total,32,joint,standardized_anomaly,"[64, 48]",1.0,"[1.0, 1.0]",109506,0.2877375000025495,0.571313291999104,ok,,0.0037372391582504,0.7613477102143409,0.6001217222657517,0.0147504660823483,0.9796839417758548,0.73649135330633,0.002006239835341,0.6317201353684269,0.0005398907827422,0.0008255197927976,0.9988845899406548,0.6745961737249564,0.4218810205167811,1.0
8,1,4D-D-9e53fbf0a6d8,4D,4D-D,equal_total,32,partial-spatial,standardized_anomaly,"[64, 48]",,"[1.0, 1.0]",131904,0.4113852080045035,0.810003249993315,ok,,0.0003194241420765,0.0664971750474361,0.0512883627766761,0.0012606230161112,0.9996573706857474,0.9883738867238132,0.0012608647297241,0.3979302488171318,0.0003393045781957,0.0005188135342203,0.999963908445911,0.9403737854167272,0.1250133969485744,1.0
8,1,4D-E-07794d5e4bbe,4D,4D-E,equal_total,32,joint-property-residual,standardized_anomaly,"[64, 48]",2.0,"[1.0, 1.0]",181060,0.5411399579970748,0.9510410410002804,ok,,0.0005611000506891,0.1158092807662848,0.0900970049417863,0.0022145054348265,0.9992044969376191,0.9701471958163514,0.0013129653113978,0.4147652820754144,0.0003533298082914,0.0005402588068803,0.999964612125658,0.9367492759741924,0.1442815817366068,1.0
8,1,4D-C-3fe7ec5ee326,4D,4D-C,equal_total,32,joint,standardized_anomaly,"[64, 48]",2.0,"[1.0, 0.5]",207812,0.3516056250009569,0.6390853339980822,ok,,0.0008995020865634,0.179047406972091,0.1444838506676342,0.0035512864468123,0.9974888860551836,0.948171640209715,0.0011880697786507,0.3751759956014639,0.0003197167619913,0.0004888627914194,0.9999673296214524,0.9454155755549382,0.1518574486728071,1.0
8,1,4D-C-5b31da2b924b,4D,4D-C,equal_total,32,joint,standardized_anomaly,"[64, 48]",2.0,"[1.0, 2.0]",207812,0.3459720829996513,0.6785160840008757,ok,,0.0009263563263591,0.1871449192711624,0.1487759307732846,0.0036567820149148,0.9971173102899468,0.9454178503006864,0.0011539218948152,0.3645096627904706,0.0003105270761037,0.0004748113057629,0.9999689900945355,0.9483781301689952,0.151189147956698,1.0
8,1,3D-independent-7db5f3bc9ad5,3D,3D-independent,equal_total,32,independent,raw_minmax,"[80, 48]",,"[1.0, 1.0]",149728,0.2684872500030906,0.606601250001404,ok,,0.0002698285345771,0.0559375778183838,0.0433312346401891,0.0010650437788741,0.9997246633149528,0.9901276005812596,0.001206561088799,0.3806017823815337,0.0003246853964986,0.0004964600800935,0.9999684817978032,0.9426999704528252,0.1175313936707187,1.0
8,1,4D-A-9e409054ed54,4D,4D-A,equal_total,32,joint,raw_minmax,"[80, 48]",2.0,"[1.0, 1.0]",259188,0.4055524159994093,0.6872776670061285,ok,,0.0001722888465335,0.03595498004957,0.027659082420547,0.0006798360098894,0.9996733956096616,0.9965255854057288,0.0018138478647475,0.5702992682934558,0.0004881021474526,0.0007463324000134,0.9999031641031806,0.8769277845798632,0.1673818908375574,1.0
8,1,4D-B-2fb1b6b4a839,4D,4D-B,equal_total,32,shared-independent,raw_minmax,"[80, 48]",,"[1.0, 1.0]",136304,0.2714675829993211,0.542037082996103,ok,,0.0003016124439743,0.0626671103157789,0.0484310884248496,0.0011903937162028,0.9994894390280796,0.9880065079043788,0.0015086553590914,0.4754809563946833,0.0004059804441552,0.0006207642413093,0.9999092543285818,0.896028263887231,0.1490326702036643,1.0
8,1,3D-independent-dbbd1a2865ca,3D,3D-independent,equal_total,32,independent,mean_centered,"[80, 48]",,"[1.0, 1.0]",149728,0.2528483749993029,0.5235315000027185,ok,,0.0002744556155609,0.0569324972701762,0.0440746873986163,0.0010833171962329,0.999705572907932,0.9899989458368889,0.0012166483631742,0.3837682922097345,0.0003273999908684,0.000500610829566,0.9999651499672232,0.9402650791509368,0.1188921942464994,1.0
8,1,4D-A-85017caccbe9,4D,4D-A,equal_total,32,joint,mean_centered,"[80, 48]",2.0,"[1.0, 1.0]",259188,0.3752922920029959,0.6435125839998364,ok,,8.752836678453195e-05,0.0180700400438766,0.01405302369075,0.0003454110084904,0.9999179931414076,0.99910347710408,0.0184650717678611,5.806125292625251,0.0049689728822343,0.0075978060661161,0.9843482297572154,0.2930195536584933,1.5445334543219602,1.0
8,1,4D-B-4bb821f89672,4D,4D-B,equal_total,32,shared-independent,mean_centered,"[80, 48]",,"[1.0, 1.0]",136304,0.2597828340003616,0.5252078339981381,ok,,0.0002754168629758,0.0571165944560567,0.0442289468256482,0.0010871087577809,0.9996983823008744,0.989994472008806,0.0178424823329091,5.612943175693583,0.0048014510963643,0.0073416569441436,0.9864236825991778,0.5057606468180627,1.4805455526840512,1.0
8,1,3D-independent-3e92f69676cb,3D,3D-independent,equal_total,32,independent,ensemble_anomaly,"[80, 48]",,"[1.0, 1.0]",149728,0.2570716249974794,0.5342264579958282,ok,,0.0002234840156106,0.045103813244838,0.0358947486474678,0.0008822614693231,0.9998325909153726,0.9944283122405544,0.0012561707643759,0.3964737142621428,0.0003380415283821,0.0005168822683907,0.999964743233865,0.9410242454659368,0.1184628121634338,1.0
8,1,4D-A-8bea2cabc037,4D,4D-A,equal_total,32,joint,ensemble_anomaly,"[80, 48]",2.0,"[1.0, 1.0]",259188,0.3966222919989377,0.6716374159950647,ok,,5.216224857321414e-05,0.0107473103506565,0.0083753383637807,0.0002058584781712,0.999976134601468,0.999686765852434,0.0028766052593407,0.9020356922405592,0.0007740931529181,0.001183626836445,0.9999067236017246,0.8693667537519333,0.244564060697258,1.0
8,1,4D-B-2828b82824ed,4D,4D-B,equal_total,32,shared-independent,ensemble_anomaly,"[80, 48]",,"[1.0, 1.0]",136304,0.2659310419985559,0.5355283329990925,ok,,0.0002234839997583,0.0451038096643786,0.0358947460799365,0.0008822614062154,0.9998325906346638,0.9944283097693664,0.0012845310066502,0.4051432763550974,0.0003456721954888,0.0005285499369825,0.999961236193506,0.9379498358890332,0.121014503297569,1.0
8,1,3D-independent-86c75f98455a,3D,3D-independent,equal_total,32,independent,standardized_anomaly,"[80, 48]",,"[1.0, 1.0]",149728,0.2506283330003498,0.5282392500012065,ok,,0.0002234840156106,0.0451038132448426,0.035894748647472,0.0008822614693232,0.999832590915359,0.9944283122405556,0.0012561707643759,0.3964737142621425,0.0003380415283821,0.0005168822683907,0.9999647432338652,0.9410242454659374,0.1184628121634346,1.0
8,1,4D-A-4ea76ef087a9,4D,4D-A,equal_total,32,joint,standardized_anomaly,"[80, 48]",2.0,"[1.0, 1.0]",259188,0.3755225829954725,0.6488697500026319,ok,,0.0008531348340831,0.1720756242127584,0.1370139798061601,0.0033676835664404,0.9977213531038216,0.9529748369823078,0.0011850130838534,0.3742094969104152,0.0003188945423666,0.00048760557682,0.99996812314578,0.9464153161816942,0.1491475111352931,1.0
8,1,4D-B-934096b5cda8,4D,4D-B,equal_total,32,shared-independent,standardized_anomaly,"[80, 48]",,"[1.0, 1.0]",136304,0.2483767079975223,0.5202937079957337,ok,,0.0002504874480202,0.0508809989329878,0.0402280542088276,0.0009887703230036,0.9996606400526472,0.9929346185914416,0.0012534538922147,0.3956001949322459,0.0003373102975604,0.0005157641801851,0.9999646238981836,0.941095847580686,0.1198664901947925,1.0
8,1,4D-A-b80c4d29ed28,4D,4D-A,equal_total,32,joint,standardized_anomaly,"[80, 48]",1.0,"[1.0, 1.0]",136306,0.2649437500003841,0.5412238749995595,ok,,0.0037350249902503,0.7609070553467047,0.5997661472893102,0.0147417263609966,0.9797074640038566,0.7371889053301487,0.0020068719998948,0.6319231650439251,0.0005400609316988,0.0008257799589939,0.998883427668178,0.6744994319747235,0.4217465129345484,1.0
8,1,4D-D-2ecf0e4138e3,4D,4D-D,equal_total,32,partial-spatial,standardized_anomaly,"[80, 48]",,"[1.0, 1.0]",163152,0.4085160409958916,0.7949027909999131,ok,,0.00031232286809,0.0649518007137271,0.0501491972551054,0.001232623325774,0.999693187402151,0.9886342976177448,0.0012557618227549,0.3963476973530644,0.0003379315713602,0.0005167141386488,0.9999645500942348,0.9409071698313128,0.1241321910855657,1.0
8,1,4D-E-4f4328240852,4D,4D-E,equal_total,32,joint-property-residual,standardized_anomaly,"[80, 48]",2.0,"[1.0, 1.0]",224596,0.4758825009994325,0.8503603749995818,ok,,0.0005564991054011,0.1151407303466668,0.0893503524341149,0.0021961533704351,0.9992474455937922,0.9706853454351422,0.0012556636773565,0.3962589075275507,0.0003379069554893,0.0005166764997608,0.9999653885278468,0.9416952930656104,0.1388023296559603,1.0
8,1,4D-C-44adce3e7a5f,4D,4D-C,equal_total,32,joint,standardized_anomaly,"[80, 48]",2.0,"[1.0, 0.5]",259188,0.3670614590009791,0.6396366249973653,ok,,0.0008861411039731,0.1766302927928046,0.1423376515304539,0.0034985347526069,0.9976794976177646,0.9502015637732634,0.0011929272304396,0.3767533411409722,0.0003210242969332,0.0004908620772173,0.999967783582513,0.9456714661301114,0.1513617797455223,1.0
8,1,4D-C-1150f24dbbfa,4D,4D-C,equal_total,32,joint,standardized_anomaly,"[80, 48]",2.0,"[1.0, 2.0]",259188,0.3558526249980787,0.6286235410007066,ok,,0.0009091545667074,0.183613349217754,0.1460136315998426,0.00358888712167,0.997418102406898,0.948072031217575,0.0011552983347467,0.3649461195518182,0.0003108975231909,0.0004753777377385,0.9999690734012546,0.9483576603948936,0.1500861557408345,1.0
8,1,3D-independent-82249d692984,3D,3D-independent,equal_per_property,64,independent,raw_minmax,"[64, 48]",,"[1.0, 1.0]",219008,0.2043914169989875,0.4891324999989592,ok,,0.0001708376793793,0.0354882779729263,0.027427308566188,0.0006741392116389,0.9996647141479098,0.9964036810751932,0.0008149266912362,0.2566152567532686,0.0002192947019369,0.0003353124792853,0.9999797721974288,0.968267798975798,0.0774419486751748,1.0
8,1,4D-A-63bd70d89f36,4D,4D-A,equal_per_property,64,joint,raw_minmax,"[64, 48]",2.0,"[1.0, 1.0]",404420,0.2927557920047547,0.5731794579987763,ok,,0.0003629731077013,0.0751405910769015,0.0582701117697841,0.0014322282886707,0.9986088443809272,0.9849699793391872,0.0040681537855363,1.2800152142080787,0.0010947488824108,0.0016739253557598,0.99925532278516,0.71104475450412,0.3767871095908316,1.0
8,1,4D-B-49fc67f13645,4D,4D-B,equal_per_property,64,shared-independent,raw_minmax,"[64, 48]",,"[1.0, 1.0]",207808,0.2081208750023506,0.4893181250008638,ok,,0.0003626342680318,0.0750681163778474,0.0582159015348193,0.0014308958485965,0.9986077622049891,0.9850302426616402,0.0040251575906413,1.2662501898377052,0.0010831782342719,0.0016562332606927,0.999260095601218,0.7173545971381312,0.3725314715789167,1.0
8,1,3D-independent-64af48d38810,3D,3D-independent,equal_per_property,64,independent,mean_centered,"[64, 48]",,"[1.0, 1.0]",219008,0.2252139159973012,0.5031729589973111,ok,,0.0001817582373348,0.0375846070683492,0.0291803637464673,0.0007172277718723,0.9996435335440226,0.9961204162496844,0.0009437770002926,0.2971443218206586,0.0002539694926392,0.0003883319546142,0.999957822635164,0.9501987918573191,0.0903923312088765,1.0
8,1,4D-A-fbc2ac4d32c8,4D,4D-A,equal_per_property,64,joint,mean_centered,"[64, 48]",2.0,"[1.0, 1.0]",404420,0.2923592500010272,0.5722230419996777,ok,,0.0001815127881106,0.0375832605331221,0.0291407835041365,0.0007162549241976,0.9996388351778484,0.996130693091021,0.0358370480701391,11.273189384091078,0.0096438285543119,0.0147458923256566,0.946401138870724,0.3347509622439248,2.9113329542391817,1.0
8,1,4D-B-6a56509ea188,4D,4D-B,equal_per_property,64,shared-independent,mean_centered,"[64, 48]",,"[1.0, 1.0]",207808,0.2181243329978315,0.4982400000008056,ok,,0.0001830644540146,0.0379042589199598,0.0293900426205244,0.0007223814948675,0.999635882022298,0.996052697302872,0.0357719908522046,11.252894590662368,0.0096263219847174,0.0147191239121808,0.9466760518483938,0.3524583916598107,2.9041358262752466,1.0
8,1,3D-independent-5a93f5036396,3D,3D-independent,equal_per_property,64,independent,ensemble_anomaly,"[64, 48]",,"[1.0, 1.0]",219008,0.2214089170010993,0.5123424999983399,ok,,0.0001329190883903,0.0277327168137315,0.0213389261888096,0.00052449210769,0.999820547694696,0.9979859145138348,0.0008742273436031,0.2756220159383064,0.0002352578006943,0.0003597208492739,0.999975178066788,0.9651200802330512,0.0804504338446487,1.0
8,1,4D-A-cbe030d90365,4D,4D-A,equal_per_property,64,joint,ensemble_anomaly,"[64, 48]",2.0,"[1.0, 1.0]",404420,0.3007122089984477,0.5821161249987199,ok,,0.0001302735894655,0.0272208161805196,0.0209137438341156,0.0005140414979737,0.9998224587800016,0.9980682224166312,0.0022851862236199,0.7186679150476319,0.0006149507996863,0.000940290282711,0.999903201897216,0.8941738077230159,0.199941929039582,1.0
8,1,4D-B-6939f5acac9e,4D,4D-B,equal_per_property,64,shared-independent,ensemble_anomaly,"[64, 48]",,"[1.0, 1.0]",207808,0.2052270829954068,0.484216999997443,ok,,0.0001329184869816,0.0277326069373997,0.0213388295243222,0.0005244897317616,0.9998205485070768,0.9979859290968376,0.0010224803755065,0.3211591171820969,0.0002751493252226,0.0004207169694442,0.999962100844364,0.9579256035836295,0.0927339894448157,1.0
8,1,3D-independent-7a2c6100f5cb,3D,3D-independent,equal_per_property,64,independent,standardized_anomaly,"[64, 48]",,"[1.0, 1.0]",219008,0.2025890000004437,0.4911529580058413,ok,,0.0001329190883903,0.0277327168137439,0.021338926188818,0.0005244921076902,0.9998205476946764,0.9979859145138332,0.000874227343603,0.2756220159382965,0.0002352578006943,0.0003597208492739,0.9999751780667876,0.9651200802330524,0.0804504338446494,1.0
8,1,4D-A-c45120ace2c4,4D,4D-A,equal_per_property,64,joint,standardized_anomaly,"[64, 48]",2.0,"[1.0, 1.0]",404420,0.2950747920040157,0.5929927500037593,ok,,0.0004867094686893,0.1005428223012885,0.0781162699552106,0.0019200294668614,0.9987377580847544,0.9717292516737192,0.0008331883784638,0.2627227519146179,0.000224215279883,0.000342836287093,0.9999773407315778,0.9676650422152236,0.0983921068178587,1.0
8,1,4D-B-f843c8275099,4D,4D-B,equal_per_property,64,shared-independent,standardized_anomaly,"[64, 48]",,"[1.0, 1.0]",207808,0.2047643749974668,0.4936110829949029,ok,,0.0001869822355052,0.0383664751915985,0.03002211210741,0.0007379172090103,0.9995944748453052,0.996323159932575,0.0008641669642804,0.2723888037241911,0.0002325500447958,0.0003555805561633,0.999975009555598,0.9652133963098626,0.0824967501986427,1.0
8,1,4D-A-102750e40079,4D,4D-A,equal_per_property,64,joint,standardized_anomaly,"[64, 48]",1.0,"[1.0, 1.0]",207810,0.1912078329987707,0.4805777919973479,ok,,0.0038409306614,0.7826692256926943,0.6167655274885414,0.0151595562307487,0.978712949611381,0.7421555599403709,0.001884075223865,0.5932835433751752,0.0005070161234296,0.0007752528076748,0.9989069127595316,0.6886148402713523,0.4151418922405019,1.0
8,1,4D-D-ff94f89c821d,4D,4D-D,equal_per_property,64,partial-spatial,standardized_anomaly,"[64, 48]",,"[1.0, 1.0]",230208,0.3767002909953589,0.7254363339961856,ok,,7.449737397975809e-05,0.0155184179993548,0.0119616998214919,0.0002940081002867,0.9999730111944598,0.9993024860428048,0.0010091428690869,0.3177480286500635,0.0002715618526823,0.0004152315459423,0.9999712693837108,0.9565960020235256,0.0888293006540632,1.0
8,1,4D-E-0ed2b1a0be64,4D,4D-E,equal_per_property,64,joint-property-residual,standardized_anomaly,"[64, 48]",2.0,"[1.0, 1.0]",328516,0.5906960010033799,1.0437667080041138,ok,,0.000652385743272,0.1356088069913552,0.1047356649632088,0.0025743108711667,0.9981123106689158,0.9475166894898148,0.0010901662915738,0.34427076253609,0.0002933696407196,0.0004485767358166,0.999970913897703,0.952356853920508,0.1324856994555709,1.0
8,1,4D-C-e7705bff9f37,4D,4D-C,equal_per_property,64,joint,standardized_anomaly,"[64, 48]",2.0,"[1.0, 0.5]",404420,0.2880358749971492,0.5834697919999599,ok,,0.0003598027394359,0.0742167379413027,0.0577503606140436,0.0014194532606896,0.9993045832567448,0.981736959265544,0.0008392114532696,0.2645553716067865,0.0002258357011921,0.0003453139916697,0.9999754834007016,0.9663618935665744,0.0911806707830075,1.0
8,1,4D-C-07c1f38e4371,4D,4D-C,equal_per_property,64,joint,standardized_anomaly,"[64, 48]",2.0,"[1.0, 2.0]",404420,0.2864019170010579,0.5775686670021969,ok,,0.000538720597378,0.1103435060636403,0.0864704002954191,0.0021253666703966,0.998471311883272,0.9624397313694492,0.0008291897373065,0.2613536375959809,0.0002231386390546,0.0003411900498503,0.999978008483326,0.968789060711008,0.1015206869048481,1.0
8,1,3D-independent-fa9b36e31dc0,3D,3D-independent,equal_per_property,64,independent,raw_minmax,"[80, 48]",,"[1.0, 1.0]",272608,0.2130577909993007,0.4947788339995895,ok,,6.952215168364323e-05,0.0143156341477597,0.0111616793323837,0.0002743442976747,0.9999502501079496,0.999418823807702,0.0008151393741306,0.256702070644929,0.0002193519874069,0.0003354000716111,0.9999800884950664,0.9687203227170614,0.0717370328825767,1.0
8,1,4D-A-4f7fd7861b3e,4D,4D-A,equal_per_property,64,joint,raw_minmax,"[80, 48]",2.0,"[1.0, 1.0]",504948,0.3235282499954337,0.6060899589938344,ok,,0.0001589844211398,0.0331934954318434,0.0255218711883791,0.0006273052305137,0.9996914775496648,0.996902668960643,0.0013680787531823,0.4311874809668983,0.0003681509107963,0.00056292100794,0.999914584707848,0.9081557105530282,0.1279629466604765,1.0
8,1,4D-B-51546c614bcf,4D,4D-B,equal_per_property,64,shared-independent,raw_minmax,"[80, 48]",,"[1.0, 1.0]",259184,0.216327000001911,0.4969503750035073,ok,,0.0001580758543882,0.032998309896051,0.0253764569247606,0.0006237310753319,0.9996912361388826,0.9969695205072352,0.0012217261812971,0.3844989165209752,0.000328766580667,0.0005027004131696,0.9999201299386372,0.9210227855474518,0.1146252683474206,1.0
8,1,3D-independent-5cbc421a2b78,3D,3D-independent,equal_per_property,64,independent,mean_centered,"[80, 48]",,"[1.0, 1.0]",272608,0.2108698750016628,0.4900217499962309,ok,,8.065046776960503e-05,0.0167281277223039,0.0129479713655059,0.0003182497906275,0.9999325216246778,0.9992280516155342,0.0008288870704092,0.2609612166929334,0.0002230514079813,0.0003410566692113,0.9999750683457604,0.965683822217758,0.0738083518746478,1.0
8,1,4D-A-a9f18b485be4,4D,4D-A,equal_per_property,64,joint,mean_centered,"[80, 48]",2.0,"[1.0, 1.0]",504948,0.3155219159962144,0.5947685410064878,ok,,8.358613122648065e-05,0.0172567273628811,0.0134197205677782,0.0003298449726536,0.9999212841842884,0.99919922058695,0.0179690990719582,5.652372182961945,0.0048355232524134,0.0073937549611887,0.9863021516613814,0.4896104433247885,1.4813060195922392,1.0
8,1,4D-B-be3ed22367d4,4D,4D-B,equal_per_property,64,shared-independent,mean_centered,"[80, 48]",,"[1.0, 1.0]",259184,0.2152595419975114,0.4987130419976893,ok,,8.743726056126093e-05,0.0180517815736575,0.014038387146103,0.0003450512550481,0.999918044075574,0.9991045118602718,0.0178198225019539,5.605738380972795,0.0047953532386894,0.0073323330172212,0.9864278187368816,0.5083887248203797,1.4675108860515316,1.0
8,1,3D-independent-44372d7b9669,3D,3D-independent,equal_per_property,64,independent,ensemble_anomaly,"[80, 48]",,"[1.0, 1.0]",272608,0.2125448750011855,0.4947807079952326,ok,,5.21392763534525e-05,0.0107444080318449,0.0083716177967763,0.0002057670298943,0.9999761526967388,0.9996868714357894,0.0008762685266552,0.2762729335697756,0.000235807134971,0.0003605608086374,0.9999750426649352,0.9650348102329224,0.0761641251918161,1.0
8,1,4D-A-abc62af84685,4D,4D-A,equal_per_property,64,joint,ensemble_anomaly,"[80, 48]",2.0,"[1.0, 1.0]",504948,0.3354531250006403,0.6188884169969242,ok,,4.437059117237117e-05,0.0092152533945654,0.0071232568668927,0.0001750834121022,0.9999798142455304,0.9997812665709692,0.0023277027712841,0.7316334428965908,0.0006263908411306,0.0009577826736623,0.9999119615237332,0.9004506961963625,0.1976831787268725,1.0
8,1,4D-B-643a4d560541,4D,4D-B,equal_per_property,64,shared-independent,ensemble_anomaly,"[80, 48]",,"[1.0, 1.0]",259184,0.2177788330009207,0.5022586670020246,ok,,5.2139055722517695e-05,0.0107443625910889,0.0083715823024022,0.0002057661574737,0.9999761530047228,0.9996868734717872,0.0009390074373268,0.2956144330521891,0.0002526887337863,0.0003863736107849,0.9999703808657476,0.9616257388602168,0.081425622369319,1.0
8,1,3D-independent-11e1b067c3e2,3D,3D-independent,equal_per_property,64,independent,standardized_anomaly,"[80, 48]",,"[1.0, 1.0]",272608,0.21891274999507,0.5332070000004023,ok,,5.2139276353598815e-05,0.0107444080318731,0.0083716177967998,0.0002057670298949,0.9999761526967016,0.9996868714357882,0.0008762685266552,0.2762729335697758,0.000235807134971,0.0003605608086374,0.9999750426649352,0.9650348102329204,0.0761641251918236,1.0
8,1,4D-A-3bf6b15a532d,4D,4D-A,equal_per_property,64,joint,standardized_anomaly,"[80, 48]",2.0,"[1.0, 1.0]",504948,0.3278696249981294,0.6378697920008563,ok,,0.0004703197637812,0.0972395253620416,0.0754829298826354,0.0018553042753167,0.9989197147894624,0.9729863838167032,0.0008380053712675,0.2642745987314082,0.0002255117583248,0.0003448186669536,0.9999772825177335,0.9676514535204448,0.0977988013562189,1.0
8,1,4D-B-3ee6d3ebd2d3,4D,4D-B,equal_per_property,64,shared-independent,standardized_anomaly,"[80, 48]",,"[1.0, 1.0]",259184,0.2359865000034915,0.5318947500054492,ok,,0.0001231015076367,0.0256006107896629,0.01976281940995,0.0004857527841142,0.9998057725183006,0.9982043458208762,0.0008672884605707,0.2733943116536603,0.0002333901317389,0.0003568650907791,0.99997494105815,0.965270969875726,0.0793143161487555,1.0
8,1,4D-A-0bf051d8d579,4D,4D-A,equal_per_property,64,joint,standardized_anomaly,"[80, 48]",1.0,"[1.0, 1.0]",259186,0.2152187499959836,0.5255283750011586,ok,,0.0038376486327462,0.7820003513147841,0.6162385420984772,0.0151466033916268,0.9787542839937748,0.7431081952301165,0.0018862062602972,0.5939542979887663,0.0005075896002608,0.0007761296822021,0.9989058873689712,0.6882572603449377,0.4150679803790058,1.0
8,1,4D-D-e24c5d642104,4D,4D-D,equal_per_property,64,partial-spatial,standardized_anomaly,"[80, 48]",,"[1.0, 1.0]",286032,0.3895169999959762,0.7407530830023461,ok,,7.05289297608176e-05,0.0146823783924903,0.0113249389500843,0.0002783570760231,0.9999785140584064,0.999369046601656,0.0010146891249105,0.3195234769916874,0.0002730544711651,0.0004175138336568,0.9999712415388756,0.9565390266381688,0.0890629546910663,1.0
8,1,4D-E-6ca320f290f9,4D,4D-E,equal_per_property,64,joint-property-residual,standardized_anomaly,"[80, 48]",2.0,"[1.0, 1.0]",408916,0.6649275010058773,1.1209999159982544,ok,,0.0005423583712546,0.1157245312208347,0.0870369481323231,0.0021392919197956,0.998939484584359,0.9533544701261686,0.0010838774021571,0.3423595146609044,0.0002916777665054,0.000445989776203,0.9999712366184632,0.9531238515417528,0.1262112212619446,1.0
8,1,4D-C-4e04f7cc08d6,4D,4D-C,equal_per_property,64,joint,standardized_anomaly,"[80, 48]",2.0,"[1.0, 0.5]",504948,0.3215905830002157,0.6139159170052153,ok,,0.00037726174315,0.0780234389727505,0.060551606218251,0.0014883054230763,0.999366528057952,0.980542782482154,0.0008468220706048,0.2670357740370837,0.000227884246319,0.0003484463188047,0.9999764368704982,0.9668101869340252,0.0928456820754361,1.0
8,1,4D-C-f8d668c31c07,4D,4D-C,equal_per_property,64,joint,standardized_anomaly,"[80, 48]",2.0,"[1.0, 2.0]",504948,0.3173617920037941,0.6079667080048239,ok,,0.0005181838520589,0.1059701901484711,0.0831721635893818,0.0020442989022107,0.9987430882971824,0.9635907013626698,0.000832718286511,0.262456571649613,0.0002240880466885,0.0003426417412261,0.999978133075108,0.9687772866629384,0.10056069194632,1.0
8,1,3D-current-e419eaac8e1a,3D,3D-current,equal_total,32,legacy-independent,raw_minmax,"[48, 48]",,"[1.0, 1.0]",117216,4.1169307499949355,4.420981540999492,ok,,0.0009507554097801,0.1961187484975478,0.1526280923892193,0.0037514647720146,0.9948657060270522,0.933185528173691,0.001223421038384,0.3859418586161378,0.0003292228317303,0.0005033980436817,0.9999654052909936,0.9392957633158776,0.1614549903422253,1.0
8,1,4D-A-current-205a30146a4e,4D,4D-A-current,equal_total,32,legacy-joint,raw_minmax,"[48, 48]",2.0,"[1.0, 1.0]",181972,5.666005667000718,5.978336291998858,ok,,0.0021909576298868,0.4543573626679449,0.3517663750728023,0.0086461092673534,0.9781794330370954,0.8139949095318654,0.015483180971294,4.870743213884235,0.0041665572636009,0.0063708727744097,0.990589718065319,0.4559127905789857,1.4225366816241884,1.0
8,1,3D-current-5e7711139fcb,3D,3D-current,equal_per_property,64,legacy-independent,raw_minmax,"[48, 48]",,"[1.0, 1.0]",216480,4.046232250002504,4.337386208004318,ok,,0.0009303643025751,0.1918800028214095,0.1493529937269073,0.003670965716669,0.9949337768367847,0.9380330180779938,0.0008281264206204,0.2607603988654907,0.0002228470661789,0.0003407442204572,0.9999769622792062,0.9654984601272116,0.1252186656460743,1.0
8,1,4D-A-current-43ce2f360e5a,4D,4D-A-current,equal_per_property,64,legacy-joint,raw_minmax,"[48, 48]",2.0,"[1.0, 1.0]",354964,5.653633750000154,5.95612241699564,ok,,0.0021900044591939,0.4541574039652201,0.3516132839014156,0.0086423464205054,0.9781306002609884,0.8140495670153204,0.0154458606322967,4.859112672250496,0.004156515103911,0.0063555178140151,0.9906252715266698,0.4581903619319526,1.4192875279355197,1.0
8,2,3D-independent-e9bc2b1d9158,3D,3D-independent,equal_total,32,independent,raw_minmax,"[64, 48]",,"[1.0, 1.0]",120704,0.3196479170001112,0.6289271660061786,ok,,0.000334188066609,0.07617297486298,0.0534887520988535,0.0013147056714256,0.9994621005529468,0.990190062939684,0.0013281091313497,0.4193153707657815,0.0003572882507871,0.0005463114618492,0.9999591643514516,0.9335912650762644,0.1333994204051968,1.0
8,2,4D-A-c5fc8bd2cb2c,4D,4D-A,equal_total,32,joint,raw_minmax,"[64, 48]",2.0,"[1.0, 1.0]",207812,0.335458750007092,0.6132355000008829,ok,,0.0003575948929054,0.0781176929185429,0.0572325545640321,0.0014067249865252,0.998711798055769,0.9871648776477296,0.0043348217314983,1.3619363221547789,0.0011659707177719,0.0017828270756064,0.9992276450204624,0.6817699890690959,0.4013966454287272,1.0
8,2,4D-B-f835e7c8452f,4D,4D-B,equal_total,32,shared-independent,raw_minmax,"[64, 48]",,"[1.0, 1.0]",109504,0.2480148340036976,0.5146761249998235,ok,,0.0004502145635776,0.0997577169895742,0.0720529645103982,0.0017709974035247,0.9985234325170714,0.9814589988488696,0.0041508555278043,1.3039900073254425,0.0011164666721919,0.0017071329338352,0.9992290414295314,0.6954088275445661,0.3913284527795747,1.0
8,2,3D-independent-7cc1fb3009e2,3D,3D-independent,equal_total,32,independent,mean_centered,"[64, 48]",,"[1.0, 1.0]",120704,0.2369466660020407,0.5004722079975181,ok,,0.0003376690129265,0.0768268168518573,0.0540463806125864,0.0013284116813957,0.9994335965584475,0.9901246748863458,0.0014055642090861,0.4434435577125615,0.0003781131267495,0.000578153730395,0.9999389693336737,0.9162642678859808,0.1417689757945638,1.0
8,2,4D-A-a8d848e0bd2f,4D,4D-A,equal_total,32,joint,mean_centered,"[64, 48]",2.0,"[1.0, 1.0]",207812,0.3499071249971166,0.6142465419979999,ok,,0.0001791122275915,0.039106828825941,0.0286677037680554,0.0007046265102793,0.9996711464074904,0.9969456324645606,0.0363794422792374,11.424345062197428,0.0097849540440402,0.0149616802012103,0.941276692789306,0.2361253002700056,2.961729106164021,1.0
8,2,4D-B-2e139466dc24,4D,4D-B,equal_total,32,shared-independent,mean_centered,"[64, 48]",,"[1.0, 1.0]",109504,0.2515832089993637,0.5169712920032907,ok,,0.0003393321566969,0.0771254518184976,0.0543116851536045,0.001334932629652,0.9994191143993876,0.9900456722146532,0.0361512413701953,11.352900689103548,0.0097236027716454,0.0148678710618544,0.9423891340816468,0.3522416489920152,2.9397206200796777,1.0
8,2,3D-independent-34daa9e6fa18,3D,3D-independent,equal_total,32,independent,ensemble_anomaly,"[64, 48]",,"[1.0, 1.0]",120704,0.2347418329954962,0.499718250001024,ok,,0.0002547165348027,0.05353372959175,0.0407280277285735,0.0010010584831326,0.9996160918087944,0.994072882971393,0.0016050195767901,0.5057543499021366,0.0004317239035241,0.0006601272679129,0.9999457405545464,0.9246553670780032,0.1499809886172971,1.0
8,2,4D-A-63c64c98502f,4D,4D-A,equal_total,32,joint,ensemble_anomaly,"[64, 48]",2.0,"[1.0, 1.0]",207812,0.3483443750010337,0.6166128330005449,ok,,0.0001490261868007,0.0299714782032002,0.0238278561430899,0.0005856673857587,0.9997467166420856,0.997946450340072,0.0030611618381387,0.9589396171830924,0.0008233644958157,0.0012589651642696,0.9998866794393796,0.8536377664288608,0.2657797467504565,1.0
8,2,4D-B-852478df5431,4D,4D-B,equal_total,32,shared-independent,ensemble_anomaly,"[64, 48]",,"[1.0, 1.0]",109504,0.2574950409980374,0.522428124997532,ok,,0.0002547166239542,0.0535336362692385,0.0407280404504634,0.0010010587958253,0.9996160883205448,0.9940728772305206,0.0016179055559179,0.5096451347296767,0.0004352038576478,0.0006654482904215,0.9999371049039206,0.9185006445824496,0.1517230025231075,1.0
8,2,3D-independent-629bdce16d73,3D,3D-independent,equal_total,32,independent,standardized_anomaly,"[64, 48]",,"[1.0, 1.0]",120704,0.2361024580022785,0.5100936250019004,ok,,0.0002547165348027,0.0535337295917528,0.0407280277285748,0.0010010584831326,0.9996160918087684,0.9940728829713924,0.0016050195767901,0.5057543499021364,0.0004317239035241,0.0006601272679129,0.999945740554546,0.9246553670780034,0.1499809886172978,1.0
8,2,4D-A-06f4272272b6,4D,4D-A,equal_total,32,joint,standardized_anomaly,"[64, 48]",2.0,"[1.0, 1.0]",207812,0.3390202919981675,0.617910666995158,ok,,0.0008737650933835,0.2053673526073064,0.1398806643411075,0.0034381415814705,0.9969358641675826,0.9624767050849758,0.0013960681308287,0.4387744865684386,0.0003755508819856,0.0005742359310285,0.999952247152415,0.9349581236931644,0.1738561061966687,1.0
8,2,4D-B-17b80d300b68,4D,4D-B,equal_total,32,shared-independent,standardized_anomaly,"[64, 48]",,"[1.0, 1.0]",109504,0.2465540830016834,0.5203034169971943,ok,,0.0003266842955366,0.0609821340616138,0.0521705991396858,0.0012823066510106,0.9989554733944234,0.990481294306264,0.0015964051982575,0.5030365878504626,0.0004294068414443,0.0006565843650348,0.9999457469711897,0.9242467856956132,0.1516636704777845,1.0
8,2,4D-A-4681118648ec,4D,4D-A,equal_total,32,joint,standardized_anomaly,"[64, 48]",1.0,"[1.0, 1.0]",109506,0.253581832999771,0.5276747079988127,ok,,0.0038899124181625,0.6603880285545514,0.620934690812048,0.0152620191640818,0.9867574622117437,0.7783001000278881,0.0025701246127735,0.8003201146904972,0.0006911154741839,0.00105674984883,0.994731448834751,0.5187695114374952,0.4530433343780892,1.0
8,2,4D-D-9e53fbf0a6d8,4D,4D-D,equal_total,32,partial-spatial,standardized_anomaly,"[64, 48]",,"[1.0, 1.0]",131904,0.3647714160033501,0.749065125004563,ok,,0.0002925943147508,0.0604281590838436,0.0467805489093182,0.0011498240387029,0.9996576430015104,0.9933553499487502,0.0016367822133056,0.5156197566912732,0.0004402657773733,0.0006731882168224,0.9999459549849672,0.9216864008212236,0.1546317600975325,1.0
8,2,4D-E-07794d5e4bbe,4D,4D-E,equal_total,32,joint-property-residual,standardized_anomaly,"[64, 48]",2.0,"[1.0, 1.0]",181060,0.4601533759996528,0.8533640000023297,ok,,0.0005662540301852,0.1126931581114485,0.0905824821858894,0.0022264363700523,0.9989597602598004,0.979777251389648,0.0016200242726258,0.5105388306040909,0.0004357596756409,0.0006662981637092,0.9999441736269036,0.9239695479010516,0.1678396472675474,1.0
8,2,4D-C-3fe7ec5ee326,4D,4D-C,equal_total,32,joint,standardized_anomaly,"[64, 48]",2.0,"[1.0, 0.5]",207812,0.3467831250018207,0.6266621670001769,ok,,0.0008776704022337,0.2110662529334386,0.1404815304940947,0.0034529103339297,0.9971769457339846,0.962860081383646,0.0014068853243852,0.4422088258345115,0.0003784595083749,0.0005786833650856,0.9999535160458032,0.933170237388256,0.1763149798454998,1.0
8,2,4D-C-5b31da2b924b,4D,4D-C,equal_total,32,joint,standardized_anomaly,"[64, 48]",2.0,"[1.0, 2.0]",207812,0.345161042001564,0.6373200840025675,ok,,0.0009638494588089,0.2238159422801351,0.1543236280754436,0.0037931367082709,0.9962174973416112,0.9507248885877978,0.0014055116146658,0.4415660762878828,0.0003780835223987,0.0005781084638739,0.9999518193111,0.9353843124026584,0.1805818545181974,1.0
8,2,3D-independent-7db5f3bc9ad5,3D,3D-independent,equal_total,32,independent,raw_minmax,"[80, 48]",,"[1.0, 1.0]",149728,0.2677602080002543,0.5343640409992076,ok,,0.0003124230551394,0.0716100895365365,0.0500038455625334,0.0012290497866291,0.9996306218508848,0.99158720966127,0.0013276516827936,0.4191771906567307,0.0003571654215007,0.0005461236497763,0.9999594343926692,0.9340064451903356,0.1319976131918661,1.0
8,2,4D-A-9e409054ed54,4D,4D-A,equal_total,32,joint,raw_minmax,"[80, 48]",2.0,"[1.0, 1.0]",259188,0.396856375002244,0.6642112499976065,ok,,0.0001816989511858,0.0420371564984393,0.0290954015452187,0.0007151389389906,0.9996909138929831,0.996574154030751,0.0020532126900852,0.6465627890134399,0.0005523404604341,0.0008445559676632,0.9998983675543156,0.85868419361408,0.1902426929223659,1.0
8,2,4D-B-2fb1b6b4a839,4D,4D-B,equal_total,32,shared-independent,raw_minmax,"[80, 48]",,"[1.0, 1.0]",136304,0.2541203329965356,0.5210415830006241,ok,,0.0003363049510546,0.0765640112051377,0.0538299054069477,0.0013230909145165,0.9994405255069436,0.9901430995879292,0.0016284250995167,0.5130615312940466,0.0004380432053436,0.000669789793919,0.999904870071854,0.8857342567745774,0.1629217160794828,1.0
8,2,3D-independent-dbbd1a2865ca,3D,3D-independent,equal_total,32,independent,mean_centered,"[80, 48]",,"[1.0, 1.0]",149728,0.2511841669984278,0.5155476670042844,ok,,0.000313737565439,0.0720214768276732,0.050216016040924,0.0012342647471638,0.999617692702516,0.9914887708844692,0.0013324460826553,0.4206700630491337,0.0003584541877913,0.0005480942373751,0.999954910046284,0.9312225864963758,0.1328339652965961,1.0
8,2,4D-A-85017caccbe9,4D,4D-A,equal_total,32,joint,mean_centered,"[80, 48]",2.0,"[1.0, 1.0]",259188,0.3668582499958575,0.6319673329999205,ok,,9.192221727446012e-05,0.0208749245804244,0.0147186553953474,0.000361771381173,0.999919394973964,0.9991441566145998,0.0171417158593019,5.383137475400871,0.004610574272587,0.0070497968104807,0.9883781138779336,0.3060451202861855,1.4378544403827258,1.0
8,2,4D-B-4bb821f89672,4D,4D-B,equal_total,32,shared-independent,mean_centered,"[80, 48]",,"[1.0, 1.0]",136304,0.2512155420045019,0.5153188750045956,ok,,0.000314649269624,0.072186087549733,0.0503626251160396,0.0012378682670624,0.9996086587796954,0.991467107900456,0.0165980852738317,5.212299518496707,0.0044644024028992,0.0068262927695992,0.990506095114491,0.51057944043633,1.3833655829695115,1.0
8,2,3D-independent-3e92f69676cb,3D,3D-independent,equal_total,32,independent,ensemble_anomaly,"[80, 48]",,"[1.0, 1.0]",149728,0.2454208339986507,0.5100202079993323,ok,,0.0002197076472867,0.0474700400681236,0.0351339410057166,0.0008635608363863,0.999822856430825,0.9955790974818098,0.0016056247574078,0.5059479009501525,0.0004318867169267,0.0006603762176832,0.9999457645887486,0.9246730846809804,0.1483229624842202,1.0
8,2,4D-A-8bea2cabc037,4D,4D-A,equal_total,32,joint,ensemble_anomaly,"[80, 48]",2.0,"[1.0, 1.0]",259188,0.3538105419938802,0.615940124996996,ok,,5.3255775353469753e-05,0.0120844082282269,0.0085260919916847,0.0002095637130559,0.999975909006398,0.9997311771185208,0.0030740213167497,0.963159034878226,0.00082683853223,0.0012642771383068,0.999891237570013,0.8590312862564861,0.2614655528547374,1.0
8,2,4D-B-2828b82824ed,4D,4D-B,equal_total,32,shared-independent,ensemble_anomaly,"[80, 48]",,"[1.0, 1.0]",136304,0.2481192080012988,0.5081422080038465,ok,,0.0002197074936944,0.0474700009705807,0.0351339164085556,0.0008635602318101,0.9998228574605142,0.995579107428726,0.0016086314789941,0.5068774605438428,0.000432700739749,0.0006616208989653,0.9999454018648724,0.921881800083035,0.1489042519396357,1.0
8,2,3D-independent-86c75f98455a,3D,3D-independent,equal_total,32,independent,standardized_anomaly,"[80, 48]",,"[1.0, 1.0]",149728,0.2395997919957153,0.5096709579956951,ok,,0.0002197076472867,0.0474700400681057,0.0351339410057067,0.0008635608363861,0.9998228564308066,0.9955790974818124,0.0016056247574078,0.505947900950153,0.0004318867169267,0.0006603762176832,0.9999457645887484,0.9246730846809802,0.1483229624842156,1.0
8,2,4D-A-4ea76ef087a9,4D,4D-A,equal_total,32,joint,standardized_anomaly,"[80, 48]",2.0,"[1.0, 1.0]",259188,0.3580134160001762,0.6300023750009132,ok,,0.0008409485124268,0.201185722978382,0.1346619214530232,0.0033098695503714,0.9974785702216318,0.9657004624564948,0.0014044226129192,0.4414205600926958,0.0003777976881389,0.0005776714091094,0.9999520007018472,0.9350071201375622,0.1730631229435123,1.0
8,2,4D-B-934096b5cda8,4D,4D-B,equal_total,32,shared-independent,standardized_anomaly,"[80, 48]",,"[1.0, 1.0]",136304,0.2449424579972401,0.5179765409993706,ok,,0.0002668056064334,0.0535266125508208,0.0426345670435224,0.0010479195137569,0.999480376351015,0.9935631512024922,0.0016017452498838,0.5047188990834556,0.0004308431095506,0.000658780490228,0.9999456244776233,0.9243739880745204,0.1498192354989425,1.0
8,2,4D-A-b80c4d29ed28,4D,4D-A,equal_total,32,joint,standardized_anomaly,"[80, 48]",1.0,"[1.0, 1.0]",136306,0.2747588330021244,0.5572617079960764,ok,,0.0038847688847666,0.6595498176351311,0.6201126532431139,0.0152418142160956,0.986878752772068,0.7792561889715236,0.0025733319708519,0.8013135675721782,0.0006919785293545,0.0010580695030052,0.99472157806862,0.5184708896909266,0.4529999614690211,1.0
8,2,4D-D-2ecf0e4138e3,4D,4D-D,equal_total,32,partial-spatial,standardized_anomaly,"[80, 48]",,"[1.0, 1.0]",163152,0.390589667003951,0.770539707998978,ok,,0.0002863125689508,0.0592987496980238,0.0457745314965086,0.0011250970307568,0.9996945542210168,0.9936487302763812,0.0016039081853056,0.5054103577224933,0.0004314249510672,0.0006596701547743,0.9999455752745062,0.924391052141476,0.1514223040528971,1.0
8,2,4D-E-4f4328240852,4D,4D-E,equal_total,32,joint-property-residual,standardized_anomaly,"[80, 48]",2.0,"[1.0, 1.0]",224596,0.4824897090002196,0.8623687500003143,ok,,0.0004867289144874,0.1047718550258235,0.0779552265330065,0.0019160697234215,0.9991573709764464,0.9831476534859164,0.001566788966254,0.4939751097962714,0.0004214529429386,0.0006444224595972,0.9999454874077496,0.9259274885265412,0.1610523484539665,1.0
8,2,4D-C-44adce3e7a5f,4D,4D-C,equal_total,32,joint,standardized_anomaly,"[80, 48]",2.0,"[1.0, 0.5]",259188,0.3669332499994198,0.6528383329932694,ok,,0.0008659175526366,0.2100899087469349,0.138619513465003,0.0034071436212588,0.9975092053381588,0.9644198811416986,0.0014144407523085,0.4446193107692983,0.0003804919984639,0.0005817911432711,0.999953827448803,0.9336495456978532,0.1764186265241143,1.0
8,2,4D-C-1150f24dbbfa,4D,4D-C,equal_total,32,joint,standardized_anomaly,"[80, 48]",2.0,"[1.0, 2.0]",259188,0.4631357920006849,0.7791973340063123,ok,,0.0009267827392681,0.2208019156570758,0.1484393579392174,0.0036485066128445,0.9969051531044532,0.9546641249069172,0.0014138729985439,0.4442486970556592,0.0003803321342954,0.000581546703026,0.9999517912069876,0.9353187228931666,0.1800147972031733,1.0
8,2,3D-independent-82249d692984,3D,3D-independent,equal_per_property,64,independent,raw_minmax,"[64, 48]",,"[1.0, 1.0]",219008,0.2000153339977259,0.4788419579999754,ok,,0.0001657691607742,0.0367555931116679,0.0265370527922235,0.0006522570155381,0.9997198126287826,0.9972524435236982,0.0010437602549141,0.3290812683166463,0.0002808047305941,0.0004293643648429,0.9999694542005324,0.9553747348207432,0.0973808180640233,1.0
8,2,4D-A-63bd70d89f36,4D,4D-A,equal_per_property,64,joint,raw_minmax,"[64, 48]",2.0,"[1.0, 1.0]",404420,0.2993777920055436,0.5779404159984551,ok,,0.000346818374232,0.0748591811107884,0.0555040049094646,0.0013642387825098,0.9987424903632246,0.9880709489063828,0.0040749609404859,1.279704299285046,0.0010960472758979,0.0016759106638197,0.999234758102242,0.7034803753853501,0.377196954562492,1.0
8,2,4D-B-49fc67f13645,4D,4D-B,equal_per_property,64,shared-independent,raw_minmax,"[64, 48]",,"[1.0, 1.0]",207808,0.2054982920017209,0.4842300410018652,ok,,0.0003460944787876,0.0747007808995213,0.0553885940716467,0.0013614020873717,0.9987425298903831,0.98808311188485,0.0040612687791603,1.2753579222779683,0.0010923658313636,0.0016702815524767,0.9992355049231796,0.7055438748042656,0.375811302458233,1.0
8,2,3D-independent-64af48d38810,3D,3D-independent,equal_per_property,64,independent,mean_centered,"[64, 48]",,"[1.0, 1.0]",219008,0.1989332090015523,0.47686841700488,ok,,0.0001754517254262,0.0381940707136535,0.0280829863647735,0.0006902546796399,0.999687761662788,0.9970642422773344,0.0011214857117152,0.3529295679875759,0.0003016987592055,0.0004613123712199,0.9999484085982672,0.9386385821460796,0.1058180566223806,1.0
8,2,4D-A-fbc2ac4d32c8,4D,4D-A,equal_per_property,64,joint,mean_centered,"[64, 48]",2.0,"[1.0, 1.0]",404420,0.2940037499938626,0.5755817919998663,ok,,0.0001761100099033,0.0381723547719074,0.0281860127536594,0.0006927869761034,0.9996740236936494,0.9970766866912278,0.0362492937852828,11.3833483672336,0.0097499818675063,0.0149082060081906,0.942270575594212,0.3444389962979285,2.937690720127732,1.0
8,2,4D-B-6a56509ea188,4D,4D-B,equal_per_property,64,shared-independent,mean_centered,"[64, 48]",,"[1.0, 1.0]",207808,0.2059402500017313,0.4831000000049243,ok,,0.0001790403396819,0.039077512055716,0.0286562044863295,0.0007043438682226,0.999671167767418,0.9969366711486566,0.0361408992340014,11.349580725931672,0.0097208209775104,0.0148636175606069,0.94239192101287,0.3533238154691815,2.9283819986696176,1.0
8,2,3D-independent-5a93f5036396,3D,3D-independent,equal_per_property,64,independent,ensemble_anomaly,"[64, 48]",,"[1.0, 1.0]",219008,0.2018956249958137,0.4811732919988571,ok,,0.0001490268833271,0.0299720719954685,0.0238279672535291,0.0005856701167539,0.9997466938973534,0.9979464258361936,0.00116630082428,0.3649627408548325,0.0003137471038004,0.0004797348878686,0.9999618888028372,0.9496810020305064,0.1052802747292377,1.0
8,2,4D-A-cbe030d90365,4D,4D-A,equal_per_property,64,joint,ensemble_anomaly,"[64, 48]",2.0,"[1.0, 1.0]",404420,0.2971474160003708,0.6131212079999386,ok,,0.0001473907638865,0.0295448583711645,0.0235656978908741,0.0005792237704663,0.9997481195459912,0.9979831053681326,0.0029468144851891,0.923903474230067,0.0007927153628934,0.0012121011194141,0.9998734876013587,0.8679540371486693,0.2551199403357076,1.0
8,2,4D-B-6939f5acac9e,4D,4D-B,equal_per_property,64,shared-independent,ensemble_anomaly,"[64, 48]",,"[1.0, 1.0]",207808,0.2071140000043669,0.489336833001289,ok,,0.0001490264519058,0.0299718761131417,0.023827896164491,0.000585668369449,0.9997466920150898,0.9979464335541804,0.0012187315680205,0.3814109682854708,0.0003278598100022,0.0005013139158349,0.9999521217814716,0.9427849627825058,0.1102542865575673,1.0
8,2,3D-independent-7a2c6100f5cb,3D,3D-independent,equal_per_property,64,independent,standardized_anomaly,"[64, 48]",,"[1.0, 1.0]",219008,0.1940757079937611,0.4766126659960719,ok,,0.0001490268833272,0.0299720719954729,0.0238279672535312,0.000585670116754,0.9997466938973436,0.9979464258361936,0.0011663008242801,0.3649627408548464,0.0003137471038004,0.0004797348878686,0.9999618888028372,0.949681002030504,0.1052802747292426,1.0
8,2,4D-A-c45120ace2c4,4D,4D-A,equal_per_property,64,joint,standardized_anomaly,"[64, 48]",2.0,"[1.0, 1.0]",404420,0.2820336660006433,0.5715903750024154,ok,,0.0004982548037152,0.0958509161701038,0.0795883176737118,0.0019562096425707,0.9983612213035375,0.981940799731181,0.0010795523271338,0.3380425137340506,0.0002904273550891,0.0004440778351099,0.999965966428217,0.956007314445112,0.116229843204002,1.0
8,2,4D-B-f843c8275099,4D,4D-B,equal_per_property,64,shared-independent,standardized_anomaly,"[64, 48]",,"[1.0, 1.0]",207808,0.2064207500006887,0.4938223749995813,ok,,0.0002392289448575,0.0387677264181142,0.0381664218782122,0.0009380965031409,0.9991081372347312,0.9946135708192552,0.0011492834362802,0.3596173238374169,0.0003091728339912,0.0004727406023839,0.9999618736182796,0.9492940003327712,0.1066078161698794,1.0
8,2,4D-A-102750e40079,4D,4D-A,equal_per_property,64,joint,standardized_anomaly,"[64, 48]",1.0,"[1.0, 1.0]",207810,0.191288458998315,0.4825248749984894,ok,,0.0039749727525993,0.6821715171591961,0.6345825720509001,0.0155974718744853,0.9861899824652532,0.7799903966647698,0.0024374920631584,0.7584632126710691,0.0006554282665166,0.0010021823377319,0.9948446948659276,0.5290513968609557,0.4465284582668506,1.0
8,2,4D-D-ff94f89c821d,4D,4D-D,equal_per_property,64,partial-spatial,standardized_anomaly,"[64, 48]",,"[1.0, 1.0]",230208,0.3727700839954195,0.7344853749964386,ok,,8.206181455471452e-05,0.0184288409654122,0.0131404763124675,0.0003229811512765,0.9999627159211192,0.9994266704804744,0.0012681296357128,0.3974317898410038,0.0003411316944101,0.000521607285562,0.9999584423251344,0.9439784792492344,0.1110395139853904,1.0
8,2,4D-E-0ed2b1a0be64,4D,4D-E,equal_per_property,64,joint-property-residual,standardized_anomaly,"[64, 48]",2.0,"[1.0, 1.0]",328516,0.6087340829981258,1.097945834000711,ok,,0.0005574371580469,0.1341404021568593,0.0892516642129756,0.0021937260549305,0.9984769574635765,0.9780754662479856,0.0013007303891422,0.4081539997277318,0.0003499085189473,0.0005350274857303,0.9999558230168284,0.942035784203702,0.1455596941646868,1.0
8,2,4D-C-e7705bff9f37,4D,4D-C,equal_per_property,64,joint,standardized_anomaly,"[64, 48]",2.0,"[1.0, 0.5]",404420,0.2889675409969641,0.6003374580031959,ok,,0.0003926913868784,0.0772124312434988,0.062783752107584,0.0015431684556161,0.998925939991034,0.9874142635506796,0.0010942080683188,0.342423883650753,0.0002943629060208,0.0004500954877417,0.9999643321978096,0.954784064596496,0.112134287705166,1.0
8,2,4D-C-07c1f38e4371,4D,4D-C,equal_per_property,64,joint,standardized_anomaly,"[64, 48]",2.0,"[1.0, 2.0]",404420,0.399584374994447,0.7352635419956641,ok,,0.000576786095573,0.1114907530937224,0.0920948498453487,0.002263609014041,0.9975494295241552,0.9754932196968346,0.0010828361614913,0.3391833742749124,0.0002913131464179,0.000445432253999,0.9999659316903812,0.9555416906842266,0.121289168044526,1.0
8,2,3D-independent-fa9b36e31dc0,3D,3D-independent,equal_per_property,64,independent,raw_minmax,"[80, 48]",,"[1.0, 1.0]",272608,0.2901472079975065,0.6176603330022772,ok,,7.363092142125266e-05,0.0167855691076422,0.0117889186618468,0.000289761073432,0.9999509595505862,0.999419928771898,0.0010456994330602,0.3297172063381438,0.0002813265456465,0.0004301622459472,0.9999698124574238,0.9558343817122203,0.0922189050509317,1.0
8,2,4D-A-4f7fd7861b3e,4D,4D-A,equal_per_property,64,joint,raw_minmax,"[80, 48]",2.0,"[1.0, 1.0]",504948,0.4188138750032522,0.7438509999992675,ok,,0.0001576870224891,0.0347898251623348,0.0252443512900644,0.0006204835691655,0.9997260437442104,0.9976083535800888,0.0014359093986392,0.45165683616232,0.0003862488262798,0.0005905936186191,0.9999132919615537,0.901371373026698,0.1342391995053153,1.0
8,2,4D-B-51546c614bcf,4D,4D-B,equal_per_property,64,shared-independent,raw_minmax,"[80, 48]",,"[1.0, 1.0]",259184,0.2451833749946672,0.5474484579972341,ok,,0.0001568649946778,0.0347106317738931,0.0251142384719823,0.000617285512506,0.9997270344278046,0.9975866818439022,0.0013899467566477,0.4370120345315753,0.0003738926480304,0.00057170040904,0.9999138013943588,0.9063961472433693,0.1299328129404582,1.0
8,2,3D-independent-5cbc421a2b78,3D,3D-independent,equal_per_property,64,independent,mean_centered,"[80, 48]",,"[1.0, 1.0]",272608,0.2147329580038786,0.4933919169998262,ok,,8.124462416775505e-05,0.0182598596359074,0.0130070616691062,0.0003197019387057,0.9999377363904888,0.9993143289417074,0.0010453474776811,0.3295044319420029,0.0002812300328209,0.0004300146730486,0.9999652630150933,0.95319425488043,0.0928774999167104,1.0
8,2,4D-A-a9f18b485be4,4D,4D-A,equal_per_property,64,joint,mean_centered,"[80, 48]",2.0,"[1.0, 1.0]",504948,0.3778849590016762,0.6854463330018916,ok,,8.57172799422106e-05,0.019037004598207,0.0137231843849611,0.0003373035943628,0.9999229127183308,0.999295935949604,0.0168045151862494,5.276414188783,0.0045199369860559,0.0069112079025226,0.9903936058364834,0.4971749251792964,1.3868039407041892,1.0
8,2,4D-B-be3ed22367d4,4D,4D-B,equal_per_property,64,shared-independent,mean_centered,"[80, 48]",,"[1.0, 1.0]",259184,0.2267510829988168,0.5272939170026802,ok,,9.15907577092494e-05,0.0207631966150019,0.0146655341469985,0.0003604657084149,0.9999196771068404,0.9991475938254564,0.0165761112460042,5.205253235239252,0.0044584913497971,0.0068172544761369,0.990517894057954,0.5137303571719664,1.3673943640888857,1.0
8,2,3D-independent-44372d7b9669,3D,3D-independent,equal_per_property,64,independent,ensemble_anomaly,"[80, 48]",,"[1.0, 1.0]",272608,0.2629283330024918,0.5706372500062571,ok,,5.326857268262171e-05,0.0120863670743616,0.0085281183677279,0.0002096135195661,0.9999758938124044,0.9997310386048908,0.0011684962707685,0.3656618732891847,0.0003143373100307,0.0004806373424771,0.9999619047918574,0.9497878789239952,0.1007471953997758,1.0
8,2,4D-A-abc62af84685,4D,4D-A,equal_per_property,64,joint,ensemble_anomaly,"[80, 48]",2.0,"[1.0, 1.0]",504948,0.3207794999980251,0.6226644580019638,ok,,4.8379668887293866e-05,0.0109392320014489,0.0077450712279763,0.0001903669214454,0.999978069063919,0.999774625952639,0.0029949839280196,0.9385113223706538,0.0008056866238624,0.0012319348209882,0.9998685172015606,0.8696787561391823,0.253680965831548,1.0
8,2,4D-B-643a4d560541,4D,4D-B,equal_per_property,64,shared-independent,ensemble_anomaly,"[80, 48]",,"[1.0, 1.0]",259184,0.2281250000014552,0.5107452910015127,ok,,5.326710053423753e-05,0.0120860109851431,0.0085278827806999,0.0002096077290477,0.9999758954655752,0.99973105631154,0.0011770867336113,0.3684160435775838,0.000316654618001,0.000484180621334,0.9999609260682442,0.9469173822728396,0.1017944588176342,1.0
8,2,3D-independent-11e1b067c3e2,3D,3D-independent,equal_per_property,64,independent,standardized_anomaly,"[80, 48]",,"[1.0, 1.0]",272608,0.2105309999969904,0.512900208006613,ok,,5.326857268243217e-05,0.0120863670742911,0.0085281183676974,0.0002096135195653,0.9999758938123856,0.9997310386048932,0.0011684962707684,0.3656618732891832,0.0003143373100307,0.0004806373424771,0.9999619047918576,0.9497878789239964,0.1007471953997574,1.0
8,2,4D-A-3bf6b15a532d,4D,4D-A,equal_per_property,64,joint,standardized_anomaly,"[80, 48]",2.0,"[1.0, 1.0]",504948,0.3414666659955401,0.6351962500048103,ok,,0.0004692331127441,0.0936204357118192,0.0749686619089183,0.0018426626369725,0.9988490699974646,0.9843321575673876,0.0010889909755598,0.3410188894868442,0.0002929650599259,0.0004479581117103,0.9999659499904572,0.9559571752757884,0.1161236646942689,1.0
8,2,4D-B-3ee6d3ebd2d3,4D,4D-B,equal_per_property,64,shared-independent,standardized_anomaly,"[80, 48]",,"[1.0, 1.0]",259184,0.2182030420008232,0.5063103749998845,ok,,0.0001538259593522,0.0263348782725567,0.0245516212345978,0.0006034568841719,0.99963903695178,0.9977544840830876,0.0011578729313106,0.3623085494789927,0.0003114818957564,0.000476271272384,0.999961612019792,0.9493384674248948,0.1037742379993895,1.0
8,2,4D-A-0bf051d8d579,4D,4D-A,equal_per_property,64,joint,standardized_anomaly,"[80, 48]",1.0,"[1.0, 1.0]",259186,0.2030880840029567,0.4940108329974464,ok,,0.0039693969156089,0.6812081361538976,0.6336917341078587,0.0155755758748577,0.9863601389426676,0.7812907780235451,0.0024415110482596,0.7597171649216462,0.0006565094202194,0.0010038354753835,0.994838531064966,0.5285671909641007,0.4464990791454302,1.0
8,2,4D-D-e24c5d642104,4D,4D-D,equal_per_property,64,partial-spatial,standardized_anomaly,"[80, 48]",,"[1.0, 1.0]",286032,0.3872140420062351,0.7379105419968255,ok,,7.354926829800282e-05,0.0166161172096272,0.0117803524702576,0.0002895505241067,0.9999767229590942,0.9995468959886892,0.0012793434381416,0.4009891039471414,0.0003441470624406,0.0005262179328843,0.9999583036235984,0.9438828301811794,0.1114725895179585,1.0
8,2,4D-E-6ca320f290f9,4D,4D-E,equal_per_property,64,joint-property-residual,standardized_anomaly,"[80, 48]",2.0,"[1.0, 1.0]",408916,0.9712398320043576,1.6159753329993691,ok,,0.00049583479729,0.121523236306269,0.0793690391968147,0.001950819973792,0.9989645398142072,0.9828331795658456,0.0012544624598528,0.3932392710411021,0.0003374647144778,0.0005160002913131,0.9999588972337706,0.9451089223625804,0.1376978640957895,1.0
8,2,4D-C-4e04f7cc08d6,4D,4D-C,equal_per_property,64,joint,standardized_anomaly,"[80, 48]",2.0,"[1.0, 0.5]",504948,0.4622485840009176,1.1146979590048431,ok,,0.0004292436853129,0.0842311782502906,0.0686119567948879,0.0016864205124685,0.9990483615823708,0.9869660539582455,0.0011073323752564,0.3466960808959554,0.0002978922067938,0.0004554919637253,0.9999647264713348,0.9537230527493212,0.1151456764481156,1.0
8,2,4D-C-f8d668c31c07,4D,4D-C,equal_per_property,64,joint,standardized_anomaly,"[80, 48]",2.0,"[1.0, 2.0]",504948,0.3875604999993811,0.7085465409982135,ok,,0.0005312088644117,0.1071460072354683,0.0848435148336686,0.0020853776870576,0.9982562248325714,0.9790534611890176,0.0010930735290623,0.3424049116619855,0.0002940654960009,0.0004496407330657,0.9999660570967462,0.9554518745833468,0.1205745627528179,1.0
8,2,3D-current-e419eaac8e1a,3D,3D-current,equal_total,32,legacy-independent,raw_minmax,"[48, 48]",,"[1.0, 1.0]",117216,4.12857937499939,4.477448291996552,ok,,0.0009455504406453,0.2028687196104244,0.1512989221884688,0.0037187921437043,0.9952426899320256,0.9415136893677172,0.0013412647220252,0.4234049294533979,0.0003608248959835,0.0005517191678205,0.9999568412953292,0.9305870011653302,0.1725558259493246,1.0
8,2,4D-A-current-205a30146a4e,4D,4D-A-current,equal_total,32,legacy-joint,raw_minmax,"[48, 48]",2.0,"[1.0, 1.0]",181972,6.793160707995412,7.121004708002147,ok,,0.0021331312102573,0.4601710586181204,0.3413018450288818,0.0083888939958485,0.9785958110762674,0.8291527555891071,0.0156545156073151,4.915954141405497,0.0042106026167148,0.0064382203045743,0.989583059453396,0.4399688684308322,1.4353910970034118,1.0
8,2,3D-current-5e7711139fcb,3D,3D-current,equal_per_property,64,legacy-independent,raw_minmax,"[48, 48]",,"[1.0, 1.0]",216480,4.79731824999908,5.136686040998029,ok,,0.0009139109392934,0.1945236803019906,0.1462336077641363,0.0035942912469753,0.9953797592378852,0.9450099115435768,0.0010504819652114,0.3309863495536862,0.0002826105068614,0.0004321254863469,0.9999671788462616,0.952927461532836,0.1441353358293676,1.0
8,2,4D-A-current-43ce2f360e5a,4D,4D-A-current,equal_per_property,64,legacy-joint,raw_minmax,"[48, 48]",2.0,"[1.0, 1.0]",354964,7.684951750001346,8.003560707998986,ok,,0.0021316127535456,0.4597303939655419,0.341058294323773,0.0083829077374162,0.978566251806274,0.8297986240928141,0.015592007025155,4.896141257146166,0.004193782414407,0.006412501380733,0.9895829500454342,0.4426426867748056,1.4299127489194745,1.0
8,3,3D-independent-e9bc2b1d9158,3D,3D-independent,equal_total,32,independent,raw_minmax,"[64, 48]",,"[1.0, 1.0]",120704,0.2770963750008377,0.5764842079952359,ok,,0.0003601749580494,0.0624894273990312,0.057789253097431,0.0015129078007635,0.9992233817165272,0.9866633127484068,0.0017654380896813,0.4292390211473855,0.0004748672017461,0.0007260955113935,0.9999329740184684,0.9055979709953969,0.1363994516686287,1.0
8,3,4D-A-c5fc8bd2cb2c,4D,4D-A,equal_total,32,joint,raw_minmax,"[64, 48]",2.0,"[1.0, 1.0]",207812,0.3796268330042949,0.6592882909972104,ok,,0.0003952465887723,0.0643614509377943,0.0633589826438352,0.0016587218894954,0.9981816442794784,0.9811839692939398,0.0047482269946877,1.176789559653998,0.0012772295856146,0.0019529474045031,0.999173736635929,0.6458818280199178,0.3569045279837158,1.0
8,3,4D-B-f835e7c8452f,4D,4D-B,equal_total,32,shared-independent,raw_minmax,"[64, 48]",,"[1.0, 1.0]",109504,0.3507744579983409,0.6413898329992662,ok,,0.0004895916811222,0.0824681856118841,0.0785186767139944,0.0020555987859188,0.997904386317772,0.9736618118845464,0.0043109485665939,1.0739377095471323,0.0011596192470389,0.0017731153617357,0.9992122675313632,0.6640558453409966,0.3343867666365612,1.0
8,3,3D-independent-7cc1fb3009e2,3D,3D-independent,equal_total,32,independent,mean_centered,"[64, 48]",,"[1.0, 1.0]",120704,0.3005595419963356,0.5865068329949281,ok,,0.0003643028148409,0.0625172497794131,0.0584463587399728,0.0015301106576831,0.999185409231299,0.9870707917538156,0.0018395316478936,0.445869556199816,0.0004947933932589,0.0007565636468289,0.9998918498258774,0.8684998460573629,0.14515037176841,1.0
8,3,4D-A-a8d848e0bd2f,4D,4D-A,equal_total,32,joint,mean_centered,"[64, 48]",2.0,"[1.0, 1.0]",207812,0.3810462080000434,0.6550478339995607,ok,,0.0002043393912744,0.0339915163567352,0.0327514089854797,0.0008574234738177,0.9994460208767604,0.9946888938473164,0.031528344583806,7.908270763836312,0.0084810636975628,0.0129679671706088,0.9455769843083236,0.1367701517163334,2.0941331893528057,1.0
8,3,4D-B-2e139466dc24,4D,4D-B,equal_total,32,shared-independent,mean_centered,"[64, 48]",,"[1.0, 1.0]",109504,0.2663986669940641,0.5400805419994867,ok,,0.0003709659924063,0.0638222563363875,0.0595120154554901,0.0015580092767417,0.9991135963629336,0.9864819937147036,0.0311027776081057,7.808549904947228,0.0083666038622052,0.01279295240357,0.9480724328481452,0.3211336703902154,2.0546410823077887,1.0
8,3,3D-independent-34daa9e6fa18,3D,3D-independent,equal_total,32,independent,ensemble_anomaly,"[64, 48]",,"[1.0, 1.0]",120704,0.2421741250000195,0.5120799590004026,ok,,0.0003593128164922,0.0595955884100736,0.057617497828568,0.0015084112919464,0.9993383743931156,0.9896554097002722,0.0019674996662822,0.468716215416508,0.0005291939663378,0.0008091638298066,0.9999175465347596,0.9103834092279692,0.1445730985906152,1.0
8,3,4D-A-63c64c98502f,4D,4D-A,equal_total,32,joint,ensemble_anomaly,"[64, 48]",2.0,"[1.0, 1.0]",207812,0.3747693749974132,0.6610198330017738,ok,,0.0001752542447721,0.0289010916597623,0.0280814546638276,0.0007351652693289,0.9996190608913276,0.9963151670628916,0.0051694823811542,1.1671855061095633,0.0013902714139991,0.0021257939685275,0.999693384282886,0.8021673050668253,0.3242113404261167,1.0
8,3,4D-B-852478df5431,4D,4D-B,equal_total,32,shared-independent,ensemble_anomaly,"[64, 48]",,"[1.0, 1.0]",109504,0.2499269580002874,0.5248164160002489,ok,,0.0003593125555502,0.0595955504925312,0.0576174559333586,0.0015084101951406,0.9993383713508998,0.9896553944547888,0.0019406950598295,0.4639308803106838,0.0005219886969992,0.0007981466155077,0.9998967604532588,0.8940277368150867,0.1454212162920693,1.0
8,3,3D-independent-629bdce16d73,3D,3D-independent,equal_total,32,independent,standardized_anomaly,"[64, 48]",,"[1.0, 1.0]",120704,0.2425172910006949,0.5226605829957407,ok,,0.0003593128164922,0.0595955884100712,0.0576174978285637,0.0015084112919463,0.9993383743931088,0.9896554097002708,0.0019674996662821,0.4687162154165062,0.0005291939663378,0.0008091638298066,0.9999175465347596,0.9103834092279725,0.144573098590614,1.0
8,3,4D-A-06f4272272b6,4D,4D-A,equal_total,32,joint,standardized_anomaly,"[64, 48]",2.0,"[1.0, 1.0]",207812,0.350239417006378,0.6296160000056261,ok,,0.0011920003945228,0.2111940428860554,0.191083639664229,0.0050025205994426,0.9945753063747386,0.9056122222521809,0.001905849937916,0.4545408459224275,0.0005126136132022,0.0007838116472494,0.9999230198990808,0.9088741582893556,0.1896229246344286,1.0
8,3,4D-B-17b80d300b68,4D,4D-B,equal_total,32,shared-independent,standardized_anomaly,"[64, 48]",,"[1.0, 1.0]",109504,0.348238709004363,0.6667102089995751,ok,,0.000441222933913,0.0714333424023595,0.070732566592425,0.0018517604230891,0.998549823613322,0.9833687426817934,0.0019543375630831,0.4656734714315902,0.000525654013265,0.0008037510659281,0.999916002281766,0.908275745521852,0.1478211424330317,1.0
8,3,4D-A-4681118648ec,4D,4D-A,equal_total,32,joint,standardized_anomaly,"[64, 48]",1.0,"[1.0, 1.0]",109506,0.2883589589982875,0.5649136249994626,ok,,0.0056842659012313,0.9158326622882051,0.9111881605423218,0.0238546719703001,0.95526336138651,0.6931918682594063,0.0027433732644477,0.6406390937083316,0.0007378502245457,0.0011282096008176,0.9986624832947592,0.5453391759234923,0.4843015584762719,1.0
8,3,4D-D-9e53fbf0a6d8,4D,4D-D,equal_total,32,partial-spatial,standardized_anomaly,"[64, 48]",,"[1.0, 1.0]",131904,0.4021113339986186,0.7979946249979548,ok,,0.0003882434539754,0.0641724238251014,0.06225292336481,0.0016297655417031,0.9993882650131712,0.9893565600873928,0.0019727531748756,0.4698361815387882,0.0005306066405104,0.0008113238787045,0.9999151624809456,0.9058245893532384,0.1466045076608935,1.0
8,3,4D-E-07794d5e4bbe,4D,4D-E,equal_total,32,joint-property-residual,standardized_anomaly,"[64, 48]",2.0,"[1.0, 1.0]",181060,0.4664169989991933,0.8729568330018083,ok,,0.0010849902060087,0.1995841061908976,0.1738781187697579,0.0045520844823058,0.9971838970238992,0.9411374913908448,0.0020144700439044,0.4780841125490163,0.0005418231249758,0.0008284744399434,0.9999169229942684,0.9031981952298466,0.188875093857392,1.0
8,3,4D-C-3fe7ec5ee326,4D,4D-C,equal_total,32,joint,standardized_anomaly,"[64, 48]",2.0,"[1.0, 0.5]",207812,0.3657581249935902,0.6900993330054916,ok,,0.0011330456160099,0.2024900857101935,0.1816332479395631,0.0047551117717768,0.9949910289552578,0.9155890794263136,0.0018959797972315,0.4521328772465527,0.0005099587136716,0.0007797521741476,0.9999206174000318,0.9064737944092102,0.1858978815097461,1.0
8,3,4D-C-5b31da2b924b,4D,4D-C,equal_total,32,joint,standardized_anomaly,"[64, 48]",2.0,"[1.0, 2.0]",207812,0.4002038329999777,0.6977127910067793,ok,,0.0012635235239195,0.2226307062251189,0.2025780204255598,0.0053034405350134,0.994456353943356,0.9074044333598498,0.0019185092312823,0.4566156451066137,0.0005160162917701,0.0007890145115993,0.9999249189613448,0.9112022666191694,0.1924857503355557,1.0
8,3,3D-independent-7db5f3bc9ad5,3D,3D-independent,equal_total,32,independent,raw_minmax,"[80, 48]",,"[1.0, 1.0]",149728,0.2744655829956173,0.5765532090008492,ok,,0.0003309120498968,0.0583483781231486,0.0531063800744883,0.0013903113879936,0.9995264728804556,0.9894938837893392,0.0017655619247078,0.4293355878203424,0.0004749006744527,0.0007261466928225,0.9999335226132724,0.9068623749979708,0.134876459137459,1.0
8,3,4D-A-9e409054ed54,4D,4D-A,equal_total,32,joint,raw_minmax,"[80, 48]",2.0,"[1.0, 1.0]",259188,0.4851324589981232,0.7931476250014384,ok,,0.0002076206510812,0.033685988299315,0.0332782553778371,0.0008712161770294,0.999497439120884,0.99458882315123,0.0028266841023067,0.6861600905065748,0.0007603171662601,0.0011625626693671,0.9998258750543174,0.81240496699374,0.2040872959333511,1.0
8,3,4D-B-2fb1b6b4a839,4D,4D-B,equal_total,32,shared-independent,raw_minmax,"[80, 48]",,"[1.0, 1.0]",136304,0.4449428750012885,0.7332187920037541,ok,,0.0003629602092096,0.0629059876758459,0.0582342086897844,0.0015245566238679,0.9991801432793368,0.986390517513818,0.0019688717058697,0.4807514606170083,0.0005295915061387,0.0008097716878855,0.9998722780899956,0.8410472095758253,0.1574846461870081,1.0
8,3,3D-independent-dbbd1a2865ca,3D,3D-independent,equal_total,32,independent,mean_centered,"[80, 48]",,"[1.0, 1.0]",149728,0.3814857090037549,0.7822906250003143,ok,,0.0003321160229195,0.0579822741991307,0.0532949241990084,0.001395247424739,0.9995174157939304,0.9901264955241164,0.0017741949392995,0.4310072434853015,0.0004772217051694,0.0007296956639433,0.9999240229010667,0.8969789325388041,0.136359200913243,1.0
8,3,4D-A-85017caccbe9,4D,4D-A,equal_total,32,joint,mean_centered,"[80, 48]",2.0,"[1.0, 1.0]",259188,0.9360475840003346,1.393411291996017,ok,,0.0001002226554582,0.0169803096046737,0.0160645350052829,0.0004205653996627,0.9998803789720968,0.998721820733063,0.0151378797113536,3.786887363708457,0.0040720352749958,0.0062263439642461,0.988723944287567,0.2069504191148476,1.0502578883472935,1.0
8,3,4D-B-4bb821f89672,4D,4D-B,equal_total,32,shared-independent,mean_centered,"[80, 48]",,"[1.0, 1.0]",136304,0.5050566670033731,1.0229804999980845,ok,,0.0003346100483964,0.0583447042869952,0.053694114689704,0.0014056981292384,0.9994895631542364,0.9899202172239382,0.0141902274921259,3.561089301704091,0.0038171479228389,0.005836608556891,0.990659643678798,0.4726853293895879,0.972032808171081,1.0
8,3,3D-independent-3e92f69676cb,3D,3D-independent,equal_total,32,independent,ensemble_anomaly,"[80, 48]",,"[1.0, 1.0]",149728,0.5110149590036599,1.0274367919992071,ok,,0.0003329477929184,0.0554415536198517,0.053400307796884,0.0013980063402596,0.9996037276939757,0.9918198379492368,0.0019683499195495,0.4689116389529251,0.000529422640658,0.0008095134841875,0.9999176587950326,0.910653508471543,0.1432791298405967,1.0
8,3,4D-A-8bea2cabc037,4D,4D-A,equal_total,32,joint,ensemble_anomaly,"[80, 48]",2.0,"[1.0, 1.0]",259188,0.7392730420033331,1.1604479999950854,ok,,7.616947613799663e-05,0.0126325710105519,0.0122049954984886,0.0003195236468416,0.9999587593708864,0.999379808455422,0.0050994111753749,1.14854412669464,0.0013714201963059,0.0020969695213957,0.9997278527605608,0.8193563576662326,0.3129521536610912,1.0
8,3,4D-B-2828b82824ed,4D,4D-B,equal_total,32,shared-independent,ensemble_anomaly,"[80, 48]",,"[1.0, 1.0]",136304,1.3623206249976647,1.8514087079965975,ok,,0.0003329480144891,0.0554415847143613,0.0534003432145791,0.0013980072674858,0.99960372908057,0.9918198353439732,0.0019237154584096,0.4588022167506532,0.000517418791516,0.0007911590032939,0.9999176037009844,0.9077666191653408,0.1411126435525894,1.0
8,3,3D-independent-86c75f98455a,3D,3D-independent,equal_total,32,independent,standardized_anomaly,"[80, 48]",,"[1.0, 1.0]",149728,0.9221983329989598,1.586653665995982,ok,,0.0003329477929184,0.055441553619846,0.0534003077968794,0.0013980063402595,0.9996037276939664,0.9918198379492396,0.0019683499195495,0.468911638952924,0.000529422640658,0.0008095134841875,0.9999176587950326,0.9106535084715428,0.1432791298405946,1.0
8,3,4D-A-4ea76ef087a9,4D,4D-A,equal_total,32,joint,standardized_anomaly,"[80, 48]",2.0,"[1.0, 1.0]",259188,0.7452443340007449,1.6011671660016873,ok,,0.0011710726908771,0.208917023214513,0.1877433987237875,0.0049150739496874,0.9950379866794014,0.9104035354486614,0.0019120822727102,0.455963175125521,0.0005142897962691,0.0007863746143204,0.9999233322177736,0.9096499844789092,0.1887133595940621,1.0
8,3,4D-B-934096b5cda8,4D,4D-B,equal_total,32,shared-independent,standardized_anomaly,"[80, 48]",,"[1.0, 1.0]",136304,0.5799180410031113,0.993089499999769,ok,,0.0003803728910762,0.0624260725707306,0.0609892408658688,0.0015966826585049,0.9990633546671688,0.9875409788455072,0.0019609206637945,0.4672042858489306,0.0005274245714236,0.0008064583371965,0.9999163627703078,0.9091748176800364,0.1453181150392224,1.0
8,3,4D-A-b80c4d29ed28,4D,4D-A,equal_total,32,joint,standardized_anomaly,"[80, 48]",1.0,"[1.0, 1.0]",136306,0.557536499996786,1.0536661670048488,ok,,0.0056775036455784,0.914892156547221,0.910104267701876,0.0238262959341756,0.9553311575041494,0.6954802737592751,0.0027469604433593,0.6414195741608696,0.0007388149075615,0.0011296846490102,0.998659360737346,0.5447658939389576,0.4840471617147435,1.0
8,3,4D-D-2ecf0e4138e3,4D,4D-D,equal_total,32,partial-spatial,standardized_anomaly,"[80, 48]",,"[1.0, 1.0]",163152,0.4769725840014871,0.9015077090007252,ok,,0.0003544320928484,0.0592255491715567,0.056841889394541,0.0014881060623876,0.999492990694946,0.9906757999412452,0.0019661639897936,0.4683597064369076,0.0005288346203606,0.000808614371979,0.9999165902368032,0.9090277230892632,0.1444333735233025,1.0
8,3,4D-E-4f4328240852,4D,4D-E,equal_total,32,joint-property-residual,standardized_anomaly,"[80, 48]",2.0,"[1.0, 1.0]",224596,0.683008209001855,1.201139165998029,ok,,0.0009861263855463,0.1781119534712626,0.1579977259620804,0.0041363398780725,0.9971480968974448,0.9431628101009908,0.0019516101596832,0.4633444675603135,0.0005249168760477,0.0008026239465506,0.9999212683188736,0.9087496545887652,0.1788750471716745,1.0
8,3,4D-C-44adce3e7a5f,4D,4D-C,equal_total,32,joint,standardized_anomaly,"[80, 48]",2.0,"[1.0, 0.5]",259188,0.6189423329997226,1.0003336249938002,ok,,0.0011271970234719,0.201984946453743,0.1806966578048204,0.0047305920826474,0.9953999845019692,0.9188037833470843,0.0019054365993273,0.4542693404745175,0.0005125020239595,0.000783641021761,0.999922032880624,0.9089307106230414,0.1855967599857994,1.0
8,3,4D-C-1150f24dbbfa,4D,4D-C,equal_total,32,joint,standardized_anomaly,"[80, 48]",2.0,"[1.0, 2.0]",259188,0.3693627920001745,0.7319323329938925,ok,,0.001234878503994,0.2187578375341321,0.1979889443603911,0.0051832997025028,0.9950835495061672,0.9120081864539884,0.0019220516687494,0.4574016247962372,0.0005169689539822,0.0007904711793866,0.999924912249706,0.9115109738899264,0.1910999705396029,1.0
8,3,3D-independent-82249d692984,3D,3D-independent,equal_per_property,64,independent,raw_minmax,"[64, 48]",,"[1.0, 1.0]",219008,0.3997307079989696,0.7244259580038488,ok,,0.0001818102740914,0.0303243387999162,0.0291431862180896,0.0007629611286741,0.9995618816324866,0.9956189330647184,0.0014634974545224,0.3571567716068656,0.0003936545953887,0.0006019174070143,0.9999441028885038,0.9281543251403028,0.1063986203260678,1.0
8,3,4D-A-63bd70d89f36,4D,4D-A,equal_per_property,64,joint,raw_minmax,"[64, 48]",2.0,"[1.0, 1.0]",404420,0.6848048329993617,1.1954066250036703,ok,,0.000378206733601,0.0617076446715015,0.0606274184978829,0.0015872102418586,0.998230471349424,0.9824004418974456,0.0042188073153862,1.0514562692195877,0.001134835037018,0.001735219074977,0.9992188107478946,0.6713935521664521,0.3215667292147851,1.0
8,3,4D-B-49fc67f13645,4D,4D-B,equal_per_property,64,shared-independent,raw_minmax,"[64, 48]",,"[1.0, 1.0]",207808,1.1176421659984044,1.760687500005588,ok,,0.0003785003651806,0.0617205207689953,0.0606738098028137,0.0015884247543043,0.998237952355308,0.9823878955044792,0.0041963834605811,1.0472911993597425,0.0011288065017673,0.0017260011454808,0.9992177105075504,0.6723067873397602,0.3204160946766545,1.0
8,3,3D-independent-64af48d38810,3D,3D-independent,equal_per_property,64,independent,mean_centered,"[64, 48]",,"[1.0, 1.0]",219008,0.3797456659958698,0.7980761250000796,ok,,0.0001916204118164,0.0316047265137683,0.0307137211598525,0.0008040773299989,0.9995238557469084,0.9953348034341444,0.001555387437698,0.3770614394187553,0.0004183651334355,0.0006397010456694,0.9998995968659397,0.888883058246399,0.116639308773063,1.0
8,3,4D-A-fbc2ac4d32c8,4D,4D-A,equal_per_property,64,joint,mean_centered,"[64, 48]",2.0,"[1.0, 1.0]",404420,0.3757803749977029,0.672305125001003,ok,,0.0001999732483682,0.033218950445846,0.0320517293826972,0.0008391060415556,0.99944800632111,0.9948849276213624,0.0313033339119472,7.852449251123112,0.0084205383352665,0.0128754208887699,0.9474054258255188,0.2326363722039118,2.0679768879140803,1.0
8,3,4D-B-6a56509ea188,4D,4D-B,equal_per_property,64,shared-independent,mean_centered,"[64, 48]",,"[1.0, 1.0]",207808,0.226020125002833,0.5172800420041312,ok,,0.0002044671042922,0.0340113751783935,0.0327717985813583,0.0008579572681999,0.9994456010450792,0.9946828118656988,0.0310898240551702,7.80554273142545,0.0083631199541219,0.012787625335261,0.9480737592918338,0.3206797224561944,2.0454682098607244,1.0
8,3,3D-independent-5a93f5036396,3D,3D-independent,equal_per_property,64,independent,ensemble_anomaly,"[64, 48]",,"[1.0, 1.0]",219008,0.2095065000030445,0.5152288329991279,ok,,0.0001752308256834,0.0288983290206163,0.0280776977087543,0.0007350669132102,0.9996190602706684,0.9963152657200794,0.0016737324634746,0.3948110091750452,0.000450171069132,0.0006883338993598,0.999931862030024,0.9263185041303182,0.1155981133176156,1.0
8,3,4D-A-cbe030d90365,4D,4D-A,equal_per_property,64,joint,ensemble_anomaly,"[64, 48]",2.0,"[1.0, 1.0]",404420,0.311110374997952,0.6026698329951614,ok,,0.0001694706414695,0.0278743688552575,0.0271548015594593,0.000710905729102,0.999622655713861,0.9965228555539796,0.003548727165017,0.8630909534028023,0.0009545374819089,0.0014595351679847,0.9998284743224348,0.823748686760716,0.2452073877751779,1.0
8,3,4D-B-6939f5acac9e,4D,4D-B,equal_per_property,64,shared-independent,ensemble_anomaly,"[64, 48]",,"[1.0, 1.0]",207808,0.2481436249945545,0.551535958002205,ok,,0.0001752290712516,0.028898019983066,0.0280774155835852,0.0007350595272458,0.9996190613950228,0.996315313759725,0.0016680542531896,0.3975929299122673,0.0004486539862729,0.0006860142044002,0.9999092499771072,0.9087012322408232,0.1184956692237647,1.0
8,3,3D-independent-7a2c6100f5cb,3D,3D-independent,equal_per_property,64,independent,standardized_anomaly,"[64, 48]",,"[1.0, 1.0]",219008,0.2285243329970399,0.5458663329991396,ok,,0.0001752308256833,0.0288983290206073,0.0280776977087449,0.00073506691321,0.9996190602706916,0.9963152657200796,0.0016737324634746,0.3948110091750396,0.000450171069132,0.0006883338993598,0.999931862030024,0.926318504130324,0.1155981133176113,1.0
8,3,4D-A-c45120ace2c4,4D,4D-A,equal_per_property,64,joint,standardized_anomaly,"[64, 48]",2.0,"[1.0, 1.0]",404420,0.3181660829941393,0.6164515420023235,ok,,0.00076420518885,0.1338571708443086,0.1226757929851987,0.003211620746495,0.9968914362002512,0.9577071190556704,0.0015533152844222,0.3680736521647709,0.0004177872275717,0.0006388173989315,0.9999355530734156,0.9335501628269784,0.1390755455169388,1.0
8,3,4D-B-f843c8275099,4D,4D-B,equal_per_property,64,shared-independent,standardized_anomaly,"[64, 48]",,"[1.0, 1.0]",207808,0.2111605000027339,0.5094619169976795,ok,,0.0002937924151591,0.0461807258152941,0.0470676516417535,0.0012322190288975,0.998890870499904,0.9908675940308704,0.0016568258634555,0.3907652687233343,0.0004456236079748,0.000681380605634,0.9999311247852728,0.9247105342549938,0.119789232598924,1.0
8,3,4D-A-102750e40079,4D,4D-A,equal_per_property,64,joint,standardized_anomaly,"[64, 48]",1.0,"[1.0, 1.0]",207810,0.2093965419990127,0.5182676249969518,ok,,0.0059228493837658,0.9608696583294556,0.9494543342595656,0.0248564705681222,0.9567709584607068,0.701411113469165,0.0025091049801269,0.5841755527497378,0.000674838609501,0.0010318617151742,0.9987502563978916,0.5664746930591955,0.4777755769537533,1.0
8,3,4D-D-ff94f89c821d,4D,4D-D,equal_per_property,64,partial-spatial,standardized_anomaly,"[64, 48]",,"[1.0, 1.0]",230208,0.4002670409972779,0.7581887089982047,ok,,0.0001031329483508,0.0177872122010298,0.0165356423675773,0.000432898869386,0.9999397835499666,0.9989019483707522,0.001775205300411,0.4221667107483771,0.0004774707791786,0.0007300765104609,0.99992429552138,0.9180746722198464,0.1203664031635269,1.0
8,3,4D-E-0ed2b1a0be64,4D,4D-E,equal_per_property,64,joint-property-residual,standardized_anomaly,"[64, 48]",2.0,"[1.0, 1.0]",328516,0.59698016699258,1.078740958997514,ok,,0.00088151019639,0.1547654115575766,0.1412835179015636,0.0036987662047166,0.9966348435619397,0.9466554113951128,0.0018530335915372,0.4430517382935228,0.0004984101690088,0.0007620938763921,0.99992789620764,0.9129094184922156,0.1670086837268588,1.0
8,3,4D-C-e7705bff9f37,4D,4D-C,equal_per_property,64,joint,standardized_anomaly,"[64, 48]",2.0,"[1.0, 0.5]",404420,0.353530790998775,0.7112504999968223,ok,,0.0007204919029881,0.1301007179350858,0.115671033782802,0.0030282379500102,0.9973998027058328,0.9593949998693988,0.0015541739404522,0.3691455580452662,0.0004180202388949,0.0006391736848052,0.9999333422867994,0.9306714215850096,0.1385532663132869,1.0
8,3,4D-C-07c1f38e4371,4D,4D-C,equal_per_property,64,joint,standardized_anomaly,"[64, 48]",2.0,"[1.0, 2.0]",404420,0.4204813329997705,0.8187792089956929,ok,,0.0009088984875611,0.1672780945379495,0.1458485318176766,0.0038182770963461,0.995628235148578,0.941903805491536,0.001548007004385,0.3656229513080897,0.0004163566862899,0.0006366300303372,0.9999382980213604,0.9356055152247076,0.1485365963719793,1.0
8,3,3D-independent-fa9b36e31dc0,3D,3D-independent,equal_per_property,64,independent,raw_minmax,"[80, 48]",,"[1.0, 1.0]",272608,0.288035834004404,0.6069309999948018,ok,,8.31403343318883e-05,0.0143930966591764,0.0133280145115057,0.000348923996113,0.9999313125451842,0.9991433096381248,0.0014663850938537,0.3578404694938265,0.0003944312878906,0.0006031050083843,0.9999445354032536,0.9294071280942856,0.1019895868216994,1.0
8,3,4D-A-4f7fd7861b3e,4D,4D-A,equal_per_property,64,joint,raw_minmax,"[80, 48]",2.0,"[1.0, 1.0]",504948,0.4114252500003204,0.7123689579966594,ok,,0.0001716623335661,0.0280790249333969,0.0275129606649939,0.0007202822424784,0.9995643879875644,0.9959574800744508,0.001747917256264,0.4260942517808839,0.0004701572265701,0.00071889372567,0.9998821446941722,0.8610561337063594,0.1314166174559689,1.0
8,3,4D-B-51546c614bcf,4D,4D-B,equal_per_property,64,shared-independent,raw_minmax,"[80, 48]",,"[1.0, 1.0]",259184,0.2773282909984118,0.5949916669997037,ok,,0.0001722651189168,0.0281359402690693,0.0276082154222189,0.0007227759875528,0.9995663816692876,0.9959302994778324,0.0016988254664176,0.4165709957435557,0.0004569581740706,0.0006987117195443,0.999881184970043,0.8613500390853308,0.1290166916827608,1.0
8,3,3D-independent-5cbc421a2b78,3D,3D-independent,equal_per_property,64,independent,mean_centered,"[80, 48]",,"[1.0, 1.0]",272608,0.2341935839940561,0.5245859999995446,ok,,9.133172852810996e-05,0.0156759802553957,0.0146403192118822,0.0003832797960544,0.99991022948942,0.9989459974875488,0.0014683188242986,0.3577896626515682,0.0003949500831115,0.0006038982720164,0.9999313719200296,0.9170921837777288,0.1038616380685812,1.0
8,3,4D-A-a9f18b485be4,4D,4D-A,equal_per_property,64,joint,mean_centered,"[80, 48]",2.0,"[1.0, 1.0]",504948,0.4636128339989227,0.9318093750043772,ok,,9.056209602297048e-05,0.0152813997662442,0.0145164916048134,0.0003800380211111,0.9998873934824574,0.9989323676477208,0.0146531127283972,3.6628756537399063,0.0039416302043292,0.0060269481413175,0.9899928767745696,0.3353991265567416,1.00274782660098,1.0
8,3,4D-B-be3ed22367d4,4D,4D-B,equal_per_property,64,shared-independent,mean_centered,"[80, 48]",,"[1.0, 1.0]",259184,0.3157108750019688,0.7000215420048335,ok,,0.000100378022096,0.0169960349635398,0.0160892840136502,0.000421213322344,0.9998803556215122,0.9987182568612056,0.0141561480381812,3.5531858043046163,0.0038079821598661,0.005822593650558,0.9906473991856748,0.4736764731903622,0.958496118560593,1.0
8,3,3D-independent-44372d7b9669,3D,3D-independent,equal_per_property,64,independent,ensemble_anomaly,"[80, 48]",,"[1.0, 1.0]",272608,0.3148746659935568,0.6776909170002909,ok,,7.61399101917388e-05,0.012630955937346,0.0122002427316551,0.0003193992206268,0.9999588262761364,0.9993800121523804,0.001676520013855,0.3955476502808179,0.0004509210063995,0.0006894805906489,0.9999319058953084,0.9263904827914504,0.1113233396865621,1.0
8,3,4D-A-abc62af84685,4D,4D-A,equal_per_property,64,joint,ensemble_anomaly,"[80, 48]",2.0,"[1.0, 1.0]",504948,0.7166929159939173,1.1379830420046346,ok,,6.107047002533069e-05,0.0099766952584211,0.0097856662722828,0.0002561862291946,0.999966221291574,0.9996064098024036,0.0035897195168836,0.8765045623681725,0.0009655722973202,0.0014764079482266,0.9998508693801544,0.8450990928923595,0.241032126569803,1.0
8,3,4D-B-643a4d560541,4D,4D-B,equal_per_property,64,shared-independent,ensemble_anomaly,"[80, 48]",,"[1.0, 1.0]",259184,0.4367720419977559,0.935007542000676,ok,,7.613954926751841e-05,0.0126308791972406,0.0122001840139176,0.0003193976834116,0.9999588285259242,0.9993800296705686,0.0016234795077926,0.3839777337250212,0.0004366571711926,0.0006676704789359,0.99993393023817,0.9257305546432968,0.1085133301913323,1.0
8,3,3D-independent-11e1b067c3e2,3D,3D-independent,equal_per_property,64,independent,standardized_anomaly,"[80, 48]",,"[1.0, 1.0]",272608,0.4056074589971103,0.8731269169948064,ok,,7.613991019176653e-05,0.0126309559373449,0.0122002427316596,0.000319399220627,0.9999588262760858,0.999380012152379,0.001676520013855,0.3955476502808221,0.0004509210063995,0.000689480590649,0.9999319058953086,0.926390482791448,0.1113233396865634,1.0
8,3,4D-A-3bf6b15a532d,4D,4D-A,equal_per_property,64,joint,standardized_anomaly,"[80, 48]",2.0,"[1.0, 1.0]",504948,0.514787250001973,0.8705176670046058,ok,,0.0007519450261491,0.1328770982565153,0.1207259119306855,0.0031605733613876,0.9972280084106728,0.9601748312442856,0.0015554308835626,0.3682644256946803,0.0004183554984425,0.000639686313287,0.9999361682527532,0.934538020311912,0.1384462745432742,1.0
8,3,4D-B-3ee6d3ebd2d3,4D,4D-B,equal_per_property,64,shared-independent,standardized_anomaly,"[80, 48]",,"[1.0, 1.0]",259184,0.3546287499993923,0.6802190419984981,ok,,0.000191690064289,0.0304154931341755,0.0307057721752307,0.0008038692276235,0.9994182910785292,0.9951537382496556,0.0016661166777047,0.3929609483161509,0.0004481225589359,0.0006852016256357,0.999930864026194,0.9248911297870228,0.1158385018579968,1.0
8,3,4D-A-0bf051d8d579,4D,4D-A,equal_per_property,64,joint,standardized_anomaly,"[80, 48]",1.0,"[1.0, 1.0]",259186,0.2233215000014752,0.524283042002935,ok,,0.005913020611389,0.9592511424377764,0.9478781029563528,0.024815205237518,0.9569949893527832,0.7039236801088481,0.0025153615690264,0.5856968783477833,0.0006765215208455,0.0010344349701154,0.9987444585049916,0.5666265128007223,0.4774182310826936,1.0
8,3,4D-D-e24c5d642104,4D,4D-D,equal_per_property,64,partial-spatial,standardized_anomaly,"[80, 48]",,"[1.0, 1.0]",286032,0.4290529580030124,0.8039760419997037,ok,,9.42029583822941e-05,0.0161495790286807,0.0151035475287985,0.0003954069943938,0.9999575671768878,0.99909217665503,0.0017796264346396,0.4230250452414689,0.0004786594953612,0.0007318941164807,0.9999243575785892,0.9186973776805226,0.1200699617755933,1.0
8,3,4D-E-6ca320f290f9,4D,4D-E,equal_per_property,64,joint-property-residual,standardized_anomaly,"[80, 48]",2.0,"[1.0, 1.0]",408916,0.7809597920058877,1.2980857920047129,ok,,0.0008419838722488,0.1471167328083161,0.1349133205643854,0.0035319960748523,0.9971375984158938,0.951703089628832,0.0018014364315806,0.4307987003904268,0.0004845321929534,0.0007408737624655,0.9999296810774104,0.918100742825059,0.1607533792429493,1.0
8,3,4D-C-4e04f7cc08d6,4D,4D-C,equal_per_property,64,joint,standardized_anomaly,"[80, 48]",2.0,"[1.0, 0.5]",504948,0.3808237920020474,0.71533383300266,ok,,0.0007030448603618,0.1294512803428441,0.112881870482155,0.0029552183712999,0.9977180756702294,0.9617031952440774,0.0015683597121322,0.372423597891609,0.0004218355859094,0.000645007539684,0.999934733302646,0.9334698334749164,0.138572090968739,1.0
8,3,4D-C-f8d668c31c07,4D,4D-C,equal_per_property,64,joint,standardized_anomaly,"[80, 48]",2.0,"[1.0, 2.0]",504948,0.416047457998502,0.7969729579999694,ok,,0.0008696883850388,0.1633371814759144,0.1395473142213119,0.0036533128383763,0.996261140215378,0.9429349880959886,0.0015627686310832,0.3701727302972375,0.0004203297551887,0.0006427050498022,0.9999369787992666,0.9356263778935254,0.1485573071945987,1.0
8,3,3D-current-e419eaac8e1a,3D,3D-current,equal_total,32,legacy-independent,raw_minmax,"[48, 48]",,"[1.0, 1.0]",117216,4.853339667002729,5.212214250001125,ok,,0.0009832075250208,0.1659629823541976,0.1576653375714148,0.0041276380353913,0.9942581636184348,0.9287701079407306,0.0017823417314337,0.4325618528326152,0.0004794119571654,0.0007330446679117,0.9999271990044866,0.8981343579045223,0.1712681505660466,1.0
8,3,4D-A-current-205a30146a4e,4D,4D-A-current,equal_total,32,legacy-joint,raw_minmax,"[48, 48]",2.0,"[1.0, 1.0]",181972,6.592430750002677,7.013795583996398,ok,,0.0024431964090854,0.4098747921208093,0.3917728384286502,0.0102565122685818,0.9739691513880452,0.7843704882973704,0.0156194122111693,3.9141182146166265,0.0042015825323487,0.0064244281480588,0.9907766749105372,0.440080931374687,1.177941824225352,1.0
8,3,3D-current-5e7711139fcb,3D,3D-current,equal_per_property,64,legacy-independent,raw_minmax,"[48, 48]",,"[1.0, 1.0]",216480,4.893187792004028,5.4322829590018955,ok,,0.0009506156642527,0.1597859903998661,0.1524325246276036,0.0039906443367657,0.994402840652171,0.9343979441032726,0.0014753601786074,0.3591099031895335,0.0003968430911851,0.0006067927752801,0.999939791090764,0.921460567580659,0.1477416594368584,1.0
8,3,4D-A-current-43ce2f360e5a,4D,4D-A-current,equal_per_property,64,legacy-joint,raw_minmax,"[48, 48]",2.0,"[1.0, 1.0]",354964,6.6571797500000685,7.037031084000773,ok,,0.0024406808883514,0.4094954501171027,0.391369673738436,0.0102459575205599,0.9739232296129856,0.7848548275839788,0.0154872472494316,3.8827912822757633,0.0041660349157595,0.0063700740786446,0.9908477364146876,0.4453316024103139,1.16929837934893,1.0
9,1,3D-independent-e9bc2b1d9158,3D,3D-independent,equal_total,32,independent,raw_minmax,"[64, 48]",,"[1.0, 1.0]",120704,0.3690969579984084,0.726641125002061,ok,,0.0003214165606555,0.0690720042237321,0.0515998664373382,0.0012462922314763,0.9995001629396412,0.9850970022744354,0.0013055945785214,0.4624891738782711,0.000351319204294,0.0005371844936147,0.9999660599114892,0.9274114628790688,0.1438267363813128,1.0
9,1,4D-A-c5fc8bd2cb2c,4D,4D-A,equal_total,32,joint,raw_minmax,"[64, 48]",2.0,"[1.0, 1.0]",207812,0.573786041000858,0.8961610000042128,ok,,0.0003454958696534,0.0733021055110366,0.0554638493534055,0.0013396190600776,0.9987738500952656,0.9847320666062652,0.0042073451805555,1.4862952400940097,0.0011322000576746,0.0017311900608298,0.9992522183622656,0.6849156587225403,0.4311933707351609,1.0
9,1,4D-B-f835e7c8452f,4D,4D-B,equal_total,32,shared-independent,raw_minmax,"[64, 48]",,"[1.0, 1.0]",109504,0.3213380840024911,0.6202283750026254,ok,,0.0004346899561368,0.0926027173563424,0.069784401769827,0.0016855035450445,0.998576359208808,0.974950123149362,0.0041260336901145,1.457105041942663,0.0011103198045284,0.0016977340682089,0.9992586354740802,0.6923637932942781,0.4290127002692963,1.0
9,1,3D-independent-7cc1fb3009e2,3D,3D-independent,equal_total,32,independent,mean_centered,"[64, 48]",,"[1.0, 1.0]",120704,0.3097864590017707,0.6043532909970963,ok,,0.0003277859132215,0.0705735770443756,0.0526222371606679,0.0012709855645825,0.9994637099463178,0.985067801885288,0.0013706357426156,0.48524450831046,0.0003688243344766,0.0005639507061584,0.999948949208273,0.91120202726277,0.1519207926952017,1.0
9,1,4D-A-a8d848e0bd2f,4D,4D-A,equal_total,32,joint,mean_centered,"[64, 48]",2.0,"[1.0, 1.0]",207812,0.4209696659963811,0.8244260419960483,ok,,0.0001697462937864,0.0363419908997521,0.0272499957772927,0.0006581694951913,0.9996877924760712,0.9961898559584444,0.032918326617276,11.62532587545174,0.0088583921092214,0.0135449210326972,0.9502546656425888,0.2852504367955782,3.0052369299936204,1.0
9,1,4D-B-2e139466dc24,4D,4D-B,equal_total,32,shared-independent,mean_centered,"[64, 48]",,"[1.0, 1.0]",109504,0.4072249579985509,0.7488389580030343,ok,,0.0003298578654903,0.0710267970312724,0.0529546398080033,0.0012790140899586,0.999449626327872,0.9849120533001686,0.0326432458183292,11.525583713677998,0.0087843688224143,0.0134317357545992,0.9509800184718312,0.3474602627756977,2.9826060881678345,1.0
9,1,3D-independent-34daa9e6fa18,3D,3D-independent,equal_total,32,independent,ensemble_anomaly,"[64, 48]",,"[1.0, 1.0]",120704,0.2921302909962833,0.5790317089995369,ok,,0.000283766307938,0.0596419672580253,0.0455693091976462,0.0011006361056328,0.9996521462746614,0.9900903927351132,0.0016214767034767,0.5737481072212072,0.0004363371614274,0.000667181168128,0.9999542208467468,0.9118612818996972,0.1706035592904568,1.0
9,1,4D-A-63c64c98502f,4D,4D-A,equal_total,32,joint,ensemble_anomaly,"[64, 48]",2.0,"[1.0, 1.0]",207812,0.3748205409938236,0.6559642499996698,ok,,0.0001160204814514,0.0248287987012336,0.0186266719733359,0.0004498902454876,0.9998619919368702,0.9982442269407986,0.0031646096117997,1.1164589292527092,0.0008516069301861,0.0013021492476339,0.9998476446978998,0.824303027711942,0.3075035251568931,1.0
9,1,4D-B-852478df5431,4D,4D-B,equal_total,32,shared-independent,ensemble_anomaly,"[64, 48]",,"[1.0, 1.0]",109504,0.3009602080055629,0.6054581659991527,ok,,0.0002837665355119,0.0596420348000723,0.0455693455394384,0.0011006369833966,0.9996521459365276,0.9900903913651868,0.0015999283569454,0.5655587079030787,0.0004305369527863,0.0006583123613459,0.9999303823213797,0.904863376256958,0.1694309647230196,1.0
9,1,3D-independent-629bdce16d73,3D,3D-independent,equal_total,32,independent,standardized_anomaly,"[64, 48]",,"[1.0, 1.0]",120704,0.2616706249973504,0.5448174589982955,ok,,0.000283766307938,0.0596419672580345,0.0455693091976526,0.001100636105633,0.9996521462746416,0.99009039273511,0.0016214767034767,0.5737481072212067,0.0004363371614274,0.000667181168128,0.9999542208467472,0.9118612818996972,0.1706035592904594,1.0
9,1,4D-A-06f4272272b6,4D,4D-A,equal_total,32,joint,standardized_anomaly,"[64, 48]",2.0,"[1.0, 1.0]",207812,0.3498653339993325,0.6330164169994532,ok,,0.0013505717499627,0.2930363500276108,0.2167978961776528,0.0052363223485226,0.9954421396712924,0.8764076974458592,0.0013728829688312,0.4856235795118824,0.0003694416855729,0.0005648946666136,0.999965021647932,0.9298771894934542,0.2188793715174591,1.0
9,1,4D-B-17b80d300b68,4D,4D-B,equal_total,32,shared-independent,standardized_anomaly,"[64, 48]",,"[1.0, 1.0]",109504,0.3101482499987469,0.6424768329961807,ok,,0.0003391070160104,0.0709982154530863,0.0544544949394737,0.0013152401100581,0.9993208441013955,0.9859889663915906,0.0016193083558389,0.5729772284696159,0.00043575366743,0.0006662889768566,0.9999540763382954,0.9116280654325598,0.1737917320026567,1.0
9,1,4D-A-4681118648ec,4D,4D-A,equal_total,32,joint,standardized_anomaly,"[64, 48]",1.0,"[1.0, 1.0]",109506,0.2715931659986381,0.5625587910035392,ok,,0.003911067323827,0.797928676591443,0.6281410023008975,0.0151714976314914,0.976198770734192,0.7500374151475816,0.0018859613300967,0.6646678526125904,0.0005075230202258,0.0007760278780252,0.9992029978111038,0.686835151656587,0.4360400614504873,1.0
9,1,4D-D-9e53fbf0a6d8,4D,4D-D,equal_total,32,partial-spatial,standardized_anomaly,"[64, 48]",,"[1.0, 1.0]",131904,0.404490958993847,0.850158499997633,ok,,0.0003571518337096,0.0765876712247843,0.0573305803138584,0.0013847062367488,0.9996195056806152,0.9837299423958118,0.0016246324034436,0.5748279744791759,0.0004371863395677,0.0006684796036354,0.9999540182526294,0.9113154758450752,0.1759732341458792,1.0
9,1,4D-E-07794d5e4bbe,4D,4D-E,equal_total,32,joint-property-residual,standardized_anomaly,"[64, 48]",2.0,"[1.0, 1.0]",181060,0.5376986659975955,0.975395708999713,ok,,0.0006455342767163,0.1384558172651061,0.1036391085430637,0.0025031967090691,0.9990152845993364,0.9613785376758104,0.0015998055213443,0.5657315477206477,0.0004305059105031,0.0006582648961546,0.999955963150254,0.914817231905626,0.1915223700487589,1.0
9,1,4D-C-3fe7ec5ee326,4D,4D-C,equal_total,32,joint,standardized_anomaly,"[64, 48]",2.0,"[1.0, 0.5]",207812,0.4423876670043682,0.7378811250018771,ok,,0.0013301736520045,0.2866727572920296,0.213542571626405,0.0051576964531614,0.9953061172797496,0.8826135975251868,0.001370777312719,0.4849234368327601,0.0003688742907359,0.0005640270917573,0.9999647445896644,0.9295953255496872,0.2163729331468382,1.0
9,1,4D-C-5b31da2b924b,4D,4D-C,equal_total,32,joint,standardized_anomaly,"[64, 48]",2.0,"[1.0, 2.0]",207812,0.3494467499986058,0.6565067499977886,ok,,0.0014157645718216,0.3051202577259508,0.2272713293085915,0.0054892873123724,0.9951312558423804,0.8649995384267631,0.0013357219985764,0.472696412370237,0.0003594434468858,0.0005496068636114,0.9999641557529084,0.9314928488961876,0.2198926191086781,1.0
9,1,3D-independent-7db5f3bc9ad5,3D,3D-independent,equal_total,32,independent,raw_minmax,"[80, 48]",,"[1.0, 1.0]",149728,0.2987443749952945,0.5887098749954021,ok,,0.0002955424808285,0.0634710041296708,0.047446438025845,0.0011459744221361,0.9996912842748408,0.98711594704546,0.0013055532451665,0.4624887244052538,0.000351308020193,0.0005371673925694,0.9999663138574748,0.9277374400554356,0.1421332587461192,1.0
9,1,4D-A-9e409054ed54,4D,4D-A,equal_total,32,joint,raw_minmax,"[80, 48]",2.0,"[1.0, 1.0]",259188,0.6354874169992399,0.9343579159976798,ok,,0.0001681784998401,0.0362859167997763,0.0269958288334988,0.0006520305977596,0.9997121248060988,0.9962513626457804,0.0017348225687023,0.6147016547242388,0.0004668290344274,0.0007138047547599,0.9999160380140806,0.8706539186814722,0.1793837327150972,1.0
9,1,4D-B-2fb1b6b4a839,4D,4D-B,equal_total,32,shared-independent,raw_minmax,"[80, 48]",,"[1.0, 1.0]",136304,0.3528823329979786,0.6527801659976831,ok,,0.0003222039612796,0.0692874535181549,0.0517256596875807,0.0012493305174521,0.9994869750519696,0.9849685823113024,0.0015204031547162,0.5379215777651581,0.0004091282173188,0.0006255773426492,0.999920998454802,0.8881837617094753,0.167658214818231,1.0
9,1,3D-independent-dbbd1a2865ca,3D,3D-independent,equal_total,32,independent,mean_centered,"[80, 48]",,"[1.0, 1.0]",149728,0.2742238749997341,0.5430348340014461,ok,,0.0003003520064183,0.064706555001004,0.0482182868877458,0.0011646168975315,0.9996677829293936,0.9871952750694885,0.0013115629910136,0.4645419271107638,0.0003529256992439,0.0005396409040973,0.9999624372883554,0.9251357627201936,0.1432707408042317,1.0
9,1,4D-A-85017caccbe9,4D,4D-A,equal_total,32,joint,mean_centered,"[80, 48]",2.0,"[1.0, 1.0]",259188,0.61264525000297,1.035521917001461,ok,,8.720514716676073e-05,0.0185964866675105,0.0139990709937155,0.0003381197400683,0.9999228292867892,0.9989763776242212,0.0144151732860769,5.093746917966457,0.0038791591458799,0.0059314267935274,0.9906123632774396,0.3777014477820327,1.35600112298271,1.0
9,1,4D-B-4bb821f89672,4D,4D-B,equal_total,32,shared-independent,mean_centered,"[80, 48]",,"[1.0, 1.0]",136304,0.8967610000036075,1.4121880830061857,ok,,0.0003021145894216,0.0650928183044516,0.0485011007831853,0.0011714477051513,0.9996532930743184,0.9870634318448634,0.0137675829938394,4.8611426437984475,0.003704885586862,0.0056649538754313,0.991268842916802,0.489667162771,1.2969675411987418,1.0
9,1,3D-independent-3e92f69676cb,3D,3D-independent,equal_total,32,independent,ensemble_anomaly,"[80, 48]",,"[1.0, 1.0]",149728,0.3385429580011987,0.6741979169964907,ok,,0.0002694975436445,0.0564679750603959,0.0432794447994809,0.0010453289816496,0.999740703148864,0.9910629291547484,0.0016218327968134,0.5738738999701114,0.0004364329907033,0.0006673276958452,0.9999542362051956,0.911875021367622,0.1697182249423305,1.0
9,1,4D-A-8bea2cabc037,4D,4D-A,equal_total,32,joint,ensemble_anomaly,"[80, 48]",2.0,"[1.0, 1.0]",259188,0.4835972500004573,0.8113425000046846,ok,,5.343187009544491e-05,0.0112542694143175,0.0085788454024592,0.0002072049623055,0.9999764253331596,0.9996143365062607,0.0030856209656865,1.0889974146329315,0.0008303502919982,0.001269646793224,0.9998747163164666,0.8356022613575459,0.2956608462788364,1.0
9,1,4D-B-2828b82824ed,4D,4D-B,equal_total,32,shared-independent,ensemble_anomaly,"[80, 48]",,"[1.0, 1.0]",136304,0.3019330419992911,0.604419584000425,ok,,0.0002694973483861,0.0564679317275915,0.0432794133508231,0.0010453282220698,0.999740705026226,0.9910629539835468,0.0016319721248887,0.5772731196177053,0.0004391614486992,0.0006714996434899,0.9999528147964624,0.910156884354805,0.1707827830440302,1.0
9,1,3D-independent-86c75f98455a,3D,3D-independent,equal_total,32,independent,standardized_anomaly,"[80, 48]",,"[1.0, 1.0]",149728,0.281057416999829,0.5721985420022975,ok,,0.0002694975436444,0.0564679750603805,0.0432794447994696,0.0010453289816493,0.9997407031488956,0.9910629291547458,0.0016218327968134,0.5738738999701107,0.0004364329907033,0.0006673276958452,0.9999542362051956,0.9118750213676226,0.1697182249423268,1.0
9,1,4D-A-4ea76ef087a9,4D,4D-A,equal_total,32,joint,standardized_anomaly,"[80, 48]",2.0,"[1.0, 1.0]",259188,0.377444416997605,0.6621699999959674,ok,,0.0013365936926792,0.2902465013365796,0.2145528094511221,0.0051820967402128,0.9956834047880272,0.8790282910257767,0.0013752067729003,0.4864348852914362,0.0003700669243081,0.0005658506876602,0.9999651243407834,0.9299400648313032,0.2180493021748689,1.0
9,1,4D-B-934096b5cda8,4D,4D-B,equal_total,32,shared-independent,standardized_anomaly,"[80, 48]",,"[1.0, 1.0]",136304,0.2795536669946159,0.5655849590038997,ok,,0.0003012560277803,0.0633314134510314,0.048377925040117,0.0011684726398596,0.999544544407266,0.9883817696451636,0.0016201538832103,0.5732734708779941,0.0004359811825955,0.0006666368588326,0.9999541980071216,0.9117734411394436,0.1716318197341804,1.0
9,1,4D-A-b80c4d29ed28,4D,4D-A,equal_total,32,joint,standardized_anomaly,"[80, 48]",1.0,"[1.0, 1.0]",136306,0.2924869999988004,0.588689666998107,ok,,0.0039071546066612,0.7971028145463593,0.6275129615463735,0.0151563285551457,0.976241451638196,0.7518852714780296,0.0018876127016037,0.6652548255135351,0.0005079673952752,0.0007767073495228,0.9992028167421858,0.686753560674831,0.435759555995866,1.0
9,1,4D-D-2ecf0e4138e3,4D,4D-D,equal_total,32,partial-spatial,standardized_anomaly,"[80, 48]",,"[1.0, 1.0]",163152,0.5869615830015391,1.0846832919996814,ok,,0.0003135473361121,0.0666438068282321,0.0503400511869196,0.001215863897682,0.9996485302691784,0.986914630407163,0.001621168791754,0.5736252771488618,0.000436254326373,0.0006670545092201,0.9999541613191908,0.9117727934358544,0.1727313430138963,1.0
9,1,4D-E-4f4328240852,4D,4D-E,equal_total,32,joint-property-residual,standardized_anomaly,"[80, 48]",2.0,"[1.0, 1.0]",224596,0.52642874999583,0.9192684590016142,ok,,0.0006419251769475,0.1374196362237405,0.1030670201709117,0.0024893790513277,0.9989622049925984,0.9627487895014416,0.0015337137048199,0.5424635869275357,0.000412717938788,0.0006310662048751,0.999957616379954,0.919005417731222,0.1847515298837361,1.0
9,1,4D-C-44adce3e7a5f,4D,4D-C,equal_total,32,joint,standardized_anomaly,"[80, 48]",2.0,"[1.0, 0.5]",259188,0.3991852920007659,0.6778198329993756,ok,,0.0013102919162216,0.2830006776676391,0.2103472326208735,0.0050805193894501,0.9955930799319894,0.8873395228948989,0.0013729613107414,0.4856913404472943,0.0003694620997606,0.0005649258809195,0.9999652144527102,0.9300813920476072,0.2149953901609201,1.0
9,1,4D-C-1150f24dbbfa,4D,4D-C,equal_total,32,joint,standardized_anomaly,"[80, 48]",2.0,"[1.0, 2.0]",259188,0.3742790840042289,0.6668546670043725,ok,,0.00139931541228,0.3016794404342764,0.2246303309664268,0.005425499245766,0.9954684831671804,0.8680793043410352,0.0013394256384515,0.4739820466085255,0.0003604399332073,0.0005511305406364,0.9999640957990046,0.9314202251609154,0.2189779305729566,1.0
9,1,3D-independent-82249d692984,3D,3D-independent,equal_per_property,64,independent,raw_minmax,"[64, 48]",,"[1.0, 1.0]",219008,0.2241014579994953,0.5193444579999777,ok,,0.0001577560476057,0.0338029244553311,0.0253258378322766,0.0006116952838303,0.9997221243111531,0.9965745711621096,0.0008556135040157,0.3040897042243886,0.0002302379384084,0.0003520452307847,0.9999770884196524,0.9616677959712856,0.0896928612782555,1.0
9,1,4D-A-63bd70d89f36,4D,4D-A,equal_per_property,64,joint,raw_minmax,"[64, 48]",2.0,"[1.0, 1.0]",404420,0.3087322499995935,0.6015913340015686,ok,,0.0003391819858714,0.0719023519640418,0.0544506865484131,0.0013151481259403,0.9987908804667746,0.9852968569252436,0.0040262288896197,1.4218953997996702,0.0010834656649627,0.0016566727564794,0.9992663538063112,0.7039103874126699,0.4122985323986888,1.0
9,1,4D-B-49fc67f13645,4D,4D-B,equal_per_property,64,shared-independent,raw_minmax,"[64, 48]",,"[1.0, 1.0]",207808,0.2104805830022087,0.4982080829940969,ok,,0.0003383061888938,0.0717217259468068,0.0543101901656346,0.0013117547150171,0.9987907677004896,0.9853453343298898,0.0040122228264082,1.4169626396464354,0.00107969681379,0.0016509099960496,0.9992650448818146,0.7064809159577331,0.4106928101123577,1.0
9,1,3D-independent-64af48d38810,3D,3D-independent,equal_per_property,64,independent,mean_centered,"[64, 48]",,"[1.0, 1.0]",219008,0.2096993750019464,0.4987801669994951,ok,,0.0001641653950223,0.0351257022164195,0.0263545284224409,0.0006365412607607,0.9997033659697464,0.9964331787781036,0.0009598959383713,0.3406721598711361,0.0002583034337514,0.0003949587655976,0.9999561974981472,0.9422365579247676,0.10161574843403,1.0
9,1,4D-A-fbc2ac4d32c8,4D,4D-A,equal_per_property,64,joint,mean_centered,"[64, 48]",2.0,"[1.0, 1.0]",404420,0.3739678749989252,0.6898982920029084,ok,,0.0001657919189936,0.035500276237118,0.0266151618908551,0.0006428363442439,0.9996940322304771,0.9964010419997136,0.0327301384843231,11.556174161301817,0.0088077523675125,0.0134674903551989,0.9506886219320356,0.3235306023936026,2.982927153835569,1.0
9,1,4D-B-6a56509ea188,4D,4D-B,equal_per_property,64,shared-independent,mean_centered,"[64, 48]",,"[1.0, 1.0]",207808,0.2277153329996508,0.5101999170001363,ok,,0.0001698036946614,0.0363530488538408,0.0272592154691651,0.0006583921785265,0.9996876599852716,0.996187459037304,0.0326289898076194,11.5205569494578,0.0087805329821442,0.013425870564516,0.9509936525899746,0.3482689483034214,2.971170448660319,1.0
9,1,3D-independent-5a93f5036396,3D,3D-independent,equal_per_property,64,independent,ensemble_anomaly,"[64, 48]",,"[1.0, 1.0]",219008,0.2188949159972253,0.5049422500014771,ok,,0.0001160064986066,0.0248257078573966,0.0186244330706375,0.0004498361692422,0.9998619943756888,0.9982457437815648,0.0010014215137826,0.3546331651576204,0.0002694846980401,0.0004120554734391,0.9999670715816252,0.95304862388593,0.1009529222953174,1.0
9,1,4D-A-cbe030d90365,4D,4D-A,equal_per_property,64,joint,ensemble_anomaly,"[64, 48]",2.0,"[1.0, 1.0]",404420,0.3002708749991143,0.585048042004928,ok,,0.0001127853603603,0.0242086028946352,0.0181069394812014,0.0004373371399834,0.999863989624538,0.9983646239929346,0.0029727616444855,1.0442762237269432,0.0007999880825273,0.001223221468561,0.9998298088408828,0.8456974182218184,0.2866134513785504,1.0
9,1,4D-B-6939f5acac9e,4D,4D-B,equal_per_property,64,shared-independent,ensemble_anomaly,"[64, 48]",,"[1.0, 1.0]",207808,0.2271407910011476,0.5134514170058537,ok,,0.0001160073459226,0.0248259338356782,0.0186245687484736,0.0004498394462707,0.9998619946643243,0.998245729778506,0.0010290338553426,0.3633364435585491,0.0002769129735634,0.0004234136752584,0.9999552407374862,0.9464462023685808,0.103954102830171,1.0
9,1,3D-independent-7a2c6100f5cb,3D,3D-independent,equal_per_property,64,independent,standardized_anomaly,"[64, 48]",,"[1.0, 1.0]",219008,0.2085522089982987,0.5150038749998203,ok,,0.0001160064986068,0.0248257078574263,0.0186244330706577,0.0004498361692427,0.9998619943757008,0.998245743781562,0.0010014215137826,0.3546331651576259,0.0002694846980401,0.0004120554734391,0.9999670715816248,0.9530486238859364,0.1009529222953257,1.0
9,1,4D-A-c45120ace2c4,4D,4D-A,equal_per_property,64,joint,standardized_anomaly,"[64, 48]",2.0,"[1.0, 1.0]",404420,0.3802554580033757,0.6746364580030786,ok,,0.0006318783187196,0.1332833525208161,0.1014123374781437,0.0024494134791676,0.9983303657401568,0.946648568664926,0.0009415213930108,0.3334312447791672,0.0002533669579603,0.0003874106491961,0.9999721938216788,0.957516689382332,0.1286579920690886,1.0
9,1,4D-B-f843c8275099,4D,4D-B,equal_per_property,64,shared-independent,standardized_anomaly,"[64, 48]",,"[1.0, 1.0]",207808,0.2457463340033427,0.549076208997576,ok,,0.0002123672477161,0.0443502371206776,0.0340987761885289,0.0008235881757217,0.9995481350663468,0.9947022680437432,0.0009841745560862,0.3484292802824231,0.0002648435610954,0.0004049589447866,0.9999676758237466,0.9529978621357256,0.1047323630783415,1.0
9,1,4D-A-102750e40079,4D,4D-A,equal_per_property,64,joint,standardized_anomaly,"[64, 48]",1.0,"[1.0, 1.0]",207810,0.2218718340009218,0.5815677920036251,ok,,0.0041350877151059,0.8479061702631165,0.6640874149269332,0.0160397117936283,0.9747914720830116,0.7372260003052667,0.0016840493369162,0.5932233936656193,0.000453191966258,0.0006929530009433,0.9992472704795436,0.7150820770673287,0.4287438813106095,1.0
9,1,4D-D-ff94f89c821d,4D,4D-D,equal_per_property,64,partial-spatial,standardized_anomaly,"[64, 48]",,"[1.0, 1.0]",230208,0.5134068749975995,0.9460273340009736,ok,,8.243870511182815e-05,0.0178090708640887,0.0132338175130332,0.0003196365629995,0.9999650175795995,0.9991229803170296,0.001314002849178,0.4652447500598164,0.0003535978803486,0.0005406687023558,0.9999614162247455,0.9335778946278664,0.1291758458628643,1.0
9,1,4D-E-0ed2b1a0be64,4D,4D-E,equal_per_property,64,joint-property-residual,standardized_anomaly,"[64, 48]",2.0,"[1.0, 1.0]",328516,1.1279957910010123,2.1152232500026003,ok,,0.0010225952104641,0.2216889006734425,0.1641439118648813,0.0039645699945708,0.9964668046737478,0.9112303860069456,0.0012991814330026,0.4601550624319317,0.000349612073346,0.000534574205698,0.9999639355879636,0.93517256629481,0.1896606217386241,1.0
9,1,4D-C-e7705bff9f37,4D,4D-C,equal_per_property,64,joint,standardized_anomaly,"[64, 48]",2.0,"[1.0, 0.5]",404420,0.5095078750018729,1.126240792000317,ok,,0.0006457706044679,0.1369414028423736,0.1036294859341057,0.0025029642940723,0.9980301586095428,0.9472752709817024,0.0009282284756965,0.328619437953008,0.0002497898073096,0.0003819410083755,0.9999717177563148,0.9578809971605452,0.1282456766810644,1.0
9,1,4D-C-07c1f38e4371,4D,4D-C,equal_per_property,64,joint,standardized_anomaly,"[64, 48]",2.0,"[1.0, 2.0]",404420,0.497957250001491,1.0296191669986,ok,,0.00079970735731,0.1720312788761114,0.1283349451210258,0.0030996755645773,0.9975498021065122,0.9229730539191788,0.0009388699664667,0.3325336799814109,0.0002526536823728,0.0003863200154346,0.9999734808624048,0.958211092336489,0.1409932214324221,1.0
9,1,3D-independent-fa9b36e31dc0,3D,3D-independent,equal_per_property,64,independent,raw_minmax,"[80, 48]",,"[1.0, 1.0]",272608,0.6149805829991237,1.1541942919939174,ok,,7.466208570241542e-05,0.0158598313260716,0.0119861888113851,0.000289502571073,0.9999460864668972,0.9992200571588792,0.0008581272792983,0.304970355762914,0.0002309141690282,0.0003530792209528,0.999977379633783,0.9620795708156864,0.0850450932754257,1.0
9,1,4D-A-4f7fd7861b3e,4D,4D-A,equal_per_property,64,joint,raw_minmax,"[80, 48]",2.0,"[1.0, 1.0]",504948,1.250426917002187,1.6991047499977867,ok,,0.0001535564624561,0.0331122680913719,0.0246494132751032,0.0005953575928828,0.9997320343854624,0.996765458820336,0.0012193997256118,0.4318836952733628,0.0003281362190397,0.0005017365589669,0.9999328425789592,0.9154734709477091,0.127219124620178,1.0
9,1,4D-B-51546c614bcf,4D,4D-B,equal_per_property,64,shared-independent,raw_minmax,"[80, 48]",,"[1.0, 1.0]",259184,0.9048990419978508,1.4866746670013526,ok,,0.000153364184494,0.0330624318089162,0.0246187337563423,0.0005946165900753,0.9997297670789772,0.9967853955212878,0.0011647701764778,0.4126549203272754,0.0003134362268501,0.0004792595415879,0.9999327886925476,0.9199955724974131,0.1218317170317103,1.0
9,1,3D-independent-5cbc421a2b78,3D,3D-independent,equal_per_property,64,independent,mean_centered,"[80, 48]",,"[1.0, 1.0]",272608,1.232311749998189,1.8113320830016164,ok,,7.879320615035685e-05,0.0167866941345545,0.0126487686437826,0.0003055058702066,0.9999392622812652,0.9991334224739354,0.0008649159954518,0.3073725315205712,0.0002327420242629,0.0003558741022934,0.9999729977903374,0.9588463890477056,0.0862923299735763,1.0
9,1,4D-A-a9f18b485be4,4D,4D-A,equal_per_property,64,joint,mean_centered,"[80, 48]",2.0,"[1.0, 1.0]",504948,0.6231159160015523,1.0421989999958896,ok,,7.683590208590286e-05,0.0163969561255942,0.0123343853138728,0.0002979125656339,0.9999314568909377,0.9992487533404316,0.0139974716603507,4.941759121874873,0.0037667514124744,0.0057595497921857,0.9910817290609648,0.4502955457216079,1.3083459821173615,1.0
9,1,4D-B-be3ed22367d4,4D,4D-B,equal_per_property,64,shared-independent,mean_centered,"[80, 48]",,"[1.0, 1.0]",259184,0.5530639159987913,0.950475624995306,ok,,8.71422942092229e-05,0.0185842912055139,0.0139889552578788,0.0003378754145717,0.9999229421846736,0.9989759956944724,0.0137309305369389,4.848217466591261,0.0036950235533615,0.005649874336917,0.9912730743252322,0.4938264049014005,1.2801001393747096,1.0
9,1,3D-independent-44372d7b9669,3D,3D-independent,equal_per_property,64,independent,ensemble_anomaly,"[80, 48]",,"[1.0, 1.0]",272608,0.2911487499950453,0.6166228750007576,ok,,5.341884028375931e-05,0.0112513889850804,0.00857676151532,0.0002071546301529,0.9999764187836928,0.9996150013149084,0.0010043489225707,0.3556721493173536,0.0002702723940459,0.0004132598997123,0.9999670566582282,0.9530054620338704,0.0976533266570111,1.0
9,1,4D-A-abc62af84685,4D,4D-A,equal_per_property,64,joint,ensemble_anomaly,"[80, 48]",2.0,"[1.0, 1.0]",504948,0.461988041002769,0.8047686249992694,ok,,4.5627772761357734e-05,0.0097452201690994,0.0073250624934541,0.0001769223277303,0.9999793290471412,0.9997366923772502,0.0029584497590692,1.0392466174590531,0.000796135735146,0.0012173310382858,0.99986339715507,0.857597825792952,0.2800811446357629,1.0
9,1,4D-B-643a4d560541,4D,4D-B,equal_per_property,64,shared-independent,ensemble_anomaly,"[80, 48]",,"[1.0, 1.0]",259184,0.4263623750011902,0.8796675419944222,ok,,5.34173580977642e-05,0.0112510477826397,0.0085765233123193,0.0002071488768328,0.9999764210706592,0.9996150251308958,0.0010189665849552,0.360462492987954,0.0002742054143308,0.0004192736828597,0.9999639975430944,0.9504733147441112,0.0991673427082725,1.0
9,1,3D-independent-11e1b067c3e2,3D,3D-independent,equal_per_property,64,independent,standardized_anomaly,"[80, 48]",,"[1.0, 1.0]",272608,0.3573782920066151,0.7093484580036602,ok,,5.341884028382766e-05,0.0112513889851083,0.008576761515331,0.0002071546301532,0.9999764187837098,0.9996150013149042,0.0010043489225707,0.3556721493173596,0.0002702723940459,0.0004132598997123,0.9999670566582282,0.9530054620338688,0.0976533266570203,1.0
9,1,4D-A-3bf6b15a532d,4D,4D-A,equal_per_property,64,joint,standardized_anomaly,"[80, 48]",2.0,"[1.0, 1.0]",504948,0.434729917004006,0.7469142080008169,ok,,0.0006473370704476,0.1377830391127768,0.1038887471633945,0.0025092262338465,0.9983703775082564,0.9445049502728188,0.0009465111014345,0.3351904385766431,0.0002547095310584,0.0003894635100731,0.999972263928639,0.9577534032089492,0.1304610752371339,1.0
9,1,4D-B-3ee6d3ebd2d3,4D,4D-B,equal_per_property,64,shared-independent,standardized_anomaly,"[80, 48]",,"[1.0, 1.0]",259184,0.4110732080007437,0.7859887500017066,ok,,0.0001443496840798,0.0306949959440762,0.0231772379167394,0.0005598001226958,0.9997750012059056,0.997075228804368,0.0009899131866354,0.3505043234804928,0.0002663877782145,0.0004073201293759,0.9999671961420332,0.9530403027938296,0.1015353884063675,1.0
9,1,4D-A-0bf051d8d579,4D,4D-A,equal_per_property,64,joint,standardized_anomaly,"[80, 48]",1.0,"[1.0, 1.0]",259186,0.2295841660015867,0.650274666993937,ok,,0.0041322151096389,0.8472991813372645,0.6636267619403154,0.0160285856361735,0.974840802540802,0.7383989544098188,0.0016846831057381,0.5934709547636703,0.0004533625127375,0.0006932137749719,0.9992461961178698,0.7148689663640523,0.4285340439284997,1.0
9,1,4D-D-e24c5d642104,4D,4D-D,equal_per_property,64,partial-spatial,standardized_anomaly,"[80, 48]",,"[1.0, 1.0]",286032,0.730825292004738,1.5460783750022529,ok,,7.794213487119529e-05,0.0168262865377548,0.0125121995427995,0.0003022073149706,0.999971613708314,0.9992100144495802,0.0013212032205908,0.4677868461058172,0.0003555353721864,0.0005436312235019,0.9999615244817772,0.933580780723334,0.1295544337642787,1.0
9,1,4D-E-6ca320f290f9,4D,4D-E,equal_per_property,64,joint-property-residual,standardized_anomaly,"[80, 48]",2.0,"[1.0, 1.0]",408916,1.1980004990036832,2.1449640420032665,ok,,0.0009423706778794,0.2050818879402818,0.1512570593640343,0.0036533136819311,0.9968875318440444,0.9196627004009305,0.0012822784691196,0.4542978259420443,0.0003450629367806,0.0005276183501901,0.9999642405730808,0.9369026544404656,0.182774259115407,1.0
9,1,4D-C-4e04f7cc08d6,4D,4D-C,equal_per_property,64,joint,standardized_anomaly,"[80, 48]",2.0,"[1.0, 0.5]",504948,0.3547697079993668,0.691860999999335,ok,,0.0006339157271182,0.1340918540583821,0.1017254141203994,0.0024569752232968,0.9982791356304358,0.9483805423807422,0.0009376420182551,0.332010865339983,0.000252323172062,0.0003858146487715,0.999972671052586,0.958304200933496,0.1281900869353115,1.0
9,1,4D-C-f8d668c31c07,4D,4D-C,equal_per_property,64,joint,standardized_anomaly,"[80, 48]",2.0,"[1.0, 2.0]",504948,0.328281333000632,0.6467513750030776,ok,,0.0007794684541317,0.1683296861287904,0.1250814133447718,0.0030210929701334,0.9978934543046964,0.925981636924764,0.0009445201165833,0.3345467669403609,0.0002541740986667,0.0003886448073815,0.9999734324861328,0.9581415534014738,0.1402037144765081,1.0
9,1,3D-current-e419eaac8e1a,3D,3D-current,equal_total,32,legacy-independent,raw_minmax,"[48, 48]",,"[1.0, 1.0]",117216,4.427476083001238,4.719030583000858,ok,,0.0009242041125534,0.1951114576140812,0.1483666539138138,0.0035835016822663,0.9952677761026136,0.9330143363576008,0.001315553550404,0.4658908131786383,0.0003539999159281,0.0005412834347033,0.9999636850304092,0.9243687496249036,0.1830776819503668,1.0
9,1,4D-A-current-205a30146a4e,4D,4D-A-current,equal_total,32,legacy-joint,raw_minmax,"[48, 48]",2.0,"[1.0, 1.0]",181972,6.715428083000006,7.177471333998255,ok,,0.0021440831276214,0.4539404370002363,0.3442378269015154,0.0083143806189622,0.980004984286458,0.8142470615279684,0.0153302887799006,5.4133993253560275,0.0041254130923869,0.0063079612953087,0.9912537905185912,0.4709165883808155,1.556189484350468,1.0
9,1,3D-current-5e7711139fcb,3D,3D-current,equal_per_property,64,legacy-independent,raw_minmax,"[48, 48]",,"[1.0, 1.0]",216480,5.6550351250043605,6.060234999997192,ok,,0.0008970327512288,0.1892968584578997,0.1440040342139254,0.0034781312730723,0.9953834802448642,0.9389330771538312,0.0008691920412445,0.3087983593240919,0.0002338932763139,0.0003576344237972,0.999974236518366,0.9579904514350508,0.1374083633718876,1.0
9,1,4D-A-current-43ce2f360e5a,4D,4D-A-current,equal_per_property,64,legacy-joint,raw_minmax,"[48, 48]",2.0,"[1.0, 1.0]",354964,6.681622167001478,7.084255542002211,ok,,0.0021431315990997,0.4537293107865487,0.3440851668726461,0.0083106934193399,0.9799798402043324,0.8146606560007127,0.0152881414815036,5.398410570430346,0.00411407241795,0.0062906208414417,0.9912606533181728,0.4732705271085842,1.5520435724155617,1.0
9,2,3D-independent-e9bc2b1d9158,3D,3D-independent,equal_total,32,independent,raw_minmax,"[64, 48]",,"[1.0, 1.0]",120704,0.3006290000048466,0.6080235839981469,ok,,0.0003414750473726,0.0819818495186803,0.0546680401028247,0.001320396895856,0.9994671499433756,0.9907712008339112,0.0014696620230886,0.5032954973858802,0.0003953504237743,0.0006045104127523,0.9999570872298694,0.9239886246626808,0.1569743585390661,1.0
9,2,4D-A-c5fc8bd2cb2c,4D,4D-A,equal_total,32,joint,raw_minmax,"[64, 48]",2.0,"[1.0, 1.0]",207812,0.5510150830014027,0.9372882500028936,ok,,0.0003535068915081,0.0838089620930601,0.056583736381954,0.0013666666983879,0.9987508360200288,0.9871711237483296,0.004277561941545,1.4412808350565427,0.0011505665275123,0.0017592733044404,0.9992337978999484,0.6831980755086026,0.4224762993802842,1.0
9,2,4D-B-f835e7c8452f,4D,4D-B,equal_total,32,shared-independent,raw_minmax,"[64, 48]",,"[1.0, 1.0]",109504,0.3728728749993024,0.7387667910006712,ok,,0.0004554409277421,0.1079832491481118,0.0729018523558855,0.0017607980708987,0.9985187349563872,0.981920951812214,0.004177605721416,1.4114490604380645,0.0011236589145181,0.0017181302291857,0.9992417425438131,0.6908251127432892,0.4207648193271061,1.0
9,2,3D-independent-7cc1fb3009e2,3D,3D-independent,equal_total,32,independent,mean_centered,"[64, 48]",,"[1.0, 1.0]",120704,0.3903248749993508,0.7172196669998812,ok,,0.0003421760650164,0.0830572102266066,0.05478558465721,0.001323235948883,0.999445273430613,0.9905900900232728,0.0015366187364839,0.5257557959126439,0.0004133537685154,0.0006320384200741,0.9999290173926312,0.9045802012335756,0.1653069651277065,1.0
9,2,4D-A-a8d848e0bd2f,4D,4D-A,equal_total,32,joint,mean_centered,"[64, 48]",2.0,"[1.0, 1.0]",207812,0.5305548340038513,0.8576588340001763,ok,,0.0001594904376359,0.0380453555620663,0.0255349559879919,0.0006167456627116,0.9997310214565646,0.9974268507198644,0.0338829923080531,11.420844623286577,0.0091134765557446,0.0139349578071169,0.946975622612145,0.2820997140208279,2.954781674119574,1.0
9,2,4D-B-2e139466dc24,4D,4D-B,equal_total,32,shared-independent,mean_centered,"[64, 48]",,"[1.0, 1.0]",109504,0.3813758329997654,0.698619791000965,ok,,0.0003430799901066,0.0833605755444175,0.0549316545169467,0.0013267639734658,0.9994266825169696,0.990474791824243,0.0336541601702158,11.343744416072688,0.0090519588093476,0.0138408941207522,0.947554064075242,0.3546038336762344,2.938641419716717,1.0
9,2,3D-independent-34daa9e6fa18,3D,3D-independent,equal_total,32,independent,ensemble_anomaly,"[64, 48]",,"[1.0, 1.0]",120704,0.3111453340025036,0.6129472910033655,ok,,0.0002557455901341,0.0591282582825254,0.0409516627238814,0.0009891053024592,0.9997287564016852,0.9946409771899184,0.0016060969498907,0.5481490759639014,0.0004320295843592,0.0006605946690758,0.9999506575762146,0.922329553084872,0.1621980172772579,1.0
9,2,4D-A-63c64c98502f,4D,4D-A,equal_total,32,joint,ensemble_anomaly,"[64, 48]",2.0,"[1.0, 1.0]",207812,0.375997750001261,0.654660000000149,ok,,0.0001193953423396,0.0298822473858155,0.0191175311078998,0.0004617456320699,0.9998701129330536,0.9986546194814078,0.0032846326478312,1.1080761126469592,0.0008833507305988,0.0013506870933927,0.9998507580822266,0.8343844099030139,0.3053597113351409,1.0
9,2,4D-B-852478df5431,4D,4D-B,equal_total,32,shared-independent,ensemble_anomaly,"[64, 48]",,"[1.0, 1.0]",109504,0.2593547500000568,0.5302785840030992,ok,,0.0002557455918651,0.0591282577442089,0.0409516632070236,0.0009891053141285,0.9997287559108344,0.994640966683516,0.0016236240357785,0.5506811973927889,0.0004367602418137,0.0006678280790292,0.9999353625622583,0.9122012752352116,0.1640970835444085,1.0
9,2,3D-independent-629bdce16d73,3D,3D-independent,equal_total,32,independent,standardized_anomaly,"[64, 48]",,"[1.0, 1.0]",120704,0.3113656670029741,0.6154889169993112,ok,,0.0002557455901342,0.0591282582825384,0.0409516627238874,0.0009891053024593,0.9997287564017124,0.9946409771899174,0.0016060969498907,0.5481490759639015,0.0004320295843592,0.0006605946690758,0.9999506575762152,0.922329553084873,0.1621980172772611,1.0
9,2,4D-A-06f4272272b6,4D,4D-A,equal_total,32,joint,standardized_anomaly,"[64, 48]",2.0,"[1.0, 1.0]",207812,0.488467249997484,0.8021397080010502,ok,,0.0012552569350799,0.3635356852843167,0.2011634411058538,0.0048586995746746,0.995552691346968,0.92415617786006,0.0014199187389814,0.4834509124096799,0.0003819525417411,0.0005840243864048,0.9999584681933325,0.9351357056617352,0.2293351639832748,1.0
9,2,4D-B-17b80d300b68,4D,4D-B,equal_total,32,shared-independent,standardized_anomaly,"[64, 48]",,"[1.0, 1.0]",109504,0.3294116249962826,0.6455084590052138,ok,,0.0003214766989597,0.0671643234170502,0.0514211727337601,0.0012419753247277,0.9991967748093116,0.9908528891775152,0.0016012991099357,0.546681985293489,0.0004307379445928,0.0006586196877899,0.9999505161801404,0.9218732466589552,0.164370810198076,1.0
9,2,4D-A-4681118648ec,4D,4D-A,equal_total,32,joint,standardized_anomaly,"[64, 48]",1.0,"[1.0, 1.0]",109506,0.2902551660008612,0.6053253749996657,ok,,0.0042715982801044,0.8170768096798221,0.6827004812366563,0.0164892612672561,0.9789378752041952,0.736653120093188,0.0021497063369002,0.71834714424234,0.0005781665789999,0.0008840453842799,0.99763729868017,0.5860789876517752,0.4685144750124201,1.0
9,2,4D-D-9e53fbf0a6d8,4D,4D-D,equal_total,32,partial-spatial,standardized_anomaly,"[64, 48]",,"[1.0, 1.0]",131904,0.4202158760017482,0.8647714159960742,ok,,0.0002957370876266,0.0714443101230241,0.0473457751690734,0.0011435422679788,0.9996980581752498,0.9923247301858078,0.0016315776685125,0.5561922966297751,0.000438888537088,0.0006710823480962,0.9999502969025958,0.9207422551172626,0.167775778525316,1.0
9,2,4D-E-07794d5e4bbe,4D,4D-E,equal_total,32,joint-property-residual,standardized_anomaly,"[64, 48]",2.0,"[1.0, 1.0]",181060,0.5506202920005308,0.9719248750043334,ok,,0.0005723254998887,0.1339784428468739,0.0916626868844307,0.0022139284122932,0.9990981192327733,0.9798042197256857,0.0016298797968121,0.5568905926391278,0.0004384262121333,0.0006703754303028,0.9999506844264612,0.9235442643030424,0.1847986983679094,1.0
9,2,4D-C-3fe7ec5ee326,4D,4D-C,equal_total,32,joint,standardized_anomaly,"[64, 48]",2.0,"[1.0, 0.5]",207812,0.3833274159987923,0.6719082500057993,ok,,0.0012985453293193,0.3763285271348331,0.208083000819032,0.0050258276653979,0.9954901323205402,0.9265006201430662,0.0013995800243789,0.4759547343534052,0.0003764825120206,0.0005756604395738,0.9999596797306324,0.9373454386805276,0.2300900580191103,1.0
9,2,4D-C-5b31da2b924b,4D,4D-C,equal_total,32,joint,standardized_anomaly,"[64, 48]",2.0,"[1.0, 2.0]",207812,0.3854542080007377,0.7618299159948947,ok,,0.0013736329048559,0.4063798728834054,0.2201072845835677,0.0053162501302919,0.9947667253615382,0.9030337816214308,0.0013501545570537,0.4568921404257093,0.000363188528758,0.0005553332796014,0.9999605918435566,0.940904669372696,0.2353256969530128,1.0
9,2,3D-independent-7db5f3bc9ad5,3D,3D-independent,equal_total,32,independent,raw_minmax,"[80, 48]",,"[1.0, 1.0]",149728,0.458751874997688,0.8468627089969232,ok,,0.0003265291169299,0.0786425287662573,0.0522746493093695,0.0012625893401378,0.9995940121511964,0.9918684133121518,0.0014701749171518,0.503430328285856,0.0003954888133387,0.0006047220172622,0.9999573154260948,0.9243045540304836,0.1559965933451989,1.0
9,2,4D-A-9e409054ed54,4D,4D-A,equal_total,32,joint,raw_minmax,"[80, 48]",2.0,"[1.0, 1.0]",259188,0.6454137920009089,0.9851704169996084,ok,,0.0001727821240354,0.0421244428641533,0.0276733191185451,0.0006683935365788,0.999719573582072,0.996636885467448,0.0019316983391687,0.649743177161089,0.0005196564752199,0.0007945805326969,0.9999048087405588,0.8706633343104109,0.1895543775340782,1.0
9,2,4D-B-2fb1b6b4a839,4D,4D-B,equal_total,32,shared-independent,raw_minmax,"[80, 48]",,"[1.0, 1.0]",136304,0.4244170829988434,0.7139065420051338,ok,,0.0003481441487819,0.0835321235005815,0.0557388136474413,0.0013462592838585,0.9994157470093736,0.9903300822656228,0.0016944441785444,0.5784006988688755,0.0004557952081016,0.0006969334868787,0.9999145575598694,0.8845538265645105,0.1811227169885976,1.0
9,2,3D-independent-dbbd1a2865ca,3D,3D-independent,equal_total,32,independent,mean_centered,"[80, 48]",,"[1.0, 1.0]",149728,0.3491543749987613,0.6511792090022936,ok,,0.000323421659046,0.0788730971496201,0.0517841330888055,0.0012507419043457,0.9995886879204184,0.9918602995456576,0.0014751237145048,0.5052484511735632,0.0003968186645957,0.000606755425813,0.9999444816821838,0.9196236579518524,0.157094892393607,1.0
9,2,4D-A-85017caccbe9,4D,4D-A,equal_total,32,joint,mean_centered,"[80, 48]",2.0,"[1.0, 1.0]",259188,0.4900845419979305,0.8212732910033083,ok,,7.923470391734093e-05,0.0192145575722844,0.0126853573914534,0.0003063893728583,0.9999336621270084,0.9993469781049558,0.0146470942867658,4.936301435466909,0.0039395669661806,0.0060237933478234,0.9906127303578288,0.3902467122267601,1.3151797869683337,1.0
9,2,4D-B-4bb821f89672,4D,4D-B,equal_total,32,shared-independent,mean_centered,"[80, 48]",,"[1.0, 1.0]",136304,0.4031882080016657,0.7148535000014817,ok,,0.000324889332579,0.0791877525533652,0.0520189808539686,0.0012564141812288,0.99957882748437,0.9917745257222922,0.0140791323762945,4.745324578725346,0.0037868739734508,0.0057903181862736,0.991199077430116,0.492627355750277,1.2705778476356069,1.0
9,2,3D-independent-3e92f69676cb,3D,3D-independent,equal_total,32,independent,ensemble_anomaly,"[80, 48]",,"[1.0, 1.0]",149728,0.2963518339965958,0.6030319999990752,ok,,0.0002384352258601,0.0542731725438858,0.0381800186989175,0.0009221617983552,0.9998128739322808,0.9953795141028232,0.0016063896259507,0.5482472827956882,0.0004321083367551,0.0006607150853963,0.9999506654981984,0.9224072138008296,0.1609067728469369,1.0
9,2,4D-A-8bea2cabc037,4D,4D-A,equal_total,32,joint,ensemble_anomaly,"[80, 48]",2.0,"[1.0, 1.0]",259188,0.4676901670027291,0.7716249159930157,ok,,5.2098248190212016e-05,0.0131811169639013,0.0083400310015244,0.0002014367265598,0.9999785996183864,0.9997269854039944,0.0033046724929242,1.1153136693495365,0.0008887387829457,0.0013589256927524,0.999860976143998,0.8435871997911488,0.3017094234289665,1.0
9,2,4D-B-2828b82824ed,4D,4D-B,equal_total,32,shared-independent,ensemble_anomaly,"[80, 48]",,"[1.0, 1.0]",136304,0.2937409579972154,0.5748644590057665,ok,,0.0002384348691208,0.0542731555731292,0.0381799612306387,0.0009221604103241,0.9998128771446804,0.9953795319529132,0.0016196664036825,0.5515448188027092,0.0004356867517444,0.0006661866594533,0.9999498449045704,0.9197881594227284,0.1620585321720044,1.0
9,2,3D-independent-86c75f98455a,3D,3D-independent,equal_total,32,independent,standardized_anomaly,"[80, 48]",,"[1.0, 1.0]",149728,0.303260415996192,0.5917804579949006,ok,,0.0002384352258601,0.0542731725438922,0.0381800186989159,0.0009221617983551,0.9998128739322926,0.9953795141028235,0.0016063896259507,0.5482472827956889,0.0004321083367551,0.0006607150853963,0.9999506654981984,0.922407213800828,0.1609067728469388,1.0
9,2,4D-A-4ea76ef087a9,4D,4D-A,equal_total,32,joint,standardized_anomaly,"[80, 48]",2.0,"[1.0, 1.0]",259188,0.4402764170008595,0.7431542910053395,ok,,0.00124087182618,0.3636759063873316,0.1988852683788937,0.0048036748803332,0.9959259987443372,0.9261121785668904,0.0014285661921242,0.4863699159307051,0.000384279256787,0.000587582049147,0.9999583264592954,0.9351098613540172,0.2298587005893957,1.0
9,2,4D-B-934096b5cda8,4D,4D-B,equal_total,32,shared-independent,standardized_anomaly,"[80, 48]",,"[1.0, 1.0]",136304,0.2911974579983507,0.5753865829974529,ok,,0.0002703768123802,0.0596491337152193,0.0432770484922752,0.0010452703331513,0.9995895003226042,0.9937518788118688,0.0016041883550361,0.5475546399741266,0.0004315157284729,0.0006598089579314,0.9999504904019858,0.9221518841969768,0.1623129730462307,1.0
9,2,4D-A-b80c4d29ed28,4D,4D-A,equal_total,32,joint,standardized_anomaly,"[80, 48]",1.0,"[1.0, 1.0]",136306,0.2889507920044707,0.5760301670015906,ok,,0.0042651761645372,0.8157298497625121,0.681671604847387,0.0164644108210346,0.9790134814728756,0.7383159215945606,0.0021536248810773,0.7195969370876559,0.0005792211009642,0.0008856578006821,0.9976306992664524,0.5858849722497247,0.4683065849820064,1.0
9,2,4D-D-2ecf0e4138e3,4D,4D-D,equal_total,32,partial-spatial,standardized_anomaly,"[80, 48]",,"[1.0, 1.0]",163152,0.4338701250017038,0.8284056249976857,ok,,0.0002805533256021,0.0691226162400195,0.0449184747277442,0.0010849156927072,0.9997478027689022,0.9926314852424604,0.0016053256696186,0.5479498206195429,0.0004318216740631,0.0006602767639178,0.999950548901157,0.9222061765616232,0.1649134014893801,1.0
9,2,4D-E-4f4328240852,4D,4D-E,equal_total,32,joint-property-residual,standardized_anomaly,"[80, 48]",2.0,"[1.0, 1.0]",224596,0.502100290999806,0.9579862919999867,ok,,0.0005630701553648,0.1311938165425941,0.0901835745448945,0.0021782034194441,0.9991415612716938,0.9799255325591092,0.001584063411996,0.540860064692685,0.0004261055623598,0.0006515365455261,0.999950503309308,0.9248585659818416,0.1799154579912009,1.0
9,2,4D-C-44adce3e7a5f,4D,4D-C,equal_total,32,joint,standardized_anomaly,"[80, 48]",2.0,"[1.0, 0.5]",259188,0.5772050829982618,0.9274798330006888,ok,,0.0013003642916068,0.3797065240078038,0.2083950514861997,0.0050333646235823,0.9957117479412604,0.9276773583806502,0.0014034416672152,0.4770702058710727,0.0003775218667667,0.0005772496645468,0.9999603764791664,0.9378851816180576,0.2309988649698807,1.0
9,2,4D-C-1150f24dbbfa,4D,4D-C,equal_total,32,joint,standardized_anomaly,"[80, 48]",2.0,"[1.0, 2.0]",259188,0.5663266250048764,0.9313533329986968,ok,,0.0013396822360712,0.4014723476491056,0.2147069087134826,0.0051858148792402,0.9953984536430432,0.9080335909288244,0.0013545406399561,0.4584357530267369,0.0003643681807219,0.0005571370259811,0.999960647288848,0.9409855618165324,0.233849631075791,1.0
9,2,3D-independent-82249d692984,3D,3D-independent,equal_per_property,64,independent,raw_minmax,"[64, 48]",,"[1.0, 1.0]",219008,0.3128647089979495,0.7394507499993779,ok,,0.0001468781654404,0.0347773111342155,0.0235142601531573,0.0005679398064423,0.9997734135568646,0.997755212279536,0.0011372775628586,0.3831119646633334,0.0003059573522321,0.0004678239712423,0.999964655025046,0.9477637050043544,0.1112824542889009,1.0
9,2,4D-A-63bd70d89f36,4D,4D-A,equal_per_property,64,joint,raw_minmax,"[64, 48]",2.0,"[1.0, 1.0]",404420,0.418370291001338,0.7914702910056803,ok,,0.0003463372680445,0.0821108046479405,0.0554332218253338,0.0013388783261262,0.99877035077976,0.9879156456688688,0.0040828530056163,1.3767632977253803,0.0010981725083216,0.0016791602496362,0.9992463912251128,0.699260151520166,0.4038215509447009,1.0
9,2,4D-B-49fc67f13645,4D,4D-B,equal_per_property,64,shared-independent,raw_minmax,"[64, 48]",,"[1.0, 1.0]",207808,0.3012856249988545,0.6786449579958571,ok,,0.0003439965200298,0.0812391185422592,0.0550585026410045,0.001329827735564,0.9987745239787852,0.9880631663716174,0.0040374699513868,1.360056281059972,0.0010859662217361,0.0016604962318478,0.9992486493427334,0.7054384922956866,0.3986361425671448,1.0
9,2,3D-independent-64af48d38810,3D,3D-independent,equal_per_property,64,independent,mean_centered,"[64, 48]",,"[1.0, 1.0]",219008,0.329456042003585,0.7259755420018337,ok,,0.0001543703408753,0.0364909473036167,0.0247149715578582,0.0005969405829216,0.9997531881809032,0.9976011470166448,0.001187398523564,0.3986484855664372,0.0003194319238328,0.0004884272597432,0.9999431973432203,0.9311813879377456,0.1176870413482147,1.0
9,2,4D-A-fbc2ac4d32c8,4D,4D-A,equal_per_property,64,joint,mean_centered,"[64, 48]",2.0,"[1.0, 1.0]",404420,0.520568291998643,1.0305785829987144,ok,,0.0001578105476018,0.0375018030752159,0.0252655648746776,0.0006102390605155,0.999732848483136,0.9974883913366558,0.0337784647261188,11.383805666805614,0.009085394164642,0.0138920184378495,0.9471112831455284,0.2856012118007434,2.9449406670780327,1.0
9,2,4D-B-6a56509ea188,4D,4D-B,equal_per_property,64,shared-independent,mean_centered,"[64, 48]",,"[1.0, 1.0]",207808,0.2830224999997881,0.5956118329995661,ok,,0.0001594361759197,0.0380322768215051,0.0255263006355054,0.0006165366100268,0.9997310996319154,0.9974286043503832,0.0336377011844603,11.33772965519965,0.0090475317850421,0.0138341249809481,0.94758680784359,0.356614728494548,2.9246850663996726,1.0
9,2,3D-independent-5a93f5036396,3D,3D-independent,equal_per_property,64,independent,ensemble_anomaly,"[64, 48]",,"[1.0, 1.0]",219008,0.2898215840032208,0.6101794170026551,ok,,0.0001194130688668,0.0298856122269357,0.0191203519010325,0.0004618137626721,0.9998700895186392,0.9986543089797004,0.0011316960051704,0.3778187617860891,0.0003044277731835,0.0004654851689889,0.9999617410118854,0.9515287018031756,0.1081532171553967,1.0
9,2,4D-A-cbe030d90365,4D,4D-A,equal_per_property,64,joint,ensemble_anomaly,"[64, 48]",2.0,"[1.0, 1.0]",404420,0.3120562920012162,0.598133040999528,ok,,0.0001166830453805,0.0292056908671468,0.0186835596812984,0.0004512639224001,0.99987245147715,0.9987204062322742,0.0031973083215673,1.0777519937822395,0.000860000584873,0.0013149835620904,0.9998173693918468,0.856097710996699,0.2948871565087249,1.0
9,2,4D-B-6939f5acac9e,4D,4D-B,equal_per_property,64,shared-independent,ensemble_anomaly,"[64, 48]",,"[1.0, 1.0]",207808,0.2170698750051087,0.5141320420007105,ok,,0.0001194124286927,0.0298854652200307,0.0191202495199716,0.0004618112898629,0.999870090483302,0.9986543205173902,0.0011697986812528,0.3873616653944171,0.0003147038227464,0.0004811977586035,0.999949004525165,0.9432116258881524,0.1115785393529191,1.0
9,2,3D-independent-7a2c6100f5cb,3D,3D-independent,equal_per_property,64,independent,standardized_anomaly,"[64, 48]",,"[1.0, 1.0]",219008,0.2047438749941648,0.5269267499970738,ok,,0.0001194130688669,0.0298856122269564,0.0191203519010435,0.0004618137626724,0.99987008951866,0.9986543089796984,0.0011316960051704,0.3778187617860863,0.0003044277731835,0.0004654851689889,0.9999617410118856,0.9515287018031748,0.1081532171554015,1.0
9,2,4D-A-c45120ace2c4,4D,4D-A,equal_per_property,64,joint,standardized_anomaly,"[64, 48]",2.0,"[1.0, 1.0]",404420,0.3242177499996614,0.6235992920046556,ok,,0.0007253259164415,0.2038457793560329,0.1161713952114898,0.0028058871204455,0.9975333250271244,0.962055886294446,0.0010131587468919,0.3387923568113215,0.0002725539895333,0.0004167485724111,0.9999669197381208,0.9601641424618826,0.1453820304472975,1.0
9,2,4D-B-f843c8275099,4D,4D-B,equal_per_property,64,shared-independent,standardized_anomaly,"[64, 48]",,"[1.0, 1.0]",207808,0.2265360000019427,0.5245656249971944,ok,,0.0002170865876904,0.041039512583648,0.0346845628080919,0.0008377360699192,0.9993658665155906,0.9952058499445688,0.0011159203552213,0.3725419405509129,0.0003001837675365,0.0004589958737938,0.9999618815276604,0.9512084278338464,0.1100935785613383,1.0
9,2,4D-A-102750e40079,4D,4D-A,equal_per_property,64,joint,standardized_anomaly,"[64, 48]",1.0,"[1.0, 1.0]",207810,0.2060724589973688,0.4998519579967251,ok,,0.0044395952072895,0.8738305956079291,0.7096467907834031,0.0171400953453277,0.9777286751244,0.7429325584836812,0.0019874239633705,0.6622120791187339,0.0005345089921379,0.000817290767953,0.9976765759229606,0.5957615146453744,0.4666739095405338,1.0
9,2,4D-D-ff94f89c821d,4D,4D-D,equal_per_property,64,partial-spatial,standardized_anomaly,"[64, 48]",,"[1.0, 1.0]",230208,0.4420538330014096,0.8250628750029136,ok,,9.038717914049512e-05,0.0245029353760159,0.0144700937230285,0.0003494961004399,0.9999596060387318,0.998771149605362,0.0013057421730202,0.4403657362833447,0.0003512428478447,0.0005370677408153,0.9999565563365644,0.941752965538548,0.1236516535218514,1.0
9,2,4D-E-0ed2b1a0be64,4D,4D-E,equal_per_property,64,joint-property-residual,standardized_anomaly,"[64, 48]",2.0,"[1.0, 1.0]",328516,0.6837484169955133,1.175611624996236,ok,,0.0010104702172554,0.3060433470307958,0.1619057176080606,0.0039105079777678,0.9970463395783504,0.9430458444523828,0.0013407195570007,0.4542177965657161,0.0003606509363138,0.0005514531748547,0.9999576132078388,0.9392758928286792,0.2047750687389952,1.0
9,2,4D-C-e7705bff9f37,4D,4D-C,equal_per_property,64,joint,standardized_anomaly,"[64, 48]",2.0,"[1.0, 0.5]",404420,0.297639666001487,0.5961397499995655,ok,,0.0006752275388416,0.1970170699241854,0.108225484581416,0.0026139695812221,0.9979178791638712,0.9671212225950252,0.0010066318411502,0.3365639100825903,0.0002707963645136,0.0004140610765536,0.9999665646696978,0.9597418177239072,0.1425373649618273,1.0
9,2,4D-C-07c1f38e4371,4D,4D-C,equal_per_property,64,joint,standardized_anomaly,"[64, 48]",2.0,"[1.0, 2.0]",404420,0.2942797089999658,0.594871957997384,ok,,0.0008148578196784,0.220929852842389,0.1304704418792485,0.0031512519222255,0.9968785725644864,0.9546974394002548,0.0010250357966477,0.3425972974004245,0.0002757450124687,0.0004216278047977,0.999967435743829,0.9603223686892788,0.1515043115495116,1.0
9,2,3D-independent-fa9b36e31dc0,3D,3D-independent,equal_per_property,64,independent,raw_minmax,"[80, 48]",,"[1.0, 1.0]",272608,0.2678044170024805,0.5878154169986374,ok,,6.584693508633956e-05,0.0164748069501624,0.0105415697502548,0.000254610480813,0.9999578603968132,0.9995376770396378,0.0011421741025015,0.3848670688824981,0.0003072744415156,0.0004698378661024,0.999964963448056,0.9479311107429774,0.1069018704853382,1.0
9,2,4D-A-4f7fd7861b3e,4D,4D-A,equal_per_property,64,joint,raw_minmax,"[80, 48]",2.0,"[1.0, 1.0]",504948,0.4583523330002208,0.7864845840013004,ok,,0.0001568170091663,0.0382820403643231,0.0251121750655233,0.0006065342372315,0.9997392296368514,0.997469293164626,0.0014738718401712,0.4986579170806548,0.0003964674662645,0.0006062184261403,0.9999205424901468,0.900743855206163,0.1469583458148959,1.0
9,2,4D-B-51546c614bcf,4D,4D-B,equal_per_property,64,shared-independent,raw_minmax,"[80, 48]",,"[1.0, 1.0]",259184,0.2820652919981512,0.6165974159957841,ok,,0.0001507009916435,0.0360316394462539,0.0241330117831024,0.000582884511428,0.999745756016841,0.9976346668766368,0.0013694927516732,0.4602454030575862,0.0003683970750563,0.0005632974053067,0.9999194170115038,0.9101486309006224,0.1355963484038026,1.0
9,2,3D-independent-5cbc421a2b78,3D,3D-independent,equal_per_property,64,independent,mean_centered,"[80, 48]",,"[1.0, 1.0]",272608,0.2317422089981846,0.5510657080012606,ok,,7.223710233266856e-05,0.0177748778266965,0.0115648056218055,0.0002793246916386,0.9999461524468146,0.9994440959029308,0.0011259975572188,0.3788350278562994,0.0003029230395593,0.000463184356622,0.9999600670239314,0.9468583245782016,0.1058646738606074,1.0
9,2,4D-A-a9f18b485be4,4D,4D-A,equal_per_property,64,joint,mean_centered,"[80, 48]",2.0,"[1.0, 1.0]",504948,0.3776387090038042,0.6920495839949581,ok,,7.558508725623872e-05,0.0180733347228614,0.0121001256230052,0.0002922542729176,0.999936083302507,0.9994122271974538,0.0143679183551188,4.838895224705719,0.003864545769389,0.0059090822158492,0.9907587985018766,0.4037074074128524,1.2888521855308568,1.0
9,2,4D-B-be3ed22367d4,4D,4D-B,equal_per_property,64,shared-independent,mean_centered,"[80, 48]",,"[1.0, 1.0]",259184,0.2256047499977285,0.5353946660034126,ok,,7.911893009732073e-05,0.0191890198085149,0.0126668822468556,0.0003059431427844,0.9999337604018156,0.9993486517233964,0.0140403562192313,4.731086140699858,0.0037764443958709,0.005774370844704,0.9912260531844728,0.4997339716492022,1.2501834622055183,1.0
9,2,3D-independent-44372d7b9669,3D,3D-independent,equal_per_property,64,independent,ensemble_anomaly,"[80, 48]",,"[1.0, 1.0]",272608,0.4100608750013634,0.7407008330046665,ok,,5.213951953569455e-05,0.0131889620225973,0.0083466025338221,0.0002015954487461,0.9999785760701188,0.9997266577842302,0.0011351140185953,0.3789262703849937,0.0003053476874315,0.0004668917635144,0.999961471611206,0.9514462844073074,0.1041321903279555,1.0
9,2,4D-A-abc62af84685,4D,4D-A,equal_per_property,64,joint,ensemble_anomaly,"[80, 48]",2.0,"[1.0, 1.0]",504948,0.3803717080008937,0.733774666005047,ok,,4.523369840933622e-05,0.0114832003766689,0.0072413025297969,0.0001748991433443,0.9999811894042114,0.9997980332234718,0.0032434499537046,1.0897070014241692,0.0008724152838885,0.0013339662528244,0.9998266206002764,0.8664536952754375,0.2920160843878459,1.0
9,2,4D-B-643a4d560541,4D,4D-B,equal_per_property,64,shared-independent,ensemble_anomaly,"[80, 48]",,"[1.0, 1.0]",259184,0.3188704999993206,0.62198137499945,ok,,5.2137028806368775e-05,0.0131886784823624,0.0083462021346832,0.0002015857779078,0.999978580244006,0.9997266880299296,0.0011421738963371,0.3799053783254197,0.0003072600356144,0.0004698158387648,0.9999609575586078,0.9491069441752042,0.1046693101763038,1.0
9,2,3D-independent-11e1b067c3e2,3D,3D-independent,equal_per_property,64,independent,standardized_anomaly,"[80, 48]",,"[1.0, 1.0]",272608,0.2683013749992824,0.5872303750002175,ok,,5.21395195356233e-05,0.0131889620226061,0.0083466025338109,0.0002015954487459,0.9999785760701224,0.999726657784231,0.0011351140185953,0.3789262703849921,0.0003053476874315,0.0004668917635144,0.9999614716112056,0.9514462844073078,0.1041321903279572,1.0
9,2,4D-A-3bf6b15a532d,4D,4D-A,equal_per_property,64,joint,standardized_anomaly,"[80, 48]",2.0,"[1.0, 1.0]",504948,0.3568890000024112,0.6753129169956082,ok,,0.0007205217900113,0.2107883842183866,0.1154373034677983,0.0027881566062764,0.9978393953761652,0.9616926885220596,0.0010235615144389,0.3423468002888537,0.0002753521751397,0.0004210271370316,0.999967277774287,0.960317855402657,0.1480324781362205,1.0
9,2,4D-B-3ee6d3ebd2d3,4D,4D-B,equal_per_property,64,shared-independent,standardized_anomaly,"[80, 48]",,"[1.0, 1.0]",259184,0.2493460000041523,0.5697659580036998,ok,,0.0001354604091875,0.0276111650748545,0.0216583913920984,0.0005231150176515,0.9997620907543284,0.9981442788309144,0.0011242348165793,0.3752973686759929,0.0003024207177733,0.0004624162816892,0.9999618574611606,0.95148522941359,0.1070234449071488,1.0
9,2,4D-A-0bf051d8d579,4D,4D-A,equal_per_property,64,joint,standardized_anomaly,"[80, 48]",1.0,"[1.0, 1.0]",259186,0.2544639159968938,0.5697843329980969,ok,,0.0044327496169517,0.8723612475118457,0.708550639843797,0.0171136200172325,0.9779106158144956,0.7445462847121824,0.0019919890839687,0.6636899106920996,0.000535737325523,0.000819168950641,0.997672671399641,0.5955049367013443,0.4665063868742954,1.0
9,2,4D-D-e24c5d642104,4D,4D-D,equal_per_property,64,partial-spatial,standardized_anomaly,"[80, 48]",,"[1.0, 1.0]",286032,0.4848012500006007,0.8696912920058821,ok,,8.215593264300165e-05,0.0228548057503964,0.0131545482815203,0.0003177217380509,0.9999726888291276,0.998893871092738,0.0013185037108426,0.4448232820917583,0.0003546755509356,0.0005423165141504,0.9999562854266744,0.9413799213940406,0.1243852978996914,1.0
9,2,4D-E-6ca320f290f9,4D,4D-E,equal_per_property,64,joint-property-residual,standardized_anomaly,"[80, 48]",2.0,"[1.0, 1.0]",408916,0.744576083998254,1.247721083003853,ok,,0.0007944562428923,0.2192792619917969,0.127339223180132,0.003075623612837,0.9977798160152808,0.9619237693607312,0.0012626783995843,0.4250129158835807,0.000339660902751,0.0005193583721438,0.9999607833624248,0.9464720048072728,0.1725235726978439,1.0
9,2,4D-C-4e04f7cc08d6,4D,4D-C,equal_per_property,64,joint,standardized_anomaly,"[80, 48]",2.0,"[1.0, 0.5]",504948,0.352951667002344,0.6697353749987087,ok,,0.0006531185500953,0.1936260768344155,0.1047067867832873,0.0025289824911167,0.998217773435856,0.9687080390089932,0.0010242633764961,0.3425259829823124,0.0002755379958234,0.0004213112660762,0.99996706728217,0.9594802201930398,0.1430144825539278,1.0
9,2,4D-C-f8d668c31c07,4D,4D-C,equal_per_property,64,joint,standardized_anomaly,"[80, 48]",2.0,"[1.0, 2.0]",504948,0.3719875829992816,0.697632875002455,ok,,0.0009072211725158,0.2422629330605079,0.1452866943691207,0.0035091087936086,0.9971644976882048,0.9446156878142724,0.0010547373352113,0.3525833529007573,0.0002837302239529,0.000433837589333,0.9999660451482092,0.9584935214206536,0.1608229203359505,1.0
9,2,3D-current-e419eaac8e1a,3D,3D-current,equal_total,32,legacy-independent,raw_minmax,"[48, 48]",,"[1.0, 1.0]",117216,5.230154999997467,5.570431832995382,ok,,0.0009441301336583,0.2219526679078352,0.1510747926832598,0.0036489087028888,0.9954317095362502,0.9437908331093556,0.0014780073684294,0.506151156816614,0.0003975933922014,0.0006079400227593,0.99995520919404,0.9215837516267784,0.1988541330890955,1.0
9,2,4D-A-current-205a30146a4e,4D,4D-A-current,equal_total,32,legacy-joint,raw_minmax,"[48, 48]",2.0,"[1.0, 1.0]",181972,6.16986149999866,6.4813415000026,ok,,0.0021138055639872,0.4985451655324603,0.3382479204272175,0.0081697003097571,0.9808223934189142,0.8362214774044382,0.0153690400244359,5.17907625971358,0.0041338183080015,0.0063208132869973,0.9912269935664816,0.4608382521653504,1.5072728901152863,1.0
9,2,3D-current-5e7711139fcb,3D,3D-current,equal_per_property,64,legacy-independent,raw_minmax,"[48, 48]",,"[1.0, 1.0]",216480,5.002629959002661,5.366005957999732,ok,,0.0009118615914114,0.2134322430070304,0.1459063029412277,0.0035240741963141,0.9955876525473876,0.9477024424048692,0.0011346340796819,0.3818755886984296,0.000305245106677,0.0004667349124514,0.9999622286583532,0.9459521910394784,0.1621201287458215,1.0
9,2,4D-A-current-43ce2f360e5a,4D,4D-A-current,equal_per_property,64,legacy-joint,raw_minmax,"[48, 48]",2.0,"[1.0, 1.0]",354964,5.93434162500489,6.250758791000408,ok,,0.0021127434604564,0.4983135105826328,0.3380775286360678,0.0081655848376881,0.9808052775260582,0.8366589579405644,0.0153182000372954,5.162174087902377,0.0041201377766043,0.006299895075749,0.9911999828149688,0.4632125284624406,1.5026379638208769,1.0
9,3,3D-independent-e9bc2b1d9158,3D,3D-independent,equal_total,32,independent,raw_minmax,"[64, 48]",,"[1.0, 1.0]",120704,0.2663312919976306,0.5438367919996381,ok,,0.0003292373643663,0.0560765401688011,0.0527487468351038,0.001380948641658,0.9994693943039538,0.9892138777041808,0.0014473483274194,0.4055163903286518,0.000389268839616,0.0005952113688443,0.99995420909158,0.9132168929697574,0.1275943862901209,1.0
9,3,4D-A-c5fc8bd2cb2c,4D,4D-A,equal_total,32,joint,raw_minmax,"[64, 48]",2.0,"[1.0, 1.0]",207812,0.4217395410014433,0.7978985000008834,ok,,0.0003388867720882,0.0542871906551012,0.0542295612133283,0.0014197159816775,0.9986892216751432,0.9855073158660446,0.0044809207029036,1.2334714036738932,0.0012049758998388,0.0018424679341785,0.9992174420184284,0.6471642951810456,0.3678556972013623,1.0
9,3,4D-B-f835e7c8452f,4D,4D-B,equal_total,32,shared-independent,raw_minmax,"[64, 48]",,"[1.0, 1.0]",109504,0.5415254580002511,1.1131749999985914,ok,,0.0004400256011984,0.0723794849829404,0.0704492409199035,0.0018443430297653,0.9984253871841746,0.9786486601810588,0.0041928719334679,1.1508595436655635,0.0011274852564925,0.0017239808959037,0.9992392517138144,0.6617466466654899,0.3507603438063074,1.0
9,3,3D-independent-7cc1fb3009e2,3D,3D-independent,equal_total,32,independent,mean_centered,"[64, 48]",,"[1.0, 1.0]",120704,0.6001509160050773,0.9989506250058184,ok,,0.0003292180001816,0.0555927723644384,0.0527416369746841,0.0013807625073386,0.9994556997812012,0.9899058945105196,0.001525088004222,0.4254789543530525,0.0004101633766785,0.0006271601526683,0.999925531278327,0.8827224417349472,0.1361893896486894,1.0
9,3,4D-A-a8d848e0bd2f,4D,4D-A,equal_total,32,joint,mean_centered,"[64, 48]",2.0,"[1.0, 1.0]",207812,0.6656790420020116,1.0307771669977228,ok,,0.000161285895051,0.0276959963976898,0.02582355087687,0.0006760539282133,0.9997047620422588,0.996747294545422,0.0314245315149212,8.615491504484345,0.0084501299553096,0.0129206679439659,0.945615433875554,0.1411720639562164,2.268556955407804,1.0
9,3,4D-B-2e139466dc24,4D,4D-B,equal_total,32,shared-independent,mean_centered,"[64, 48]",,"[1.0, 1.0]",109504,0.3321181669962243,0.7382032919995254,ok,,0.0003326297988427,0.0565295066157835,0.0532876367280913,0.0013950566406224,0.9994135798714748,0.9895406506527396,0.0311056022532957,8.526533792272618,0.0083643546830927,0.0127895132971168,0.94805661555191,0.3201750786539699,2.2320513585587616,1.0
9,3,3D-independent-34daa9e6fa18,3D,3D-independent,equal_total,32,independent,ensemble_anomaly,"[64, 48]",,"[1.0, 1.0]",120704,0.2634964579992811,0.534777375003614,ok,,0.000279680834347,0.0486477691382692,0.0448266433971235,0.0011735500087397,0.9996288768950322,0.9931839654467683,0.0017122452772483,0.4684411411393328,0.0004604260256223,0.0007040142366198,0.999935810005484,0.9077177585372778,0.1416595120713947,1.0
9,3,4D-A-63c64c98502f,4D,4D-A,equal_total,32,joint,ensemble_anomaly,"[64, 48]",2.0,"[1.0, 1.0]",207812,0.3980579159979243,0.6781225000013364,ok,,0.000133122024092,0.02294388387671,0.02130855105324,0.0005578523926769,0.9998256954935004,0.9979470442190252,0.0041204569790669,1.1118914468724366,0.0011078811562925,0.0016940052540658,0.9998103447905438,0.8124671955691513,0.3074070527137645,1.0
9,3,4D-B-852478df5431,4D,4D-B,equal_total,32,shared-independent,ensemble_anomaly,"[64, 48]",,"[1.0, 1.0]",109504,0.2636575409997022,0.5480239999960759,ok,,0.0002796806053766,0.0486477368012084,0.0448266066763838,0.0011735490474002,0.9996288767453404,0.9931839653727428,0.0016768112894008,0.4604849776769999,0.0004509091743624,0.0006894624988772,0.9999240180145732,0.8968740940108163,0.1410259211966071,1.0
9,3,3D-independent-629bdce16d73,3D,3D-independent,equal_total,32,independent,standardized_anomaly,"[64, 48]",,"[1.0, 1.0]",120704,0.2529332080011954,0.5355226250030682,ok,,0.000279680834347,0.0486477691382661,0.0448266433971163,0.0011735500087395,0.9996288768950023,0.9931839654467698,0.0017122452772483,0.468441141139331,0.0004604260256223,0.0007040142366198,0.9999358100054844,0.9077177585372797,0.1416595120713931,1.0
9,3,4D-A-06f4272272b6,4D,4D-A,equal_total,32,joint,standardized_anomaly,"[64, 48]",2.0,"[1.0, 1.0]",207812,0.4234133749996545,0.7375359580037184,ok,,0.0009742620577498,0.1786812280149254,0.1560245483667887,0.0040846825955121,0.9963096042346672,0.9334453450859664,0.0016599674829038,0.4544599329568581,0.0004463697882493,0.0006825215522945,0.9999398316308332,0.907966124582425,0.1781088565343969,1.0
9,3,4D-B-17b80d300b68,4D,4D-B,equal_total,32,shared-independent,standardized_anomaly,"[64, 48]",,"[1.0, 1.0]",109504,0.292948875001457,0.6163751659987611,ok,,0.0003660440947598,0.0592608078464292,0.0585964611263467,0.001534040299599,0.9989377552306308,0.9876362363676868,0.0017022331239365,0.4656829507938038,0.0004577335199972,0.0006998972619339,0.999934973987767,0.9068334332169522,0.1444272309619783,1.0
9,3,4D-A-4681118648ec,4D,4D-A,equal_total,32,joint,standardized_anomaly,"[64, 48]",1.0,"[1.0, 1.0]",109506,0.2982883750009932,0.5917694999952801,ok,,0.0053279680498424,0.8049236175010274,0.8519172503237539,0.0223029747667242,0.9669989333636738,0.7120841150844744,0.002483764624058,0.668701041656564,0.0006677903835908,0.0010210846280689,0.9981174905864024,0.4770718826157769,0.4697616650768664,1.0
9,3,4D-D-9e53fbf0a6d8,4D,4D-D,equal_total,32,partial-spatial,standardized_anomaly,"[64, 48]",,"[1.0, 1.0]",131904,0.5519939169971622,0.9717842910031322,ok,,0.000337088815845,0.0549551030220348,0.0539642390849807,0.0014127699165152,0.9995675562023828,0.9920517601051272,0.0017178972490813,0.4698422011301002,0.0004619448728534,0.0007063366293918,0.9999336915972624,0.9046838664807249,0.1441073727148022,1.0
9,3,4D-E-07794d5e4bbe,4D,4D-E,equal_total,32,joint-property-residual,standardized_anomaly,"[64, 48]",2.0,"[1.0, 1.0]",181060,0.5047366680009873,0.9125022500011256,ok,,0.0008486969582793,0.1668613366697366,0.1359157983397597,0.0035582406854877,0.9979766981865692,0.9529670044789432,0.0017300674074181,0.4734874721089537,0.00046522035804,0.0007113450087512,0.9999355038150046,0.9020254260758336,0.1782131483753254,1.0
9,3,4D-C-3fe7ec5ee326,4D,4D-C,equal_total,32,joint,standardized_anomaly,"[64, 48]",2.0,"[1.0, 0.5]",207812,0.4369173330051126,0.7399824999956763,ok,,0.000921687362584,0.1714057700591389,0.1476171248571129,0.0038645784077894,0.9967424019286624,0.9411500195572088,0.0016517566854618,0.452155846295754,0.0004441615034114,0.000679144975216,0.9999388297543206,0.906594391348391,0.1749223527255232,1.0
9,3,4D-C-5b31da2b924b,4D,4D-C,equal_total,32,joint,standardized_anomaly,"[64, 48]",2.0,"[1.0, 2.0]",207812,0.389846750003926,0.6796499999982188,ok,,0.0010384377965776,0.1889700946734144,0.1663342204842968,0.0043545871631243,0.9958409280023824,0.9297968010272348,0.0016633239532789,0.4552448850191204,0.0004472715642398,0.0006839004125243,0.999941370071717,0.90905454555655,0.1811973266001606,1.0
9,3,3D-independent-7db5f3bc9ad5,3D,3D-independent,equal_total,32,independent,raw_minmax,"[80, 48]",,"[1.0, 1.0]",149728,0.3039169579933514,0.5985436669943738,ok,,0.0003143833932448,0.0536573985863981,0.0503717670108926,0.0013187199204762,0.999597822699676,0.9906886535188116,0.0014477315942121,0.4056464202937313,0.000389372066564,0.0005953692079692,0.999954505225686,0.914079583161026,0.1267299251350526,1.0
9,3,4D-A-9e409054ed54,4D,4D-A,equal_total,32,joint,raw_minmax,"[80, 48]",2.0,"[1.0, 1.0]",259188,0.5123175830012769,0.8233589170049527,ok,,0.0001584257035523,0.0268089263872052,0.0253725891598933,0.0006642478663092,0.9997507290777272,0.9967091832262625,0.0023171639620615,0.6480318521205688,0.0006232051853903,0.0009529116479832,0.9998722651320032,0.8241768420920047,0.1910994414621601,1.0
9,3,4D-B-2fb1b6b4a839,4D,4D-B,equal_total,32,shared-independent,raw_minmax,"[80, 48]",,"[1.0, 1.0]",136304,0.3619265829984215,0.6937267090033856,ok,,0.0003305919958378,0.056314200304288,0.0529644957153499,0.0013865968919197,0.9994400496291536,0.9890957926364644,0.0016940899627,0.4711217060996233,0.0004556018436474,0.0006966378230347,0.9998982159362324,0.8499682116039816,0.1519759760709221,1.0
9,3,3D-independent-dbbd1a2865ca,3D,3D-independent,equal_total,32,independent,mean_centered,"[80, 48]",,"[1.0, 1.0]",149728,0.400928417002433,0.7384173340033158,ok,,0.0003111537680358,0.0528095438510069,0.0498523772050614,0.0013051224287842,0.9995991794292032,0.9915248608674804,0.0014536505676005,0.4071092467070187,0.000390962772237,0.000597801475864,0.9999480269278568,0.907424533862316,0.1276110232982818,1.0
9,3,4D-A-85017caccbe9,4D,4D-A,equal_total,32,joint,mean_centered,"[80, 48]",2.0,"[1.0, 1.0]",259188,0.4253390829981072,0.7249915830034297,ok,,7.994955479672026e-05,0.0139994821934672,0.012801793973668,0.0003351476776118,0.9999321552031808,0.9991767224166987,0.0148878856618758,4.086014743355446,0.0040034292856512,0.0061214420027405,0.9883463447474138,0.1974148016365563,1.1254296158805714,1.0
9,3,4D-B-4bb821f89672,4D,4D-B,equal_total,32,shared-independent,mean_centered,"[80, 48]",,"[1.0, 1.0]",136304,0.2967820420017233,0.5743829589991947,ok,,0.0003121986917893,0.0530102609452873,0.0500200424433454,0.0013095118616514,0.9995897859883944,0.991457862738436,0.0141591816584824,3.882098497439375,0.0038074378973863,0.0058217614462236,0.9906995023077092,0.4705934839488553,1.0510207712602542,1.0
9,3,3D-independent-3e92f69676cb,3D,3D-independent,equal_total,32,independent,ensemble_anomaly,"[80, 48]",,"[1.0, 1.0]",149728,0.3173212080000667,0.6122225420040195,ok,,0.0002625088034709,0.045747110674888,0.0420857287459512,0.0011017935672783,0.9997317788445028,0.994140658408719,0.0017130853515116,0.4686623447285972,0.0004606518494927,0.0007043595325217,0.9999358272565584,0.907865398777002,0.1408516067026561,1.0
9,3,4D-A-8bea2cabc037,4D,4D-A,equal_total,32,joint,ensemble_anomaly,"[80, 48]",2.0,"[1.0, 1.0]",259188,0.4617229169962229,0.7649284159997478,ok,,6.365003320302223e-05,0.0104992886995304,0.0101804843252183,0.0002665224643967,0.9999727317348592,0.9995415250623308,0.0040320675084758,1.0882077248558997,0.0010841158826993,0.0016576669716584,0.9998280309813624,0.8245048496082995,0.2966709565550287,1.0
9,3,4D-B-2828b82824ed,4D,4D-B,equal_total,32,shared-independent,ensemble_anomaly,"[80, 48]",,"[1.0, 1.0]",136304,0.3580069170056958,0.6683833749993937,ok,,0.0002625089571856,0.0457471312435795,0.0420857532248471,0.0011017942081295,0.999731780004174,0.9941406595923412,0.0016772031096389,0.4590493012146053,0.0004510038892525,0.0006896073226433,0.9999360683088464,0.9059670532171582,0.1386856440133587,1.0
9,3,3D-independent-86c75f98455a,3D,3D-independent,equal_total,32,independent,standardized_anomaly,"[80, 48]",,"[1.0, 1.0]",149728,0.3429572080058278,0.6474737089956761,ok,,0.0002625088034709,0.0457471106748836,0.0420857287459492,0.0011017935672782,0.999731778844512,0.9941406584087208,0.0017130853515116,0.4686623447285963,0.0004606518494927,0.0007043595325217,0.9999358272565584,0.9078653987770016,0.1408516067026546,1.0
9,3,4D-A-4ea76ef087a9,4D,4D-A,equal_total,32,joint,standardized_anomaly,"[80, 48]",2.0,"[1.0, 1.0]",259188,0.402698917001544,0.6930645409956924,ok,,0.0009562008024062,0.177264900942109,0.1531601065113487,0.0040096922435755,0.9967583173460058,0.9371959581586848,0.001663485258182,0.4555031003836009,0.0004473162207582,0.0006839686945566,0.9999401195046176,0.9082843716356124,0.1775069591071403,1.0
9,3,4D-B-934096b5cda8,4D,4D-B,equal_total,32,shared-independent,standardized_anomaly,"[80, 48]",,"[1.0, 1.0]",136304,0.298544707999099,0.591372417002276,ok,,0.0002974556829226,0.0507978379015103,0.0476631596143608,0.0012478092746419,0.9994518055901166,0.991835400712934,0.001706766225559,0.4669663187817049,0.0004589528172272,0.0007017616278925,0.9999352469694736,0.9072251014886348,0.1420584763956077,1.0
9,3,4D-A-b80c4d29ed28,4D,4D-A,equal_total,32,joint,standardized_anomaly,"[80, 48]",1.0,"[1.0, 1.0]",136306,0.2991195420036092,0.6207329590033623,ok,,0.0053237461184214,0.8042930926842096,0.8512401021160462,0.0222852472005972,0.9670398993335748,0.7135380587323886,0.0024851675622211,0.6691443028395128,0.0006681680154783,0.0010216620459606,0.9981167591751084,0.477039228739286,0.4695371879469712,1.0
9,3,4D-D-2ecf0e4138e3,4D,4D-D,equal_total,32,partial-spatial,standardized_anomaly,"[80, 48]",,"[1.0, 1.0]",163152,0.4302384580078069,0.8406670830008807,ok,,0.0002996405124031,0.0504134145834775,0.0479988529800177,0.0012565976407194,0.9996376027999482,0.9929068306736246,0.0017106307845563,0.468001152985822,0.0004599919126595,0.0007033504563618,0.999935353296198,0.9069887950583198,0.1421166886758318,1.0
9,3,4D-E-4f4328240852,4D,4D-E,equal_total,32,joint-property-residual,standardized_anomaly,"[80, 48]",2.0,"[1.0, 1.0]",224596,0.5273725829974865,0.912845124999876,ok,,0.0007480001639816,0.1456800514659997,0.1197588747252697,0.0031352565757694,0.9981537563019528,0.95719304766134,0.0016857997446477,0.4612217322462474,0.0004533127410362,0.0006931376715712,0.9999386837384162,0.9073535203769558,0.1686571249232748,1.0
9,3,4D-C-44adce3e7a5f,4D,4D-C,equal_total,32,joint,standardized_anomaly,"[80, 48]",2.0,"[1.0, 0.5]",259188,0.4205570830017677,0.7071503749975818,ok,,0.0009158933204737,0.1710444891619056,0.1466937905008626,0.0038404057515357,0.9970327460874064,0.9439939282171776,0.0016599810500949,0.4543497378162848,0.00044637253708,0.0006825257553931,0.9999396473479604,0.9080905573781418,0.1748379960451327,1.0
9,3,4D-C-1150f24dbbfa,4D,4D-C,equal_total,32,joint,standardized_anomaly,"[80, 48]",2.0,"[1.0, 2.0]",259188,0.3824393329996383,0.6769360840044101,ok,,0.0010019917394311,0.185025323587069,0.1605250798454484,0.0042025053534939,0.9965754878241846,0.935060672261812,0.001666296108204,0.4560315749368384,0.0004480705814002,0.0006851221494049,0.9999413299661112,0.9091432194046526,0.1797387381726687,1.0
9,3,3D-independent-82249d692984,3D,3D-independent,equal_per_property,64,independent,raw_minmax,"[64, 48]",,"[1.0, 1.0]",219008,0.2138184580035158,0.5021969169974909,ok,,0.0001421780349424,0.0246722667596497,0.0227705703162431,0.0005961276814081,0.9997696050001772,0.9972646817313252,0.001211234517927,0.3395127482106095,0.0003257654137567,0.0004981114800648,0.9999596230641156,0.9307225458528268,0.1000478502945458,1.0
9,3,4D-A-63bd70d89f36,4D,4D-A,equal_per_property,64,joint,raw_minmax,"[64, 48]",2.0,"[1.0, 1.0]",404420,0.3539173329991172,0.6521609580013319,ok,,0.0003277795059132,0.0523481173031021,0.0524475922697164,0.0013730644924989,0.9987111604530552,0.9863668252189918,0.0041249882910609,1.1314183215648757,0.0011092236385054,0.0016960579759748,0.9992418624349632,0.6668584096564049,0.3392884553575699,1.0
9,3,4D-B-49fc67f13645,4D,4D-B,equal_per_property,64,shared-independent,raw_minmax,"[64, 48]",,"[1.0, 1.0]",207808,0.2377258329943288,0.5293184589972952,ok,,0.0003276701669933,0.0523115012003392,0.0524294513074693,0.0013725895667675,0.998713392581162,0.9863488187823134,0.0041166671300304,1.1291893581521573,0.0011069864485244,0.0016926372014985,0.9992409791656414,0.6670454217391693,0.3387009347729388,1.0
9,3,3D-independent-64af48d38810,3D,3D-independent,equal_per_property,64,independent,mean_centered,"[64, 48]",,"[1.0, 1.0]",219008,0.2450344170065364,0.5379384589978145,ok,,0.0001506367323981,0.0256448527102695,0.0241200100856823,0.000631455667918,0.9997505062284908,0.9971238052190032,0.001306159791344,0.3635582265787572,0.0003512763408219,0.0005371189532392,0.9999302563171358,0.9001682249948256,0.110139266045528,1.0
9,3,4D-A-fbc2ac4d32c8,4D,4D-A,equal_per_property,64,joint,mean_centered,"[64, 48]",2.0,"[1.0, 1.0]",404420,0.3129503749951254,0.6011786250019213,ok,,0.0001575333394973,0.0270322449172932,0.0252232345033402,0.0006603377997679,0.9997069320404968,0.9969001794136528,0.0312473011775203,8.565139581438574,0.0084024543503094,0.0128477695785569,0.947708939109866,0.2531624758640282,2.241785124679257,1.0
9,3,4D-B-6a56509ea188,4D,4D-B,equal_per_property,64,shared-independent,mean_centered,"[64, 48]",,"[1.0, 1.0]",207808,0.237187749997247,0.536822417001531,ok,,0.0001613065279497,0.0277043040943812,0.0258268452472991,0.0006761401739848,0.9997046286168922,0.996742950241775,0.0310969416142755,8.524070780283127,0.008362025064497,0.0127859511947029,0.9480520248569932,0.320069368358895,2.223342231269293,1.0
9,3,3D-independent-5a93f5036396,3D,3D-independent,equal_per_property,64,independent,ensemble_anomaly,"[64, 48]",,"[1.0, 1.0]",219008,0.2152330000026268,0.5081100829993375,ok,,0.0001331134978971,0.0229426563567747,0.021307169378589,0.0005578162207895,0.999825689722219,0.9979466056478318,0.0014578553908972,0.3968362989898447,0.0003920022825283,0.0005993909386734,0.999947747259001,0.9243018402840668,0.1146636830951675,1.0
9,3,4D-A-cbe030d90365,4D,4D-A,equal_per_property,64,joint,ensemble_anomaly,"[64, 48]",2.0,"[1.0, 1.0]",404420,0.3559957920006127,0.7222143750041141,ok,,0.0001277658301929,0.0220341403107927,0.0204524689857278,0.0005354403840661,0.9998280649082746,0.9981133444380992,0.0031460509279716,0.8685088214168003,0.0008460281704563,0.001293619047224,0.9998584104964992,0.8337001676710803,0.2436590514182508,1.0
9,3,4D-B-6939f5acac9e,4D,4D-B,equal_per_property,64,shared-independent,ensemble_anomaly,"[64, 48]",,"[1.0, 1.0]",207808,0.4048237080060062,0.7529470000008587,ok,,0.0001331117632191,0.0229423577603466,0.0213068906809525,0.0005578089245569,0.9998256922918872,0.9979466577403268,0.0014221371981031,0.3910332786153598,0.0003824280019629,0.0005847513886733,0.9999367935077782,0.9149029244772804,0.1143877113167257,1.0
9,3,3D-independent-7a2c6100f5cb,3D,3D-independent,equal_per_property,64,independent,standardized_anomaly,"[64, 48]",,"[1.0, 1.0]",219008,0.2110974589959369,0.5057670419992064,ok,,0.000133113497897,0.0229426563567627,0.0213071693785712,0.000557816220789,0.999825689722249,0.9979466056478344,0.0014578553908971,0.3968362989898392,0.0003920022825283,0.0005993909386734,0.9999477472590016,0.9243018402840714,0.1146636830951623,1.0
9,3,4D-A-c45120ace2c4,4D,4D-A,equal_per_property,64,joint,standardized_anomaly,"[64, 48]",2.0,"[1.0, 1.0]",404420,0.3022071669984143,0.5995227089952095,ok,,0.0007448778752139,0.1249280715340137,0.1193646611358834,0.0031249361652677,0.997160516522949,0.9631167979336368,0.0013352555253587,0.3651768886891117,0.000359051030691,0.0005490068397803,0.9999538683963552,0.9354582065495256,0.1352043644953861,1.0
9,3,4D-B-f843c8275099,4D,4D-B,equal_per_property,64,shared-independent,standardized_anomaly,"[64, 48]",,"[1.0, 1.0]",207808,0.2240916669979924,0.5255597080031293,ok,,0.0002520068896359,0.0380982144635729,0.0402788266872821,0.0010544893355526,0.9991844018330368,0.993101719290876,0.0014407823573127,0.3922293377323744,0.0003874123347884,0.0005923726808547,0.9999482265629523,0.9243235589220972,0.1179037282723651,1.0
9,3,4D-A-102750e40079,4D,4D-A,equal_per_property,64,joint,standardized_anomaly,"[64, 48]",1.0,"[1.0, 1.0]",207810,0.244698791000701,0.5918563329978497,ok,,0.0055152948849435,0.8434311540608018,0.8819673939227147,0.0230896798066437,0.9672876355705928,0.7133432786901724,0.002301926260922,0.6177728806872425,0.0006188809135535,0.0009462996218016,0.9981201509631208,0.4916249955257142,0.4646799744100253,1.0
9,3,4D-D-ff94f89c821d,4D,4D-D,equal_per_property,64,partial-spatial,standardized_anomaly,"[64, 48]",,"[1.0, 1.0]",230208,0.3867462510024779,0.7623227910007699,ok,,8.918988994409745e-05,0.0153567452603728,0.0142791197889133,0.0003738236879487,0.9999525420326076,0.9991114691306948,0.0015724691195602,0.4281728662087153,0.0004228256422129,0.0006465213848923,0.9999404708892902,0.9168673366663058,0.1213850521426469,1.0
9,3,4D-E-0ed2b1a0be64,4D,4D-E,equal_per_property,64,joint-property-residual,standardized_anomaly,"[64, 48]",2.0,"[1.0, 1.0]",328516,0.6523416249983711,1.1457502920020488,ok,,0.0007068832401835,0.129106737200354,0.1131797291878165,0.002963016235698,0.9980522559808276,0.9620256909069308,0.0016293801293415,0.4458249991666849,0.0004381431786373,0.0006699426580451,0.9999424171160548,0.9113074462249364,0.1595662919502763,1.0
9,3,4D-C-e7705bff9f37,4D,4D-C,equal_per_property,64,joint,standardized_anomaly,"[64, 48]",2.0,"[1.0, 0.5]",404420,0.3262745419997372,0.6503440829983447,ok,,0.0006864162394712,0.1210048750852125,0.1100522781277813,0.0028811403703489,0.9977471611260796,0.9656347464328706,0.0013410184902521,0.3669667498327667,0.000360602321194,0.0005513788399246,0.9999515684159332,0.9330212229430916,0.1346609100574995,1.0
9,3,4D-C-07c1f38e4371,4D,4D-C,equal_per_property,64,joint,standardized_anomaly,"[64, 48]",2.0,"[1.0, 2.0]",404420,0.3005704160023015,0.6200883330020588,ok,,0.0008705450080838,0.1552954403587369,0.1394669012751802,0.0036512076481036,0.9958444690330396,0.946150703601536,0.001328317439818,0.3627742349457764,0.0003571811956263,0.0005461477691969,0.9999560499744344,0.9369446592653426,0.1441304984677685,1.0
9,3,3D-independent-fa9b36e31dc0,3D,3D-independent,equal_per_property,64,independent,raw_minmax,"[80, 48]",,"[1.0, 1.0]",272608,0.2395647499943152,0.5987258750028559,ok,,6.927057582794512e-05,0.0122006025127278,0.0110907758886125,0.000290353663684,0.9999541581349536,0.9993738297459732,0.0012125799244209,0.339948471370806,0.0003261276468579,0.0004986653524483,0.9999598690714122,0.9316270579942514,0.0966621575033554,1.0
9,3,4D-A-4f7fd7861b3e,4D,4D-A,equal_per_property,64,joint,raw_minmax,"[80, 48]",2.0,"[1.0, 1.0]",504948,0.4234668749995762,0.7357153339980869,ok,,0.0001326150039923,0.0225100194199231,0.0212343830535884,0.0005559106934988,0.9997809527373792,0.9976569153938416,0.0015167131893976,0.4208241430014066,0.0004078897201154,0.0006236836189788,0.9999037067930484,0.8665836594633682,0.1278034687481812,1.0
9,3,4D-B-51546c614bcf,4D,4D-B,equal_per_property,64,shared-independent,raw_minmax,"[80, 48]",,"[1.0, 1.0]",259184,0.2394034169992664,0.5435387079996872,ok,,0.0001327411188184,0.0224953955044858,0.0212528748621286,0.0005563948042961,0.9997821892947556,0.9976522406163792,0.0014948175634425,0.4148949308951388,0.0004020026254551,0.0006146819591626,0.9999021346096834,0.8652941489544004,0.1264792829035587,1.0
9,3,3D-independent-5cbc421a2b78,3D,3D-independent,equal_per_property,64,independent,mean_centered,"[80, 48]",,"[1.0, 1.0]",272608,0.2410737079990212,0.549367291998351,ok,,7.493494279235235e-05,0.0131523610026896,0.0119977147415724,0.0003140970898734,0.9999433288523546,0.9992593719249312,0.0012180983877606,0.3409358379977084,0.0003276078665522,0.0005009286818,0.999951734100462,0.9247318332730684,0.0980231491003495,1.0
9,3,4D-A-a9f18b485be4,4D,4D-A,equal_per_property,64,joint,mean_centered,"[80, 48]",2.0,"[1.0, 1.0]",504948,0.3769272089994047,0.6741083329980029,ok,,7.152528892972897e-05,0.0125340813447129,0.0114544237536737,0.0002998738713747,0.9999366569219862,0.9993295223977344,0.0144832010781021,3.9708114833901855,0.0038945626009153,0.0059549794404991,0.9902992327152672,0.3597883180092016,1.0759466611328576,1.0
9,3,4D-B-be3ed22367d4,4D,4D-B,equal_per_property,64,shared-independent,mean_centered,"[80, 48]",,"[1.0, 1.0]",259184,0.3444043330018758,0.7397399580004276,ok,,7.988462454323277e-05,0.0139925591511838,0.012791409592837,0.0003348758171893,0.9999322572148568,0.9991737868819962,0.0141368579441647,3.875735504435741,0.003801432836067,0.005812579409533,0.9906872201592506,0.4720096362635971,1.038534088003532,1.0
9,3,3D-independent-44372d7b9669,3D,3D-independent,equal_per_property,64,independent,ensemble_anomaly,"[80, 48]",,"[1.0, 1.0]",272608,0.9573072080020212,1.6053471669947612,ok,,6.365211208598271e-05,0.0105006093010208,0.0101807678699694,0.0002665298875254,0.999972743100678,0.9995409155273988,0.0014607748128448,0.3976510339269709,0.0003927874204243,0.00060059145347,0.999947681127638,0.9243183211193804,0.1115555062261505,1.0
9,3,4D-A-abc62af84685,4D,4D-A,equal_per_property,64,joint,ensemble_anomaly,"[80, 48]",2.0,"[1.0, 1.0]",504948,0.6859475410019513,1.2602819579988136,ok,,5.0938057437826304e-05,0.008246532810381,0.0081470408267043,0.0002132874359715,0.9999771280804702,0.9997135563425202,0.0031844387930164,0.8811142740470902,0.000856364689007,0.0013094240969211,0.999868880839621,0.8472875074156101,0.2414650687446015,1.0
9,3,4D-B-643a4d560541,4D,4D-B,equal_per_property,64,shared-independent,ensemble_anomaly,"[80, 48]",,"[1.0, 1.0]",259184,0.4217873329980648,0.7507231250056066,ok,,6.365160827587247e-05,0.0105005111450813,0.0101806861428538,0.0002665277479305,0.999972744429618,0.9995409290708688,0.0014162832090051,0.3858739453801765,0.0003808276473366,0.0005823043670502,0.9999505563162896,0.925450420955326,0.10846969537804,1.0
9,3,3D-independent-11e1b067c3e2,3D,3D-independent,equal_per_property,64,independent,standardized_anomaly,"[80, 48]",,"[1.0, 1.0]",272608,0.2262183330021798,0.5224089170005755,ok,,6.365211208603564e-05,0.0105006093010211,0.0101807678699778,0.0002665298875256,0.9999727431006272,0.999540915527398,0.0014607748128448,0.3976510339269737,0.0003927874204243,0.00060059145347,0.999947681127638,0.9243183211193782,0.1115555062261517,1.0
9,3,4D-A-3bf6b15a532d,4D,4D-A,equal_per_property,64,joint,standardized_anomaly,"[80, 48]",2.0,"[1.0, 1.0]",504948,0.3520022919983603,0.6563244999997551,ok,,0.0007246463903462,0.1238518961599181,0.116167337537753,0.0030412310548206,0.9975585535597832,0.966274353630185,0.0013367025759837,0.36541723764364,0.0003594389774164,0.0005496000295709,0.999954474897566,0.9362503179452788,0.1345016995039565,1.0
9,3,4D-B-3ee6d3ebd2d3,4D,4D-B,equal_per_property,64,shared-independent,standardized_anomaly,"[80, 48]",,"[1.0, 1.0]",259184,0.2410200409940444,0.5434044579960755,ok,,0.0001471315129336,0.0237613209089798,0.0235311647823729,0.0006160398491443,0.9996977762192354,0.997307932973204,0.0014500282089448,0.3947236544864945,0.000389897920144,0.0005961732641826,0.9999476645599472,0.9239956463557828,0.1144582964327452,1.0
9,3,4D-A-0bf051d8d579,4D,4D-A,equal_per_property,64,joint,standardized_anomaly,"[80, 48]",1.0,"[1.0, 1.0]",259186,0.2252652499955729,0.5183557919954183,ok,,0.0055081091977425,0.8421467004460989,0.8808147412081028,0.023059503654677,0.9674694382250268,0.7138840910814234,0.0023058489111217,0.6189488618871417,0.0006199364771179,0.0009479136308619,0.998115671705086,0.4917357997148797,0.4645714042337723,1.0
9,3,4D-D-e24c5d642104,4D,4D-D,equal_per_property,64,partial-spatial,standardized_anomaly,"[80, 48]",,"[1.0, 1.0]",286032,0.4149853740018443,0.7828054170022369,ok,,8.024008955846208e-05,0.0138210514551293,0.0128472920267259,0.000336338804953,0.9999685397605536,0.99929189064228,0.0015749597848551,0.4288371205836322,0.000423495076818,0.0006475449836167,0.9999406216777136,0.917297824847608,0.1210908285734544,1.0
9,3,4D-E-6ca320f290f9,4D,4D-E,equal_per_property,64,joint-property-residual,standardized_anomaly,"[80, 48]",2.0,"[1.0, 1.0]",408916,0.6873630000045523,1.1698136669947417,ok,,0.00067248928044,0.1217649642803934,0.1076207770494986,0.0028174842967413,0.9981438526892168,0.964192018390445,0.0015905037797996,0.4348545835524,0.000427686988953,0.0006539546252475,0.9999439926402168,0.916457502313231,0.1540736968702388,1.0
9,3,4D-C-4e04f7cc08d6,4D,4D-C,equal_per_property,64,joint,standardized_anomaly,"[80, 48]",2.0,"[1.0, 0.5]",504948,0.3453948749956907,0.6366288749995874,ok,,0.0006763675067739,0.1214966832062228,0.1084555557932512,0.0028393385898086,0.997973980235588,0.966438526252387,0.001351977956589,0.3700186012536463,0.000363549404837,0.0005558850770305,0.9999528663785244,0.9351317978086364,0.1351825306073393,1.0
9,3,4D-C-f8d668c31c07,4D,4D-C,equal_per_property,64,joint,standardized_anomaly,"[80, 48]",2.0,"[1.0, 2.0]",504948,0.3273788330043317,0.6215597089976654,ok,,0.0008216163853335,0.1511310160075832,0.1316413153229005,0.0034463358181669,0.9965979662555512,0.9493773286662976,0.0013446966381496,0.3677439756003275,0.000361588300186,0.0005528864507215,0.9999549848024196,0.9364641310903524,0.1439885654323964,1.0
9,3,3D-current-e419eaac8e1a,3D,3D-current,equal_total,32,legacy-independent,raw_minmax,"[48, 48]",,"[1.0, 1.0]",117216,4.991810957995767,5.400406082997506,ok,,0.0009359476137788,0.1494842647248746,0.1497453008656384,0.0039202935089912,0.9949448478293867,0.9385775035813754,0.0014591869725785,0.4084659122725503,0.000392450579398,0.0006000764068288,0.9999508329152594,0.907376595005351,0.1587432819260154,1.0
9,3,4D-A-current-205a30146a4e,4D,4D-A-current,equal_total,32,legacy-joint,raw_minmax,"[48, 48]",2.0,"[1.0, 1.0]",181972,8.450956542001222,8.879065166998771,ok,,0.0022219328934225,0.3604691303441417,0.3556067920792894,0.0093096944657548,0.9772648168812288,0.8275152478392377,0.0155484497553836,4.261665715966122,0.0041810071489602,0.0063929673660365,0.9908353514734728,0.4382387350823125,1.247314463712372,1.0
9,3,3D-current-5e7711139fcb,3D,3D-current,equal_per_property,64,legacy-independent,raw_minmax,"[48, 48]",,"[1.0, 1.0]",216480,4.996898290999525,5.396923708998656,ok,,0.0009045606708272,0.1436610574930976,0.1447122271658757,0.0037885289324643,0.9950972080081252,0.9431791243857064,0.001221304191099,0.3417473120738664,0.0003284696567018,0.0005022464016954,0.9999568012497662,0.9253435459859282,0.1377867585952867,1.0
9,3,4D-A-current-43ce2f360e5a,4D,4D-A-current,equal_per_property,64,legacy-joint,raw_minmax,"[48, 48]",2.0,"[1.0, 1.0]",354964,6.381722833000822,6.717112457998155,ok,,0.0022203819729237,0.3602046248822569,0.3553579800773098,0.0093031806314596,0.9772323533313174,0.8280225143319919,0.0154603950688286,4.236357432244738,0.0041573182225369,0.0063567458222399,0.9908658829755584,0.4418118313015096,1.2404112210775609,1.0
10,1,3D-independent-e9bc2b1d9158,3D,3D-independent,equal_total,32,independent,raw_minmax,"[64, 48]",,"[1.0, 1.0]",120704,0.3869510000004084,0.779778083000565,ok,,0.0003036387024759,0.0470141990602098,0.0487526746240853,0.0011775239713357,0.9995070898002486,0.9915144761343196,0.0011096026226363,0.3059730935523832,0.0002985908446371,0.0004565602156497,0.9999703541282337,0.954363816569706,0.095012036565145,1.0
10,1,4D-A-c5fc8bd2cb2c,4D,4D-A,equal_total,32,joint,raw_minmax,"[64, 48]",2.0,"[1.0, 1.0]",207812,0.7741728330001934,1.0802842089979094,ok,,0.000356413866079,0.0555340859663477,0.0572198491109762,0.0013820317445948,0.9987119881446848,0.9873619480073024,0.0042618532563328,1.1717320765120507,0.0011468705246482,0.0017536219326888,0.9992203198159156,0.6980759555139491,0.3461368026794432,1.0
10,1,4D-B-f835e7c8452f,4D,4D-B,equal_total,32,shared-independent,raw_minmax,"[64, 48]",,"[1.0, 1.0]",109504,0.301077083000564,0.6387152079987573,ok,,0.0004299074667151,0.0667306293874713,0.0690227945604577,0.0016671084364132,0.9985370125190108,0.9825763728242516,0.0041664922546469,1.1454130089922347,0.0011212113068187,0.0017143877155786,0.9992307317383567,0.7067581786993994,0.3418690906544701,1.0
10,1,3D-independent-7cc1fb3009e2,3D,3D-independent,equal_total,32,independent,mean_centered,"[64, 48]",,"[1.0, 1.0]",120704,0.2838554159970954,0.5708728749959846,ok,,0.0003093682262103,0.0478808627167958,0.049672686654014,0.0011997450336161,0.9994894598227636,0.9915088961528866,0.0012201566547619,0.3362644173693306,0.0003283424085352,0.0005020518329354,0.999944923263004,0.931842343317062,0.105617415087788,1.0
10,1,4D-A-a8d848e0bd2f,4D,4D-A,equal_total,32,joint,mean_centered,"[64, 48]",2.0,"[1.0, 1.0]",207812,0.4317916660002083,0.7130397500004619,ok,,0.0001775246523934,0.0275849977767805,0.0285019002112981,0.0006884067589359,0.9996656811852024,0.996978408982112,0.0358972070032128,9.864465742329957,0.0096600278084032,0.0147706617888673,0.946057871213196,0.2433590489633538,2.567970502783502,1.0
10,1,4D-B-2e139466dc24,4D,4D-B,equal_total,32,shared-independent,mean_centered,"[64, 48]",,"[1.0, 1.0]",109504,0.2766378750020521,0.548441749997437,ok,,0.0003101957613066,0.0480171989750314,0.0498056468994393,0.0012029564241179,0.9994772946761142,0.99144365040946,0.0355560370477858,9.77301246691516,0.009568208099823,0.0146302648989318,0.947580689100136,0.3511757321249492,2.537429993655747,1.0
10,1,3D-independent-34daa9e6fa18,3D,3D-independent,equal_total,32,independent,ensemble_anomaly,"[64, 48]",,"[1.0, 1.0]",120704,0.3224277909976081,0.6042197920032777,ok,,0.0003148826529524,0.0469365485363083,0.0505802320893006,0.0012216649900773,0.9996046256613088,0.9936441717847742,0.0017312836991336,0.4749341065033143,0.0004659060332006,0.0007123934400906,0.9999513435712256,0.9261490778222826,0.1404935075590235,1.0
10,1,4D-A-63c64c98502f,4D,4D-A,equal_total,32,joint,ensemble_anomaly,"[64, 48]",2.0,"[1.0, 1.0]",207812,0.4245542909993673,0.7066122500036727,ok,,0.0001446784537566,0.0220326749144471,0.0232354525891649,0.0005612061824206,0.999808661203492,0.9981589831861208,0.0037082260147435,1.0090681220969244,0.0009979116430611,0.0015258564123394,0.9998325955104136,0.8314370563853671,0.2790756943064069,1.0
10,1,4D-B-852478df5431,4D,4D-B,equal_total,32,shared-independent,ensemble_anomaly,"[64, 48]",,"[1.0, 1.0]",109504,0.3970205829973565,0.6924738330053515,ok,,0.0003148824074497,0.0469365189989865,0.0505801925688814,0.0012216640355401,0.9996046252943128,0.9936441705798577,0.0017253010409651,0.4731553657505977,0.0004642922492589,0.000709925884378,0.999937360686547,0.9202280506155304,0.1407889435379726,1.0
10,1,3D-independent-629bdce16d73,3D,3D-independent,equal_total,32,independent,standardized_anomaly,"[64, 48]",,"[1.0, 1.0]",120704,0.2755628329978208,0.6274065829929896,ok,,0.0003148826529523,0.046936548536297,0.0505802320892871,0.001221664990077,0.9996046256612992,0.9936441717847772,0.0017312836991336,0.4749341065033163,0.0004659060332006,0.0007123934400906,0.999951343571226,0.926149077822282,0.1404935075590209,1.0
10,1,4D-A-06f4272272b6,4D,4D-A,equal_total,32,joint,standardized_anomaly,"[64, 48]",2.0,"[1.0, 1.0]",207812,0.3603182080041733,0.6499717499973485,ok,,0.001078919660621,0.1601010444593105,0.1733097394674188,0.0041859523454334,0.9967162271362774,0.937885185410147,0.0015407647321014,0.423232565202045,0.0004146355307612,0.000633998298141,0.9999591177373288,0.9369420209943846,0.1614800016147724,1.0
10,1,4D-B-17b80d300b68,4D,4D-B,equal_total,32,shared-independent,standardized_anomaly,"[64, 48]",,"[1.0, 1.0]",109504,0.3179845830018166,0.6442720830018516,ok,,0.0003609663553271,0.0537016903231482,0.0579846723769592,0.0014005045306824,0.9991838770464884,0.9903157404394448,0.0017272058543137,0.4738343799856128,0.0004648085624378,0.0007107153528446,0.9999507336181788,0.9257291236506614,0.142378409565927,1.0
10,1,4D-A-4681118648ec,4D,4D-A,equal_total,32,joint,standardized_anomaly,"[64, 48]",1.0,"[1.0, 1.0]",109506,0.3188369169947691,0.6309804170014104,ok,,0.0046888994014735,0.7078072891352933,0.7530648436417878,0.0181887847630075,0.975087675439044,0.7552181819888442,0.0023933602601284,0.6556810793949642,0.0006440761129991,0.0009848243317812,0.9983351742444224,0.5983535475630851,0.4216756259385733,1.0
10,1,4D-D-9e53fbf0a6d8,4D,4D-D,equal_total,32,partial-spatial,standardized_anomaly,"[64, 48]",,"[1.0, 1.0]",131904,0.456317415999365,0.8540479580042302,ok,,0.0003401574597216,0.0514837705733896,0.0546314123946381,0.0013195131996068,0.9996245008047144,0.9918386621257406,0.0017353124012543,0.4760243097910067,0.0004669903268211,0.0007140513788322,0.9999503757491274,0.9247556108915292,0.1423027359639403,1.0
10,1,4D-E-07794d5e4bbe,4D,4D-E,equal_total,32,joint-property-residual,standardized_anomaly,"[64, 48]",2.0,"[1.0, 1.0]",181060,0.480688875009946,0.9289916660054588,ok,,0.0009310759302594,0.1390767154830419,0.149537832309699,0.0036117891689837,0.9974935698654378,0.9531832687544982,0.0016524761946296,0.4532170340861681,0.0004446995583608,0.0006799676879286,0.9999520215506704,0.9312276621362822,0.1625220710309549,1.0
10,1,4D-C-3fe7ec5ee326,4D,4D-C,equal_total,32,joint,standardized_anomaly,"[64, 48]",2.0,"[1.0, 0.5]",207812,0.4128491249939543,0.7656847089965595,ok,,0.0010115582942964,0.1501326709827556,0.1624936289283202,0.0039247106897784,0.9973184503733769,0.9423448358363982,0.0015488793306098,0.4254321564194881,0.0004168198040514,0.0006373381603716,0.9999584457701124,0.935515131098369,0.159158710983715,1.0
10,1,4D-C-5b31da2b924b,4D,4D-C,equal_total,32,joint,standardized_anomaly,"[64, 48]",2.0,"[1.0, 2.0]",207812,0.3687661250005476,0.6588914170060889,ok,,0.0011967821432383,0.1775341861013956,0.1922525248168283,0.0046434776813209,0.9956732721493392,0.930840943631126,0.001517852401439,0.4170710207961121,0.0004084706027862,0.0006245718174022,0.9999598054123728,0.938224093454822,0.1650181720886334,1.0
10,1,3D-independent-7db5f3bc9ad5,3D,3D-independent,equal_total,32,independent,raw_minmax,"[80, 48]",,"[1.0, 1.0]",149728,0.3351556249981513,0.6065886669966858,ok,,0.0002713857057235,0.0419197139503123,0.0435751362463922,0.0010524708209341,0.9997289963142904,0.9933524720582736,0.0011077023601748,0.3054626994822,0.0002980794238949,0.0004557782279614,0.9999707267055072,0.9548570487224712,0.093319413260535,1.0
10,1,4D-A-9e409054ed54,4D,4D-A,equal_total,32,joint,raw_minmax,"[80, 48]",2.0,"[1.0, 1.0]",259188,0.4045604580023791,0.7304835420000018,ok,,0.0001703952791867,0.0266766309099434,0.027355426531486,0.0006607159655406,0.999686738856292,0.9970367818225476,0.0016989975168997,0.4680199869760089,0.0004571940761339,0.0006990724255031,0.9998983721852194,0.8839626618132503,0.1385492240170133,1.0
10,1,4D-B-2fb1b6b4a839,4D,4D-B,equal_total,32,shared-independent,raw_minmax,"[80, 48]",,"[1.0, 1.0]",136304,0.2774429999990389,0.5514134580007521,ok,,0.0003028164328817,0.0469384553422278,0.0486200869508222,0.0011743215795741,0.9994927483526016,0.9915895881811128,0.0014318755915476,0.3943099323716825,0.0003853168171637,0.0005891685304402,0.9999076181927464,0.9034330525869552,0.123434266832469,1.0
10,1,3D-independent-dbbd1a2865ca,3D,3D-independent,equal_total,32,independent,mean_centered,"[80, 48]",,"[1.0, 1.0]",149728,0.3341250419980497,0.6023695420008153,ok,,0.0002756857792929,0.0425946087003416,0.0442658530720705,0.0010691537132249,0.9997092479124334,0.9933466603636304,0.0011226797905763,0.3095416392710933,0.0003021100969972,0.0004619413271114,0.9999662483637808,0.9513110260273788,0.0949518511939825,1.0
10,1,4D-A-85017caccbe9,4D,4D-A,equal_total,32,joint,mean_centered,"[80, 48]",2.0,"[1.0, 1.0]",259188,0.3740878329990664,0.6902102500025649,ok,,8.569221983111794e-05,0.0132048875301978,0.0137590891808531,0.0003323234562847,0.99992456861719,0.9993031446974346,0.0179566858481696,4.931123392205058,0.004832202498002,0.0073886773629388,0.9850701106838682,0.3341819717069069,1.3193964303832713,1.0
10,1,4D-B-4bb821f89672,4D,4D-B,equal_total,32,shared-independent,mean_centered,"[80, 48]",,"[1.0, 1.0]",136304,0.2794138750032289,0.5491838329980965,ok,,0.0002776970751584,0.0428832309087826,0.0445891215853176,0.001076961621744,0.999695444711004,0.9932445372751096,0.0172303755405275,4.736236761774439,0.0046367319439109,0.0070897931877141,0.9861594348013604,0.4945381214610918,1.2588071658287805,1.0
10,1,3D-independent-3e92f69676cb,3D,3D-independent,equal_total,32,independent,ensemble_anomaly,"[80, 48]",,"[1.0, 1.0]",149728,0.3116537910027546,0.5846534169977531,ok,,0.0002981631926506,0.0442343990041734,0.0478968713480021,0.001156853743905,0.999723189879381,0.9944632178073624,0.0017318839434446,0.4750962420673763,0.0004660675609847,0.0007126404240865,0.999951407952219,0.9261568157057694,0.1397551560787459,1.0
10,1,4D-A-8bea2cabc037,4D,4D-A,equal_total,32,joint,ensemble_anomaly,"[80, 48]",2.0,"[1.0, 1.0]",259188,0.4124361249996582,0.6911295000027167,ok,,7.242014353022528e-05,0.0107324943120843,0.0116345159782318,0.0002810086126534,0.9999713539891776,0.9996079265824436,0.0035821555696484,0.9754011721741384,0.0009639833119776,0.0014739783108024,0.9998691306008944,0.8436499740063366,0.2661261790479581,1.0
10,1,4D-B-2828b82824ed,4D,4D-B,equal_total,32,shared-independent,ensemble_anomaly,"[80, 48]",,"[1.0, 1.0]",136304,0.2776445419949596,0.5756707500040648,ok,,0.0002981632241178,0.0442344030904883,0.0478968763972359,0.0011568538658592,0.9997231893733768,0.9944632114036992,0.0017271423102856,0.473779182314719,0.0004647904388585,0.0007106876409927,0.9999488517607849,0.923341663365139,0.139777787005197,1.0
10,1,3D-independent-86c75f98455a,3D,3D-independent,equal_total,32,independent,standardized_anomaly,"[80, 48]",,"[1.0, 1.0]",149728,0.2883366659953026,0.6223323750018608,ok,,0.0002981631926506,0.0442343990041706,0.0478968713479998,0.0011568537439049,0.999723189879386,0.9944632178073624,0.0017318839434446,0.4750962420673761,0.0004660675609847,0.0007126404240865,0.9999514079522188,0.9261568157057692,0.1397551560787452,1.0
10,1,4D-A-4ea76ef087a9,4D,4D-A,equal_total,32,joint,standardized_anomaly,"[80, 48]",2.0,"[1.0, 1.0]",259188,0.3725564159976784,0.6577340830044704,ok,,0.0010659951503107,0.1581597508232047,0.1712336607252621,0.0041358087891235,0.9969977067106344,0.9400231916728234,0.0015431139653364,0.4238601464204199,0.0004152676659924,0.000634964864272,0.9999594323895448,0.9372224997924208,0.1608492628777506,1.0
10,1,4D-B-934096b5cda8,4D,4D-B,equal_total,32,shared-independent,standardized_anomaly,"[80, 48]",,"[1.0, 1.0]",136304,0.3326395839976612,0.6239951250026934,ok,,0.0003239842806974,0.0482740933767215,0.0520427465554838,0.0012569891206124,0.9994948415886769,0.992695786521106,0.0017291848835492,0.4743657551956373,0.0004653412153538,0.0007115298055802,0.99995107395482,0.925979995268658,0.1408254894193692,1.0
10,1,4D-A-b80c4d29ed28,4D,4D-A,equal_total,32,joint,standardized_anomaly,"[80, 48]",1.0,"[1.0, 1.0]",136306,0.2840375419982592,0.6181310419997317,ok,,0.0046826345683393,0.7068530834105645,0.7520586988884709,0.0181644833359617,0.975363762235032,0.7569707649354305,0.0023986408014993,0.6571219429563001,0.0006454970718509,0.0009869970483647,0.9983392169700224,0.5980565355611084,0.4216153440296488,1.0
10,1,4D-D-2ecf0e4138e3,4D,4D-D,equal_total,32,partial-spatial,standardized_anomaly,"[80, 48]",,"[1.0, 1.0]",163152,0.464495498999895,0.8692556669993792,ok,,0.000331142836545,0.0500290880809273,0.0531849178439627,0.001284575998295,0.9996670163045978,0.9922619197737584,0.0017308908664541,0.4748245641724202,0.0004658003616468,0.0007122318630421,0.9999510233074448,0.9259125150882788,0.1414416087055822,1.0
10,1,4D-E-4f4328240852,4D,4D-E,equal_total,32,joint-property-residual,standardized_anomaly,"[80, 48]",2.0,"[1.0, 1.0]",224596,0.5245288760052063,0.9765822920016944,ok,,0.0007984233929241,0.1205880761525013,0.1282152813753312,0.003096785324603,0.998243426017694,0.961574683183998,0.0016013264799781,0.4394406855035355,0.0004309346062403,0.0006589203932061,0.9999556901594008,0.934208755175414,0.1530342606190827,1.0
10,1,4D-C-44adce3e7a5f,4D,4D-C,equal_total,32,joint,standardized_anomaly,"[80, 48]",2.0,"[1.0, 0.5]",259188,0.450299249998352,0.7627669579960639,ok,,0.0010020638056074,0.1485803732978253,0.160970863980189,0.0038879313285851,0.9975329308420502,0.9446085951573944,0.0015498750397695,0.4257052968948718,0.0004170878056451,0.0006377479481049,0.9999595085356336,0.9364596736370762,0.1584378839488655,1.0
10,1,4D-C-1150f24dbbfa,4D,4D-C,equal_total,32,joint,standardized_anomaly,"[80, 48]",2.0,"[1.0, 2.0]",259188,0.4445106249986565,0.7405864160027704,ok,,0.0011707477740692,0.174046380591705,0.188064649131727,0.0045423278665424,0.9963032853502604,0.932180220520797,0.0015234196478473,0.4186213380960044,0.00040996906542,0.0006268630411135,0.9999597088301848,0.9376634805241876,0.1644364670413042,1.0
10,1,3D-independent-82249d692984,3D,3D-independent,equal_per_property,64,independent,raw_minmax,"[64, 48]",,"[1.0, 1.0]",219008,0.2158912920058355,0.5072760420007398,ok,,0.0001669043708329,0.0259444763707353,0.0267970200675431,0.0006472287671025,0.9996911752809008,0.997178039300321,0.0008121704283008,0.2239346659792873,0.0002185521346513,0.0003341770570642,0.9999790676005706,0.9730175587341368,0.0661953358331984,1.0
10,1,4D-A-63bd70d89f36,4D,4D-A,equal_per_property,64,joint,raw_minmax,"[64, 48]",2.0,"[1.0, 1.0]",404420,0.3604792089972761,0.6566091249987949,ok,,0.0003518436775014,0.0548189163049386,0.0564860179730485,0.001364307511771,0.9987239590782748,0.9876790154841878,0.0041180303058921,1.1321167020560987,0.0011081705967226,0.0016944478228436,0.9992332883295832,0.7116116621406868,0.33432256988715,1.0
10,1,4D-B-49fc67f13645,4D,4D-B,equal_per_property,64,shared-independent,raw_minmax,"[64, 48]",,"[1.0, 1.0]",207808,0.2280168340003001,0.5595299589986098,ok,,0.0003506402426762,0.0546372197040067,0.0562927795657489,0.0013596402220575,0.9987268148998392,0.9877529918990792,0.0040964352539334,1.1260186305903732,0.0011023593949552,0.0016855622070259,0.9992355016531048,0.7138903783547725,0.3324585412918635,1.0
10,1,3D-independent-64af48d38810,3D,3D-independent,equal_per_property,64,independent,mean_centered,"[64, 48]",,"[1.0, 1.0]",219008,0.2223676659996272,0.5164719590029563,ok,,0.0001752210120687,0.0271997579861697,0.0281320189347758,0.0006794730117515,0.9996779729894488,0.9970707178891214,0.0009435306936442,0.2598882828774425,0.0002539034444215,0.0003882309636123,0.9999513980485903,0.949529542673866,0.0784469776455296,1.0
10,1,4D-A-fbc2ac4d32c8,4D,4D-A,equal_per_property,64,joint,mean_centered,"[64, 48]",2.0,"[1.0, 1.0]",404420,0.3180251669982681,0.6580077500038897,ok,,0.0001759945797185,0.0273558882430856,0.0282560895118728,0.0006824696899809,0.999668217776548,0.9970290221019183,0.0356806718921137,9.806665217414285,0.0096017502063838,0.0146815524440117,0.9470025544179766,0.3058203493629202,2.5456491049812375,1.0
10,1,4D-B-6a56509ea188,4D,4D-B,equal_per_property,64,shared-independent,mean_centered,"[64, 48]",,"[1.0, 1.0]",207808,0.232142125001701,0.5272677499960992,ok,,0.0001773311210092,0.027555872017015,0.0284708104212185,0.00068765584684,0.9996659497617738,0.9969803760069472,0.0355479617842563,9.770774975305727,0.0095660350916885,0.0146269422616831,0.947530801069385,0.3516197492136337,2.531007696178113,1.0
10,1,3D-independent-5a93f5036396,3D,3D-independent,equal_per_property,64,independent,ensemble_anomaly,"[64, 48]",,"[1.0, 1.0]",219008,0.2218381659986334,0.5825790410017362,ok,,0.0001447118701995,0.0220371719851196,0.0232408281874812,0.0005613360193152,0.9998086077240932,0.9981575531034416,0.0011739681957596,0.3224052307890868,0.0003159248975988,0.0004830648426349,0.999958571272584,0.9509843799787864,0.0924678590582731,1.0
10,1,4D-A-cbe030d90365,4D,4D-A,equal_per_property,64,joint,ensemble_anomaly,"[64, 48]",2.0,"[1.0, 1.0]",404420,0.3184906669994234,0.6329623749988968,ok,,0.0001359143173091,0.0208664480683243,0.0218257328240419,0.0005271572029728,0.9998140314347076,0.9983141189851992,0.0042069450870676,1.1375235812230649,0.0011321513995086,0.00173111566008,0.9996149659152692,0.8274353552841491,0.3113788230391787,1.0
10,1,4D-B-6939f5acac9e,4D,4D-B,equal_per_property,64,shared-independent,ensemble_anomaly,"[64, 48]",,"[1.0, 1.0]",207808,0.3085633340015192,0.607848790998105,ok,,0.0001447103107327,0.0220369660551842,0.0232405772928126,0.0005613299594531,0.9998086104462932,0.9981575887813166,0.0012215118027559,0.3349650533951828,0.0003287167040935,0.0005026241494142,0.9999467220920014,0.945919039597825,0.096240926315199,1.0
10,1,3D-independent-7a2c6100f5cb,3D,3D-independent,equal_per_property,64,independent,standardized_anomaly,"[64, 48]",,"[1.0, 1.0]",219008,0.2284586249952553,0.5256545420052134,ok,,0.0001447118701993,0.0220371719850985,0.0232408281874532,0.0005613360193145,0.9998086077241016,0.9981575531034468,0.0011739681957597,0.3224052307890953,0.0003159248975988,0.0004830648426349,0.9999585712725844,0.9509843799787836,0.0924678590582696,1.0
10,1,4D-A-c45120ace2c4,4D,4D-A,equal_per_property,64,joint,standardized_anomaly,"[64, 48]",2.0,"[1.0, 1.0]",404420,0.3850787910050712,0.6956859999991138,ok,,0.0007224097010387,0.1101786437558871,0.1159870067220597,0.0028014356511065,0.9972606087404589,0.9671350982837582,0.0010359751290227,0.2844724091414659,0.0002787900542014,0.0004262838246828,0.9999673561190606,0.961043932848011,0.1076403843328671,1.0
10,1,4D-B-f843c8275099,4D,4D-B,equal_per_property,64,shared-independent,standardized_anomaly,"[64, 48]",,"[1.0, 1.0]",207808,0.2364125420062919,0.5526602500031004,ok,,0.0002205791933544,0.0330171020592214,0.0354317432462638,0.00085578334605,0.9994302889126828,0.9954381056713588,0.0011304005995063,0.3104781010059689,0.0003042006175129,0.0004651378366985,0.9999598462299684,0.9529872626872976,0.0923206297214655,1.0
10,1,4D-A-102750e40079,4D,4D-A,equal_per_property,64,joint,standardized_anomaly,"[64, 48]",1.0,"[1.0, 1.0]",207810,0.2108758329995907,0.5838240000011865,ok,,0.004862760620582,0.7344456421100962,0.7809788147991165,0.0188629912640123,0.9723876951651664,0.7418663678490446,0.0021856027527249,0.5985890517738376,0.0005881666126436,0.0008993359318598,0.9983803386796152,0.6153890488602755,0.4136017463823185,1.0
10,1,4D-D-ff94f89c821d,4D,4D-D,equal_per_property,64,partial-spatial,standardized_anomaly,"[64, 48]",,"[1.0, 1.0]",230208,0.3970878339969204,0.7856979580028565,ok,,8.940632635579535e-05,0.0135635591551384,0.0143590768531402,0.0003468149661777,0.9999644166841448,0.99940886741578,0.0013634663603802,0.3745310980407607,0.0003669172692954,0.0005610347088797,0.9999570818023464,0.9415865560740304,0.1043992363627485,1.0
10,1,4D-E-0ed2b1a0be64,4D,4D-E,equal_per_property,64,joint-property-residual,standardized_anomaly,"[64, 48]",2.0,"[1.0, 1.0]",328516,0.8216987909981981,1.4328295000013895,ok,,0.0008385730961107,0.1220911035942063,0.1347275476887633,0.0032540761758417,0.9974507782861252,0.958655015664476,0.0015071317183834,0.4141212210215192,0.0004055851577895,0.0006201598288446,0.9999591364843876,0.938773918629333,0.1468744643672052,1.0
10,1,4D-C-e7705bff9f37,4D,4D-C,equal_per_property,64,joint,standardized_anomaly,"[64, 48]",2.0,"[1.0, 0.5]",404420,0.3796469999942928,0.7150298749984358,ok,,0.0006958561953217,0.1060790629534698,0.1117232992105453,0.0026984542692585,0.99744882793086,0.9690662381859232,0.0010441480799959,0.2867030399466162,0.0002809896667357,0.0004296471413788,0.9999648987022024,0.9584889200551828,0.1072511309448832,1.0
10,1,4D-C-07c1f38e4371,4D,4D-C,equal_per_property,64,joint,standardized_anomaly,"[64, 48]",2.0,"[1.0, 2.0]",404420,0.4556443330002366,0.7658748329995433,ok,,0.0007623271929271,0.1168295417320211,0.1223936487442022,0.002956175357492,0.996893477044438,0.9615165524975212,0.0010351035460432,0.2841649747947398,0.0002785552563156,0.0004259248070664,0.9999679574761252,0.9615907852879207,0.10986021190851,1.0
10,1,3D-independent-fa9b36e31dc0,3D,3D-independent,equal_per_property,64,independent,raw_minmax,"[80, 48]",,"[1.0, 1.0]",272608,0.2360062079969793,0.5206083330049296,ok,,7.012456345177618e-05,0.0108153388913451,0.0112589392206026,0.0002719373024412,0.9999530703723524,0.999540596589932,0.0008144446194616,0.2246007744017413,0.0002191640503901,0.0003351127065881,0.9999794888190988,0.9735287315407428,0.0622203623069372,1.0
10,1,4D-A-4f7fd7861b3e,4D,4D-A,equal_per_property,64,joint,raw_minmax,"[80, 48]",2.0,"[1.0, 1.0]",504948,0.4315224169986322,0.740019916993333,ok,,0.0001599979208423,0.0250494504761524,0.0256860133614457,0.0006203946079752,0.9997014221120988,0.9973714661919596,0.0012831399751484,0.353558943500924,0.0003452924231702,0.0005279692462654,0.9999131007328128,0.9155517695665152,0.1055366940244597,1.0
10,1,4D-B-51546c614bcf,4D,4D-B,equal_per_property,64,shared-independent,raw_minmax,"[80, 48]",,"[1.0, 1.0]",259184,0.2381896669976413,0.5970070830007899,ok,,0.00015714086291,0.0246180984547503,0.0252272476128586,0.0006093140330046,0.9997042762059722,0.9974756997924412,0.0012182238866918,0.3352748543667134,0.0003278239091109,0.000501259021591,0.9999147300515429,0.9192910470082872,0.1003773948552748,1.0
10,1,3D-independent-5cbc421a2b78,3D,3D-independent,equal_per_property,64,independent,mean_centered,"[80, 48]",,"[1.0, 1.0]",272608,0.239444499995443,0.52688104200206,ok,,7.738950570707649e-05,0.0119619124096958,0.0124251847074184,0.000300105644543,0.9999407990375628,0.9994332649827572,0.0008274302442195,0.2280669497680877,0.0002226587564308,0.0003404562855097,0.9999745099549728,0.9699746931285048,0.0638312207805381,1.0
10,1,4D-A-a9f18b485be4,4D,4D-A,equal_per_property,64,joint,mean_centered,"[80, 48]",2.0,"[1.0, 1.0]",504948,0.3820557080034632,0.7717765420020442,ok,,8.134176360439416e-05,0.0125488980665713,0.0130602129146343,0.0003154434889226,0.9999276814356256,0.9993663920141987,0.0175126564338686,4.812428522541689,0.0047127004479395,0.0072059527994531,0.9858213203664304,0.4266191274956339,1.2779961652133358,1.0
10,1,4D-B-be3ed22367d4,4D,4D-B,equal_per_property,64,shared-independent,mean_centered,"[80, 48]",,"[1.0, 1.0]",259184,0.3311775830006809,0.6546140409991494,ok,,8.544636894741545e-05,0.013167034551674,0.0137196017803937,0.0003313697165983,0.999924590503554,0.999305753355898,0.0172135849757945,4.731588783067263,0.004632213677426,0.0070828845340907,0.9861751241785032,0.4964434633246886,1.2492203023196609,1.0
10,1,3D-independent-44372d7b9669,3D,3D-independent,equal_per_property,64,independent,ensemble_anomaly,"[80, 48]",,"[1.0, 1.0]",272608,0.3633776669958024,0.701644541004498,ok,,7.247005813116236e-05,0.0107391383964583,0.0116425466925109,0.0002812025785977,0.9999712922804936,0.9996067997526884,0.0011797053829522,0.3239707292688643,0.0003174687514241,0.0004854254717301,0.9999582029712162,0.9506871987221136,0.0898907171069804,1.0
10,1,4D-A-abc62af84685,4D,4D-A,equal_per_property,64,joint,ensemble_anomaly,"[80, 48]",2.0,"[1.0, 1.0]",504948,0.4426650000023073,0.7758261670023785,ok,,5.266637214525432e-05,0.0080365629750375,0.0084578255983244,0.0002042819694344,0.99997717101859,0.9997644601218766,0.0042439419503809,1.1477771237030827,0.0011421089521646,0.0017463412521221,0.999603520423626,0.8389389844154119,0.309115491102369,1.0
10,1,4D-B-643a4d560541,4D,4D-B,equal_per_property,64,shared-independent,ensemble_anomaly,"[80, 48]",,"[1.0, 1.0]",259184,0.2457815000016125,0.5376454169963836,ok,,7.2470192066733e-05,0.0107391651826773,0.011642568033629,0.00028120309405,0.9999712926085804,0.9996068008724172,0.0011867563993461,0.3257820569664404,0.0003193645854015,0.0004883242959409,0.999955793343386,0.9490231404386864,0.0905515628733914,1.0
10,1,3D-independent-11e1b067c3e2,3D,3D-independent,equal_per_property,64,independent,standardized_anomaly,"[80, 48]",,"[1.0, 1.0]",272608,0.218476832997112,0.5528674170054728,ok,,7.247005813111474e-05,0.0107391383964497,0.0116425466925033,0.0002812025785975,0.999971292280466,0.999606799752688,0.0011797053829522,0.3239707292688676,0.0003174687514242,0.0004854254717301,0.999958202971216,0.9506871987221128,0.0898907171069792,1.0
10,1,4D-A-3bf6b15a532d,4D,4D-A,equal_per_property,64,joint,standardized_anomaly,"[80, 48]",2.0,"[1.0, 1.0]",504948,0.3697600000014063,0.6727859169986914,ok,,0.000692095898646,0.1057804212192151,0.1111157338563885,0.0026837797355188,0.9976839143572382,0.9696424196002223,0.0010458618422898,0.2871684103230391,0.0002814508987383,0.0004303523879942,0.9999669130776512,0.9608269243918296,0.106928539886557,1.0
10,1,4D-B-3ee6d3ebd2d3,4D,4D-B,equal_per_property,64,shared-independent,standardized_anomaly,"[80, 48]",,"[1.0, 1.0]",259184,0.2730130830022972,0.5909022920022835,ok,,0.0001480854239087,0.0224730545642969,0.023783632050606,0.0005744463679369,0.9997447366657114,0.9978624070903752,0.0011551876153538,0.3172538701653449,0.0003108709038539,0.0004753370354515,0.9999590848151808,0.951699227713258,0.0912365268319563,1.0
10,1,4D-A-0bf051d8d579,4D,4D-A,equal_per_property,64,joint,standardized_anomaly,"[80, 48]",1.0,"[1.0, 1.0]",259186,0.2505314579975675,0.5847541249968344,ok,,0.0048599880612253,0.7340667525924264,0.7805329816780936,0.01885222305096,0.9724757435716892,0.743097227922358,0.0021867583546057,0.5988961779956191,0.0005884776615602,0.0008998115410856,0.998379009448364,0.6151692056547543,0.4134574284498723,1.0
10,1,4D-D-e24c5d642104,4D,4D-D,equal_per_property,64,partial-spatial,standardized_anomaly,"[80, 48]",,"[1.0, 1.0]",286032,0.5019910429909942,0.9151459589993464,ok,,8.402370178429176e-05,0.0127516198687306,0.0134946872779752,0.0003259373537558,0.9999730965412112,0.9994900806306072,0.0013777979838237,0.3784592664162986,0.0003707743032506,0.000566932305159,0.9999570618431708,0.9414774073660204,0.1051817855716789,1.0
10,1,4D-E-6ca320f290f9,4D,4D-E,equal_per_property,64,joint-property-residual,standardized_anomaly,"[80, 48]",2.0,"[1.0, 1.0]",408916,0.6609695419974742,1.147261083999183,ok,,0.000655141932899,0.098930484605827,0.1052151011485378,0.0025412616785482,0.9986602236912064,0.9689080577429596,0.0014792912792468,0.4065244159397997,0.0003980912109608,0.0006087012123409,0.9999596063881032,0.9403979188496866,0.1377004780623259,1.0
10,1,4D-C-4e04f7cc08d6,4D,4D-C,equal_per_property,64,joint,standardized_anomaly,"[80, 48]",2.0,"[1.0, 0.5]",504948,0.3370533749985043,0.646184417004406,ok,,0.0007061654114613,0.1074085687028434,0.1133811603196264,0.0027384966097483,0.9975377450758822,0.9697723345263248,0.0010511802854242,0.2886310534692168,0.000282882223164,0.0004325409540544,0.9999662675513068,0.9597451105813788,0.1078202249045521,1.0
10,1,4D-C-f8d668c31c07,4D,4D-C,equal_per_property,64,joint,standardized_anomaly,"[80, 48]",2.0,"[1.0, 2.0]",504948,0.4544955419987673,0.8960939580065315,ok,,0.0007131467343095,0.109619698737927,0.1144922382916514,0.0027653324901625,0.9974526503828832,0.965703442348698,0.0010457029729276,0.287102943000089,0.0002814076653139,0.0004302862819433,0.9999678047590628,0.9612387202570196,0.1083128901087893,1.0
10,1,3D-current-e419eaac8e1a,3D,3D-current,equal_total,32,legacy-independent,raw_minmax,"[48, 48]",,"[1.0, 1.0]",117216,5.084338458000275,5.467937041001278,ok,,0.0009675378966542,0.1506139069034156,0.1553256815745979,0.0037515831660197,0.9948334836540929,0.9434639215404848,0.0011337549432956,0.312532826413765,0.0003050906404032,0.000466498725855,0.9999668705637588,0.9505624494896144,0.1290333869505327,1.0
10,1,4D-A-current-205a30146a4e,4D,4D-A-current,equal_total,32,legacy-joint,raw_minmax,"[48, 48]",2.0,"[1.0, 1.0]",181972,6.605105666996678,6.940442499995697,ok,,0.0021987265699818,0.341959585775236,0.353011918344132,0.0085263013613632,0.978593237987166,0.8293195266078782,0.0156799337833273,4.310236858725475,0.0042195038821064,0.0064518307809828,0.9904497864968864,0.4553407098521945,1.2524665815676688,1.0
10,1,3D-current-5e7711139fcb,3D,3D-current,equal_per_property,64,legacy-independent,raw_minmax,"[48, 48]",,"[1.0, 1.0]",216480,4.3482027080026455,4.680025333000231,ok,,0.0009448863603358,0.1472833245167136,0.151686240052522,0.0036636796885682,0.994942699402258,0.9457051561531914,0.0008287277623398,0.2283684319477723,0.0002230083762858,0.0003409908716139,0.999975243908313,0.9692245590688616,0.1045467247133648,1.0
10,1,4D-A-current-43ce2f360e5a,4D,4D-A-current,equal_per_property,64,legacy-joint,raw_minmax,"[48, 48]",2.0,"[1.0, 1.0]",354964,5.8543601669953205,6.188324875001854,ok,,0.0021980752277525,0.3418571918157047,0.3529073518329251,0.0085237757650858,0.9785921043394376,0.8294048551679918,0.0156483785298761,4.301556802963344,0.0042110131354463,0.0064388480080821,0.9904789523569876,0.4575222588420677,1.249987609443505,1.0
10,2,3D-independent-e9bc2b1d9158,3D,3D-independent,equal_total,32,independent,raw_minmax,"[64, 48]",,"[1.0, 1.0]",120704,0.2671370830066735,0.5935561250007595,ok,,0.0003003065622286,0.0483665336123599,0.048084681323087,0.0011613890645761,0.999523776520958,0.9942033589631886,0.0013199096417829,0.4158951250797889,0.0003550845516359,0.0005429418965134,0.9999595228861424,0.928349733639908,0.1257462780976501,1.0
10,2,4D-A-c5fc8bd2cb2c,4D,4D-A,equal_total,32,joint,raw_minmax,"[64, 48]",2.0,"[1.0, 1.0]",207812,0.3935729169970727,0.6922659580013715,ok,,0.0003541670590902,0.0576240669125052,0.0566795535187947,0.001368980969209,0.998783624504932,0.989084942883992,0.0043443098263546,1.389768279349247,0.0011685215168166,0.0017867273739003,0.999205987858126,0.671509844167489,0.4042737381840029,1.0
10,2,4D-B-f835e7c8452f,4D,4D-B,equal_total,32,shared-independent,raw_minmax,"[64, 48]",,"[1.0, 1.0]",109504,0.3186188339968794,0.6036918749960023,ok,,0.0004213925262394,0.0676267105988727,0.0674489517668364,0.0016290941905757,0.9986433326177394,0.9867361826616442,0.0042007832117815,1.3464420276267288,0.0011298946959155,0.0017276650483227,0.9992131616133144,0.6831668095687836,0.3947793105275969,1.0
10,2,3D-independent-7cc1fb3009e2,3D,3D-independent,equal_total,32,independent,mean_centered,"[64, 48]",,"[1.0, 1.0]",120704,0.254744917001517,0.5266552079992834,ok,,0.000304995682174,0.0487613821755971,0.0488310191233089,0.0011794153576867,0.9994925650677594,0.9941868029856136,0.0013913344864088,0.4399500590478534,0.0003742858582757,0.0005723016470136,0.9999370409352684,0.9081529072962816,0.1343853965206257,1.0
10,2,4D-A-a8d848e0bd2f,4D,4D-A,equal_total,32,joint,mean_centered,"[64, 48]",2.0,"[1.0, 1.0]",207812,0.3441900830002851,0.6109732499971869,ok,,0.0001805140146414,0.029280021092002,0.028891622402643,0.0006978192096322,0.9996710045459184,0.997311696138952,0.036062713964863,11.570014296968685,0.0096997664322876,0.0148314241163672,0.9440644716986658,0.2950135116526251,2.9882829285412247,1.0
10,2,4D-B-2e139466dc24,4D,4D-B,equal_total,32,shared-independent,mean_centered,"[64, 48]",,"[1.0, 1.0]",109504,0.2479863340049632,0.5138958749957965,ok,,0.0003070778781336,0.0492748556753436,0.049164446245244,0.0011874686212748,0.9994743953985704,0.99405265153236,0.0358945244861551,11.513545401000068,0.0096545520811392,0.0147622891302095,0.9441186997234052,0.3484150953139468,2.9728965958130646,1.0
10,2,3D-independent-34daa9e6fa18,3D,3D-independent,equal_total,32,independent,ensemble_anomaly,"[64, 48]",,"[1.0, 1.0]",120704,0.2388393749934039,0.5065100409992738,ok,,0.0002419426763609,0.0390814690524121,0.038708208538394,0.0009349191648742,0.9997043974663424,0.9965389533598478,0.0014341881039736,0.4560678947925919,0.0003857902270233,0.0005898923976031,0.9999543975788718,0.927795648166228,0.1332455157704915,1.0
10,2,4D-A-63c64c98502f,4D,4D-A,equal_total,32,joint,ensemble_anomaly,"[64, 48]",2.0,"[1.0, 1.0]",207812,0.363028083993413,0.6482210829999531,ok,,0.0001364453720833,0.0216233918059421,0.0218361473767195,0.0005274083570481,0.9998205277632094,0.998575591123324,0.0027890522030486,0.901953189413748,0.0007501054744532,0.0011469484859545,0.9998968126925172,0.8582308389576098,0.2487933415448058,1.0
10,2,4D-B-852478df5431,4D,4D-B,equal_total,32,shared-independent,ensemble_anomaly,"[64, 48]",,"[1.0, 1.0]",109504,0.2627300000021932,0.5346315829956438,ok,,0.0002419422276269,0.039081401348286,0.0387081365042516,0.0009349174250339,0.9997043984510788,0.9965389652676216,0.0014565059272773,0.4615723278064161,0.0003918061954987,0.0005990911118765,0.999945891413992,0.9198912456667826,0.135609655921875,1.0
10,2,3D-independent-629bdce16d73,3D,3D-independent,equal_total,32,independent,standardized_anomaly,"[64, 48]",,"[1.0, 1.0]",120704,0.2464474169973982,0.5217475419995026,ok,,0.0002419426763609,0.0390814690524126,0.038708208538395,0.0009349191648742,0.9997043974663606,0.9965389533598478,0.0014341881039736,0.4560678947925907,0.0003857902270233,0.0005898923976031,0.9999543975788718,0.9277956481662278,0.1332455157704914,1.0
10,2,4D-A-06f4272272b6,4D,4D-A,equal_total,32,joint,standardized_anomaly,"[64, 48]",2.0,"[1.0, 1.0]",207812,0.3529566249999334,0.6338794170005713,ok,,0.0007553032124431,0.131754473807873,0.1210108446907318,0.0029227743192188,0.998197035357832,0.9729255970948172,0.0012557555898334,0.3996367341278788,0.0003377896656516,0.0005164971577799,0.999960033853582,0.9361602765277184,0.144212067781121,1.0
10,2,4D-B-17b80d300b68,4D,4D-B,equal_total,32,shared-independent,standardized_anomaly,"[64, 48]",,"[1.0, 1.0]",109504,0.2676019999998971,0.5684568340002443,ok,,0.0003086888879557,0.0468237336776163,0.0493549209483033,0.0011920691558136,0.9991822594910088,0.9935643722778504,0.0014254886278179,0.4535796648453929,0.0003834479798133,0.0005863109854114,0.9999546939525238,0.9275604459557222,0.1349602473515557,1.0
10,2,4D-A-4681118648ec,4D,4D-A,equal_total,32,joint,standardized_anomaly,"[64, 48]",1.0,"[1.0, 1.0]",109506,0.2705962910040398,0.5670530419956776,ok,,0.0041923144782889,0.6276638874490245,0.670527663083084,0.0161952512520157,0.9822042183687668,0.7688953651419338,0.0022726362954483,0.7284076495542092,0.0006112650759957,0.0009346546283257,0.9970162341576878,0.4821618579659883,0.4326357313623181,1.0
10,2,4D-D-9e53fbf0a6d8,4D,4D-D,equal_total,32,partial-spatial,standardized_anomaly,"[64, 48]",,"[1.0, 1.0]",131904,0.3970716670082765,0.8085137919988483,ok,,0.0002638917702614,0.0421523637934017,0.0422221707848899,0.001019791877225,0.999742552469638,0.9963474221616891,0.0014371558193732,0.4572046844950415,0.0003865869085743,0.0005911105632209,0.9999532894834496,0.9265818749069616,0.1344730999385294,1.0
10,2,4D-E-07794d5e4bbe,4D,4D-E,equal_total,32,joint-property-residual,standardized_anomaly,"[64, 48]",2.0,"[1.0, 1.0]",181060,0.4718580000044312,0.8564517079939833,ok,,0.0009337867845214,0.1545615636090407,0.1497592807005475,0.0036171351486299,0.997769129123164,0.9589462195774878,0.0014652425537786,0.4641695994788057,0.0003941579121874,0.000602687003371,0.9999500460523916,0.923728694594552,0.1693484265004566,1.0
10,2,4D-C-3fe7ec5ee326,4D,4D-C,equal_total,32,joint,standardized_anomaly,"[64, 48]",2.0,"[1.0, 0.5]",207812,0.4577508330039563,0.7944975829959731,ok,,0.0007631517349932,0.1335121588599495,0.1223069258956159,0.0029540785619992,0.998379898388824,0.9715590265923696,0.0012642749540024,0.4019542195849803,0.0003400845820846,0.0005200061988652,0.9999589026007912,0.9346787851964442,0.1455868681376307,1.0
10,2,4D-C-5b31da2b924b,4D,4D-C,equal_total,32,joint,standardized_anomaly,"[64, 48]",2.0,"[1.0, 2.0]",207812,0.3707785829974455,0.6649295000024722,ok,,0.0007707813752657,0.1304785597473458,0.1234287377216,0.0029811736773532,0.9978234615318632,0.9738650708269188,0.0012613184502295,0.4011913836752196,0.0003392879887324,0.0005187881681078,0.9999593138895484,0.9362755768148516,0.14414990490042,1.0
10,2,3D-independent-7db5f3bc9ad5,3D,3D-independent,equal_total,32,independent,raw_minmax,"[80, 48]",,"[1.0, 1.0]",149728,0.2575344580036471,0.5307768329948885,ok,,0.0002720533982729,0.0440403150954201,0.0435653687199382,0.0010522341301505,0.9997016560776574,0.995545076037928,0.0013194581884395,0.4157251502044028,0.0003549633429935,0.0005427565624855,0.9999598660313704,0.9288049374458538,0.124397614639483,1.0
10,2,4D-A-9e409054ed54,4D,4D-A,equal_total,32,joint,raw_minmax,"[80, 48]",2.0,"[1.0, 1.0]",259188,0.456645166996168,0.7506617500039283,ok,,0.0001813546437159,0.0300504791576871,0.0290377938191286,0.0007013496871146,0.9996950895158294,0.9972194209726366,0.0019445193853718,0.6134532334296187,0.0005231076581365,0.0007998575626025,0.9998954222908694,0.8541458221891558,0.1794552727516024,1.0
10,2,4D-B-2fb1b6b4a839,4D,4D-B,equal_total,32,shared-independent,raw_minmax,"[80, 48]",,"[1.0, 1.0]",136304,0.3236770840012468,0.632664416996704,ok,,0.0003017343055149,0.0487256687392885,0.0483171815525496,0.0011670046414413,0.9994955380033684,0.9941093212913108,0.0016109153116868,0.5118017141084426,0.0004333338179084,0.0006625889068803,0.9999061037706736,0.8771132254849632,0.1562290273648985,1.0
10,2,3D-independent-dbbd1a2865ca,3D,3D-independent,equal_total,32,independent,mean_centered,"[80, 48]",,"[1.0, 1.0]",149728,0.2557281250046799,0.5212943750011618,ok,,0.0002764192054781,0.0448918215416134,0.0442649971303279,0.0010691322516049,0.9996851170488156,0.9954869642867976,0.0013231949487612,0.4171329609419495,0.0003559667257923,0.0005442907845664,0.9999539874715976,0.925055223667524,0.1254384221266005,1.0
10,2,4D-A-85017caccbe9,4D,4D-A,equal_total,32,joint,mean_centered,"[80, 48]",2.0,"[1.0, 1.0]",259188,0.3750465420016553,0.6562124580013915,ok,,8.763838293544716e-05,0.0143265847388031,0.014029985339165,0.0003388661648724,0.999925992634804,0.9993445385934316,0.0178348573392934,5.723579951907787,0.0047970129017042,0.007334870724313,0.9897862496680304,0.41145995885725,1.5081260719803122,1.0
10,2,4D-B-4bb821f89672,4D,4D-B,equal_total,32,shared-independent,mean_centered,"[80, 48]",,"[1.0, 1.0]",136304,0.2661466670033405,0.5442518330019084,ok,,0.0002786491066254,0.0452778602200455,0.0446223128568231,0.0010777624965381,0.9996730876700782,0.9953943475016374,0.0174805037583501,5.605164180347433,0.0047017470679674,0.0071892045380379,0.9901472018946166,0.5039894601189373,1.475187534189298,1.0
10,2,3D-independent-3e92f69676cb,3D,3D-independent,equal_total,32,independent,ensemble_anomaly,"[80, 48]",,"[1.0, 1.0]",149728,0.2700187500013271,0.5495137079997221,ok,,0.0002168525156076,0.0353525919108035,0.0346933321608986,0.0008379478760532,0.9998312853802944,0.9974303650092484,0.0014348450297576,0.4562653940292971,0.0003859670227827,0.0005901627270907,0.9999544370611138,0.9278183312335456,0.1322484094546759,1.0
10,2,4D-A-8bea2cabc037,4D,4D-A,equal_total,32,joint,ensemble_anomaly,"[80, 48]",2.0,"[1.0, 1.0]",259188,0.3900967500012484,0.6661781250004424,ok,,5.199564335888951e-05,0.0085025392341466,0.0083228015766032,0.0002010205843469,0.9999784440267993,0.9997918735280868,0.0027894384577295,0.9018123807771812,0.00075021213136,0.0011471115696566,0.9999005251469444,0.8639994253768067,0.2446048176397202,1.0
10,2,4D-B-2828b82824ed,4D,4D-B,equal_total,32,shared-independent,ensemble_anomaly,"[80, 48]",,"[1.0, 1.0]",136304,0.3151639999996405,0.5896384170046076,ok,,0.0002168524431069,0.0353525682979606,0.0346933206683468,0.0008379475984736,0.9998312859625564,0.9974303673233764,0.001444442499915,0.4589954128710454,0.0003885514012993,0.0005941143700632,0.9999527387424024,0.924552173414052,0.1333391777000729,1.0
10,2,3D-independent-86c75f98455a,3D,3D-independent,equal_total,32,independent,standardized_anomaly,"[80, 48]",,"[1.0, 1.0]",149728,0.2688984999986132,0.547140209004283,ok,,0.0002168525156076,0.0353525919108028,0.0346933321609055,0.0008379478760533,0.9998312853802612,0.9974303650092484,0.0014348450297576,0.4562653940292969,0.0003859670227827,0.0005901627270907,0.9999544370611138,0.9278183312335454,0.1322484094546757,1.0
10,2,4D-A-4ea76ef087a9,4D,4D-A,equal_total,32,joint,standardized_anomaly,"[80, 48]",2.0,"[1.0, 1.0]",259188,0.4133444170001894,0.688319542001409,ok,,0.0007243050466684,0.1279779267812821,0.1160659299429654,0.0028033398183488,0.9985960957481862,0.97561391524625,0.0012617082708495,0.4013917528780104,0.0003393919960373,0.0005189472004371,0.9999598170067532,0.93625854279725,0.1433583626593856,1.0
10,2,4D-B-934096b5cda8,4D,4D-B,equal_total,32,shared-independent,standardized_anomaly,"[80, 48]",,"[1.0, 1.0]",136304,0.2703602499968838,0.5527278749941615,ok,,0.0002547717249444,0.0400155493599046,0.040748083397335,0.0009841882520157,0.999582438164031,0.9959631020399636,0.0014305312290368,0.4550447295180772,0.0003848054693925,0.0005883866543281,0.9999545832560848,0.9276413996248064,0.1333145070113991,1.0
10,2,4D-A-b80c4d29ed28,4D,4D-A,equal_total,32,joint,standardized_anomaly,"[80, 48]",1.0,"[1.0, 1.0]",136306,0.2698099999979604,0.5506273329956457,ok,,0.0041870717549234,0.6269118417018913,0.6696878238704228,0.0161749666197638,0.9822821353838151,0.7698958534297473,0.0022762282788623,0.7295005600382072,0.0006122316812256,0.0009361326156791,0.9970089925441248,0.4818399464522098,0.43263612544978,1.0
10,2,4D-D-2ecf0e4138e3,4D,4D-D,equal_total,32,partial-spatial,standardized_anomaly,"[80, 48]",,"[1.0, 1.0]",163152,0.448546791994886,0.8410139170009643,ok,,0.0002573351331173,0.0411830353903043,0.0411715985717794,0.0009944174118801,0.9997758189788826,0.9965913459926204,0.0014317601214295,0.4554239074241222,0.0003851361458788,0.0005888922750818,0.9999544905524212,0.9275856886010316,0.1336296063794001,1.0
10,2,4D-E-4f4328240852,4D,4D-E,equal_total,32,joint-property-residual,standardized_anomaly,"[80, 48]",2.0,"[1.0, 1.0]",224596,0.5695542080065934,0.9677845839978544,ok,,0.000882417160237,0.1457899694926797,0.1415137391986077,0.0034179806264752,0.9979816077072172,0.9635767542011302,0.0014087142940617,0.4455339785548211,0.0003789586077712,0.0005794465128247,0.999952810341798,0.927272821312104,0.1614747900727209,1.0
10,2,4D-C-44adce3e7a5f,4D,4D-C,equal_total,32,joint,standardized_anomaly,"[80, 48]",2.0,"[1.0, 0.5]",259188,0.4099048339994624,0.6972660410028766,ok,,0.0007431198003432,0.1309814337409932,0.1191116936851786,0.0028769041345958,0.9986362195664767,0.973466784887473,0.0012717282470114,0.4042111893006526,0.0003420902794048,0.000523073009578,0.9999592914346692,0.9352867478655376,0.1452039641662851,1.0
10,2,4D-C-1150f24dbbfa,4D,4D-C,equal_total,32,joint,standardized_anomaly,"[80, 48]",2.0,"[1.0, 2.0]",259188,0.3821874160057632,0.6882870419940446,ok,,0.000733534077043,0.1256757491577828,0.1174953030782745,0.0028378634604499,0.9983877881526024,0.977696524335601,0.0012666497897564,0.4028299871226408,0.0003407226109516,0.0005209817766578,0.999959325652494,0.9363429903902056,0.1428714947293801,1.0
10,2,3D-independent-82249d692984,3D,3D-independent,equal_per_property,64,independent,raw_minmax,"[64, 48]",,"[1.0, 1.0]",219008,0.2325874579983065,0.5545590840047225,ok,,0.0001673722580793,0.0272208205943202,0.0267924526605591,0.0006471179734783,0.9997201504210952,0.9975955567883936,0.0010466360136022,0.328833083120613,0.0002815752133879,0.0004305424712611,0.9999691325984776,0.9491140808824318,0.0956747712198801,1.0
10,2,4D-A-63bd70d89f36,4D,4D-A,equal_per_property,64,joint,raw_minmax,"[64, 48]",2.0,"[1.0, 1.0]",404420,0.4031360000008135,0.7055694579976262,ok,,0.0003447654895275,0.0558847042750869,0.0551724253712664,0.0013325793106913,0.9987988278326472,0.9896199822930112,0.0041387651059989,1.327212397069302,0.0011132074245331,0.0017021493824615,0.9992164090853148,0.6896161670163035,0.3858697566724329,1.0
10,2,4D-B-49fc67f13645,4D,4D-B,equal_per_property,64,shared-independent,raw_minmax,"[64, 48]",,"[1.0, 1.0]",207808,0.330200791999232,0.6277939999999944,ok,,0.0003435384086044,0.0556601295983393,0.0549762349262471,0.0013278407238659,0.998800333516568,0.989635741575748,0.0041221152844652,1.3216490301129245,0.0011087305723801,0.0016953040534064,0.99921687334457,0.6920493505282329,0.3841166534148184,1.0
10,2,3D-independent-64af48d38810,3D,3D-independent,equal_per_property,64,independent,mean_centered,"[64, 48]",,"[1.0, 1.0]",219008,0.2239530419974471,0.5347978330028127,ok,,0.0001784771417202,0.0286781261965046,0.0285659735317751,0.0006899538141026,0.9996836327586296,0.9974035109058976,0.0011347887607927,0.3582383925432866,0.0003052750322448,0.0004667806701292,0.999947165598882,0.9294216848734228,0.1058759802125327,1.0
10,2,4D-A-fbc2ac4d32c8,4D,4D-A,equal_per_property,64,joint,mean_centered,"[64, 48]",2.0,"[1.0, 1.0]",404420,0.4052566249956726,0.6939110829989659,ok,,0.000178927046958,0.0289818841798233,0.0286371045453815,0.0006916718411142,0.999672500694658,0.9973663945830644,0.0359691581887795,11.537450493101767,0.0096746260106994,0.0147929831644491,0.944046698050332,0.3395705779011129,2.974490972759875,1.0
10,2,4D-B-6a56509ea188,4D,4D-B,equal_per_property,64,shared-independent,mean_centered,"[64, 48]",,"[1.0, 1.0]",207808,0.2334306250049849,0.5317657499981578,ok,,0.0001805265415499,0.0292815630875273,0.0288936335167606,0.0006978677840613,0.9996710260857514,0.9973127694629172,0.0358850918097127,11.510498740909762,0.009652014917481,0.0147584096810981,0.94413792374639,0.3495350625820677,2.966589096993699,1.0
10,2,3D-independent-5a93f5036396,3D,3D-independent,equal_per_property,64,independent,ensemble_anomaly,"[64, 48]",,"[1.0, 1.0]",219008,0.2192327079974347,0.5310577499985811,ok,,0.0001364443887658,0.0216237397276637,0.0218359954187223,0.0005274046868074,0.999820512205301,0.9985755240149952,0.0010713633225721,0.3391309656901134,0.0002881993323247,0.0004406710777627,0.9999636767857484,0.9511396937665416,0.0964742741317522,1.0
10,2,4D-A-cbe030d90365,4D,4D-A,equal_per_property,64,joint,ensemble_anomaly,"[64, 48]",2.0,"[1.0, 1.0]",404420,0.3110466660000384,0.6496318330027862,ok,,0.0001346691638184,0.0213491466017302,0.0215521539314851,0.0005205490648031,0.9998218460878592,0.9986035622380682,0.0027395438086533,0.8715336211632162,0.0007369160078926,0.0011267811372049,0.9998767608272474,0.8655087110085806,0.2402066577854055,1.0
10,2,4D-B-6939f5acac9e,4D,4D-B,equal_per_property,64,shared-independent,ensemble_anomaly,"[64, 48]",,"[1.0, 1.0]",207808,0.2171042080008192,0.5305769580008928,ok,,0.0001364432417852,0.0216235918491941,0.0218358114859237,0.0005274002442795,0.9998205142278388,0.9985755473929768,0.0011150524893441,0.3515238286768318,0.0002999628417699,0.0004586580673357,0.9999550172073975,0.9438236299749642,0.1004869579605138,1.0
10,2,3D-independent-7a2c6100f5cb,3D,3D-independent,equal_per_property,64,independent,standardized_anomaly,"[64, 48]",,"[1.0, 1.0]",219008,0.2118415000004461,0.5089994999943883,ok,,0.0001364443887658,0.0216237397276666,0.0218359954187234,0.0005274046868074,0.9998205122052742,0.998575524014995,0.0010713633225721,0.3391309656901071,0.0002881993323247,0.0004406710777626,0.9999636767857488,0.9511396937665456,0.0964742741317508,1.0
10,2,4D-A-c45120ace2c4,4D,4D-A,equal_per_property,64,joint,standardized_anomaly,"[64, 48]",2.0,"[1.0, 1.0]",404420,0.3284475830005249,0.6280495410028379,ok,,0.0004791643800688,0.0855324352064438,0.0767118068357386,0.0018528198821633,0.998622816724584,0.985373021260124,0.0009873236390655,0.3134699554835982,0.0002655851230973,0.000406092829879,0.999967976606328,0.9577023999805097,0.1068661700174313,1.0
10,2,4D-B-f843c8275099,4D,4D-B,equal_per_property,64,shared-independent,standardized_anomaly,"[64, 48]",,"[1.0, 1.0]",207808,0.2217013749977923,0.5159960419987328,ok,,0.0002211811239864,0.0307381196694006,0.0353441144584752,0.0008536662175921,0.9993331185082944,0.9959492959765966,0.0010433481705109,0.3302963743987075,0.0002806628605658,0.000429147438531,0.9999644316961672,0.95202372001923,0.0967619965175487,1.0
10,2,4D-A-102750e40079,4D,4D-A,equal_per_property,64,joint,standardized_anomaly,"[64, 48]",1.0,"[1.0, 1.0]",207810,0.1961830410000402,0.507791707997967,ok,,0.00427827002025,0.6447075980199711,0.6843179363482715,0.0165283276523789,0.981478752450296,0.7647526920904278,0.0021542019480435,0.6910296403352308,0.0005794031493315,0.0008859361616677,0.9970746071598238,0.4939477626532716,0.4265967527458381,1.0
10,2,4D-D-ff94f89c821d,4D,4D-D,equal_per_property,64,partial-spatial,standardized_anomaly,"[64, 48]",,"[1.0, 1.0]",230208,0.4166750430013053,0.7744600419973722,ok,,9.219250176611664e-05,0.0145121468896179,0.0147478568716433,0.0003562049123623,0.9999550438463954,0.9994547656403402,0.0012554701205208,0.3985585820953616,0.0003377208872707,0.0005163919922231,0.9999557174209336,0.9373352729701288,0.1111689274199362,1.0
10,2,4D-E-0ed2b1a0be64,4D,4D-E,equal_per_property,64,joint-property-residual,standardized_anomaly,"[64, 48]",2.0,"[1.0, 1.0]",328516,0.6134246660003555,1.1064414169959491,ok,,0.0005228464304516,0.1006977297355571,0.0837776440838004,0.0020234810134462,0.9988239547336016,0.9788963076936374,0.0012257267247041,0.3899600858991041,0.0003297129025582,0.0005041473862919,0.9999607928500484,0.9387601940547168,0.132957391190121,1.0
10,2,4D-C-e7705bff9f37,4D,4D-C,equal_per_property,64,joint,standardized_anomaly,"[64, 48]",2.0,"[1.0, 0.5]",404420,0.3095179590018233,0.614769083003921,ok,,0.0004574067383391,0.0796630551037177,0.0731913768275436,0.001767790953997,0.9988755851982803,0.9869713616863766,0.0009745055374101,0.3090556623399088,0.0002621407542162,0.0004008262189719,0.9999668615771052,0.9574559142167656,0.1041262698730138,1.0
10,2,4D-C-07c1f38e4371,4D,4D-C,equal_per_property,64,joint,standardized_anomaly,"[64, 48]",2.0,"[1.0, 2.0]",404420,0.2969158749983762,0.5988242090024869,ok,,0.0005983681887348,0.1051715996495797,0.0957706600915444,0.0023131482683687,0.9979614034341384,0.9768757938578853,0.00098768040966,0.3133730688552614,0.0002656830080342,0.0004062425008041,0.999968204809536,0.957263430728214,0.1128687640529478,1.0
10,2,3D-independent-fa9b36e31dc0,3D,3D-independent,equal_per_property,64,independent,raw_minmax,"[80, 48]",,"[1.0, 1.0]",272608,0.2522565410035895,0.585068708001927,ok,,7.074879735528037e-05,0.0116134077270358,0.011322996750881,0.0002734842832033,0.9999544183453634,0.999568789755947,0.0010504727342444,0.330074656849573,0.000282607108722,0.0004321202904231,0.9999693723240828,0.9494076053690422,0.0917999667535285,1.0
10,2,4D-A-4f7fd7861b3e,4D,4D-A,equal_per_property,64,joint,raw_minmax,"[80, 48]",2.0,"[1.0, 1.0]",504948,0.3662353749969043,0.6561639170031413,ok,,0.000160923772546,0.0262817902547676,0.0257633872352186,0.0006222629614695,0.9997203711828784,0.997795625366571,0.0014457093597192,0.460520172924295,0.0003888831896664,0.0005946216909377,0.9999121488451932,0.890970312196961,0.1356047485993241,1.0
10,2,4D-B-51546c614bcf,4D,4D-B,equal_per_property,64,shared-independent,raw_minmax,"[80, 48]",,"[1.0, 1.0]",259184,0.2291556249983841,0.5141246659986791,ok,,0.0001581174201917,0.0257773062838411,0.0253147286314412,0.0006114265124837,0.9997238982426112,0.9978342645304678,0.0013933335605738,0.442802317746774,0.0003748016865968,0.0005730903741087,0.9999133525541756,0.8953838259869636,0.1304926446929748,1.0
10,2,3D-independent-5cbc421a2b78,3D,3D-independent,equal_per_property,64,independent,mean_centered,"[80, 48]",,"[1.0, 1.0]",272608,0.2103506659987033,0.4899359999981243,ok,,7.801089603270351e-05,0.0128140331067747,0.0124866433357239,0.0003015898332762,0.9999429852458616,0.999482029981675,0.0010515294032372,0.3305041373947154,0.0002828903530937,0.0004325533851202,0.9999642925094387,0.9467043726311224,0.0925562422987728,1.0
10,2,4D-A-a9f18b485be4,4D,4D-A,equal_per_property,64,joint,mean_centered,"[80, 48]",2.0,"[1.0, 1.0]",504948,0.3505897499999264,0.6428014160046587,ok,,8.397289889222098e-05,0.0136511361397405,0.0134423498365794,0.0003246730075533,0.9999281814677156,0.9993989932449112,0.0176403138227405,5.656429329521951,0.0047447298318618,0.0072549273165668,0.9900448968699908,0.4874716044595469,1.4816612917023655,1.0
10,2,4D-B-be3ed22367d4,4D,4D-B,equal_per_property,64,shared-independent,mean_centered,"[80, 48]",,"[1.0, 1.0]",259184,0.2365437499975087,0.524654125001689,ok,,8.775924370491841e-05,0.0143510487284091,0.0140493576804283,0.0003393340649329,0.9999260083221432,0.9993439840741284,0.0174618433081119,5.599199393397609,0.0046967273894685,0.0071815292005682,0.990163823590585,0.5073466313426861,1.4650512836044027,1.0
10,2,3D-independent-44372d7b9669,3D,3D-independent,equal_per_property,64,independent,ensemble_anomaly,"[80, 48]",,"[1.0, 1.0]",272608,0.2375840000022435,0.521947375003947,ok,,5.198390497176484e-05,0.0085022939544449,0.0083209388585049,0.0002009755941261,0.9999784416001672,0.9997918770710592,0.001074700826204,0.3402272282922944,0.0002890968839274,0.0004420434786939,0.9999636012712864,0.9510544672868262,0.0933265875169491,1.0
10,2,4D-A-abc62af84685,4D,4D-A,equal_per_property,64,joint,ensemble_anomaly,"[80, 48]",2.0,"[1.0, 1.0]",504948,0.347116291995917,0.6335506249961327,ok,,4.68019750976958e-05,0.0077322645723713,0.0074926013403795,0.0001809687622441,0.9999805563094042,0.9998249376359656,0.0028384708758593,0.9074632193952128,0.0007634873539448,0.0011674100436218,0.9998785689339263,0.8695072322560246,0.2451323497553972,1.0
10,2,4D-B-643a4d560541,4D,4D-B,equal_per_property,64,shared-independent,ensemble_anomaly,"[80, 48]",,"[1.0, 1.0]",259184,0.2553599579987349,0.5691893339972012,ok,,5.1982336172609645e-05,0.0085020561676142,0.0083206880777086,0.0002009695370188,0.9999784433532196,0.99979189139063,0.0010853417069042,0.3431901071831241,0.0002919619580235,0.0004464243191339,0.9999626230245902,0.949040677970592,0.0943189696675318,1.0
10,2,3D-independent-11e1b067c3e2,3D,3D-independent,equal_per_property,64,independent,standardized_anomaly,"[80, 48]",,"[1.0, 1.0]",272608,0.2161118340009125,0.5215784170068218,ok,,5.1983904971912776e-05,0.008502293954453,0.0083209388585284,0.0002009755941267,0.9999784416001524,0.9997918770710577,0.001074700826204,0.340227228292292,0.0002890968839274,0.0004420434786939,0.9999636012712864,0.9510544672868284,0.0933265875169505,1.0
10,2,4D-A-3bf6b15a532d,4D,4D-A,equal_per_property,64,joint,standardized_anomaly,"[80, 48]",2.0,"[1.0, 1.0]",504948,0.3279195830036769,0.6389665000024252,ok,,0.0004738923650104,0.0858456842476175,0.0758870287761871,0.0018328990218663,0.9988800562636264,0.9866874109380678,0.0010009341396131,0.3178462615987846,0.0002692456643815,0.0004116899791156,0.9999684068687964,0.9572812509189104,0.1079269037294782,1.0
10,2,4D-B-3ee6d3ebd2d3,4D,4D-B,equal_per_property,64,shared-independent,standardized_anomaly,"[80, 48]",,"[1.0, 1.0]",259184,0.2113145830007852,0.5022298749972833,ok,,0.0001395802848521,0.0197434770841572,0.0223109834438774,0.0005388770701744,0.9997357811164708,0.9983736416323148,0.0010601622660993,0.3356415594339514,0.0002851856842516,0.0004360630603405,0.9999636857333786,0.9513657999522616,0.095128828931455,1.0
10,2,4D-A-0bf051d8d579,4D,4D-A,equal_per_property,64,joint,standardized_anomaly,"[80, 48]",1.0,"[1.0, 1.0]",259186,0.2121352499962085,0.4995008330006385,ok,,0.0042719803216351,0.6437380301082251,0.6833106799686771,0.0165039993941416,0.9816642191170228,0.765514368370731,0.0021592261061855,0.6925728192760174,0.0005807550478947,0.0008880032816435,0.9970728028704772,0.4937801386151165,0.4266658989728297,1.0
10,2,4D-D-e24c5d642104,4D,4D-D,equal_per_property,64,partial-spatial,standardized_anomaly,"[80, 48]",,"[1.0, 1.0]",286032,0.3903642500008573,0.7419064999994589,ok,,8.748804762299326e-05,0.013644870476255,0.013997612644787,0.000338084267349,0.9999641585922524,0.9995229436212304,0.0012655387327,0.4016928097126258,0.000340429884087,0.0005205341827586,0.9999554112475414,0.9371583305167144,0.1117492607799771,1.0
10,2,4D-E-6ca320f290f9,4D,4D-E,equal_per_property,64,joint-property-residual,standardized_anomaly,"[80, 48]",2.0,"[1.0, 1.0]",408916,0.5968312499971944,1.0544813750020694,ok,,0.0004854154903856,0.0957961254378044,0.0777502068181509,0.0018779003516818,0.998880127950946,0.9834552296536084,0.001192711111027,0.3791876700066369,0.0003208330794384,0.0004905696961806,0.9999613425631728,0.940620566819234,0.128236474302005,1.0
10,2,4D-C-4e04f7cc08d6,4D,4D-C,equal_per_property,64,joint,standardized_anomaly,"[80, 48]",2.0,"[1.0, 0.5]",504948,0.313361459004227,0.6028911670000525,ok,,0.000428381988364,0.0793040956098512,0.0686178832008796,0.0016573273855847,0.9991186163017992,0.989451860615258,0.0010007165847566,0.3175954984976379,0.0002691896891369,0.0004116043901895,0.9999681272289372,0.9573143122808238,0.105879126914862,1.0
10,2,4D-C-f8d668c31c07,4D,4D-C,equal_per_property,64,joint,standardized_anomaly,"[80, 48]",2.0,"[1.0, 2.0]",504948,0.3138703750009881,0.6095754999987548,ok,,0.0005414627386621,0.098126969724033,0.0866973457658403,0.002094000553392,0.9985768035241716,0.9811575393577142,0.0009985111721299,0.3168566428769776,0.0002685960562527,0.0004106966960573,0.9999681641204476,0.9570661755329164,0.1114679387889238,1.0
10,2,3D-current-e419eaac8e1a,3D,3D-current,equal_total,32,legacy-independent,raw_minmax,"[48, 48]",,"[1.0, 1.0]",117216,4.279847958998289,4.582983499996772,ok,,0.0009477478784687,0.1525394466098917,0.151652859949345,0.0036628707586402,0.9953114439939276,0.9493063058324962,0.0013337840179419,0.4205729869373664,0.0003588144245611,0.0005486450572687,0.999956954537342,0.9247874973610152,0.1590163829876256,1.0
10,2,4D-A-current-205a30146a4e,4D,4D-A-current,equal_total,32,legacy-joint,raw_minmax,"[48, 48]",2.0,"[1.0, 1.0]",181972,5.686188374995254,5.994340290999389,ok,,0.0021118640913811,0.3443495952648828,0.3379122662707623,0.0081615932566154,0.9796334864829216,0.8496795106874225,0.0157907142145191,5.0640603838314115,0.0042472365088399,0.0064942353431769,0.9897171966155068,0.4370737960522042,1.4412583314316203,1.0
10,2,3D-current-5e7711139fcb,3D,3D-current,equal_per_property,64,legacy-independent,raw_minmax,"[48, 48]",,"[1.0, 1.0]",216480,4.592179374994885,4.979173749998154,ok,,0.0009289299748137,0.149837886956903,0.1486371508928333,0.0035900323530648,0.9954172007665388,0.9513619622802864,0.0010600151509302,0.3333900180397464,0.000285171385703,0.0004360411971504,0.9999662046925218,0.9455985424732476,0.1336869131549706,1.0
10,2,4D-A-current-43ce2f360e5a,4D,4D-A-current,equal_per_property,64,legacy-joint,raw_minmax,"[48, 48]",2.0,"[1.0, 1.0]",354964,5.905750416997762,6.277819834002003,ok,,0.0021105840047112,0.344109090887687,0.3377070868759436,0.0081566375597311,0.9796234177093972,0.8499441375554443,0.0157387347249306,5.048273634277071,0.0042332480218095,0.0064728462524867,0.9897361098188572,0.4397648386840768,1.4368820592612497,1.0
10,3,3D-independent-e9bc2b1d9158,3D,3D-independent,equal_total,32,independent,raw_minmax,"[64, 48]",,"[1.0, 1.0]",120704,0.2607818329997826,0.5882862919970648,ok,,0.0003446716209297,0.0533230512129134,0.055018181516063,0.0014403618586165,0.9992684340126748,0.987901920157683,0.0015962078751526,0.3408784044701712,0.0004290631824547,0.0006560588933896,0.9999400844261056,0.9277846443966696,0.109089543351477,1.0
10,3,4D-A-c5fc8bd2cb2c,4D,4D-A,equal_total,32,joint,raw_minmax,"[64, 48]",2.0,"[1.0, 1.0]",207812,0.3631113750016084,0.635193000001891,ok,,0.0004236619083728,0.0594772262557066,0.0675899576403938,0.0017694877280214,0.998001124357438,0.979898829553519,0.004653758630326,1.0125263442201284,0.0012508225855951,0.001912569791324,0.9991692344165616,0.6555037847097277,0.3135755658360529,1.0
10,3,4D-B-f835e7c8452f,4D,4D-B,equal_total,32,shared-independent,raw_minmax,"[64, 48]",,"[1.0, 1.0]",109504,0.2470913750003092,0.5289177499944344,ok,,0.0005026371910028,0.0736891524787547,0.0802055049982313,0.0020997595170753,0.9977665397109684,0.9735201024451912,0.0042823416750906,0.9343160820816307,0.0011509673079374,0.0017598861175945,0.9992116683623564,0.6750371631635176,0.2959316504390077,1.0
10,3,3D-independent-7cc1fb3009e2,3D,3D-independent,equal_total,32,independent,mean_centered,"[64, 48]",,"[1.0, 1.0]",120704,0.270653499996115,0.5694739579994348,ok,,0.0003507966829077,0.0534924095412486,0.0559916256975942,0.0014658463772235,0.9992175153642634,0.9881407801914618,0.0016986352744605,0.3627143520319995,0.0004565883222387,0.0006981461977436,0.99989962316809,0.8902024172308892,0.1192587907155181,1.0
10,3,4D-A-a8d848e0bd2f,4D,4D-A,equal_total,32,joint,mean_centered,"[64, 48]",2.0,"[1.0, 1.0]",207812,0.3472988749999786,0.6407474170046044,ok,,0.0002112535967226,0.0312526255129124,0.0337202883566736,0.0008827884868627,0.9994337061687326,0.9946061398933256,0.0314929333993106,6.90410988646613,0.0084642920234037,0.0129423224487145,0.9452628062368512,0.1120457625127418,1.845509140194002,1.0
10,3,4D-B-2e139466dc24,4D,4D-B,equal_total,32,shared-independent,mean_centered,"[64, 48]",,"[1.0, 1.0]",109504,0.2927514580005663,0.5785427909941063,ok,,0.0003587784443493,0.0549460334355537,0.0572682912696943,0.0014992691539419,0.9991410601927254,0.9874698714669696,0.0310944514889753,6.820723972669911,0.0083571790493372,0.0127785413970948,0.9481620188438096,0.3221732993947933,1.8052121051686456,1.0
10,3,3D-independent-34daa9e6fa18,3D,3D-independent,equal_total,32,independent,ensemble_anomaly,"[64, 48]",,"[1.0, 1.0]",120704,0.261395250003261,0.5403708750018268,ok,,0.0003343942756233,0.0506241167124095,0.0533888602118777,0.0013977066454249,0.9993650440453508,0.9904874941505484,0.0019965985842087,0.4244939491488628,0.000536636665107,0.0008205440854846,0.9999126468556327,0.9178330627560336,0.1302394468519953,1.0
10,3,4D-A-63c64c98502f,4D,4D-A,equal_total,32,joint,ensemble_anomaly,"[64, 48]",2.0,"[1.0, 1.0]",207812,0.3796196249968488,0.6508624170019175,ok,,0.0001858639078929,0.0272339022802443,0.0296673277647193,0.0007766830197196,0.999602448435032,0.9962072357977017,0.0055550500247735,1.1443980254202668,0.0014929954265502,0.0022828640802374,0.999675253161844,0.7925387398330392,0.3193147349712852,1.0
10,3,4D-B-852478df5431,4D,4D-B,equal_total,32,shared-independent,ensemble_anomaly,"[64, 48]",,"[1.0, 1.0]",109504,0.2659982499972102,0.5370762500024284,ok,,0.0003343940734566,0.0506240921200409,0.0533888279843189,0.0013977058017157,0.9993650389712332,0.9904874520227626,0.001930698398195,0.409807968416172,0.0005189264008451,0.0007934642127562,0.9998944155573916,0.9013730825342118,0.1286254483144314,1.0
10,3,3D-independent-629bdce16d73,3D,3D-independent,equal_total,32,independent,standardized_anomaly,"[64, 48]",,"[1.0, 1.0]",120704,0.2479724170043482,0.5227960839984007,ok,,0.0003343942756232,0.0506241167124043,0.0533888602118671,0.0013977066454246,0.9993650440453224,0.990487494150548,0.0019965985842087,0.4244939491488604,0.000536636665107,0.0008205440854846,0.9999126468556326,0.9178330627560384,0.1302394468519929,1.0
10,3,4D-A-06f4272272b6,4D,4D-A,equal_total,32,joint,standardized_anomaly,"[64, 48]",2.0,"[1.0, 1.0]",207812,0.3559841660025995,0.6329442919959547,ok,,0.0012358278866779,0.1971171373435601,0.1973535656763782,0.0051666656517761,0.9940925387362546,0.9042615943786968,0.0019257934425671,0.4091176420011118,0.0005176043986719,0.0007914428058439,0.9999194628450904,0.9187144555805934,0.1736866885912567,1.0
10,3,4D-B-17b80d300b68,4D,4D-B,equal_total,32,shared-independent,standardized_anomaly,"[64, 48]",,"[1.0, 1.0]",109504,0.2722725419953349,0.5645797920005862,ok,,0.0004562089721489,0.064431182017744,0.0727908634879608,0.0019056461070639,0.9982994631881916,0.9819799608402652,0.0019835436189339,0.4217591769844157,0.0005331275478377,0.0008151784710795,0.9999108965323976,0.9154499945346356,0.1343688453286773,1.0
10,3,4D-A-4681118648ec,4D,4D-A,equal_total,32,joint,standardized_anomaly,"[64, 48]",1.0,"[1.0, 1.0]",109506,0.2817800409975461,0.5596351669955766,ok,,0.0065579938698487,0.8797944368472397,1.04574785126544,0.0273774101067511,0.9547047335640436,0.6906208200635567,0.0029824317815887,0.6233650408856112,0.0008015179292955,0.001225560680171,0.998106282532204,0.5192243292367951,0.4745592257706687,1.0
10,3,4D-D-9e53fbf0a6d8,4D,4D-D,equal_total,32,partial-spatial,standardized_anomaly,"[64, 48]",,"[1.0, 1.0]",131904,0.3902480419928906,0.782802832996822,ok,,0.0004006526247517,0.0576350955757049,0.0639283871724623,0.001673628753782,0.9993588604465496,0.9894627859952076,0.0020051261545271,0.4263532905249979,0.0005389284262599,0.0008240483019901,0.9999095434466128,0.9136445299402228,0.1331086820332468,1.0
10,3,4D-E-07794d5e4bbe,4D,4D-E,equal_total,32,joint-property-residual,standardized_anomaly,"[64, 48]",2.0,"[1.0, 1.0]",181060,0.4580547499936074,0.8573110830038786,ok,,0.0011536121329143,0.1930954250786359,0.184303277000651,0.0048250124466994,0.9970566757939624,0.9409670197749554,0.002041342992899,0.4329375616473267,0.0005486650759511,0.0008389361224392,0.9999130225566556,0.9117995108413696,0.17491243035445,1.0
10,3,4D-C-3fe7ec5ee326,4D,4D-C,equal_total,32,joint,standardized_anomaly,"[64, 48]",2.0,"[1.0, 0.5]",207812,0.3483317499994882,0.626729791998514,ok,,0.0011708695083096,0.1892073467042361,0.1869999536959631,0.0048956107498406,0.9947438804318344,0.9153017475802276,0.0019170530339337,0.407276423933798,0.0005152551049692,0.0007878506192154,0.9999160233802948,0.915477725361186,0.1702735085418318,1.0
10,3,4D-C-5b31da2b924b,4D,4D-C,equal_total,32,joint,standardized_anomaly,"[64, 48]",2.0,"[1.0, 2.0]",207812,0.3605729580012848,0.6385584160016151,ok,,0.0012797048420352,0.2037437751739726,0.2043575703028165,0.0053500286936562,0.9941909227741008,0.9081502754193376,0.0019416022686166,0.4120022746502683,0.00052185344694,0.0007979398114569,0.9999216713803744,0.9205849222165376,0.1753446127515758,1.0
10,3,3D-independent-7db5f3bc9ad5,3D,3D-independent,equal_total,32,independent,raw_minmax,"[80, 48]",,"[1.0, 1.0]",149728,0.2913724160025595,0.5675806250001187,ok,,0.0003140619416485,0.0493764163609192,0.0501333274618096,0.0013124776343333,0.999568370861716,0.9907169528618932,0.0015957812869894,0.3408087127594696,0.0004289485603568,0.000655883630515,0.9999406679991368,0.929061786545754,0.1075739398541412,1.0
10,3,4D-A-9e409054ed54,4D,4D-A,equal_total,32,joint,raw_minmax,"[80, 48]",2.0,"[1.0, 1.0]",259188,0.4162661660011508,0.7078068749979138,ok,,0.0002075788352517,0.0301140938314283,0.0331320685732859,0.0008673890440398,0.9994985305899085,0.9946318312847304,0.0025890691772349,0.55544135549553,0.0006959555665079,0.0010641505901283,0.9998302672920428,0.8297100628973779,0.168346125558976,1.0
10,3,4D-B-2fb1b6b4a839,4D,4D-B,equal_total,32,shared-independent,raw_minmax,"[80, 48]",,"[1.0, 1.0]",136304,0.3018058330053463,0.5770363330011605,ok,,0.0003484696542423,0.0538299462300551,0.0556242781528144,0.0014562293128681,0.9992209112877788,0.9875855558017572,0.0018399950114491,0.3950124331156954,0.0004945750910359,0.0007562298518991,0.999877485121153,0.8615180401552536,0.1310726453418113,1.0
10,3,3D-independent-dbbd1a2865ca,3D,3D-independent,equal_total,32,independent,mean_centered,"[80, 48]",,"[1.0, 1.0]",149728,0.2535304160046507,0.5849898339947686,ok,,0.0003162199834411,0.0491363939668851,0.0504752735762444,0.0013214296957675,0.999552434663944,0.9912193847972152,0.0016081517412143,0.3433830790308093,0.0004322735231843,0.000660967663642,0.99993294369235,0.9201381979049836,0.1092101704116487,1.0
10,3,4D-A-85017caccbe9,4D,4D-A,equal_total,32,joint,mean_centered,"[80, 48]",2.0,"[1.0, 1.0]",259188,0.4241955410034279,0.7028055409973604,ok,,0.0001035303257976,0.0156614448746835,0.0165276980869632,0.0004326908901603,0.9998779275639076,0.9987158076593384,0.0150476680522808,3.2947588097464213,0.0040443734883116,0.0061840477200021,0.9884567952119224,0.2009228272829843,0.9276502342874858,1.0
10,3,4D-B-4bb821f89672,4D,4D-B,equal_total,32,shared-independent,mean_centered,"[80, 48]",,"[1.0, 1.0]",136304,0.2802556669994374,0.5472026670031482,ok,,0.0003185182684425,0.0494569335808477,0.0508423649300327,0.0013310400531086,0.9995260373758098,0.991027613565577,0.0141706545845207,3.1075768454183517,0.0038086179301031,0.0058235657747933,0.9906811114834996,0.4783037535811771,0.8555920238564556,1.0
10,3,3D-independent-3e92f69676cb,3D,3D-independent,equal_total,32,independent,ensemble_anomaly,"[80, 48]",,"[1.0, 1.0]",149728,0.2597810419974848,0.5340264160040533,ok,,0.0003004131734885,0.0459614512547751,0.0479665709765806,0.0012557525061623,0.9996552262357248,0.9929144576261938,0.0019976278547796,0.4247087621351948,0.000536913252249,0.0008209670009472,0.9999127595911256,0.9181515697767976,0.1287842999221185,1.0
10,3,4D-A-8bea2cabc037,4D,4D-A,equal_total,32,joint,ensemble_anomaly,"[80, 48]",2.0,"[1.0, 1.0]",259188,0.3845056670033955,0.6678442919946974,ok,,8.642097073791517e-05,0.0123528019992662,0.0137893859254681,0.0003610025812101,0.9999527449230398,0.999329136091581,0.0054717517841492,1.1246082649041618,0.0014706061512898,0.0022486297675494,0.999708396712376,0.809776681271683,0.308102039555449,1.0
10,3,4D-B-2828b82824ed,4D,4D-B,equal_total,32,shared-independent,ensemble_anomaly,"[80, 48]",,"[1.0, 1.0]",136304,0.25389033400279,0.519553416997951,ok,,0.0003004134949442,0.045961489578981,0.0479666222210331,0.0012557538477289,0.999655227757135,0.9929144592399174,0.0019471067714183,0.4138922816040017,0.0005233333802002,0.0008002027028368,0.999913156552158,0.9147170941283846,0.1265094986247079,1.0
10,3,3D-independent-86c75f98455a,3D,3D-independent,equal_total,32,independent,standardized_anomaly,"[80, 48]",,"[1.0, 1.0]",149728,0.2628182080006809,0.5471082500007469,ok,,0.0003004131734885,0.0459614512547729,0.0479665709765811,0.0012557525061623,0.9996552262357374,0.9929144576261952,0.0019976278547796,0.4247087621351926,0.000536913252249,0.0008209670009472,0.9999127595911258,0.918151569776798,0.1287842999221172,1.0
10,3,4D-A-4ea76ef087a9,4D,4D-A,equal_total,32,joint,standardized_anomaly,"[80, 48]",2.0,"[1.0, 1.0]",259188,0.4863385830030893,0.7974374999976135,ok,,0.0011961642961608,0.1933625065512322,0.191039876168431,0.0050013748823649,0.9947783279104264,0.9109915392857888,0.0019302435125322,0.409921017436003,0.0005188004644391,0.0007932716497432,0.9999198914995004,0.9196031055652482,0.1719965503904292,1.0
10,3,4D-B-934096b5cda8,4D,4D-B,equal_total,32,shared-independent,standardized_anomaly,"[80, 48]",,"[1.0, 1.0]",136304,0.2798340840017772,0.5869205409981078,ok,,0.0003615284216951,0.0536015086109783,0.0577115911003132,0.0015108746296293,0.9990304808185704,0.9879134297484864,0.0019893303914402,0.4229439611941232,0.0005346830796687,0.0008175569564247,0.9999113452817824,0.9164141263801008,0.131095422935202,1.0
10,3,4D-A-b80c4d29ed28,4D,4D-A,equal_total,32,joint,standardized_anomaly,"[80, 48]",1.0,"[1.0, 1.0]",136306,0.3570370839952375,0.6950130829936825,ok,,0.0065522743162706,0.8790881013079294,1.0448353802946435,0.0273535218511379,0.9547987282806916,0.6930725080793184,0.0029847088190069,0.623731017657371,0.0008021299736896,0.0012264965264154,0.998104513759106,0.5187589452274294,0.4742258480779816,1.0
10,3,4D-D-2ecf0e4138e3,4D,4D-D,equal_total,32,partial-spatial,standardized_anomaly,"[80, 48]",,"[1.0, 1.0]",163152,0.5136062919991673,0.947582250002597,ok,,0.0003452536731881,0.0513418831654694,0.0551052578688451,0.0014426414951635,0.9994867594734566,0.9910490577756268,0.0019952222832954,0.4241803099911947,0.0005362667909447,0.0008199785295395,0.9999117072740606,0.9165219347158242,0.1304341742277346,1.0
10,3,4D-E-4f4328240852,4D,4D-E,equal_total,32,joint-property-residual,standardized_anomaly,"[80, 48]",2.0,"[1.0, 1.0]",224596,0.6127205839948147,1.051460374997987,ok,,0.0010681390178492,0.174656700599413,0.1706253595962387,0.0044669280827357,0.996931159353768,0.9418978994003848,0.0019766186637857,0.4181309940764279,0.0005312608049256,0.0008123241285508,0.9999170080043346,0.9173590047320224,0.1657898106524093,1.0
10,3,4D-C-44adce3e7a5f,4D,4D-C,equal_total,32,joint,standardized_anomaly,"[80, 48]",2.0,"[1.0, 0.5]",259188,0.4328445829960401,0.7696067500000936,ok,,0.0011629087752913,0.1887051511585747,0.18573478876562,0.0048624890569691,0.995209020655692,0.919185062756116,0.0019276696264402,0.4094428620481004,0.0005181081282493,0.0007922130333597,0.999917756667268,0.9182049627075732,0.1698632501187076,1.0
10,3,4D-C-1150f24dbbfa,4D,4D-C,equal_total,32,joint,standardized_anomaly,"[80, 48]",2.0,"[1.0, 2.0]",259188,0.4349284999989322,0.741829708997102,ok,,0.0012341523122191,0.1991363068475742,0.1971086320633424,0.0051602533527072,0.9950581565582478,0.9143877242845168,0.001945738679201,0.4128558593539488,0.0005229651060647,0.0007996395934121,0.9999216742444296,0.9209317352491712,0.1735831091086697,1.0
10,3,3D-independent-82249d692984,3D,3D-independent,equal_per_property,64,independent,raw_minmax,"[64, 48]",,"[1.0, 1.0]",219008,0.2360656669989111,0.5557177910013706,ok,,0.0001833415898009,0.0274231918809426,0.0292680387875538,0.0007662297368696,0.9995671275717584,0.995705316548821,0.0013171989380834,0.2816315906059449,0.0003540635782782,0.0005413807775951,0.9999485164867338,0.9421272995386007,0.0850346186107941,1.0
10,3,4D-A-63bd70d89f36,4D,4D-A,equal_per_property,64,joint,raw_minmax,"[64, 48]",2.0,"[1.0, 1.0]",404420,0.3191141669958597,0.604791457997635,ok,,0.0004090101940964,0.0573429128591398,0.0652503492511766,0.0017082373814075,0.9980431331490736,0.9810426616300626,0.0042054205381027,0.9176188406979788,0.0011302868193109,0.001728264624449,0.9992169444004464,0.6790287326823473,0.2862315141002284,1.0
10,3,4D-B-49fc67f13645,4D,4D-B,equal_per_property,64,shared-independent,raw_minmax,"[64, 48]",,"[1.0, 1.0]",207808,0.2265575409983284,0.5063805419995333,ok,,0.0004097737065009,0.0574100062392497,0.065371983275193,0.00171142172891,0.9980515128669536,0.981023894867422,0.0041819156054801,0.9134271531806224,0.001123969600299,0.0017186052831591,0.9992132985423486,0.678785804637167,0.2852330774168944,1.0
10,3,3D-independent-64af48d38810,3D,3D-independent,equal_per_property,64,independent,mean_centered,"[64, 48]",,"[1.0, 1.0]",219008,0.2107510839996393,0.5063069590032683,ok,,0.000196235984765,0.0287863981960255,0.0313217824420749,0.0008199962181643,0.9995189176214556,0.9953319884838742,0.0014502066074098,0.3095679731144322,0.0003898050902466,0.0005960313226639,0.9998990576749218,0.8995537475023158,0.0977278758293407,1.0
10,3,4D-A-fbc2ac4d32c8,4D,4D-A,equal_per_property,64,joint,mean_centered,"[64, 48]",2.0,"[1.0, 1.0]",404420,0.2921569579993956,0.5756707499967888,ok,,0.0002062561980153,0.030484642233689,0.0329225523465427,0.0008619039630457,0.9994361775284952,0.9948085827233686,0.0312972833558089,6.860197059177646,0.0084116884898466,0.0128618890360493,0.9474425678742148,0.2080484816857025,1.8223132923017,1.0
10,3,4D-B-6a56509ea188,4D,4D-B,equal_per_property,64,shared-independent,mean_centered,"[64, 48]",,"[1.0, 1.0]",207808,0.2198420420027105,0.5059917090038653,ok,,0.0002114027102258,0.0312754798082447,0.0337441254204191,0.0008834125350681,0.9994332201631478,0.9945998126217728,0.0310832057066281,6.818418526199328,0.0083541559830461,0.0127739189787501,0.948149294544136,0.3202161419383432,1.7980715071818787,1.0
10,3,3D-independent-5a93f5036396,3D,3D-independent,equal_per_property,64,independent,ensemble_anomaly,"[64, 48]",,"[1.0, 1.0]",219008,0.2025364590008394,0.4902110830007586,ok,,0.0001858544005384,0.0272330108656589,0.0296658089190655,0.0007766432567305,0.9996024310040692,0.9962071990907828,0.0017358384514396,0.3662354752051804,0.0004665359201035,0.0007133565684162,0.9999269143044068,0.9325230260771148,0.1072758433717226,1.0
10,3,4D-A-cbe030d90365,4D,4D-A,equal_per_property,64,joint,ensemble_anomaly,"[64, 48]",2.0,"[1.0, 1.0]",404420,0.3084080830012681,0.5979832919983892,ok,,0.0001786413767193,0.0261577805662147,0.0285148179016515,0.0007465106075696,0.9996065500431902,0.9964234183441124,0.0034259948983349,0.7316625219352589,0.0009208275757595,0.0014079910490086,0.9998288664021135,0.8294368618351586,0.2112225406029595,1.0
10,3,4D-B-6939f5acac9e,4D,4D-B,equal_per_property,64,shared-independent,ensemble_anomaly,"[64, 48]",,"[1.0, 1.0]",207808,0.2284587499962072,0.5148407500018948,ok,,0.0001858533590585,0.0272328237987065,0.029665642512689,0.0007766389002543,0.9996024295169138,0.9962072132556332,0.0016483529092961,0.3484494233684905,0.0004430382677019,0.0006774274920884,0.9999096659334424,0.916198981326881,0.1048697874689849,1.0
10,3,3D-independent-7a2c6100f5cb,3D,3D-independent,equal_per_property,64,independent,standardized_anomaly,"[64, 48]",,"[1.0, 1.0]",219008,0.202507959002105,0.4931425419999868,ok,,0.0001858544005383,0.0272330108656447,0.0296658089190438,0.0007766432567299,0.9996024310041104,0.9962071990907844,0.0017358384514396,0.3662354752051757,0.0004665359201035,0.0007133565684162,0.9999269143044076,0.9325230260771202,0.107275843371717,1.0
10,3,4D-A-c45120ace2c4,4D,4D-A,equal_per_property,64,joint,standardized_anomaly,"[64, 48]",2.0,"[1.0, 1.0]",404420,0.3588724590008496,0.6604599999991478,ok,,0.0007039940487029,0.1097812518145737,0.1123642827134474,0.0029416680564769,0.9972028700034308,0.960641969539762,0.0015774124799942,0.3337076281062882,0.000423967066985,0.0006482666799992,0.9999329381880164,0.93938397392733,0.1233689770468289,1.0
10,3,4D-B-f843c8275099,4D,4D-B,equal_per_property,64,shared-independent,standardized_anomaly,"[64, 48]",,"[1.0, 1.0]",207808,0.2708020419959211,0.5939879579964327,ok,,0.000348294761627,0.0460318707973235,0.0555434498899971,0.0014541132497113,0.9985930234095864,0.9884053721410352,0.0017181581650428,0.3626791088724104,0.0004617855662153,0.0007060930416385,0.9999264484796964,0.93050183434057,0.1123143441072328,1.0
10,3,4D-A-102750e40079,4D,4D-A,equal_per_property,64,joint,standardized_anomaly,"[64, 48]",1.0,"[1.0, 1.0]",207810,0.2566321670019533,0.5880993329992634,ok,,0.0067747317739729,0.919373858338221,1.0804010112180755,0.0282846209323532,0.9565742205907862,0.6999795993734944,0.0027634390575652,0.5752214002276946,0.0007426433212805,0.0011355384835283,0.9981408863117844,0.5420413671899027,0.4683961938210543,1.0
10,3,4D-D-ff94f89c821d,4D,4D-D,equal_per_property,64,partial-spatial,standardized_anomaly,"[64, 48]",,"[1.0, 1.0]",230208,0.3925065000003087,0.768596958994749,ok,,0.0001079830724998,0.0164014699394594,0.0172362258391564,0.000451239964701,0.9999358398193646,0.9988873384833172,0.0018453183822121,0.3934445201794538,0.0004959712838089,0.0007583646999193,0.9999164291955316,0.9250896727793814,0.1119643711218909,1.0
10,3,4D-E-0ed2b1a0be64,4D,4D-E,equal_per_property,64,joint-property-residual,standardized_anomaly,"[64, 48]",2.0,"[1.0, 1.0]",328516,0.5970923339991714,1.0683858749980573,ok,,0.000932510347586,0.146706459234304,0.1489049813235254,0.0038982941592461,0.9963978912874226,0.9455272759125488,0.0018785822575684,0.4001823467321579,0.0005049153345292,0.0007720405972182,0.9999241482236612,0.9228795023007622,0.1531713542149516,1.0
10,3,4D-C-e7705bff9f37,4D,4D-C,equal_per_property,64,joint,standardized_anomaly,"[64, 48]",2.0,"[1.0, 0.5]",404420,0.298509959000512,0.5900317080013338,ok,,0.0006348996407873,0.1055212396041261,0.1013900382611264,0.0026543651558596,0.9976474362608396,0.9629911013709112,0.0015739831038311,0.3334648105351474,0.0004230462142215,0.000646858650437,0.9999313131190174,0.9365852603817298,0.1222994673157382,1.0
10,3,4D-C-07c1f38e4371,4D,4D-C,equal_per_property,64,joint,standardized_anomaly,"[64, 48]",2.0,"[1.0, 2.0]",404420,0.283988709001278,0.5708226249989821,ok,,0.0008931177137944,0.1473808577467908,0.1426146538633087,0.0037336150022431,0.9954328774810328,0.941808322894688,0.0015818371484994,0.3339424438776155,0.0004251533816002,0.0006500806139034,0.9999354738872954,0.9415099512940104,0.1349160411325143,1.0
10,3,3D-independent-fa9b36e31dc0,3D,3D-independent,equal_per_property,64,independent,raw_minmax,"[80, 48]",,"[1.0, 1.0]",272608,0.2406487920015934,0.5274554159987019,ok,,8.707613795030087e-05,0.0133901988248062,0.0139012832115867,0.0003639320234157,0.9999284837197424,0.9991319111080136,0.0013186211693363,0.2818643276389639,0.0003544459328518,0.0005419654167082,0.9999489355804118,0.9433633258762902,0.0810017269929045,1.0
10,3,4D-A-4f7fd7861b3e,4D,4D-A,equal_per_property,64,joint,raw_minmax,"[80, 48]",2.0,"[1.0, 1.0]",504948,0.3831246670015389,0.6905184170027496,ok,,0.0001755286060767,0.0255616254005964,0.0280161841706929,0.0007334565045858,0.9995609502895276,0.9959479469163216,0.0016497643101749,0.353334657512562,0.0004434342014876,0.0006780328944905,0.9998872074172892,0.8742382754157751,0.1109507929367775,1.0
10,3,4D-B-51546c614bcf,4D,4D-B,equal_per_property,64,shared-independent,raw_minmax,"[80, 48]",,"[1.0, 1.0]",259184,0.2176012920026551,0.5042571669982863,ok,,0.0001774396639881,0.0257626307834518,0.0283206661040306,0.000741427763383,0.9995621890914924,0.9959037298490442,0.0015993804241691,0.3442038595089702,0.0004298932099758,0.0006573280466501,0.9998844033428133,0.8737325630199356,0.108787085964483,1.0
10,3,3D-independent-5cbc421a2b78,3D,3D-independent,equal_per_property,64,independent,mean_centered,"[80, 48]",,"[1.0, 1.0]",272608,0.2124326659977669,0.511581541999476,ok,,9.544131046370409e-05,0.0145646755943486,0.0152363919144538,0.0003988848262842,0.9999061952644592,0.9989257472335824,0.0013317950942737,0.2847191401457832,0.0003579854031366,0.00054737744238,0.999932687142637,0.9289707665322868,0.0838338897142993,1.0
10,3,4D-A-a9f18b485be4,4D,4D-A,equal_per_property,64,joint,mean_centered,"[80, 48]",2.0,"[1.0, 1.0]",504948,0.3465416670005652,0.6349809169987566,ok,,9.22686834210536e-05,0.0139560003279467,0.0147302396734018,0.0003856338906376,0.9998854073884994,0.9989321487749442,0.0146295724664497,3.196752628490657,0.0039319495553762,0.0060121459487754,0.9898891068271646,0.3069933062819541,0.8894364753225387,1.0
10,3,4D-B-be3ed22367d4,4D,4D-B,equal_per_property,64,shared-independent,mean_centered,"[80, 48]",,"[1.0, 1.0]",259184,0.2600285000007716,0.5589641659971676,ok,,0.0001036848189713,0.0156793239664121,0.0165523953894556,0.0004333374591952,0.999877894860794,0.9987125370782698,0.0141410955873228,3.1014761575606613,0.0038006716135717,0.0058114154625705,0.9906670165006136,0.4754708625764798,0.8450159454249248,1.0
10,3,3D-independent-44372d7b9669,3D,3D-independent,equal_per_property,64,independent,ensemble_anomaly,"[80, 48]",,"[1.0, 1.0]",272608,0.2325074999971548,0.5259730000034324,ok,,8.64347519920203e-05,0.0123564307276764,0.0137915838810183,0.0003610601231218,0.9999527973998212,0.9993292517158696,0.0017383120022427,0.3667928575407744,0.0004672007582995,0.0007143731390029,0.9999269885258424,0.9326891313195268,0.1032850241876882,1.0
10,3,4D-A-abc62af84685,4D,4D-A,equal_per_property,64,joint,ensemble_anomaly,"[80, 48]",2.0,"[1.0, 1.0]",504948,0.3209379170002648,0.616707833003602,ok,,6.904072760291023e-05,0.0096948085971977,0.0110149692859598,0.0002883690663003,0.9999604283777423,0.99955926408551,0.0034212637651129,0.7310948868131694,0.0009195589601759,0.0014060512728405,0.9998535777256288,0.8511987424649939,0.2038526730337788,1.0
10,3,4D-B-643a4d560541,4D,4D-B,equal_per_property,64,shared-independent,ensemble_anomaly,"[80, 48]",,"[1.0, 1.0]",259184,0.238179374995525,0.5419792500033509,ok,,8.643521299671112e-05,0.0123564595354265,0.0137916571987806,0.000361062042562,0.9999527990868844,0.9993292650330764,0.0016780966117257,0.3550292411439914,0.0004510208658442,0.0006896332806942,0.999930125775167,0.9314299835180072,0.100501519100969,1.0
10,3,3D-independent-11e1b067c3e2,3D,3D-independent,equal_per_property,64,independent,standardized_anomaly,"[80, 48]",,"[1.0, 1.0]",272608,0.2401011660040239,0.5503988749987911,ok,,8.643475199204903e-05,0.0123564307276726,0.0137915838810228,0.0003610601231219,0.9999527973998,0.9993292517158682,0.0017383120022427,0.366792857540777,0.0004672007582995,0.0007143731390029,0.9999269885258424,0.9326891313195236,0.1032850241876884,1.0
10,3,4D-A-3bf6b15a532d,4D,4D-A,equal_per_property,64,joint,standardized_anomaly,"[80, 48]",2.0,"[1.0, 1.0]",504948,0.3252598330000182,0.6209827500060783,ok,,0.0006628146833629,0.1063123301776216,0.1058166875952145,0.0027702536982758,0.997790688734541,0.965044167351138,0.0015827716619108,0.3347208320638455,0.0004254068970299,0.0006504682515731,0.999933482467678,0.940419130459618,0.1220753783340223,1.0
10,3,4D-B-3ee6d3ebd2d3,4D,4D-B,equal_per_property,64,shared-independent,standardized_anomaly,"[80, 48]",,"[1.0, 1.0]",259184,0.2695418750008684,0.5932682089987793,ok,,0.0002154369095806,0.0296752317960491,0.0343722925652504,0.0008998577895516,0.999331301951202,0.9944006407313518,0.001727751248487,0.3645514106676569,0.0004643628208629,0.0007100337918617,0.9999259631305084,0.9307717288998022,0.1079101144120322,1.0
10,3,4D-A-0bf051d8d579,4D,4D-A,equal_per_property,64,joint,standardized_anomaly,"[80, 48]",1.0,"[1.0, 1.0]",259186,0.2347427499989862,0.5926817500003381,ok,,0.0067662290551512,0.9180597933085496,1.0790430450906032,0.0282490697279803,0.956849319879972,0.7029180749955581,0.0027676089652396,0.5760608331859951,0.0007437644217345,0.0011372527017444,0.9981370015932584,0.5422398185168305,0.4678854199345875,1.0
10,3,4D-D-e24c5d642104,4D,4D-D,equal_per_property,64,partial-spatial,standardized_anomaly,"[80, 48]",,"[1.0, 1.0]",286032,0.4678409170010127,0.855159917002311,ok,,9.774251897904684e-05,0.0148069673814333,0.0156018685928708,0.0004084529118389,0.9999567103371204,0.9991045102701744,0.0018498567710276,0.3941993169847027,0.0004971905348495,0.0007602289952519,0.999916518452042,0.9257227778824716,0.1116481600724532,1.0
10,3,4D-E-6ca320f290f9,4D,4D-E,equal_per_property,64,joint-property-residual,standardized_anomaly,"[80, 48]",2.0,"[1.0, 1.0]",408916,0.6951660830018227,1.2052262500001234,ok,,0.0009305632392686,0.1439571062779572,0.1485744256394096,0.0038896402963515,0.996786960928022,0.9498050449552534,0.0018336284817216,0.3909649461333099,0.000492832305492,0.0007535650463364,0.9999257101306886,0.9262269342766164,0.149226515698833,1.0
10,3,4D-C-4e04f7cc08d6,4D,4D-C,equal_per_property,64,joint,standardized_anomaly,"[80, 48]",2.0,"[1.0, 0.5]",504948,0.3290883329973439,0.626718792002066,ok,,0.0006130095078976,0.1050037643383278,0.0979146045872422,0.0025633791950722,0.998104789466323,0.9662540439045448,0.0015867225964093,0.3359127513181061,0.0004264695633748,0.0006520931211373,0.9999329227735986,0.9393842608306404,0.1220243408222103,1.0
10,3,4D-C-f8d668c31c07,4D,4D-C,equal_per_property,64,joint,standardized_anomaly,"[80, 48]",2.0,"[1.0, 2.0]",504948,0.342875708003703,0.6529732089984464,ok,,0.0008564139838591,0.1456410795953394,0.1367895520183229,0.0035811153323362,0.9961731988905882,0.9439643294460204,0.0015852769834143,0.3346562650372371,0.0004260772171179,0.0006514932042447,0.9999356090287708,0.9423077657104948,0.1342903242635797,1.0
10,3,3D-current-e419eaac8e1a,3D,3D-current,equal_total,32,legacy-independent,raw_minmax,"[48, 48]",,"[1.0, 1.0]",117216,4.489015000006475,4.7885235419962555,ok,,0.0010831514781654,0.1549121885902036,0.1727864068085038,0.0045235037436071,0.9936186928189916,0.9274716812184176,0.0016200389805997,0.3458482791932655,0.0004354685673455,0.0006658530446825,0.9999336655967052,0.9200259851389364,0.144252908651198,1.0
10,3,4D-A-current-205a30146a4e,4D,4D-A-current,equal_total,32,legacy-joint,raw_minmax,"[48, 48]",2.0,"[1.0, 1.0]",181972,5.66208179199748,6.009026166997501,ok,,0.0026029332375835,0.3756101750656008,0.4152910555939595,0.0108722131524375,0.9718591350362584,0.7853194919311669,0.015628283532458,3.4247936661669915,0.004200381856848,0.0064225922556481,0.9907452038099536,0.4431224901195574,1.0465457125518076,1.0
10,3,3D-current-5e7711139fcb,3D,3D-current,equal_per_property,64,legacy-independent,raw_minmax,"[48, 48]",,"[1.0, 1.0]",216480,4.283930083001906,4.590786125001614,ok,,0.0010543794787852,0.1497913348125601,0.1681893386139537,0.0044031536792024,0.9937831651279132,0.9328050841849566,0.0013406125580046,0.2864935219696193,0.0003603556841489,0.0005510017196462,0.999943734539272,0.9352218164193126,0.1255678516200112,1.0
10,3,4D-A-current-43ce2f360e5a,4D,4D-A-current,equal_per_property,64,legacy-joint,raw_minmax,"[48, 48]",2.0,"[1.0, 1.0]",354964,6.47834029099613,6.884326999999757,ok,,0.0026007629004088,0.3753059720423939,0.4149445464625711,0.0108631416323916,0.97179941076118,0.785795830593786,0.0155171935790616,3.401212202728494,0.0041705146631659,0.006376923834686,0.9907932051091232,0.4478343157848508,1.0399257753953923,1.0
