outer_fold,test_run,capacity_regime,geometry,budget,role,candidate,variant,selected_4d_variant,solver,iterations,condition_number,relative_frobenius_p,anomaly_relative_frobenius_p,rmse_p,train_range_nrmse_p,ssim_p,anomaly_ssim_p,relative_frobenius_so,anomaly_relative_frobenius_so,rmse_so,train_range_nrmse_so,ssim_so,anomaly_ssim_so
1,1,equal_total,wells,5,3D,3D-independent-7db5f3bc9ad5,3D-independent,4D-E,"lasso(l1=0.001,max_iter=20000)",290,12112451.616619278,0.0036776875024427,0.7665216993811246,0.586999488407503,0.0141777956719233,0.99674689327222,0.8059572832781005,0.0127746213175393,4.582485467765591,0.0034375880101792,0.0052562426190588,0.9993374318445948,0.7262991150104376
1,1,equal_total,wells,5,4D,4D-E-4f4328240852,4D-E,4D-E,"lasso(l1=0.001,max_iter=20000)",20000,38679.87564581418,0.0050595697816942,1.0545403938278426,0.807563141632874,0.0195050684717104,0.9944719782422198,0.8416130565948005,0.0027923905823895,1.001680515300828,0.0007514186250343,0.0011489563583433,0.9998918375902958,0.8473550165676976
1,1,equal_total,wells,10,3D,3D-independent-7db5f3bc9ad5,3D-independent,4D-B,"lasso(l1=0.001,max_iter=20000)",12660,1169922942.538911,0.0013579238987278,0.2830251710597421,0.2167396314450712,0.005234911221086,0.998546001169999,0.8769772510361155,0.0040261107912756,1.4442380509004875,0.0010834066889121,0.001656582579172,0.999845929618267,0.810029239272674
1,1,equal_total,wells,10,4D,4D-B-2828b82824ed,4D-B,4D-B,"lasso(l1=0.001,max_iter=20000)",20000,2224997143.81981,0.0017508488247514,0.3649205147573017,0.2794547833999826,0.0067496699687684,0.997922651976476,0.8949841553158832,0.0027877058001382,1.0,0.0007501579730825,0.0011470287589633,0.9999286315429172,0.8391748015382596
1,1,equal_total,wells,15,3D,3D-independent-7db5f3bc9ad5,3D-independent,4D-B,"lasso(l1=0.001,max_iter=20000)",1190,2235749136.128099,0.0010275728858721,0.2141717897982176,0.1640119661900973,0.0039613801891072,0.9993028519277044,0.8280448521291296,0.003069740369938,1.101170851596261,0.000826052094051,0.0012630746353131,0.999897824091972,0.8262938142881352
1,1,equal_total,wells,15,4D,4D-B-2828b82824ed,4D-B,4D-B,"lasso(l1=0.001,max_iter=20000)",12750,266815435471.06616,0.0009290084306706,0.1936285017538989,0.148279992024253,0.00358140589672,0.9988645154791174,0.9562614250401574,0.0027877058001382,1.0,0.0007501579730825,0.0011470287589633,0.9999286315429172,0.8391748015382596
1,1,equal_total,wells,20,3D,3D-independent-7db5f3bc9ad5,3D-independent,4D-B,"lasso(l1=0.001,max_iter=20000)",4400,622988.7883922386,0.0011758421903646,0.2450748067538762,0.1876773825219063,0.0045329708699674,0.9994487037955306,0.726894801354129,0.0030080032105006,1.079024626756324,0.0008094389269136,0.0012376722785192,0.9999031046790906,0.8375945507994641
1,1,equal_total,wells,20,4D,4D-B-2828b82824ed,4D-B,4D-B,"lasso(l1=0.001,max_iter=20000)",70,1321890.323014513,0.0003885178760783,0.0809768046941818,0.0620117381761489,0.0014977691982448,0.999658071285728,0.9864419325489382,0.0027877058001382,1.0,0.0007501579730825,0.0011470287589633,0.9999286315429172,0.8391748015382596
1,1,equal_total,wells,30,3D,3D-independent-7db5f3bc9ad5,3D-independent,4D-B,"lasso(l1=0.001,max_iter=20000)",1330,20148.137611565173,0.0008765865117583,0.182702467841899,0.1399128755788279,0.0033793149755707,0.9996839183233308,0.8821726144695072,0.0027773389411247,0.9962812219951782,0.000747368302112,0.0011427632136436,0.9999091597084904,0.8291870188021736
1,1,equal_total,wells,30,4D,4D-B-2828b82824ed,4D-B,4D-B,"lasso(l1=0.001,max_iter=20000)",130,215026.35788158223,0.0003505528584528,0.0730639491815748,0.055952102628332,0.0013514108515342,0.9999029460019032,0.9832399171254212,0.0026384445480076,0.9464573155018028,0.0007099925014059,0.0010856137600118,0.9999334353051892,0.8460536211189291
1,1,equal_total,grid,30,3D,3D-independent-7db5f3bc9ad5,3D-independent,4D-B,"lasso(l1=0.001,max_iter=20000)",1170,2.215082671357828e+19,0.0113635148003276,2.3684395887100957,1.8137422959054952,0.0438073084912496,0.9963602715315174,0.3498380768722547,0.0029440895834254,1.056097663992914,0.0007922400829981,0.0012113743928739,0.9999359877352192,0.7979288280823205
1,1,equal_total,grid,30,4D,4D-B-2828b82824ed,4D-B,4D-B,"lasso(l1=0.001,max_iter=20000)",2050,4.657037682640254e+18,0.0054676974439995,1.1396043665190676,0.8727048179767705,0.0210784350506761,0.99864691958521,-0.1798472410263164,0.0026467237819397,0.9494272249993028,0.0007122204026948,0.0010890203316169,0.9999328264269628,0.8484878812764816
1,1,equal_total,grid,100,3D,3D-independent-7db5f3bc9ad5,3D-independent,4D-D,"lasso(l1=0.001,max_iter=20000)",1080,4987.5229741919065,0.0011267731341728,0.2348475929642025,0.1798454199470442,0.0043438055175447,0.999651361717342,0.8305169082298334,0.0016335684141714,0.5859902483577815,0.0004395852569542,0.0006721476673384,0.9999659657455204,0.8679727650006193
1,1,equal_total,grid,100,4D,4D-D-2ecf0e4138e3,4D-D,4D-D,"lasso(l1=0.001,max_iter=20000)",200,1359.3716667027431,0.0009558673963996,0.1992265793612499,0.1525669791953058,0.0036849494761603,0.9964024628062792,0.8356668108479111,0.0010325636052623,0.3703990590438797,0.000277857807364,0.0004248583730163,0.999975868807665,0.940907403651946
1,1,equal_total,grid,300,3D,3D-independent-7db5f3bc9ad5,3D-independent,4D-D,"lasso(l1=0.001,max_iter=20000)",710,5158.1427612784455,0.0006537351222577,0.1362546862737167,0.1043433358773431,0.0025202040632254,0.9997282178882302,0.9239242411037908,0.0012657113414682,0.454033327837355,0.0003405967209223,0.0005207892845572,0.9999736908625544,0.9041035357656816
1,1,equal_total,grid,300,4D,4D-D-2ecf0e4138e3,4D-D,4D-D,"lasso(l1=0.001,max_iter=20000)",100,529.3760520747901,0.0003647701859986,0.0760271944447597,0.058221344914519,0.0014062198489849,0.9997792754300622,0.9531435647822012,0.0009841982036942,0.3530495232479294,0.0002648429147574,0.0004049579565036,0.9999778960449838,0.945645969532078
1,1,equal_per_property,wells,5,3D,3D-independent-fa9b36e31dc0,3D-independent,4D-E,"lasso(l1=0.001,max_iter=20000)",290,11844301.807050472,0.0036776875024426,0.7665216993811166,0.5869994884074969,0.0141777956719231,0.99674689327222,0.8059572832781081,0.0127746213139176,4.582485466466429,0.0034375880092046,0.0052562426175687,0.9993374318448338,0.726299115028994
1,1,equal_per_property,wells,5,4D,4D-E-6ca320f290f9,4D-E,4D-E,"lasso(l1=0.001,max_iter=20000)",16310,12219.417837881008,0.00402296476849,0.8384860836721933,0.6421095483008165,0.0155088686695414,0.9966234042980858,0.8550614630099284,0.0025938602843199,0.93046414158601,0.0006979950944781,0.0010672691295833,0.9999126393317858,0.8496355465504004
1,1,equal_per_property,wells,10,3D,3D-independent-fa9b36e31dc0,3D-independent,4D-B,"lasso(l1=0.001,max_iter=20000)",12660,975485334.0355608,0.0013579239017484,0.2830251716893044,0.2167396319271878,0.0052349112327305,0.9985460011670833,0.8769772509686445,0.0040261107912756,1.4442380509004782,0.0010834066889121,0.001656582579172,0.999845929618267,0.8100292392726764
1,1,equal_per_property,wells,10,4D,4D-B-643a4d560541,4D-B,4D-B,"lasso(l1=0.001,max_iter=20000)",20000,2097736622.1256428,0.0017508486354152,0.3649204752949353,0.2794547531798481,0.0067496692388616,0.9979226531651004,0.8949841568840204,0.0027877058001382,1.0,0.0007501579730825,0.0011470287589633,0.9999286315429172,0.8391748015382596
1,1,equal_per_property,wells,15,3D,3D-independent-fa9b36e31dc0,3D-independent,4D-B,"lasso(l1=0.001,max_iter=20000)",1500,1567547847.9620335,0.0010271775608987,0.2140893942248417,0.163948867964101,0.0039598561779742,0.9993035831294604,0.8281812460980388,0.003069740369938,1.1011708515962615,0.000826052094051,0.0012630746353131,0.9998978240919724,0.8262938142881403
1,1,equal_per_property,wells,15,4D,4D-B-643a4d560541,4D-B,4D-B,"lasso(l1=0.001,max_iter=20000)",18260,13032713861.097273,0.0009093645392776,0.189534225390564,0.1451446102958336,0.0035056770377058,0.9989414694746468,0.955802324450849,0.0027877058001382,1.0,0.0007501579730825,0.0011470287589633,0.9999286315429172,0.8391748015382596
1,1,equal_per_property,wells,20,3D,3D-independent-fa9b36e31dc0,3D-independent,4D-B,"lasso(l1=0.001,max_iter=20000)",10730,2870579777.23397,0.0011714130251384,0.2441516583749804,0.1869704389003839,0.0045158960642555,0.9994667335134632,0.7293154696860317,0.0030080032105005,1.0790246267563155,0.0008094389269136,0.0012376722785192,0.9999031046790904,0.8375945507994587
1,1,equal_per_property,wells,20,4D,4D-B-643a4d560541,4D-B,4D-B,"lasso(l1=0.001,max_iter=20000)",9180,18309637541.68868,0.000377310379479,0.0786408831855032,0.060222898105918,0.0014545633530842,0.999732812749322,0.9868409295248436,0.0027877058001382,1.0,0.0007501579730825,0.0011470287589633,0.9999286315429172,0.8391748015382596
1,1,equal_per_property,wells,30,3D,3D-independent-fa9b36e31dc0,3D-independent,4D-B,"lasso(l1=0.001,max_iter=20000)",2260,10757071252.790752,0.0008912966768738,0.185768432732884,0.1422607801768799,0.0034360239034416,0.999719478989392,0.8487704335211589,0.0027773389411248,0.9962812219951954,0.0007473683021121,0.0011427632136436,0.9999091597084904,0.8291870188021666
1,1,equal_per_property,wells,30,4D,4D-B-643a4d560541,4D-B,4D-B,"lasso(l1=0.001,max_iter=20000)",20000,150170681935.34897,0.0001597572424733,0.033297389435008,0.0254990179396563,0.0006158776512121,0.9999484720700804,0.9963459564735349,0.0026384234126075,0.9464497338552504,0.0007099868139733,0.0010856050636452,0.9999334359656696,0.8460547071211574
1,1,equal_per_property,grid,30,3D,3D-independent-fa9b36e31dc0,3D-independent,4D-B,"lasso(l1=0.001,max_iter=20000)",1170,19318.162489886276,0.0113635147943579,2.3684395874658515,1.8137422949526576,0.0438073084682358,0.996360271544498,0.3498380769115099,0.0029440895834237,1.0560976639922846,0.0007922400829976,0.0012113743928731,0.9999359877352192,0.7979288280823394
1,1,equal_per_property,grid,30,4D,4D-B-643a4d560541,4D-B,4D-B,"lasso(l1=0.001,max_iter=20000)",2050,56609.64069632259,0.0054676974203025,1.139604361580034,0.8727048141944769,0.0210784349593224,0.998646919632756,-0.1798472209841279,0.0026467237819397,0.9494272249993028,0.0007122204026948,0.0010890203316169,0.9999328264269628,0.8484878812764816
1,1,equal_per_property,grid,100,3D,3D-independent-fa9b36e31dc0,3D-independent,4D-B,"lasso(l1=0.001,max_iter=20000)",5050,2.679813476065127e+18,0.000963902050614,0.2009012014704496,0.1538493986260535,0.0037159237461791,0.9997116299800688,0.8895090762308122,0.0016335681831245,0.585990165477117,0.0004395851947806,0.0006721475722719,0.999965965754485,0.8679727810398712
1,1,equal_per_property,grid,100,4D,4D-B-643a4d560541,4D-B,4D-B,"lasso(l1=0.001,max_iter=20000)",20000,3.838853597947402e+18,0.0002716360514099,0.0566157205041678,0.0433561098121563,0.0010471799008102,0.9999287928650816,0.9904685557140496,0.0020280058641277,0.7274820262694629,0.0005457264422802,0.00083444280576,0.9999520233624436,0.8714460931103073
1,1,equal_per_property,grid,300,3D,3D-independent-fa9b36e31dc0,3D-independent,4D-B,"lasso(l1=0.001,max_iter=20000)",7030,178594.98178191474,0.0003843243489516,0.0801027691657679,0.0613424049942662,0.0014816027972912,0.9998641892199496,0.979925832462774,0.0012657056166457,0.4540312742409982,0.0003405951804007,0.0005207869290232,0.999973691004938,0.9041039408743712
1,1,equal_per_property,grid,300,4D,4D-B-643a4d560541,4D-B,4D-B,"lasso(l1=0.001,max_iter=20000)",3780,99675.1981338806,0.0001173047348854,0.0244492292154127,0.0187231294991287,0.0004522196520098,0.999973811026151,0.9985347027252768,0.0014685093136983,0.5267805927101455,0.0003951686616866,0.0006042324895023,0.999969284615657,0.9081939865109172
2,2,equal_total,wells,5,3D,3D-independent-7db5f3bc9ad5,3D-independent,4D-E,"lasso(l1=0.001,max_iter=20000)",1060,28799502.715205733,0.0024513126612718,0.5907063832884027,0.392194368876247,0.009472668606052,0.998407652191473,0.5134258305323501,0.0146462607942743,4.879562692416984,0.0039403292802445,0.0060249589638483,0.9992088629868984,0.7234089972351706
2,2,equal_total,wells,5,4D,4D-E-4f4328240852,4D-E,4D-E,"lasso(l1=0.001,max_iter=20000)",15670,33715.45776557887,0.001906741156719,0.4594779729029921,0.3050664064133608,0.0073682673697561,0.9978637650261148,0.8523188106869893,0.0025199772355469,0.8395581013497903,0.000677957345308,0.0010366304169551,0.9999209146157853,0.8820814545760397
2,2,equal_total,wells,10,3D,3D-independent-7db5f3bc9ad5,3D-independent,4D-E,"lasso(l1=0.001,max_iter=20000)",14210,8447263365.921289,0.001696536054683,0.4088236856983422,0.2714349327013111,0.0065559665554425,0.9986959746812436,0.7632050062566876,0.0043299070883992,1.4425561163327216,0.001164888425845,0.0017811721975536,0.9998312529751914,0.7985298736810009
2,2,equal_total,wells,10,4D,4D-E-4f4328240852,4D-E,4D-E,"lasso(l1=0.001,max_iter=20000)",13530,1653482.7535386418,0.0019736119196885,0.4755921908750865,0.3157653013742,0.0076266777255839,0.9971383740092098,0.8820929137437161,0.0026502005471835,0.8829434282991309,0.0007129917295115,0.0010901997285881,0.9999068058269488,0.8546965756534699
2,2,equal_total,wells,15,3D,3D-independent-7db5f3bc9ad5,3D-independent,4D-B,"lasso(l1=0.001,max_iter=20000)",2820,48482216133.554184,0.0010302786653787,0.2482719539698923,0.1648380059054734,0.003981331522171,0.9991529029582328,0.887903835050207,0.0041487308271242,1.382195254424929,0.0011161460104794,0.0017066426261676,0.9998447499275804,0.8074328876716895
2,2,equal_total,wells,15,4D,4D-B-2828b82824ed,4D-B,4D-B,"lasso(l1=0.001,max_iter=20000)",7270,21367596806.77292,0.0008834971068703,0.2129011891834237,0.1413538940614909,0.0034141198876876,0.9990192599379368,0.9569041353762088,0.0030015519253467,1.0,0.0008075168880129,0.0012347333856805,0.9999259385562328,0.8427800744893107
2,2,equal_total,wells,20,3D,3D-independent-7db5f3bc9ad5,3D-independent,4D-B,"lasso(l1=0.001,max_iter=20000)",3640,1545653.6557524898,0.0009777769527086,0.2356203256004092,0.1564380672151145,0.003778447845506,0.9991657969528897,0.914462395436616,0.0042391577875619,1.4123219897561063,0.00114047385804,0.0017438411120826,0.9998394145960792,0.8179889660507808
2,2,equal_total,wells,20,4D,4D-B-2828b82824ed,4D-B,4D-B,"lasso(l1=0.001,max_iter=20000)",150,2584616.1412479593,0.0010562771379177,0.254536949834007,0.168997595455294,0.0040817980675107,0.9983094991825424,0.9003187674153312,0.0030015519253467,1.0,0.0008075168880129,0.0012347333856805,0.9999259385562328,0.8427800744893107
2,2,equal_total,wells,30,3D,3D-independent-7db5f3bc9ad5,3D-independent,4D-B,"lasso(l1=0.001,max_iter=20000)",1780,27256.89224795088,0.0010171128137114,0.2450993058029731,0.1627315537311048,0.0039304543934671,0.9995788913060746,0.9243708575411682,0.002980962101701,0.9931402740456317,0.0008019775434576,0.001226263453028,0.9999032139869254,0.8309478762379471
2,2,equal_total,wells,30,4D,4D-B-2828b82824ed,4D-B,4D-B,"lasso(l1=0.001,max_iter=20000)",380,132682.30283810548,0.0005603564281315,0.1350321908108829,0.089653449414639,0.0021653993098567,0.9998311487343492,0.9792342116230164,0.0024721454662511,0.82362242191282,0.0006650890150407,0.0010169541015308,0.9999452947502582,0.8711217085295815
2,2,equal_total,grid,30,3D,3D-independent-7db5f3bc9ad5,3D-independent,4D-B,"lasso(l1=0.001,max_iter=20000)",1710,1.2727767285497385e+19,0.0085578851597825,2.062240966319547,1.369206964979678,0.0330704488937814,0.9974849908802532,-0.0625628622893894,0.0048877934898234,1.6284221000970334,0.0013149783466418,0.0020106671329697,0.9999290222495688,0.7731563510988203
2,2,equal_total,grid,30,4D,4D-B-2828b82824ed,4D-B,4D-B,"lasso(l1=0.001,max_iter=20000)",6390,7.050730853171769e+18,0.0019288252415793,0.4647996970967968,0.3085997189364178,0.0074536074492387,0.9990362847830502,0.7708770428328825,0.0022029831690744,0.7339480454998288,0.0005926754416651,0.0009062301551336,0.999952592354388,0.8934651862980925
2,2,equal_total,grid,100,3D,3D-independent-7db5f3bc9ad5,3D-independent,4D-B,"lasso(l1=0.001,max_iter=20000)",1690,4993.91731636963,0.0011517097783962,0.2775338815577189,0.1842662083882742,0.0044505807983862,0.9995731886045168,0.8119470486350736,0.0018865927685961,0.6285391076078869,0.0005075559441699,0.0007760782203692,0.999966944675864,0.8455962009353909
2,2,equal_total,grid,100,4D,4D-B-2828b82824ed,4D-B,4D-B,"lasso(l1=0.001,max_iter=20000)",820,16424.37137618955,0.0006354852643994,0.1531364024251899,0.1016735833575771,0.0024557215441306,0.99981902558126,0.9743622321064564,0.0018283341674668,0.6091296145928509,0.0004918824507725,0.0007521126713445,0.9999641874145746,0.9081546242487452
2,2,equal_total,grid,300,3D,3D-independent-7db5f3bc9ad5,3D-independent,4D-D,"lasso(l1=0.001,max_iter=20000)",1170,5465.803022883771,0.0009403750974666,0.226607393473337,0.1504540092680452,0.0036339149242037,0.999608709376096,0.8963681205640992,0.0013359490764172,0.4450861119995258,0.0003594145520596,0.0005495626819885,0.9999701337352308,0.8900396410932413
2,2,equal_total,grid,300,4D,4D-D-2ecf0e4138e3,4D-D,4D-D,"lasso(l1=0.001,max_iter=20000)",160,507.46153784366743,0.0006998523535991,0.1686472962677509,0.1119719065065918,0.0027044568910153,0.9985178178447932,0.920188322966666,0.0009388995293542,0.3128046932740722,0.0002525950724685,0.000386230397983,0.999973188349292,0.9545473182856584
2,2,equal_per_property,wells,5,3D,3D-independent-fa9b36e31dc0,3D-independent,4D-E,"lasso(l1=0.001,max_iter=20000)",1060,27952356.154924516,0.0024513126619659,0.5907063834556663,0.3921943689873002,0.0094726686087343,0.9984076521913002,0.5134258305164382,0.014646260794285,4.8795626924205315,0.0039403292802474,0.0060249589638527,0.9992088629868984,0.7234089972351471
2,2,equal_per_property,wells,5,4D,4D-E-6ca320f290f9,4D-E,4D-E,"lasso(l1=0.001,max_iter=20000)",4410,14912.326817899817,0.0014247165462398,0.3433218338634189,0.2279455475052131,0.0055055676549586,0.9985095543974826,0.9125715672881668,0.0024882297074937,0.8289810635897432,0.0006694162086916,0.0010235705953112,0.9999256758330402,0.8827469176851829
2,2,equal_per_property,wells,10,3D,3D-independent-fa9b36e31dc0,3D-independent,4D-D,"lasso(l1=0.001,max_iter=20000)",14200,7962275874.589764,0.00169653582972,0.4088236314877658,0.2714348967086701,0.0065559656861124,0.9986959749936192,0.7632050333286539,0.0043299070883992,1.4425561163327234,0.001164888425845,0.0017811721975536,0.9998312529751914,0.798529873681003
2,2,equal_per_property,wells,10,4D,4D-D-ff94f89c821d,4D-D,4D-D,"lasso(l1=0.001,max_iter=20000)",9350,320017.79458831524,0.0014042843463718,0.3383981735416037,0.2246765260300678,0.0054266109958182,0.9982223936523922,0.9127108845505212,0.0040028909130547,1.3336070848057562,0.0010769102429543,0.0016466491909897,0.9998570916069484,0.8584763671988533
2,2,equal_per_property,wells,15,3D,3D-independent-fa9b36e31dc0,3D-independent,4D-D,"lasso(l1=0.001,max_iter=20000)",4880,13657763528.582594,0.0010324203124038,0.2487880385104017,0.1651806557504355,0.0039896075421418,0.9991374643271876,0.8880693440396831,0.0041487308271242,1.3821952544249232,0.0011161460104794,0.0017066426261676,0.9998447499275804,0.807432887671697
2,2,equal_per_property,wells,15,4D,4D-D-ff94f89c821d,4D-D,4D-D,"lasso(l1=0.001,max_iter=20000)",20000,462348.13000404515,0.0008536910377108,0.2057186556814988,0.1365851133721098,0.0032989395518381,0.9987376385163051,0.9614407468220524,0.0031200745160191,1.039487103212028,0.0008394033907153,0.0012834894303202,0.9999022234950178,0.8939282613210889
2,2,equal_per_property,wells,20,3D,3D-independent-fa9b36e31dc0,3D-independent,4D-B,"lasso(l1=0.001,max_iter=20000)",11500,32079412150.68246,0.0009289954745157,0.2238651827293956,0.148633342279382,0.0035899403636434,0.9992138736402764,0.9267938247615608,0.0042391577875619,1.4123219897560986,0.00114047385804,0.0017438411120825,0.9998394145960792,0.8179889660507843
2,2,equal_per_property,wells,20,4D,4D-B-3ee6d3ebd2d3,4D-B,4D-B,"lasso(l1=0.001,max_iter=20000)",20000,2812704.7367324587,0.0006837194225033,0.1647596545442071,0.109390740574891,0.0026421140033336,0.999090453359961,0.9676538641003316,0.0036902144221859,1.2294354767024978,0.0009927899101594,0.0015180250286246,0.9998767607105422,0.8926472752366087
2,2,equal_per_property,wells,30,3D,3D-independent-fa9b36e31dc0,3D-independent,4D-D,"lasso(l1=0.001,max_iter=20000)",2900,92278001063.9274,0.0008790781737789,0.2118363344116559,0.1406468929912918,0.0033970436944181,0.9997068228410908,0.9518115082917692,0.0029809621049949,0.9931402751430308,0.0008019775443438,0.001226263454383,0.999903213986834,0.8309478761311307
2,2,equal_per_property,wells,30,4D,4D-D-ff94f89c821d,4D-D,4D-D,"lasso(l1=0.001,max_iter=20000)",11790,3067170.6256198413,0.0007046320165586,0.16979907811295,0.1127366220516419,0.0027229270617037,0.9987106785069376,0.979695886680107,0.0022001015471841,0.7329880015085913,0.000591900189929,0.0009050447567658,0.9999157946694984,0.9011964898898088
2,2,equal_per_property,grid,30,3D,3D-independent-fa9b36e31dc0,3D-independent,4D-B,"lasso(l1=0.001,max_iter=20000)",1710,24665.33247031578,0.0085578851555946,2.0622409653103793,1.3692069643096505,0.0330704488775982,0.997484990881824,-0.0625628622431644,0.004887793489823,1.628422100096897,0.0013149783466417,0.0020106671329696,0.9999290222495688,0.7731563510988245
2,2,equal_per_property,grid,30,4D,4D-B-3ee6d3ebd2d3,4D-B,4D-B,"lasso(l1=0.001,max_iter=20000)",19770,97.52391983642264,0.0018652530125026,0.4494803450986759,0.2984285683301737,0.0072079437001358,0.998631743601906,0.7760995938985018,0.0014768682593429,0.4920348859772911,0.0003973264799181,0.0006075319006356,0.9999355539037144,0.9308090287848684
2,2,equal_per_property,grid,100,3D,3D-independent-fa9b36e31dc0,3D-independent,4D-B,"lasso(l1=0.001,max_iter=20000)",5070,3.3971108616243005e+18,0.000765997276251,0.1845866044800143,0.1225546716526737,0.0029600623640152,0.9997568108024408,0.8843021681361128,0.0018865927685917,0.6285391076063934,0.0005075559441687,0.0007760782203674,0.999966944675864,0.8455962009355086
2,2,equal_per_property,grid,100,4D,4D-B-3ee6d3ebd2d3,4D-B,4D-B,"lasso(l1=0.001,max_iter=20000)",17110,2.5031746142598298e+17,0.000396673622874,0.0955886390242271,0.063465246041776,0.0015328757663652,0.9997052131672644,0.9661633765893872,0.0007958340819176,0.2651408676948772,0.000214105728366,0.0003273782812511,0.9999756117633176,0.9671164554124144
2,2,equal_per_property,grid,300,3D,3D-independent-fa9b36e31dc0,3D-independent,4D-B,"lasso(l1=0.001,max_iter=20000)",8430,155139.5563549439,0.0004721540052889,0.1137775646598403,0.0755416251228422,0.0018245564891756,0.999873574899372,0.9807760211853072,0.0013359424481926,0.4450839037336692,0.0003594127688476,0.0005495599553689,0.9999701339595922,0.8900405149983964
2,2,equal_per_property,grid,300,4D,4D-B-3ee6d3ebd2d3,4D-B,4D-B,"lasso(l1=0.001,max_iter=20000)",2120,18376.750776238336,0.0001903469902626,0.0458689680693554,0.0304543026652591,0.0007355626181043,0.9997632346690288,0.9935046301404316,0.000694585739585,0.2314088700980294,0.0001868665706401,0.0002857282576526,0.9999809939468478,0.9736560308205876
3,3,equal_total,wells,5,3D,3D-independent-7db5f3bc9ad5,3D-independent,4D-E,"lasso(l1=0.001,max_iter=20000)",210,23625830.60581018,0.0020576577332389,0.262215886671463,0.3307203662899863,0.0079878932205908,0.9981925636143896,0.9598626628221087,0.0211305258404332,7.426477914268662,0.0056888748971354,0.0086985719639098,0.9987951614786956,0.7038826114044106
3,3,equal_total,wells,5,4D,4D-E-4f4328240852,4D-E,4D-E,"lasso(l1=0.001,max_iter=20000)",3920,38044.624232441995,0.0038029515631709,0.4846259414270211,0.6112355391463653,0.0147631797645336,0.9962280007050248,0.8659154499555648,0.0035540924321393,1.2491117898280772,0.0009568520618927,0.0014630742756147,0.9998524720640636,0.8329154665353388
3,3,equal_total,wells,10,3D,3D-independent-7db5f3bc9ad5,3D-independent,4D-B,"lasso(l1=0.001,max_iter=20000)",5070,2280701433.253193,0.001657848478228,0.2112665297358445,0.2664603773096131,0.0064358208880346,0.9986482621011123,0.9693901440563216,0.0035377351006187,1.2433628859820054,0.0009524482522869,0.0014563406322382,0.9999007031301322,0.7999717622985559
3,3,equal_total,wells,10,4D,4D-B-2828b82824ed,4D-B,4D-B,"lasso(l1=0.001,max_iter=20000)",20000,3181370962.4124947,0.0008142943402266,0.1037689159790381,0.1308787745004208,0.0031611167079879,0.9993208927813986,0.9921942326179564,0.0028452957221935,1.0,0.0007660259631561,0.0011712917030557,0.9999377156252488,0.8479489263951621
3,3,equal_total,wells,15,3D,3D-independent-7db5f3bc9ad5,3D-independent,4D-B,"lasso(l1=0.001,max_iter=20000)",6100,5594708702.321335,0.0008349564828284,0.10640197878406,0.1341997307795972,0.0032413278073099,0.9994267355518152,0.9904297514195196,0.0030360255718923,1.0670334012071827,0.0008173752888795,0.0012498073697173,0.9999116134502912,0.8424393904080222
3,3,equal_total,wells,15,4D,4D-B-2828b82824ed,4D-B,4D-B,"lasso(l1=0.001,max_iter=20000)",20000,14494397367.001217,0.000644283170134,0.0821036851732764,0.1035534542889266,0.0025011279007776,0.9991883528179416,0.991697573060973,0.0028452957221935,1.0,0.0007660259631561,0.0011712917030557,0.9999377156252488,0.8479489263951621
3,3,equal_total,wells,20,3D,3D-independent-7db5f3bc9ad5,3D-independent,4D-B,"lasso(l1=0.001,max_iter=20000)",2120,597032.3430311559,0.0009200392504858,0.1172444298882269,0.1478747961853179,0.0035716218362834,0.9994875045449914,0.9888296599896628,0.0028714536546484,1.0091933967534372,0.0007730683437588,0.0011820598523959,0.9999170856203774,0.8476031950029872
3,3,equal_total,wells,20,4D,4D-B-2828b82824ed,4D-B,4D-B,"lasso(l1=0.001,max_iter=20000)",330,2249689.2630733517,0.0007912396150643,0.1008309564230062,0.127173266520527,0.0030716175265389,0.9989058034690446,0.9888476522171364,0.0026608711562049,0.9351826368872432,0.0007163741801484,0.0010953716634278,0.999944029706114,0.8552870958046971
3,3,equal_total,wells,30,3D,3D-independent-7db5f3bc9ad5,3D-independent,4D-B,"lasso(l1=0.001,max_iter=20000)",920,25618.659687027357,0.0007145100636024,0.0910529904156091,0.114840785294517,0.0027737509503634,0.999740111850176,0.993300453804504,0.0024834363550296,0.8728218777607873,0.0006686042195754,0.0010223290236667,0.999925638833014,0.8709511041738746
3,3,equal_total,wells,30,4D,4D-B-2828b82824ed,4D-B,4D-B,"lasso(l1=0.001,max_iter=20000)",160,174414.50369062205,0.0005412859849644,0.0689783253052886,0.086999065161972,0.0021012895292808,0.9998526920603144,0.995859407665387,0.0023585414376539,0.8289266452190407,0.0006349793317897,0.0009709149019869,0.9999533402814892,0.87348907110075
3,3,equal_total,grid,30,3D,3D-independent-7db5f3bc9ad5,3D-independent,4D-B,"lasso(l1=0.001,max_iter=20000)",3190,5.4620966739634364e+19,0.0050044208853358,0.6377341763539808,0.8043436386586597,0.0194273221523746,0.9987284621266864,0.8164049370363318,0.0024351136327504,0.8558385034484822,0.0006555945139102,0.0010024365382448,0.999962611194072,0.8284715068405375
3,3,equal_total,grid,30,4D,4D-B-2828b82824ed,4D-B,4D-B,"lasso(l1=0.001,max_iter=20000)",1990,5.408462509424862e+18,0.001968370505711,0.2508376437516358,0.3163695322732189,0.0076412773437451,0.999304897117478,0.9503247365307768,0.0020866885780248,0.7333819686117284,0.0005617896288671,0.0008590042150056,0.9999598205138402,0.8998816136786704
3,3,equal_total,grid,100,3D,3D-independent-7db5f3bc9ad5,3D-independent,4D-B,"lasso(l1=0.001,max_iter=20000)",1100,5395.0356043410175,0.0005099181853858,0.0649809960864503,0.0819574248547536,0.0019795187267068,0.9997757808355314,0.9947075898329812,0.0012608592794673,0.4431382192130476,0.0003394553811839,0.0005190441194711,0.999982751396576,0.904768652613818
3,3,equal_total,grid,100,4D,4D-B-2828b82824ed,4D-B,4D-B,"lasso(l1=0.001,max_iter=20000)",900,16782.543907883777,0.0006457511512049,0.0822907561092707,0.1037893979201825,0.0025068266503094,0.999877428739392,0.9947466585925084,0.001606593530897,0.5646490515433997,0.0004325358335537,0.000661368749211,0.9999712657257503,0.919268196187544
3,3,equal_total,grid,300,3D,3D-independent-7db5f3bc9ad5,3D-independent,4D-D,"lasso(l1=0.001,max_iter=20000)",470,5293.4719388486155,0.0006374344672313,0.0812309264655604,0.1024526854409267,0.0024745410167673,0.9997624962439676,0.9921813172455802,0.0009380235797172,0.3296752504144136,0.0002525398012274,0.0003861458855132,0.999987769405886,0.9509724022164632
3,3,equal_total,grid,300,4D,4D-D-2ecf0e4138e3,4D-D,4D-D,"lasso(l1=0.001,max_iter=20000)",50,461.9840895261527,0.0005251820561688,0.0669261346518907,0.0844107351671575,0.002038773561939,0.9994197412322914,0.9913003805723092,0.0008391560680915,0.2949275400606271,0.0002259221529362,0.0003454461806756,0.9999811138308002,0.9653034872844648
3,3,equal_per_property,wells,5,3D,3D-independent-fa9b36e31dc0,3D-independent,4D-E,"lasso(l1=0.001,max_iter=20000)",210,22919958.812534343,0.0020576577332389,0.262215886671471,0.3307203662899964,0.0079878932205911,0.9981925636143926,0.9598626628221076,0.0211305258455992,7.426477916084295,0.0056888748985263,0.0086985719660364,0.9987951614780922,0.7038826112970158
3,3,equal_per_property,wells,5,4D,4D-E-6ca320f290f9,4D-E,4D-E,"lasso(l1=0.001,max_iter=20000)",20000,12493.761567120106,0.0039969527625301,0.5093483214825372,0.6424166956022466,0.0155162986336803,0.9969928378845792,0.8729591218951237,0.0036464696828209,1.2815784504852206,0.0009817223668931,0.0015011022058684,0.9998471214565214,0.8293548292825031
3,3,equal_per_property,wells,10,3D,3D-independent-fa9b36e31dc0,3D-independent,4D-E,"lasso(l1=0.001,max_iter=20000)",5070,2024371833.5187376,0.0016563557519976,0.2110763054212047,0.2662204564725749,0.0064300260770008,0.9986474622027268,0.9694325787445764,0.0035377351006186,1.243362885981969,0.0009524482522869,0.0014563406322381,0.9999007031301324,0.7999717622985508
3,3,equal_per_property,wells,10,4D,4D-E-6ca320f290f9,4D-E,4D-E,"lasso(l1=0.001,max_iter=20000)",20000,2646562.4224226647,0.0011172506567382,0.1423758999655122,0.1795719183348211,0.0043372028314019,0.9986972602426052,0.9858290651250174,0.0022078099390038,0.775950957147523,0.0005943985793108,0.000908864918085,0.9999411806795964,0.8857856223138877
3,3,equal_per_property,wells,15,3D,3D-independent-fa9b36e31dc0,3D-independent,4D-B,"lasso(l1=0.001,max_iter=20000)",5920,3566243568.9258175,0.0008349564860043,0.1064019791887807,0.134199731290052,0.0032413278196389,0.9994267355750456,0.9904297512497008,0.0030360255718923,1.0670334012071536,0.0008173752888794,0.0012498073697173,0.9999116134502912,0.8424393904080193
3,3,equal_per_property,wells,15,4D,4D-B-643a4d560541,4D-B,4D-B,"lasso(l1=0.001,max_iter=20000)",20000,9915058462.640127,0.0005853599914358,0.0745948593378256,0.094082931117234,0.0022723862339512,0.999319550675958,0.9930757630799516,0.0028452957221935,1.0,0.0007660259631561,0.0011712917030557,0.9999377156252488,0.8479489263951621
3,3,equal_per_property,wells,20,3D,3D-independent-fa9b36e31dc0,3D-independent,4D-B,"lasso(l1=0.001,max_iter=20000)",14280,6233206475.301109,0.0009141832611211,0.1164981767972518,0.146933582825879,0.0035488886980212,0.9994903145705728,0.9890037774879918,0.0028714536546484,1.0091933967534297,0.0007730683437588,0.0011820598523959,0.9999170856203772,0.8476031950029618
3,3,equal_per_property,wells,20,4D,4D-B-643a4d560541,4D-B,4D-B,"lasso(l1=0.001,max_iter=20000)",11040,19113099956.64636,0.000594288047374,0.0757325986548593,0.0955179073440686,0.0023070452330404,0.999422975210981,0.9923487977770308,0.0026608372561345,0.9351707224594816,0.0007163650533874,0.0010953577081574,0.9999440308408032,0.8552886826460828
3,3,equal_per_property,wells,30,3D,3D-independent-fa9b36e31dc0,3D-independent,4D-B,"lasso(l1=0.001,max_iter=20000)",4220,77304632388.42673,0.0007196368037697,0.091706312247025,0.115664788897555,0.0027936531198859,0.9997879490266016,0.9936908170820186,0.0024834363550296,0.8728218777607697,0.0006686042195754,0.0010223290236667,0.999925638833014,0.8709511041738778
3,3,equal_per_property,wells,30,4D,4D-B-643a4d560541,4D-B,4D-B,"lasso(l1=0.001,max_iter=20000)",20000,105533885554.72874,0.0002625761100584,0.0334611662598304,0.0422029698597418,0.0010193288687151,0.9999410624513786,0.9988146793691204,0.0023585293452462,0.8289223952538693,0.000634976076206,0.0009709099240379,0.999953340634422,0.8734898269153957
3,3,equal_per_property,grid,30,3D,3D-independent-fa9b36e31dc0,3D-independent,4D-B,"lasso(l1=0.001,max_iter=20000)",3190,17478.65500728317,0.005004420883005,0.6377341760569673,0.8043436382840505,0.0194273221433267,0.9987284621270393,0.8164049371519915,0.0024351136327522,0.8558385034491134,0.0006555945139107,0.0010024365382456,0.9999626111940716,0.8284715068404559
3,3,equal_per_property,grid,30,4D,4D-B-643a4d560541,4D-B,4D-B,"lasso(l1=0.001,max_iter=20000)",2030,67188.34967057603,0.0019683705195632,0.2508376455168821,0.3163695344996395,0.0076412773975198,0.999304897116002,0.9503247363710902,0.0020866885780248,0.733381968611728,0.0005617896288671,0.0008590042150056,0.9999598205138402,0.8998816136786706
3,3,equal_per_property,grid,100,3D,3D-independent-fa9b36e31dc0,3D-independent,4D-B,"lasso(l1=0.001,max_iter=20000)",8740,1.7408572141562893e+18,0.0004081270748731,0.0520093313303625,0.0655968840271899,0.0015843623756549,0.9998606258536435,0.9967847099921496,0.0012608592792933,0.4431382191518915,0.0003394553811371,0.0005190441193995,0.9999827513965684,0.9047686526152336
3,3,equal_per_property,grid,100,4D,4D-B-643a4d560541,4D-B,4D-B,"lasso(l1=0.001,max_iter=20000)",20000,2.5607908592018447e+18,0.0001960102398131,0.0249784004399953,0.0315040627313456,0.000760918028532,0.999956386678612,0.999306125601135,0.0016066000992795,0.5646513600494872,0.0004325376019293,0.0006613714531451,0.9999712653068642,0.91926794890179
3,3,equal_per_property,grid,300,3D,3D-independent-fa9b36e31dc0,3D-independent,4D-B,"lasso(l1=0.001,max_iter=20000)",3240,143987.9349674882,0.0003647185574072,0.0464776033308254,0.0586199798683827,0.001415849120617,0.999893798960242,0.9969228988546562,0.0009380216538054,0.3296745735386302,0.000252539282723,0.0003861450926942,0.999987769411842,0.9509722719221634
3,3,equal_per_property,grid,300,4D,4D-B-643a4d560541,4D-B,4D-B,"lasso(l1=0.001,max_iter=20000)",1990,98354.08007241132,0.0002126711085453,0.0271015642668785,0.0341819077979958,0.0008255960545443,0.999979341384351,0.9993496172222988,0.001404681322965,0.4936855287162026,0.000378175932631,0.0005782497637039,0.999975423728342,0.9288728163542505
4,4,equal_total,wells,5,3D,3D-independent-7db5f3bc9ad5,3D-independent,4D-E,"lasso(l1=0.001,max_iter=20000)",1060,40750878.23599718,0.0030664509034121,0.9063641733657752,0.4904266354237008,0.0118452720426888,0.9978056690424568,0.758500524595184,0.031230320649614,10.89144324728396,0.0084005914301661,0.0128449210812315,0.9973983718238904,0.6882199957749388
4,4,equal_total,wells,5,4D,4D-E-4f4328240852,4D-E,4D-E,"lasso(l1=0.001,max_iter=20000)",20000,40618.54188988095,0.0024907745327881,0.7362090154253077,0.3983569971249515,0.0096215145349457,0.993158174764921,0.8470866603222689,0.0028558271419501,0.9959577293353012,0.0007681841401458,0.0011745916627481,0.9998777142395726,0.8678121659238412
4,4,equal_total,wells,10,3D,3D-independent-7db5f3bc9ad5,3D-independent,4D-C,"lasso(l1=0.001,max_iter=20000)",8440,1156250430.817027,0.0026492572987289,0.7830524528939342,0.4237036183887951,0.0102337113500184,0.997681060408398,0.6462773460865602,0.0044058419084533,1.5365188734627244,0.001185120005461,0.0018121072865502,0.9998375698844588,0.7890393916404023
4,4,equal_total,wells,10,4D,4D-C-44adce3e7a5f,4D-C,4D-C,"lasso(l1=0.001,max_iter=20000)",20000,2301668.8081997945,0.0031453863041131,0.9296954515956276,0.5030510093990203,0.012150188483406,0.9961996083314252,0.8667601225868126,0.0040563852772427,1.4146473400603294,0.0010911202539279,0.0016683770027797,0.9998081943412408,0.8254438152131817
4,4,equal_total,wells,15,3D,3D-independent-7db5f3bc9ad5,3D-independent,4D-A,"lasso(l1=0.001,max_iter=20000)",6520,1870060218.8138409,0.0016436224798862,0.4858126143972618,0.2628694435708787,0.0063490843398364,0.99817353216373,0.8594349598840304,0.0042640231764931,1.4870601859303223,0.0011469724232537,0.0017537777407121,0.9998457099915286,0.8137434056196772
4,4,equal_total,wells,15,4D,4D-A-4ea76ef087a9,4D-A,4D-A,"lasso(l1=0.001,max_iter=20000)",20000,40880791.07001745,0.0013808059528718,0.4081307953310694,0.2208364128336291,0.0053338607612246,0.9982804054154204,0.9281974759031446,0.0029717942284417,1.0364007640145585,0.0007993779317143,0.0012222885176962,0.9998863123165778,0.8473544930245266
4,4,equal_total,wells,20,3D,3D-independent-7db5f3bc9ad5,3D-independent,4D-A,"lasso(l1=0.001,max_iter=20000)",8540,1914561.1785481356,0.0010733645126256,0.3172589974043289,0.1716663866766833,0.0041462573683706,0.9991253732460764,0.9006071467968836,0.0042247486635808,1.47336336439435,0.001136408038075,0.0017376242716356,0.999853543097832,0.8203997821378965
4,4,equal_total,wells,20,4D,4D-A-4ea76ef087a9,4D-A,4D-A,"lasso(l1=0.001,max_iter=20000)",650,1856.923116695025,0.0011609949495953,0.3431603051596057,0.1856813837261837,0.0044847615211587,0.9983047034219829,0.9206577659912448,0.0062783389760048,2.189544366564584,0.0016887998426028,0.0025822587469654,0.9993970423335684,0.8248703476751428
4,4,equal_total,wells,30,3D,3D-independent-7db5f3bc9ad5,3D-independent,4D-E,"lasso(l1=0.001,max_iter=20000)",1420,48481.84054803086,0.0009645255461431,0.285088992733413,0.1542594462702304,0.0037258276248531,0.9995087797506488,0.9300593665913612,0.0028217820950342,0.984084662116586,0.0007590264202309,0.0011605890546498,0.9999079326179452,0.8254511706407437
4,4,equal_total,wells,30,4D,4D-E-4f4328240852,4D-E,4D-E,"lasso(l1=0.001,max_iter=20000)",150,647.9825531252585,0.0029792705790599,0.8805959073461577,0.476483626227105,0.0115085066121475,0.9510172177116472,0.7301893084128815,0.004750101958214,1.6565781208954806,0.0012777219372892,0.0019537002346409,0.999601546787364,0.830149611946459
4,4,equal_total,grid,30,3D,3D-independent-7db5f3bc9ad5,3D-independent,4D-B,"lasso(l1=0.001,max_iter=20000)",3750,1.131711354848553e+19,0.0141190321612912,4.173223481045789,2.2580989086100094,0.0545398515084235,0.99484944129507,-0.1515178130959192,0.005492419938418,1.9154584008496276,0.0014773968023962,0.0022590130100004,0.9999139904682836,0.7617464063382239
4,4,equal_total,grid,30,4D,4D-B-934096b5cda8,4D-B,4D-B,"lasso(l1=0.001,max_iter=20000)",3670,4.6994484088738726e+17,0.0027642111313257,0.8170298550238326,0.4420885275640161,0.0106777619682571,0.998278239240256,0.5546280519703672,0.0020393588632333,0.7112178439969519,0.0005485637109436,0.0008387811303137,0.99993225900973,0.8974368136518366
4,4,equal_total,grid,100,3D,3D-independent-7db5f3bc9ad5,3D-independent,4D-B,"lasso(l1=0.001,max_iter=20000)",2620,5396.457579983152,0.0010534646207147,0.3113771001719684,0.1684837376330186,0.0040693868621306,0.999582224689128,0.8583100468308427,0.0022044993135621,0.76880988292495,0.0005929845629537,0.0009067028169204,0.9999563469311176,0.8350157370596921
4,4,equal_total,grid,100,4D,4D-B-934096b5cda8,4D-B,4D-B,"lasso(l1=0.001,max_iter=20000)",300,381.0218382965916,0.0009980299906586,0.2949920464961774,0.1596179119731026,0.0038552506198483,0.9995988601986076,0.8678963741718863,0.0015161095447131,0.5287368403344547,0.0004078157567257,0.0006235705252863,0.999949979997468,0.9096021027800512
4,4,equal_total,grid,300,3D,3D-independent-7db5f3bc9ad5,3D-independent,4D-D,"lasso(l1=0.001,max_iter=20000)",960,5302.142654013948,0.0007095390606218,0.2097215329407895,0.1134786974137652,0.0027408504041684,0.9995490838818802,0.9405963449527296,0.0019097744275579,0.666025815944326,0.000513707011519,0.0007854835075233,0.9999597002249584,0.8563163744006493
4,4,equal_total,grid,300,4D,4D-D-2ecf0e4138e3,4D-D,4D-D,"lasso(l1=0.001,max_iter=20000)",90,470.7652086151096,0.0004844319869894,0.1431856603186138,0.0774766519843891,0.0018712931831668,0.9995445376023724,0.954604998707762,0.0014437085696916,0.5034873041756077,0.0003883407402145,0.0005937922588129,0.9999524830300036,0.9109712945482912
4,4,equal_per_property,wells,5,3D,3D-independent-fa9b36e31dc0,3D-independent,4D-E,"lasso(l1=0.001,max_iter=20000)",1060,38430866.095134,0.0030664508972401,0.9063641715414882,0.490426634436593,0.0118452720188472,0.9978056690536038,0.7585005241078948,0.0312303206496123,10.89144324728337,0.0084005914301657,0.0128449210812308,0.9973983718238908,0.6882199957749404
4,4,equal_per_property,wells,5,4D,4D-E-6ca320f290f9,4D-E,4D-E,"lasso(l1=0.001,max_iter=20000)",20000,21478.439585019645,0.0014712286929142,0.434857436198135,0.2352979912386296,0.0056831511912313,0.9982400880572256,0.9266925802652156,0.003422002481118,1.1934090025304502,0.0009204786924671,0.0014074575891452,0.9998383095786664,0.8585331986215223
4,4,equal_per_property,wells,10,3D,3D-independent-fa9b36e31dc0,3D-independent,4D-E,"lasso(l1=0.001,max_iter=20000)",8440,965570772.1711472,0.0026492573036415,0.7830524543459659,0.4237036191744782,0.010233711368995,0.9976810604068892,0.6462773456063238,0.0044058419084533,1.5365188734627244,0.001185120005461,0.0018121072865502,0.9998375698844588,0.7890393916404091
4,4,equal_per_property,wells,10,4D,4D-E-6ca320f290f9,4D-E,4D-E,"lasso(l1=0.001,max_iter=20000)",20000,1858241.9811874523,0.0018966143589861,0.5605905197318948,0.3033311890755703,0.0073263566741807,0.9972946700024856,0.904320898092248,0.0031523969701278,1.0993852121553926,0.0008479579594731,0.0012965697903747,0.9998669518952872,0.8432829568760116
4,4,equal_per_property,wells,15,3D,3D-independent-fa9b36e31dc0,3D-independent,4D-B,"lasso(l1=0.001,max_iter=20000)",6690,1560606801.110499,0.0016379267526044,0.4841291036181629,0.2619585089252308,0.0063270825399515,0.9981550883987994,0.8662766295516952,0.0042640231764931,1.4870601859303243,0.0011469724232537,0.0017537777407121,0.9998457099915286,0.8137434056196868
4,4,equal_per_property,wells,15,4D,4D-B-643a4d560541,4D-B,4D-B,"lasso(l1=0.001,max_iter=20000)",11890,8402667228.930539,0.0009099791317898,0.2689664728194588,0.1455356755958116,0.0035151224359165,0.998844220536188,0.9656059223125242,0.0028674180217026,1.0,0.0007713019513975,0.0011793589508382,0.9999354693146956,0.8477166195559412
4,4,equal_per_property,wells,20,3D,3D-independent-fa9b36e31dc0,3D-independent,4D-B,"lasso(l1=0.001,max_iter=20000)",12850,3989203717.1668887,0.0010040068726012,0.2967586593759599,0.1605738125218969,0.0038783384809643,0.9992112519375084,0.9108935462923052,0.0042247486635808,1.473363364394345,0.001136408038075,0.0017376242716356,0.999853543097832,0.8203997821379114
4,4,equal_per_property,wells,20,4D,4D-B-643a4d560541,4D-B,4D-B,"lasso(l1=0.001,max_iter=20000)",19130,18974344066.611347,0.0004923694673336,0.1455317757586884,0.0787461168809534,0.0019019545623871,0.9994230742047872,0.9866078595848008,0.0028674180217026,1.0,0.0007713019513975,0.0011793589508382,0.9999354693146956,0.8477166195559412
4,4,equal_per_property,wells,30,3D,3D-independent-fa9b36e31dc0,3D-independent,4D-B,"lasso(l1=0.001,max_iter=20000)",3410,18177289397.667328,0.0009329262573589,0.2757490541007681,0.1492056778035643,0.0036037639806616,0.9996133282681304,0.9348016422040182,0.0028217820950341,0.9840846621165346,0.0007590264202309,0.0011605890546498,0.9999079326179456,0.8254511706407619
4,4,equal_per_property,wells,30,4D,4D-B-643a4d560541,4D-B,4D-B,"lasso(l1=0.001,max_iter=20000)",20000,52631364107.72357,0.0002744969722139,0.0811342588382081,0.0439011191625732,0.0010603435088918,0.9999421792862304,0.9937742839585244,0.0025172702549016,0.8778874359612588,0.0006771162924643,0.0010353444054293,0.9999456097413392,0.8619802769673252
4,4,equal_per_property,grid,30,3D,3D-independent-fa9b36e31dc0,3D-independent,4D-B,"lasso(l1=0.001,max_iter=20000)",3750,18883.111606411745,0.0141190321612717,4.1732234810400035,2.258098908606879,0.0545398515083479,0.9948494412949818,-0.1515178130482534,0.0054924199384176,1.9154584008494824,0.0014773968023961,0.0022590130100002,0.9999139904682836,0.7617464063382334
4,4,equal_per_property,grid,30,4D,4D-B-643a4d560541,4D-B,4D-B,"lasso(l1=0.001,max_iter=20000)",4140,45616.74573805417,0.0027487289242979,0.812453712044018,0.4396124120347867,0.0106179563624146,0.9984728609981712,0.5596775156240444,0.0023822021903559,0.8307830153558945,0.0006407845609319,0.0009797913853643,0.9999495167208332,0.8707496734840817
4,4,equal_per_property,grid,100,3D,3D-independent-fa9b36e31dc0,3D-independent,4D-B,"lasso(l1=0.001,max_iter=20000)",4940,4.376729811635757e+18,0.0011172761940475,0.330238163250009,0.1786893128065473,0.0043158820676328,0.9997504813045592,0.826843402274728,0.002204499313563,0.7688098829252613,0.000592984562954,0.0009067028169208,0.9999563469311172,0.8350157370596286
4,4,equal_per_property,grid,100,4D,4D-B-643a4d560541,4D-B,4D-B,"lasso(l1=0.001,max_iter=20000)",20000,4.1569747985759846e+18,0.0003047993626282,0.0900908676031972,0.0487474708063151,0.0011773974156093,0.99989509717369,0.9873902663779756,0.0020205806235096,0.7046690117089434,0.0005435125838205,0.0008310577063373,0.999957252376812,0.8936808603884333
4,4,equal_per_property,grid,300,3D,3D-independent-fa9b36e31dc0,3D-independent,4D-B,"lasso(l1=0.001,max_iter=20000)",6640,173700.27320750905,0.0009189331116433,0.2716130394216731,0.1469677122895488,0.0035497104109309,0.9997738546384264,0.8729258461194092,0.001906554980996,0.6649030474684262,0.0005128410180025,0.0007841593604715,0.9999596789499692,0.8567229986222847
4,4,equal_per_property,grid,300,4D,4D-B-643a4d560541,4D-B,4D-B,"lasso(l1=0.001,max_iter=20000)",2670,114740.9704574229,0.000247415295611,0.0731296104023702,0.0395698658810588,0.0009557307703096,0.9999585859346882,0.9880536078917864,0.0019134047499174,0.6672918756300784,0.0005146835258252,0.000786976646346,0.999958789988502,0.8978570349590335
5,5,equal_total,wells,5,3D,3D-independent-7db5f3bc9ad5,3D-independent,4D-E,"lasso(l1=0.001,max_iter=20000)",1640,59369167.58030306,0.0027171669003273,0.2188754486196845,0.4294626143365083,0.0103728083499896,0.9981253894145108,0.9365288868077029,0.0225324786987816,7.547482466068831,0.0060527612221433,0.0092549722085974,0.9984334269991344,0.7045043307335331
5,5,equal_total,wells,5,4D,4D-E-4f4328240852,4D-E,4D-E,"lasso(l1=0.001,max_iter=20000)",20000,64275.31554810144,0.0025554500644832,0.2058487019040293,0.4039024122394435,0.0097554529181333,0.9960579624138556,0.9456492491748096,0.00240070959433,0.80414204808763,0.0006448878586524,0.0009860655311587,0.9998956244125606,0.8763354761290534
5,5,equal_total,wells,10,3D,3D-independent-7db5f3bc9ad5,3D-independent,4D-C,"lasso(l1=0.001,max_iter=20000)",2530,19756381799.94313,0.0022406092401178,0.1804873865323213,0.3541401530585533,0.0085535453240501,0.9982000004290944,0.935048134740064,0.0034531312201063,1.1566613547135576,0.0009275934096483,0.0014183363447028,0.9998751536914966,0.82511392480067
5,5,equal_total,wells,10,4D,4D-C-44adce3e7a5f,4D-C,4D-C,"lasso(l1=0.001,max_iter=20000)",20000,3171758.209994038,0.0014707192353808,0.1184705777178443,0.2324549617123487,0.0056144835134754,0.998115980510473,0.9729325961064528,0.002623649928724,0.8788181761475784,0.0007047749500332,0.0010776358651009,0.999897969207476,0.8628424994398494
5,5,equal_total,wells,15,3D,3D-independent-7db5f3bc9ad5,3D-independent,4D-C,"lasso(l1=0.001,max_iter=20000)",2750,64005836926.48276,0.0011031917080323,0.0888651999919534,0.17436529018106,0.0042114439710491,0.9992138900284137,0.964966698603782,0.0029875631423075,1.0007146010997316,0.0008025307192431,0.0012271092862491,0.9998980673073988,0.8502527699616073
5,5,equal_total,wells,15,4D,4D-C-44adce3e7a5f,4D-C,4D-C,"lasso(l1=0.001,max_iter=20000)",20000,18504769.947495885,0.0023611163605157,0.1901945745728395,0.373186941449063,0.009013582307625,0.9945847172914172,0.9532080042244864,0.0034924330462926,1.1698259003452858,0.0009381508175873,0.0014344791452337,0.9998562241197304,0.8402302558521705
5,5,equal_total,wells,20,3D,3D-independent-7db5f3bc9ad5,3D-independent,4D-E,"lasso(l1=0.001,max_iter=20000)",3110,5429732.192337173,0.0008857000466532,0.0713456339506948,0.1399895816145243,0.0033811676560626,0.9993591545296742,0.9615414488062128,0.0028841067660824,0.9660608377033536,0.0007747398689523,0.0011846156973473,0.9999012930129496,0.8612014585096921
5,5,equal_total,wells,20,4D,4D-E-4f4328240852,4D-E,4D-E,"lasso(l1=0.001,max_iter=20000)",5510,6344.165725207125,0.0020222082349558,0.1628945702875548,0.3196207178927231,0.0077197975812385,0.980844349406218,0.8942183907677125,0.0059762738747676,2.00181359917021,0.0016053697085735,0.0024546899327561,0.999439584211844,0.8198724454568052
5,5,equal_total,wells,30,3D,3D-independent-7db5f3bc9ad5,3D-independent,4D-E,"lasso(l1=0.001,max_iter=20000)",1740,36300.36208591857,0.0011366212776,0.0915580459983593,0.1796490106403893,0.0043390616445553,0.9996093944321456,0.9844019559394755,0.0022382173763713,0.7497136302330951,0.0006012385731517,0.0009193236080252,0.9999303596418392,0.8773949289326058
5,5,equal_total,wells,30,4D,4D-E-4f4328240852,4D-E,4D-E,"lasso(l1=0.001,max_iter=20000)",110,907.5673314569544,0.0021501119374332,0.1731975738522174,0.3398365752412864,0.008208071081439,0.9649368417935088,0.8543962045984191,0.0049981546027874,1.6741826201872434,0.0013426235420635,0.0020529380083502,0.999591926096883,0.8218469272285597
5,5,equal_total,grid,30,3D,3D-independent-7db5f3bc9ad5,3D-independent,4D-B,"lasso(l1=0.001,max_iter=20000)",670,8.952148444956299e+18,0.0085410040763725,0.688001940055062,1.3499509136725691,0.0326053575840412,0.997531965926603,0.7746216851621559,0.0041110846214364,1.377049525336702,0.00110433538672,0.0016885835964706,0.9999305290539302,0.8071403588704907
5,5,equal_total,grid,30,4D,4D-B-934096b5cda8,4D-B,4D-B,"lasso(l1=0.001,max_iter=20000)",2340,2.6120460742620864e+17,0.0033725499390358,0.2716683987317187,0.5330493734574305,0.0128747388186473,0.9982306129177811,0.8702218974433998,0.0014035978170564,0.4701493366647976,0.0003770398522122,0.0005765126403784,0.999953085432164,0.9294626597692832
5,5,equal_total,grid,100,3D,3D-independent-7db5f3bc9ad5,3D-independent,4D-B,"lasso(l1=0.001,max_iter=20000)",1320,5019.396591647814,0.001258869938966,0.1014055200701259,0.1989710588013062,0.0048057469759714,0.9996012523531363,0.957146306709366,0.0014944451830642,0.5005795840955621,0.0004014436216091,0.0006138272145478,0.9999723852384382,0.908006612587148
5,5,equal_total,grid,100,4D,4D-B-934096b5cda8,4D-B,4D-B,"lasso(l1=0.001,max_iter=20000)",270,331.4700668170782,0.0016747909870823,0.134909132228015,0.2647095825040942,0.006393529206175,0.99878043669496,0.9759886819696004,0.0013332606670124,0.4465891942691357,0.0003581456160319,0.0005476224158455,0.9999606984819416,0.9375903791789972
5,5,equal_total,grid,300,3D,3D-independent-7db5f3bc9ad5,3D-independent,4D-B,"lasso(l1=0.001,max_iter=20000)",720,5606.6921498150505,0.0007839116069718,0.0631462883761248,0.1239013798152356,0.0029925893994481,0.9996311105641922,0.9820600866311632,0.0010927555936796,0.3660295786029958,0.0002935402168187,0.000448837555135,0.999979722245038,0.9270893362082157
5,5,equal_total,grid,300,4D,4D-B-934096b5cda8,4D-B,4D-B,"lasso(l1=0.001,max_iter=20000)",360,276.07084970634384,0.0010621077998069,0.0855557754428734,0.1678717609718205,0.0040546057929307,0.9989177430769304,0.9834457405875768,0.0012197561775333,0.4085697133404935,0.0003276556028539,0.0005010016729737,0.9999648475041109,0.9436378282050426
5,5,equal_per_property,wells,5,3D,3D-independent-fa9b36e31dc0,3D-independent,4D-D,"lasso(l1=0.001,max_iter=20000)",1640,56980469.07362418,0.0027171669001739,0.2188754486073253,0.4294626143122578,0.0103728083494039,0.9981253894144956,0.93652888680618,0.0225324786987815,7.54748246606879,0.0060527612221432,0.0092549722085973,0.9984334269991342,0.7045043307335368
5,5,equal_per_property,wells,5,4D,4D-D-ff94f89c821d,4D-D,4D-D,"lasso(l1=0.001,max_iter=20000)",1580,6716.385833115477,0.0032535541875234,0.2620829557127509,0.5142414649210443,0.0124204714989797,0.9956084918043694,0.9191221735794382,0.002948318270214,0.9875691328195496,0.0007919886105319,0.0012109898789965,0.999906438714086,0.8737578692962821
5,5,equal_per_property,wells,10,3D,3D-independent-fa9b36e31dc0,3D-independent,4D-B,"lasso(l1=0.001,max_iter=20000)",2530,13209038671.7324,0.0022406092404304,0.1804873865574993,0.3541401531079558,0.0085535453252433,0.9982000004282732,0.9350481347403944,0.0034531312201065,1.1566613547136406,0.0009275934096484,0.0014183363447029,0.9998751536914966,0.825113924800653
5,5,equal_per_property,wells,10,4D,4D-B-643a4d560541,4D-B,4D-B,"lasso(l1=0.001,max_iter=20000)",8660,76677570926.18973,0.0017077298226044,0.1375624482245584,0.2699157398493905,0.0065192734981807,0.9978312982246674,0.9634909926682492,0.0029854297509243,1.0,0.000801957639432,0.0012262330187853,0.9999356066744856,0.8383997510994596
5,5,equal_per_property,wells,15,3D,3D-independent-fa9b36e31dc0,3D-independent,4D-B,"lasso(l1=0.001,max_iter=20000)",4090,24270435666.34059,0.0011032376271805,0.0888688989086999,0.1743725479455383,0.0042116192677978,0.9992138769612392,0.9649661478636292,0.0029875631423075,1.000714601099741,0.0008025307192431,0.0012271092862491,0.999898067307399,0.8502527699616013
5,5,equal_per_property,wells,15,4D,4D-B-643a4d560541,4D-B,4D-B,"lasso(l1=0.001,max_iter=20000)",17700,198185470527.77332,0.0010401482030285,0.0837868680578298,0.164400930438333,0.0039707748406258,0.9989747545983364,0.9809841593379308,0.0029510708226048,0.9884911281838732,0.0007927280117578,0.0012121204601554,0.9999365600757686,0.839650228463437
5,5,equal_per_property,wells,20,3D,3D-independent-fa9b36e31dc0,3D-independent,4D-B,"lasso(l1=0.001,max_iter=20000)",3290,57988263460.1611,0.0008857755367332,0.0713517148893127,0.1400015132213487,0.0033814558401018,0.999359616800856,0.9615408266215624,0.0028841067660824,0.9660608377033596,0.0007747398689523,0.0011846156973473,0.9999012930129496,0.8612014585096861
5,5,equal_per_property,wells,20,4D,4D-B-643a4d560541,4D-B,4D-B,"lasso(l1=0.001,max_iter=20000)",20000,441509959248.7244,0.0006387598751756,0.0514539074587167,0.1009593801150611,0.0024384713968297,0.9994752125253676,0.9859432564641298,0.0029488945605337,0.9877621671120336,0.0007921434158574,0.0012112265840197,0.9999366208711514,0.8397374645641408
5,5,equal_per_property,wells,30,3D,3D-independent-fa9b36e31dc0,3D-independent,4D-B,"lasso(l1=0.001,max_iter=20000)",2860,284228822652.421,0.0007826730316333,0.0630465176433004,0.1237056164254939,0.0029878611272867,0.9997495743393144,0.988986720554389,0.0022382173763714,0.7497136302331102,0.0006012385731517,0.0009193236080253,0.9999303596418392,0.877394928932602
5,5,equal_per_property,wells,30,4D,4D-B-643a4d560541,4D-B,4D-B,"lasso(l1=0.001,max_iter=20000)",15110,861120927207.1313,0.0002331191292045,0.0187784026002698,0.036845712594236,0.0008899343097635,0.999947826061993,0.997723305739744,0.0025495043539994,0.8539823632460497,0.0006848576801454,0.0010471813712726,0.9999470202888776,0.8637074575543835
5,5,equal_per_property,grid,30,3D,3D-independent-fa9b36e31dc0,3D-independent,4D-B,"lasso(l1=0.001,max_iter=20000)",670,15750.800374045151,0.008541004123966,0.6880019438888495,1.3499509211949676,0.0326053577657296,0.9975319659095208,0.7746216852482652,0.0041110846214087,1.377049525327424,0.0011043353867125,0.0016885835964592,0.9999305290539308,0.8071403588707043
5,5,equal_per_property,grid,30,4D,4D-B-643a4d560541,4D-B,4D-B,"lasso(l1=0.001,max_iter=20000)",20000,106159.69768800725,0.0033271457768327,0.2680109655537301,0.5258730052339237,0.012701408033274,0.998582054507212,0.8731505247364619,0.0020085193890407,0.672773957725467,0.0005395362150088,0.0008249776411418,0.999955372338177,0.8949773835129584
5,5,equal_per_property,grid,100,3D,3D-independent-fa9b36e31dc0,3D-independent,4D-B,"lasso(l1=0.001,max_iter=20000)",3000,2.96183358740259e+17,0.0009804322326785,0.0789765784144024,0.1549625051649175,0.0037428086027774,0.999791759601277,0.9653602020811066,0.0014944451827875,0.5005795840028776,0.0004014436215348,0.0006138272144341,0.9999723852384436,0.9080066125915256
5,5,equal_per_property,grid,100,4D,4D-B-643a4d560541,4D-B,4D-B,"lasso(l1=0.001,max_iter=20000)",20000,1.6246929750352952e+18,0.0002960888529748,0.0238507912481741,0.0467984108223729,0.0011303217796839,0.9999349112267618,0.9962568594631712,0.0017262243496075,0.5782163687063936,0.0004637050341287,0.0007090280033099,0.9999557603406296,0.9082908512986534
5,5,equal_per_property,grid,300,3D,3D-independent-fa9b36e31dc0,3D-independent,4D-B,"lasso(l1=0.001,max_iter=20000)",2550,132390.37532803186,0.0003925026853067,0.0316171970594062,0.0620371274748079,0.0014983824258468,0.9998960858408624,0.9931066615682338,0.0010927553119537,0.3660294842360511,0.0002935401411404,0.0004488374394192,0.9999797222455432,0.927089341167829
5,5,equal_per_property,grid,300,4D,4D-B-643a4d560541,4D-B,4D-B,"lasso(l1=0.001,max_iter=20000)",2200,106770.60920360616,0.0002044086879853,0.016465695677052,0.0323078753552816,0.0007803319499031,0.9999645842996092,0.99902237723462,0.0016271922900123,0.5450445750761763,0.0004371026608133,0.0006683516546682,0.9999538794069982,0.9151727040290626
6,6,equal_total,wells,5,3D,3D-independent-7db5f3bc9ad5,3D-independent,4D-B,"lasso(l1=0.001,max_iter=20000)",200,85994699.07202885,0.0026880866807051,0.3354429296877324,0.4318984056092624,0.0104316400042697,0.9968027073180222,0.8766043319392984,0.0179057000537454,5.047891237587713,0.0048228446046009,0.0073743686796486,0.998900574542298,0.723520084244027
6,6,equal_total,wells,5,4D,4D-B-2828b82824ed,4D-B,4D-B,"lasso(l1=0.001,max_iter=20000)",20000,7217796.398425169,0.0035413446151112,0.4419199058027361,0.5689924748179223,0.0137428723638515,0.9959644063502492,0.9474175221273125,0.0035306173065405,0.9953351229757416,0.0009509607877184,0.0014540662251142,0.9998958739138972,0.8300754120407755
6,6,equal_total,wells,10,3D,3D-independent-7db5f3bc9ad5,3D-independent,4D-B,"lasso(l1=0.001,max_iter=20000)",5420,1560330948.66796,0.0023799618630506,0.2969924242462978,0.3823915878310931,0.0092359020850933,0.9971254986280368,0.883404400765217,0.0042284532175612,1.1920657601439206,0.0011389207193748,0.0017414662860065,0.9998338268797016,0.8585778694940107
6,6,equal_total,wells,10,4D,4D-B-2828b82824ed,4D-B,4D-B,"lasso(l1=0.001,max_iter=20000)",20000,5866137947.407047,0.0027834151446568,0.3473388478737576,0.4472149546943343,0.0108015805367841,0.9957505089604556,0.955421991557033,0.0035462191248422,0.9997335146420404,0.0009551630889405,0.0014604917521746,0.9998957028333864,0.8305289062000952
6,6,equal_total,wells,15,3D,3D-independent-7db5f3bc9ad5,3D-independent,4D-B,"lasso(l1=0.001,max_iter=20000)",1030,2686111933.1887474,0.0015324743767188,0.1912355350323477,0.2462246640678735,0.0059470630647617,0.997968424901064,0.9268926003863984,0.0039059001958064,1.101133120409854,0.001052042066432,0.0016086245152846,0.999852443990954,0.86801959997708
6,6,equal_total,wells,15,4D,4D-B-2828b82824ed,4D-B,4D-B,"lasso(l1=0.001,max_iter=20000)",7960,37807397762.27856,0.0016711517249172,0.2085409055380314,0.2685061351271684,0.0064852273224607,0.9971599204972929,0.968658254159626,0.0035171300978289,0.9915328721578296,0.0009473280500108,0.0014485115889257,0.9998955791841536,0.8301055930316374
6,6,equal_total,wells,20,3D,3D-independent-7db5f3bc9ad5,3D-independent,4D-B,"lasso(l1=0.001,max_iter=20000)",6900,333883.73386032577,0.0010925567116585,0.1363387672128904,0.1755425169843228,0.0042398775240688,0.9987923118778133,0.933853061375756,0.003679527703928,1.0373152459478654,0.0009910693399924,0.0015153941914753,0.9998625934700972,0.8527941517400983
6,6,equal_total,wells,20,4D,4D-B-2828b82824ed,4D-B,4D-B,"lasso(l1=0.001,max_iter=20000)",350,2454078.5644424655,0.000801296069652,0.099992720874928,0.1287452883821888,0.0031095842985443,0.999262436430514,0.9778649303814442,0.0035312504952971,0.9955136285894146,0.0009511313351401,0.0014543270005835,0.9998958817639908,0.8300904899677346
6,6,equal_total,wells,30,3D,3D-independent-7db5f3bc9ad5,3D-independent,4D-B,"lasso(l1=0.001,max_iter=20000)",2460,31595.7579520231,0.0006784297725879,0.0846603913995071,0.1090041996048083,0.00263277788124,0.9994136804384318,0.9576312669623648,0.0032840390841759,0.9258209434508964,0.0008845457106327,0.0013525142771518,0.9998830470128668,0.835211906824124
6,6,equal_total,wells,30,4D,4D-B-2828b82824ed,4D-B,4D-B,"lasso(l1=0.001,max_iter=20000)",450,214087.57163605472,0.0014735627546145,0.1838840283814646,0.2367592566309123,0.0057184451268537,0.9996091272481076,0.9008476635433602,0.0033447022548681,0.9429228208900368,0.0009008851469346,0.0013774980859176,0.9999015194131454,0.839434867259756
6,6,equal_total,grid,30,3D,3D-independent-7db5f3bc9ad5,3D-independent,4D-B,"lasso(l1=0.001,max_iter=20000)",20000,1.919157754244972e+19,0.0091610393877702,1.1431944934202332,1.471916189943603,0.0355511842843874,0.9964155233222408,0.3311173966312883,0.0030209503519518,0.8516521981845361,0.0008136835790807,0.0012441625622756,0.9999249378627106,0.8126548373438304
6,6,equal_total,grid,30,4D,4D-B-2828b82824ed,4D-B,4D-B,"lasso(l1=0.001,max_iter=20000)",2630,1.837321247791795e+18,0.0030281749628998,0.3778821153548952,0.4865408350742867,0.0117514183265206,0.9981940189412108,0.775939807016141,0.0029134865257564,0.8213564987714284,0.0007847385318164,0.0011999041489373,0.9999091297766466,0.8560494296140497
6,6,equal_total,grid,100,3D,3D-independent-7db5f3bc9ad5,3D-independent,4D-B,"lasso(l1=0.001,max_iter=20000)",1690,5717.4713893801445,0.00097600641634,0.1217946035896648,0.1568162284748616,0.0037875815724983,0.999307124542633,0.950173733973169,0.001631143405247,0.4598443220807318,0.000439343401694,0.0006717778586463,0.9999454443268628,0.8934257353273947
6,6,equal_total,grid,100,4D,4D-B-2828b82824ed,4D-B,4D-B,"lasso(l1=0.001,max_iter=20000)",1960,23121.844034301696,0.0015363679708031,0.1917214117029249,0.2468502529259852,0.0059621729092847,0.9995378673489844,0.8927640259747104,0.0023825314615228,0.6716721296458106,0.0006417274370735,0.0009812330897644,0.9999246536362572,0.8835751487571205
6,6,equal_total,grid,300,3D,3D-independent-7db5f3bc9ad5,3D-independent,4D-D,"lasso(l1=0.001,max_iter=20000)",980,5397.556642459235,0.0009897463806639,0.1235091963219888,0.1590238465279513,0.0038409021601589,0.9993304319619686,0.9418872691191764,0.0013688754916798,0.3859069781722229,0.0003687023550937,0.00056376419363,0.99995091171166,0.924963410505347
6,6,equal_total,grid,300,4D,4D-D-2ecf0e4138e3,4D-D,4D-D,"lasso(l1=0.001,max_iter=20000)",90,564.86190514143,0.0006749361645452,0.0842244284800641,0.1084428770275595,0.0026192202598733,0.9987481825267388,0.9618013426851858,0.0014859861300544,0.4189222617693501,0.0004002457412071,0.0006119955959819,0.999915416539434,0.9372596093327044
6,6,equal_per_property,wells,5,3D,3D-independent-fa9b36e31dc0,3D-independent,4D-D,"lasso(l1=0.001,max_iter=20000)",200,81015927.6658799,0.0026880866807051,0.3354429296877334,0.4318984056092637,0.0104316400042697,0.9968027073180328,0.8766043319393019,0.0179057000467129,5.047891235605135,0.0048228446027067,0.0073743686767523,0.9989005745430176,0.723520084260037
6,6,equal_per_property,wells,5,4D,4D-D-ff94f89c821d,4D-D,4D-D,"lasso(l1=0.001,max_iter=20000)",20000,2188.8633672589954,0.0035380433972663,0.441507951012227,0.5684620638255976,0.013730061349839,0.9954372144062894,0.946325556777902,0.0040370549537335,1.138107656525214,0.0010873681924554,0.0016626399146346,0.9998378104460685,0.8608599789147131
6,6,equal_per_property,wells,10,3D,3D-independent-fa9b36e31dc0,3D-independent,4D-E,"lasso(l1=0.001,max_iter=20000)",5420,1356892486.806386,0.0023799618625577,0.2969924241847917,0.382391587751901,0.0092359020831805,0.997125498583502,0.8834044003273444,0.0042284532175612,1.1920657601439195,0.0011389207193748,0.0017414662860065,0.9998338268797012,0.8585778694940056
6,6,equal_per_property,wells,10,4D,4D-E-6ca320f290f9,4D-E,4D-E,"lasso(l1=0.001,max_iter=20000)",20000,399305.6064717967,0.0016317549180177,0.2036246279411845,0.2621761985934418,0.0063323403974058,0.9968324941766956,0.9675829884145264,0.0048324812257081,1.3623505119508863,0.0013016137842299,0.0019902320539764,0.9996963795037505,0.8594205917303457
6,6,equal_per_property,wells,15,3D,3D-independent-fa9b36e31dc0,3D-independent,4D-B,"lasso(l1=0.001,max_iter=20000)",1860,2195027982.488418,0.0015257790117653,0.1904000289262899,0.2451489110167685,0.0059210804067641,0.9979791672716692,0.9284329192844472,0.0039059001958064,1.1011331204098598,0.001052042066432,0.0016086245152846,0.9998524439909536,0.868019599977081
6,6,equal_per_property,wells,15,4D,4D-B-643a4d560541,4D-B,4D-B,"lasso(l1=0.001,max_iter=20000)",19970,16745762773.04435,0.0016281317046056,0.2031724917319742,0.2615940521518461,0.006318279817349,0.9973906747478494,0.9707197145595066,0.0035171300978289,0.9915328721578296,0.0009473280500108,0.0014485115889257,0.9998955791841536,0.8301055930316374
6,6,equal_per_property,wells,20,3D,3D-independent-fa9b36e31dc0,3D-independent,4D-B,"lasso(l1=0.001,max_iter=20000)",6880,5596010897.656592,0.0010914115300548,0.1361958614521032,0.1753585191570505,0.0042354334254781,0.9987925555868018,0.9340114942892612,0.003679527703928,1.0373152459478616,0.0009910693399924,0.0015153941914753,0.9998625934700976,0.8527941517401004
6,6,equal_per_property,wells,20,4D,4D-B-643a4d560541,4D-B,4D-B,"lasso(l1=0.001,max_iter=20000)",19050,32345674257.51148,0.0005350724138491,0.0667710083104752,0.0859707851259913,0.0020764519379358,0.9995824842464625,0.9879336372180276,0.0035312498038993,0.99551343367378,0.0009511311489143,0.001454326715835,0.9998958817634788,0.8300904733992761
6,6,equal_per_property,wells,30,3D,3D-independent-fa9b36e31dc0,3D-independent,4D-B,"lasso(l1=0.001,max_iter=20000)",5020,37484148379.06314,0.0007616250701358,0.0950422271289899,0.1223712969618311,0.0029556333160356,0.9995654416588364,0.9447013649068424,0.0032840390841761,0.9258209434509624,0.0008845457106327,0.0013525142771519,0.9998830470128668,0.8352119068241209
6,6,equal_per_property,wells,30,4D,4D-B-643a4d560541,4D-B,4D-B,"lasso(l1=0.001,max_iter=20000)",18680,314978423884.73004,0.0003014962303876,0.037623332438261,0.0484417939854001,0.0011700144049011,0.9998903976256291,0.9980237449077858,0.0033446907012414,0.9429195637456396,0.0009008820350013,0.001377493327617,0.9999015197466568,0.8394348573966353
6,6,equal_per_property,grid,30,3D,3D-independent-fa9b36e31dc0,3D-independent,4D-B,"lasso(l1=0.001,max_iter=20000)",20000,13543.779038192308,0.0091610396418305,1.143194525124098,1.471916230763807,0.0355511852703176,0.9964155232082386,0.3311174159776756,0.0030209503519513,0.8516521981843795,0.0008136835790806,0.0012441625622754,0.999924937862711,0.8126548373438376
6,6,equal_per_property,grid,30,4D,4D-B-643a4d560541,4D-B,4D-B,"lasso(l1=0.001,max_iter=20000)",2640,78503.70483168108,0.0030281749623011,0.3778821152801877,0.4865408349780974,0.0117514183241974,0.998194018939744,0.7759398070894371,0.0029134865257564,0.8213564987714291,0.0007847385318164,0.0011999041489373,0.9999091297766466,0.8560494296140496
6,6,equal_per_property,grid,100,3D,3D-independent-fa9b36e31dc0,3D-independent,4D-B,"lasso(l1=0.001,max_iter=20000)",15020,1.500004515242831e+18,0.0009229366914681,0.115172099889719,0.1482894463131071,0.0035816342461108,0.9995353165177217,0.9625857044052216,0.0016311434025676,0.4598443213253779,0.0004393434009723,0.0006717778575428,0.99994544432691,0.8934257356095032
6,6,equal_per_property,grid,100,4D,4D-B-643a4d560541,4D-B,4D-B,"lasso(l1=0.001,max_iter=20000)",8900,1.6152782233629268e+18,0.0002515716914502,0.0313933125045037,0.0404203529646919,0.0009762725805351,0.99989995278087,0.9964158139665608,0.00238252795943,0.6716711423521701,0.0006417264937957,0.0009812316474458,0.99992465460868,0.8835750656838534
6,6,equal_per_property,grid,300,3D,3D-independent-fa9b36e31dc0,3D-independent,4D-B,"lasso(l1=0.001,max_iter=20000)",9010,169454.81909907344,0.0007729385805818,0.0964540257574799,0.1241890534942279,0.0029995375803605,0.9995950487094704,0.9623231955503152,0.001368874233374,0.3859066234365387,0.000368702016173,0.0005637636754034,0.9999509117624285,0.9249634301317036
6,6,equal_per_property,grid,300,4D,4D-B-643a4d560541,4D-B,4D-B,"lasso(l1=0.001,max_iter=20000)",2300,120728.59310288784,0.0001439099180446,0.0179583362644239,0.0231221949057624,0.0005584702565067,0.9999658569052964,0.9983924815749784,0.0019332605074909,0.5450157629383943,0.000520717703293,0.0007962032030722,0.9999245181052984,0.9032382435536448
7,7,equal_total,wells,5,3D,3D-independent-7db5f3bc9ad5,3D-independent,4D-B,"lasso(l1=0.001,max_iter=20000)",1900,24298046.76298996,0.0029006234444794,0.6322510351344405,0.4641435763373973,0.0112104574496308,0.9978779573108608,0.8251211284523825,0.0185470108062807,5.973065125297558,0.0049903861077913,0.0076305479503823,0.9987163300635084,0.7212962836282389
7,7,equal_total,wells,5,4D,4D-B-2828b82824ed,4D-B,4D-B,"lasso(l1=0.001,max_iter=20000)",4170,10335541.673902506,0.0023353980064799,0.5090484288327944,0.3736989663245804,0.0090259492418513,0.997773004685492,0.908112066878258,0.0031051077490732,1.0,0.0008354816167424,0.0012774928433418,0.999915198790554,0.8357670174935662
7,7,equal_total,wells,10,3D,3D-independent-7db5f3bc9ad5,3D-independent,4D-B,"lasso(l1=0.001,max_iter=20000)",3510,1436958978.1512935,0.0017611972452016,0.383889464685224,0.2818181689799229,0.0068067528087164,0.9984817773685472,0.8948407744704346,0.0038517145601457,1.240444735386493,0.0010363687730003,0.0015846592720173,0.9998476978300412,0.783184820432664
7,7,equal_total,wells,10,4D,4D-B-2828b82824ed,4D-B,4D-B,"lasso(l1=0.001,max_iter=20000)",3100,9771826178.319267,0.0013472798541494,0.2936675851610438,0.2155851325763836,0.005207026615755,0.9981917120467868,0.9483105043275885,0.0031051077490732,1.0,0.0008354816167424,0.0012774928433418,0.999915198790554,0.8357670174935662
7,7,equal_total,wells,15,3D,3D-independent-7db5f3bc9ad5,3D-independent,4D-B,"lasso(l1=0.001,max_iter=20000)",9920,11214121155.725304,0.0016837800609951,0.3670147838489697,0.2694302498186268,0.0065075474599253,0.9985776483738208,0.8789606967156446,0.0039013151997287,1.2564186221534928,0.001049714661742,0.0016050657980424,0.9998487495824552,0.7859547966304756
7,7,equal_total,wells,15,4D,4D-B-2828b82824ed,4D-B,4D-B,"lasso(l1=0.001,max_iter=20000)",10700,212421985103.04745,0.0015887867126206,0.3463090135239893,0.254229878834001,0.0061404129764829,0.9972216647002252,0.944383512564251,0.0031051077490732,1.0,0.0008354816167424,0.0012774928433418,0.999915198790554,0.8357670174935662
7,7,equal_total,wells,20,3D,3D-independent-7db5f3bc9ad5,3D-independent,4D-B,"lasso(l1=0.001,max_iter=20000)",4780,1502781.1638265136,0.0011740732436058,0.2559136122981578,0.1878694579285772,0.0045376100662923,0.999287596459816,0.912061719549288,0.0037581069002907,1.21029838704064,0.0010111820531454,0.0015461475277525,0.9998617768115348,0.8065595600623986
7,7,equal_total,wells,20,4D,4D-B-2828b82824ed,4D-B,4D-B,"lasso(l1=0.001,max_iter=20000)",90,4069339.8091166946,0.0006564304689495,0.1430826342788499,0.1050387929722247,0.0025370014349174,0.999226221079224,0.9721215995752271,0.0031051077490732,1.0,0.0008354816167424,0.0012774928433418,0.999915198790554,0.8357670174935662
7,7,equal_total,wells,30,3D,3D-independent-7db5f3bc9ad5,3D-independent,4D-B,"lasso(l1=0.001,max_iter=20000)",2000,30762.627823859308,0.0010265515412572,0.2237581978501908,0.1642637566625966,0.0039674616831149,0.999607073608414,0.931477411153902,0.0029623360041882,0.9540203572878928,0.000797066470512,0.0012187541788377,0.999899665882652,0.8388134142100839
7,7,equal_total,wells,30,4D,4D-B-2828b82824ed,4D-B,4D-B,"lasso(l1=0.001,max_iter=20000)",140,144817.51298372852,0.0005624997706923,0.1226084905850185,0.0900084620618451,0.0021739739285275,0.999774687438601,0.9739670902030334,0.0029957413665428,0.9647785547657378,0.000806054746734,0.0012324976991229,0.9999185055470896,0.8392694759238469
7,7,equal_total,grid,30,3D,3D-independent-7db5f3bc9ad5,3D-independent,4D-D,"lasso(l1=0.001,max_iter=20000)",1270,9.618481502790035e+18,0.0110012872987429,2.3979587201087984,1.7603721851148582,0.0425182604755003,0.9963511855006988,-0.4153898307391031,0.0040300129942695,1.2978657489332754,0.0010843429742333,0.0016580142058807,0.9998722980926724,0.800259411299446
7,7,equal_total,grid,30,4D,4D-D-2ecf0e4138e3,4D-D,4D-D,"lasso(l1=0.001,max_iter=20000)",7030,8.024660569007027e+17,0.0023437729911598,0.5108739304308041,0.3750390904101497,0.009058317252106,0.9991256718397096,0.558189201085859,0.0020574287585613,0.6625949644341207,0.0005535859121307,0.0008464603250989,0.9999420118243496,0.9250612491540124
7,7,equal_total,grid,100,3D,3D-independent-7db5f3bc9ad5,3D-independent,4D-B,"lasso(l1=0.001,max_iter=20000)",1190,5215.612014907324,0.0012418120035958,0.2706786798576482,0.1987086829849156,0.0047994098142064,0.9995218159000966,0.911052296411208,0.0018970484527188,0.6109444843854416,0.0005104328855542,0.0007804772064815,0.999940788638221,0.8779140909864552
7,7,equal_total,grid,100,4D,4D-B-2828b82824ed,4D-B,4D-B,"lasso(l1=0.001,max_iter=20000)",540,18226.82043937779,0.000796660871895,0.1736487588092165,0.1274777761702228,0.0030789700825052,0.9997843071145684,0.9547675931815148,0.0021766963302138,0.7010050877827082,0.0005856768640853,0.0008955289827886,0.999932889199042,0.8890194980235203
7,7,equal_total,grid,300,3D,3D-independent-7db5f3bc9ad5,3D-independent,4D-D,"lasso(l1=0.001,max_iter=20000)",1060,5110.6306696615475,0.0009847918508481,0.2146558072802362,0.157581575254289,0.0038060669893874,0.9995785230082856,0.928997696688346,0.0016461090717409,0.5301294527483816,0.0004429134122649,0.0006772365819307,0.9999515308804918,0.9015230356339048
7,7,equal_total,grid,300,4D,4D-D-2ecf0e4138e3,4D-D,4D-D,"lasso(l1=0.001,max_iter=20000)",20,515.7769853045106,0.0006098398658075,0.1329272460914934,0.0975835925368914,0.0023569360165435,0.999128210105768,0.9668305765274192,0.0012508486982475,0.4028358431751292,0.0003365619415377,0.0005146199066978,0.9999678040045668,0.9368683081854888
7,7,equal_per_property,wells,5,3D,3D-independent-fa9b36e31dc0,3D-independent,4D-D,"lasso(l1=0.001,max_iter=20000)",1900,22756894.04428541,0.0029006235748371,0.6322510635485878,0.4641435971965866,0.0112104579534427,0.9978779569828048,0.8251211437720379,0.0185470108062795,5.973065125297169,0.004990386107791,0.0076305479503818,0.9987163300635084,0.7212962836282495
7,7,equal_per_property,wells,5,4D,4D-D-ff94f89c821d,4D-D,4D-D,"lasso(l1=0.001,max_iter=20000)",5310,6049.243727931614,0.0023068828815993,0.5028329659959916,0.3691361155116078,0.0089157427292643,0.9965617966764242,0.8875384980616988,0.0038193064699032,1.2300077094081847,0.0010276488296619,0.0015713260460242,0.9998731443484822,0.84815394524234
7,7,equal_per_property,wells,10,3D,3D-independent-fa9b36e31dc0,3D-independent,4D-B,"lasso(l1=0.001,max_iter=20000)",3510,1253871447.998326,0.0017611972579673,0.3838894674677828,0.2818181710226349,0.006806752858054,0.9984817774110226,0.8948407675027458,0.0038517145601458,1.240444735386535,0.0010363687730003,0.0015846592720173,0.9998476978300412,0.7831848204326586
7,7,equal_per_property,wells,10,4D,4D-B-643a4d560541,4D-B,4D-B,"lasso(l1=0.001,max_iter=20000)",6550,8938544467.241354,0.0013410245679487,0.2923041158065358,0.2145841922737817,0.0051828509096934,0.998243209785504,0.9475452173828957,0.0031051077490732,1.0,0.0008354816167424,0.0012774928433418,0.999915198790554,0.8357670174935662
7,7,equal_per_property,wells,15,3D,3D-independent-fa9b36e31dc0,3D-independent,4D-B,"lasso(l1=0.001,max_iter=20000)",13740,2493898037.6174936,0.0016799779358145,0.3661860318144073,0.2688218523438218,0.0064928528387963,0.9985802527927758,0.8821610444469137,0.0039013151997287,1.2564186221534783,0.001049714661742,0.0016050657980424,0.9998487495824552,0.7859547966304691
7,7,equal_per_property,wells,15,4D,4D-B-643a4d560541,4D-B,4D-B,"lasso(l1=0.001,max_iter=20000)",13870,21455650627.240677,0.0011821351548491,0.2576708730478925,0.1891594855340927,0.0045687680965178,0.9988395586998148,0.9526354766370988,0.0031051077490732,1.0,0.0008354816167424,0.0012774928433418,0.999915198790554,0.8357670174935662
7,7,equal_per_property,wells,20,3D,3D-independent-fa9b36e31dc0,3D-independent,4D-B,"lasso(l1=0.001,max_iter=20000)",10730,3607211628.356466,0.001163366285955,0.2535798088288438,0.1861561829341192,0.0044962293440243,0.9993103198102304,0.9108071410858694,0.0037581069002906,1.21029838704061,0.0010111820531454,0.0015461475277525,0.9998617768115348,0.8065595600623905
7,7,equal_per_property,wells,20,4D,4D-B-643a4d560541,4D-B,4D-B,"lasso(l1=0.001,max_iter=20000)",12350,36794161886.38367,0.0004861542457254,0.1059674001049482,0.0777920245704749,0.001878910375642,0.9997182738152312,0.9847614566176528,0.0031051077490732,1.0,0.0008354816167424,0.0012774928433418,0.999915198790554,0.8357670174935662
7,7,equal_per_property,wells,30,3D,3D-independent-fa9b36e31dc0,3D-independent,4D-B,"lasso(l1=0.001,max_iter=20000)",6710,37652193168.92814,0.0007165892670022,0.156195491934906,0.1146651095937403,0.0027695058115453,0.9996887932429258,0.9613616767372026,0.0029623360041883,0.9540203572879205,0.000797066470512,0.0012187541788377,0.9998996658826516,0.8388134142100713
7,7,equal_per_property,wells,30,4D,4D-B-643a4d560541,4D-B,4D-B,"lasso(l1=0.001,max_iter=20000)",5330,748965197704.4271,0.0001793625916142,0.0390957966048011,0.0287007246291867,0.0006932084566763,0.9999582020992988,0.9978142596007292,0.0029957319829499,0.964775532779517,0.0008060522219201,0.0012324938385571,0.9999185057902964,0.8392695596374699
7,7,equal_per_property,grid,30,3D,3D-independent-fa9b36e31dc0,3D-independent,4D-B,"lasso(l1=0.001,max_iter=20000)",1270,26620.382996588003,0.0110012873148788,2.3979587236259494,1.760372187696844,0.042518260537863,0.996351185496895,-0.4153898307860575,0.0040300129941458,1.2978657488934402,0.0010843429742,0.0016580142058298,0.9998722980926676,0.8002594113035792
7,7,equal_per_property,grid,30,4D,4D-B-643a4d560541,4D-B,4D-B,"lasso(l1=0.001,max_iter=20000)",5000,100845.35611267062,0.00237646145218,0.5179990584291589,0.3802697380599634,0.0091846530583127,0.9991439595269964,0.5469368514998143,0.002565080901305,0.8260843450828916,0.0006901782841954,0.0010553168388401,0.999926208926012,0.8620754077620728
7,7,equal_per_property,grid,100,3D,3D-independent-fa9b36e31dc0,3D-independent,4D-B,"lasso(l1=0.001,max_iter=20000)",16100,2.40151793461518e+18,0.0009207651047802,0.2006998501377153,0.1473363285099105,0.0035586135966352,0.9997213608841056,0.939255257044348,0.0018970484520046,0.6109444841554512,0.000510432885362,0.0007804772061877,0.999940788638262,0.8779140911246428
7,7,equal_per_property,grid,100,4D,4D-B-643a4d560541,4D-B,4D-B,"lasso(l1=0.001,max_iter=20000)",20000,1.5718554584080005e+18,0.0003738434569177,0.081486934494837,0.0598206014691025,0.0014448466844518,0.9998785013792352,0.9871218365112812,0.0021766917441024,0.7010036108254614,0.0005856756301147,0.0008955270959863,0.9999328892117064,0.8890202516468355
7,7,equal_per_property,grid,300,3D,3D-independent-fa9b36e31dc0,3D-independent,4D-B,"lasso(l1=0.001,max_iter=20000)",5460,151804.70607639386,0.0004815622471802,0.1049664787895385,0.0770572354232055,0.0018611630170877,0.9998076163473212,0.9812233686402076,0.0016276814953932,0.5241948514923775,0.0004379551620129,0.0006696551712981,0.9999525946012746,0.9019393079385184
7,7,equal_per_property,grid,300,4D,4D-B-643a4d560541,4D-B,4D-B,"lasso(l1=0.001,max_iter=20000)",2500,109743.19410454728,0.0004403826097295,0.095990522791457,0.070467871252199,0.0017020101376229,0.999935388714487,0.9745138897742972,0.0019355035795974,0.6233289586086326,0.0005207798861007,0.0007962982836702,0.9999378596687,0.9037626556187566
8,8,equal_total,wells,5,3D,3D-independent-7db5f3bc9ad5,3D-independent,4D-B,"lasso(l1=0.001,max_iter=20000)",810,67545887.51523387,0.0032777600350836,0.2429937264029251,0.518195753228008,0.0127367879964458,0.997683747869606,0.9515212516880563,0.015259402688548,3.872528273399171,0.0040970986009115,0.0062646670330557,0.9991502604066708,0.7261151151964838
8,8,equal_total,wells,5,4D,4D-B-2828b82824ed,4D-B,4D-B,"lasso(l1=0.001,max_iter=20000)",700,13676195.265345195,0.0025546283823371,0.1893850262235382,0.403872633943158,0.0099268280067065,0.997920784009291,0.9661582751496556,0.0038812619594441,0.9849859120433542,0.0010421058588187,0.0015934315608717,0.9998891881168476,0.8310973506715021
8,8,equal_total,wells,10,3D,3D-independent-7db5f3bc9ad5,3D-independent,4D-B,"lasso(l1=0.001,max_iter=20000)",20000,2754691431.0942216,0.0020745956073641,0.1537982378260612,0.3279821042098178,0.0080615066833837,0.998250922518469,0.9530524564598616,0.0031922190651825,0.8101207391348699,0.0008571001455763,0.0013105486465043,0.9998862376124228,0.8571270639384686
8,8,equal_total,wells,10,4D,4D-B-2828b82824ed,4D-B,4D-B,"lasso(l1=0.001,max_iter=20000)",20000,2376503727.165741,0.0019724860178503,0.1462284372940311,0.3118391422224916,0.0076647271204744,0.997891157438612,0.976070766882328,0.0039061705549108,0.9913072106003123,0.0010487937334177,0.0016036576529439,0.9998879596770228,0.8308990006155653
8,8,equal_total,wells,15,3D,3D-independent-7db5f3bc9ad5,3D-independent,4D-B,"lasso(l1=0.001,max_iter=20000)",2200,5737205701.0202,0.0017295436673638,0.1282181295186224,0.2734312987703086,0.0067206966910396,0.9986888591698602,0.9745825171903332,0.0030050755943606,0.7626275051773236,0.0008068527493889,0.0012337178847741,0.9998983063241486,0.8775156862164021
8,8,equal_total,wells,15,4D,4D-B-2828b82824ed,4D-B,4D-B,"lasso(l1=0.001,max_iter=20000)",19600,18139409118.957016,0.0016847830586241,0.1248998429456887,0.2663548938131019,0.0065467649882892,0.9983752995961548,0.980969921664936,0.003643204795926,0.924571810965782,0.0009781883063761,0.0014956984520001,0.999897353254268,0.8403602530316451
8,8,equal_total,wells,20,3D,3D-independent-7db5f3bc9ad5,3D-independent,4D-B,"lasso(l1=0.001,max_iter=20000)",1820,414055.4813159107,0.0009987869642996,0.0740441532449251,0.1579027011555889,0.003881107122466,0.9994541892069796,0.9858352051472464,0.002963890108276,0.7521754604563143,0.000795794584082,0.0012168094013831,0.9998976339996478,0.8762071214833456
8,8,equal_total,wells,20,4D,4D-B-2828b82824ed,4D-B,4D-B,"lasso(l1=0.001,max_iter=20000)",820,1319593.8131151404,0.000758028011333,0.0561957096370892,0.1198400407889022,0.0029455609844453,0.9994164902669695,0.991796713485052,0.0034883545964173,0.8852739571783103,0.0009366115455614,0.001432125521937,0.9999049040424632,0.8423163341494643
8,8,equal_total,wells,30,3D,3D-independent-7db5f3bc9ad5,3D-independent,4D-B,"lasso(l1=0.001,max_iter=20000)",790,31633.640802342885,0.0007594662375145,0.0563023312126492,0.1200674164025675,0.0029511496736014,0.9996919106713348,0.9813044260412432,0.0022975104810547,0.5830617670895247,0.0006168738822636,0.000943230771383,0.999925364966364,0.8845038590948853
8,8,equal_total,wells,30,4D,4D-B-2828b82824ed,4D-B,4D-B,"lasso(l1=0.001,max_iter=20000)",450,109357.92544016936,0.000693044823085,0.0513782407263371,0.1095665577331288,0.0026930479623849,0.999812195513104,0.9640612843072586,0.0027619532801359,0.7009279711296387,0.0007415752209174,0.0011339053050807,0.9999257862454052,0.8754803658795087
8,8,equal_total,grid,30,3D,3D-independent-7db5f3bc9ad5,3D-independent,4D-D,"lasso(l1=0.001,max_iter=20000)",10530,1.3753305132452049e+19,0.0103338205077909,0.7660882817197997,1.6337199320392135,0.0401553742776344,0.9962843706893072,0.734693909099219,0.0032725024636753,0.8304950445315953,0.000878655969638,0.0013435085709591,0.9999197324914112,0.8620134032710148
8,8,equal_total,grid,30,4D,4D-D-2ecf0e4138e3,4D-D,4D-D,"lasso(l1=0.001,max_iter=20000)",20000,2.545366623204063e+18,0.0035930004647656,0.2663637858036661,0.5680335235829077,0.013961755803055,0.9984323679100572,0.9020687483735714,0.0013711659749322,0.3479742368574524,0.0003681534796724,0.0005629249358792,0.9999443172629584,0.9590133378664824
8,8,equal_total,grid,100,3D,3D-independent-7db5f3bc9ad5,3D-independent,4D-B,"lasso(l1=0.001,max_iter=20000)",830,5155.965925602532,0.0009260003269926,0.0686481828132167,0.1463955359145461,0.0035982712960389,0.9997037688280174,0.9697179881971308,0.0020278404011396,0.514624946181409,0.0005444683674686,0.0008325191469553,0.99994638582805,0.9038907998609856
8,8,equal_total,grid,100,4D,4D-B-2828b82824ed,4D-B,4D-B,"lasso(l1=0.001,max_iter=20000)",230,15010.252609090472,0.0009755849396085,0.0723240924779941,0.1542345892338854,0.0037909482132064,0.9998101625647554,0.9521639891195216,0.0016299080266319,0.4136377448712008,0.0004376248554302,0.0006691501161455,0.9999457861446192,0.9441371425232162
8,8,equal_total,grid,300,3D,3D-independent-7db5f3bc9ad5,3D-independent,4D-B,"lasso(l1=0.001,max_iter=20000)",330,5690.746556151413,0.000669025849805,0.0495976162269166,0.105769290752814,0.0025997145373367,0.9997135638270328,0.9793153783303464,0.0013802263847349,0.3502735859109899,0.0003705861694103,0.0005666446391831,0.999964654567984,0.9319870875314842
8,8,equal_total,grid,300,4D,4D-B-2828b82824ed,4D-B,4D-B,"lasso(l1=0.001,max_iter=20000)",980,15368.998673275812,0.0005930141514204,0.0439625588575614,0.0937522611725766,0.0023043467016162,0.999831576851014,0.97649529898497,0.0014499948392833,0.3679794108600069,0.0003893187661804,0.0005952877090383,0.9999495101561394,0.950460079916006
8,8,equal_per_property,wells,5,3D,3D-independent-fa9b36e31dc0,3D-independent,4D-B,"lasso(l1=0.001,max_iter=20000)",810,62046395.38736379,0.0032777600350836,0.2429937264029266,0.5181957532280114,0.0127367879964459,0.9976837478696104,0.9515212516880478,0.0152594026895957,3.8725282736650577,0.0040970986011928,0.0062646670334859,0.9991502604066084,0.7261151151955202
8,8,equal_per_property,wells,5,4D,4D-B-643a4d560541,4D-B,4D-B,"lasso(l1=0.001,max_iter=20000)",690,12909376.917627132,0.0025546283327459,0.1893850225471397,0.4038726261030623,0.0099268278140039,0.9979207840935788,0.9661582760841646,0.0038812625331453,0.9849860576371292,0.0010421060128555,0.0015934317964017,0.9998891880886106,0.8310973431368364
8,8,equal_per_property,wells,10,3D,3D-independent-fa9b36e31dc0,3D-independent,4D-B,"lasso(l1=0.001,max_iter=20000)",20000,2429126807.8490105,0.0020745956077705,0.1537982378561917,0.3279821042740725,0.008061506684963,0.9982509225182608,0.9530524564545046,0.0031922190651824,0.8101207391348572,0.0008571001455763,0.0013105486465042,0.9998862376124228,0.8571270639384915
8,8,equal_per_property,wells,10,4D,4D-B-643a4d560541,4D-B,4D-B,"lasso(l1=0.001,max_iter=20000)",20000,1995655739.1720052,0.0019741439219968,0.1463513444935406,0.3121012477087928,0.0076711694388279,0.9978940249841493,0.9760819270889796,0.0039061705549108,0.9913072106003136,0.0010487937334177,0.0016036576529439,0.9998879596770228,0.8308990006155651
8,8,equal_per_property,wells,15,3D,3D-independent-fa9b36e31dc0,3D-independent,4D-B,"lasso(l1=0.001,max_iter=20000)",1580,4143759712.294847,0.0017229474241728,0.1277291230946995,0.2723884691634328,0.0066950648722984,0.9987183443092712,0.9758201072414014,0.0030050755943606,0.7626275051773229,0.0008068527493889,0.0012337178847741,0.9998983063241486,0.8775156862164051
8,8,equal_per_property,wells,15,4D,4D-B-643a4d560541,4D-B,4D-B,"lasso(l1=0.001,max_iter=20000)",20000,7500543146.145641,0.0015768618558207,0.1168992038060338,0.2492931478715448,0.0061274025378,0.9985611556970364,0.9823664561065002,0.003643204795926,0.9245718109657832,0.0009781883063761,0.0014956984520001,0.999897353254268,0.8403602530316451
8,8,equal_per_property,wells,20,3D,3D-independent-fa9b36e31dc0,3D-independent,4D-B,"lasso(l1=0.001,max_iter=20000)",4340,11399221834.184353,0.0009996313977134,0.074106754539631,0.158036201413161,0.0038843884393575,0.9994676930994794,0.986550739809325,0.002963890108276,0.752175460456316,0.000795794584082,0.0012168094013831,0.9998976339996476,0.8762071214833547
8,8,equal_per_property,wells,20,4D,4D-B-643a4d560541,4D-B,4D-B,"lasso(l1=0.001,max_iter=20000)",6970,12440422735.134413,0.0005973032506123,0.0442805272824591,0.0944303440592491,0.0023210133723054,0.9996178015549592,0.994537009507648,0.003488305469945,0.8852614898716237,0.0009365983552678,0.0014321053533237,0.999904905310658,0.8423186355450231
8,8,equal_per_property,wells,30,3D,3D-independent-fa9b36e31dc0,3D-independent,4D-B,"lasso(l1=0.001,max_iter=20000)",2760,26953875645.57004,0.0007178594833022,0.0532178527452339,0.1134896184223535,0.0027894732842533,0.999758786001682,0.987093334841712,0.0022975104810547,0.5830617670895171,0.0006168738822636,0.000943230771383,0.999925364966364,0.8845038590948885
8,8,equal_per_property,wells,30,4D,4D-B-643a4d560541,4D-B,4D-B,"lasso(l1=0.001,max_iter=20000)",5340,33675741985.038185,0.000287592801035,0.0213204278721296,0.0454668330079515,0.0011175340771989,0.9999307771459544,0.998089324214815,0.0027618982370977,0.7009140023180019,0.0007415604420457,0.0011338827074526,0.99992578754242,0.8754821800041901
8,8,equal_per_property,grid,30,3D,3D-independent-fa9b36e31dc0,3D-independent,4D-B,"lasso(l1=0.001,max_iter=20000)",10530,14951.55832386264,0.010333820501436,0.7660882812486897,1.633719931034549,0.0401553742529406,0.9962843706892937,0.734693910234937,0.003272502463676,0.8304950445317842,0.0008786559696382,0.0013435085709594,0.9999197324914114,0.8620134032709941
8,8,equal_per_property,grid,30,4D,4D-B-643a4d560541,4D-B,4D-B,"lasso(l1=0.001,max_iter=20000)",6360,52287.632264787906,0.0035453252835928,0.262829430083261,0.5604963408258755,0.0137764985942323,0.9991695750340724,0.9096455075662244,0.0022473868734708,0.5703414076170493,0.0006034158612194,0.000922652789504,0.9999369998437748,0.9166137564729284
8,8,equal_per_property,grid,100,3D,3D-independent-fa9b36e31dc0,3D-independent,4D-B,"lasso(l1=0.001,max_iter=20000)",1950,2.6128595600555475e+17,0.0007025053853517,0.0520795908112842,0.1110622203616489,0.0027298100116587,0.999799418604246,0.9884363151586856,0.0020278403999598,0.5146249458820009,0.0005444683671519,0.0008325191464709,0.9999463858281156,0.9038907998754871
8,8,equal_per_property,grid,100,4D,4D-B-643a4d560541,4D-B,4D-B,"lasso(l1=0.001,max_iter=20000)",20000,1.1100440495197536e+18,0.0004379791822692,0.0324691839693489,0.0692420890562258,0.0017019085996872,0.9996334736322764,0.975269612905047,0.0016299071438429,0.4136375208371698,0.0004376246184043,0.0006691497537212,0.9999457862242552,0.9441371233220897
8,8,equal_per_property,grid,300,3D,3D-independent-fa9b36e31dc0,3D-independent,4D-B,"lasso(l1=0.001,max_iter=20000)",2470,140808.78293819726,0.0004560814595866,0.0338111796537976,0.0721039590922388,0.0017722508047227,0.999851028598628,0.9941103138875598,0.00138022595556,0.3502734769950666,0.0003705860541782,0.0005666444629876,0.9999646545746916,0.9319871192921532
8,8,equal_per_property,grid,300,4D,4D-B-643a4d560541,4D-B,4D-B,"lasso(l1=0.001,max_iter=20000)",2220,92997.87910293088,0.0001338833736714,0.0099253208055493,0.0211662217251356,0.0005202467930689,0.9999770689557592,0.997936393904557,0.0014499903896573,0.3679782816347966,0.0003893175714707,0.0005952858822679,0.9999495103277698,0.950460123148017
9,9,equal_total,wells,5,3D,3D-independent-7db5f3bc9ad5,3D-independent,4D-B,"lasso(l1=0.001,max_iter=20000)",1990,68892356.3227408,0.0054219339862846,0.6286189009048416,0.8626994115807165,0.0208367745206429,0.9965238400558112,0.6652769004951905,0.0372886399044202,6.446947526084715,0.0100227420963214,0.0153252699306958,0.9966609514295128,0.6803917406173743
9,9,equal_total,wells,5,4D,4D-B-2828b82824ed,4D-B,4D-B,"lasso(l1=0.001,max_iter=20000)",800,14153096.378337376,0.0041629002238776,0.4826465556257518,0.6623709515263616,0.0159982422390781,0.9969247782695858,0.9025855666251124,0.0056047657581847,0.9690251731259945,0.0015064942526348,0.0023035044550477,0.9997889330700296,0.8137988295578084
9,9,equal_total,wells,10,3D,3D-independent-7db5f3bc9ad5,3D-independent,4D-B,"lasso(l1=0.001,max_iter=20000)",20000,7517542011.531706,0.0023183257325635,0.2687866317867392,0.3688754327135386,0.0089094464589622,0.9980233380476627,0.8284788452366093,0.0057154025878879,0.988153514555903,0.0015362321141742,0.002348975120747,0.9996687069963982,0.7687101440361617
9,9,equal_total,wells,10,4D,4D-B-2828b82824ed,4D-B,4D-B,"lasso(l1=0.001,max_iter=20000)",6450,7366882158.45283,0.0018226820831572,0.2113217185439057,0.2900121551859771,0.0070046621160706,0.9981792941222366,0.9683684694745228,0.0056290784826874,0.9732286747684936,0.0015130292232847,0.0023134967493955,0.9997872438169068,0.8128540618505674
9,9,equal_total,wells,15,3D,3D-independent-7db5f3bc9ad5,3D-independent,4D-B,"lasso(l1=0.001,max_iter=20000)",2050,23554099877.103424,0.0019458214998912,0.2255984996705599,0.3096052196953365,0.0074778933039787,0.9986750690696165,0.8352344292068659,0.0072438487792508,1.2524112728817145,0.0019470602383268,0.0029771517052838,0.9995141519608842,0.8003799176184897
9,9,equal_total,wells,15,4D,4D-B-2828b82824ed,4D-B,4D-B,"lasso(l1=0.001,max_iter=20000)",5650,22761887203.46069,0.0017423517907207,0.2020082262976789,0.2772305727852313,0.00669594862105,0.9980449234994848,0.9747667305269746,0.0054152315182295,0.9362560160175616,0.0014555497073158,0.0022256077177071,0.9997979270813316,0.8148109059666023
9,9,equal_total,wells,20,3D,3D-independent-7db5f3bc9ad5,3D-independent,4D-B,"lasso(l1=0.001,max_iter=20000)",5760,743116.4969763134,0.0016079524449991,0.1864259692647525,0.2558459087955623,0.0061794449399636,0.9993064336591236,0.9164559053040716,0.0054064626430195,0.9347399382392664,0.0014531927381442,0.0022220037949057,0.9996886061266368,0.8204730927440846
9,9,equal_total,wells,20,4D,4D-B-2828b82824ed,4D-B,4D-B,"lasso(l1=0.001,max_iter=20000)",880,1822723.286282156,0.0008990071533822,0.1042308685598676,0.1430435973937675,0.0034549312837182,0.9990617341870685,0.9806251194750912,0.0053036794802898,0.9169694414235692,0.0014255658487076,0.0021797609102846,0.9998056134604384,0.8181385120707537
9,9,equal_total,wells,30,3D,3D-independent-7db5f3bc9ad5,3D-independent,4D-B,"lasso(l1=0.001,max_iter=20000)",760,25658.682683799256,0.0018925926247708,0.2194271451208309,0.30113582125529,0.0072733319663311,0.999482972042386,0.8559026701037995,0.0036755772139616,0.6354818380939212,0.0009879513590487,0.0015106266439178,0.9998381636786718,0.8847001438916547
9,9,equal_total,wells,30,4D,4D-B-2828b82824ed,4D-B,4D-B,"lasso(l1=0.001,max_iter=20000)",640,195806.8830126492,0.0007066852211188,0.0819330681836387,0.1124427051259276,0.0027158280876848,0.9997947084678996,0.9785110809461074,0.0037536310605784,0.6489768074636166,0.0010089313029746,0.0015427060190733,0.9998875874574944,0.8756510831072007
9,9,equal_total,grid,30,3D,3D-independent-7db5f3bc9ad5,3D-independent,4D-B,"lasso(l1=0.001,max_iter=20000)",20000,8.622776715751378e+18,0.0081109122650867,0.940378980325482,1.290550430192162,0.0311706580072436,0.9971136362031382,0.646906945638688,0.0034179164705515,0.5909340804777954,0.0009186952213573,0.0014047305733337,0.9999280814510216,0.842788518378935
9,9,equal_total,grid,30,4D,4D-B-2828b82824ed,4D-B,4D-B,"lasso(l1=0.001,max_iter=20000)",1260,6.126547665951843e+18,0.0045300557852672,0.525214562917188,0.7207901221711286,0.0174092401719243,0.998758573824828,0.4739994328053302,0.0029287273763715,0.5063566749034657,0.0007872070217376,0.0012036785924978,0.9999124074572008,0.9129496668317832
9,9,equal_total,grid,100,3D,3D-independent-7db5f3bc9ad5,3D-independent,4D-B,"lasso(l1=0.001,max_iter=20000)",1260,5398.826418248699,0.0008436541523764,0.0978132429041441,0.1342362232136901,0.0032422068197326,0.9995991334022476,0.957701862346508,0.0017707623440659,0.3061525425068248,0.0004759598186992,0.0007277661769236,0.999941278964281,0.9177377581664544
9,9,equal_total,grid,100,4D,4D-B-2828b82824ed,4D-B,4D-B,"lasso(l1=0.001,max_iter=20000)",670,18427.476032795497,0.0008961749977576,0.1039025085022968,0.1425929650184998,0.0034440471622396,0.9997986664998816,0.9319635635270348,0.0021237290824129,0.3671780464246311,0.0005708330722183,0.0008728320885683,0.9999373374455086,0.9322523505556576
9,9,equal_total,grid,300,3D,3D-independent-7db5f3bc9ad5,3D-independent,4D-D,"lasso(l1=0.001,max_iter=20000)",1020,5216.478004254102,0.0007557152357586,0.0876176069464037,0.1202440108752237,0.0029042529859548,0.999705816420307,0.951687569154064,0.0015007953301734,0.2594771159747913,0.0004033959021366,0.0006168123483342,0.9999463712566562,0.9392495813417828
9,9,equal_total,grid,300,4D,4D-D-2ecf0e4138e3,4D-D,4D-D,"lasso(l1=0.001,max_iter=20000)",840,304.9962279663623,0.0006623578179655,0.0767937500877896,0.1053896453295499,0.0025454755701278,0.999694825396765,0.9725529581029648,0.001163500927874,0.2011612503910574,0.0003127351858046,0.0004781876150481,0.9999564259491384,0.9723992565492988
9,9,equal_per_property,wells,5,3D,3D-independent-fa9b36e31dc0,3D-independent,4D-D,"lasso(l1=0.001,max_iter=20000)",1990,67244180.27834442,0.0054219340702503,0.6286189106398234,0.8626994249407394,0.0208367748433274,0.9965238400323272,0.6652768995267524,0.0372886399044193,6.446947526084546,0.0100227420963212,0.0153252699306954,0.996660951429513,0.6803917406173782
9,9,equal_per_property,wells,5,4D,4D-D-ff94f89c821d,4D-D,4D-D,"lasso(l1=0.001,max_iter=20000)",1350,9550.981488940315,0.0046327562973374,0.5371216579100863,0.7371310941483042,0.0178039235853656,0.9947045744536434,0.8852406318859718,0.0075942278265867,1.3129893829496608,0.0020412379513355,0.0031211541009798,0.9994999385670856,0.8524395916508594
9,9,equal_per_property,wells,10,3D,3D-independent-fa9b36e31dc0,3D-independent,4D-B,"lasso(l1=0.001,max_iter=20000)",20000,6864854495.514543,0.0023183257202366,0.2687866303575612,0.3688754307521738,0.0089094464115893,0.9980233381496548,0.828478844525936,0.005715402587888,0.9881535145559148,0.0015362321141742,0.0023489751207471,0.9996687069963984,0.7687101440361742
9,9,equal_per_property,wells,10,4D,4D-B-643a4d560541,4D-B,4D-B,"lasso(l1=0.001,max_iter=20000)",20000,7127915817.674866,0.0018549802045185,0.215066361987144,0.2951512015786504,0.0071287854775773,0.9981060744985192,0.9701960041150388,0.0056290784826874,0.9732286747684932,0.0015130292232847,0.0023134967493955,0.9997872438169068,0.8128540618505674
9,9,equal_per_property,wells,15,3D,3D-independent-fa9b36e31dc0,3D-independent,4D-B,"lasso(l1=0.001,max_iter=20000)",20000,12358759147.08512,0.001946503967367,0.2256776249339196,0.3097138090458053,0.0074805160620109,0.9986735589017772,0.8351912287726697,0.0072438487792512,1.2524112728817949,0.0019470602383269,0.002977151705284,0.999514151960884,0.8003799176184956
9,9,equal_per_property,wells,15,4D,4D-B-643a4d560541,4D-B,4D-B,"lasso(l1=0.001,max_iter=20000)",20000,20001883938.3794,0.0016538652368966,0.1917490972949193,0.2631512243258202,0.0063558901889841,0.9982553171436672,0.9788800061876493,0.0054152315182295,0.936256016017562,0.0014555497073158,0.0022256077177071,0.9997979270813316,0.8148109059666023
9,9,equal_per_property,wells,20,3D,3D-independent-fa9b36e31dc0,3D-independent,4D-B,"lasso(l1=0.001,max_iter=20000)",8050,18106031016.840298,0.0016023461927149,0.1857759805046583,0.2549538819728559,0.0061578998206305,0.9993213799876712,0.916669823888558,0.005406462645292,0.9347399386321646,0.0014531927387551,0.0022220037958397,0.9996886061263972,0.8204730927286263
9,9,equal_per_property,wells,20,4D,4D-B-643a4d560541,4D-B,4D-B,"lasso(l1=0.001,max_iter=20000)",6180,39580507367.060425,0.0008044417036208,0.093266952502805,0.1279970184292573,0.0030915113381591,0.9993312932649532,0.9822065476358386,0.0053036107946021,0.9169575661439882,0.0014255473868131,0.002179732681132,0.9998056172031344,0.8181400833014528
9,9,equal_per_property,wells,30,3D,3D-independent-fa9b36e31dc0,3D-independent,4D-B,"lasso(l1=0.001,max_iter=20000)",1990,86570884025.56636,0.0015779044315427,0.1829422032799425,0.2510648835020906,0.0060639688602535,0.9996181461477612,0.9115664004774492,0.0036755772139277,0.6354818380880602,0.0009879513590396,0.0015106266439039,0.9998381636786746,0.8847001438922486
9,9,equal_per_property,wells,30,4D,4D-B-643a4d560541,4D-B,4D-B,"lasso(l1=0.001,max_iter=20000)",7100,182730159895.8686,0.0004095842225531,0.0474871852849226,0.0651701161768418,0.0015740534861068,0.999885550629776,0.9955638987677976,0.003753557350659,0.6489640635291702,0.0010089114906266,0.0015426757250102,0.9998875901357028,0.8756531557894759
9,9,equal_per_property,grid,30,3D,3D-independent-fa9b36e31dc0,3D-independent,4D-B,"lasso(l1=0.001,max_iter=20000)",20000,19835.23834352775,0.0081110027822591,0.9403894748843616,1.2905648326381545,0.0311710058694487,0.997113630915963,0.6469063998578191,0.0034179164705536,0.5909340804781609,0.0009186952213579,0.0014047305733346,0.9999280814510212,0.8427885183789118
9,9,equal_per_property,grid,30,4D,4D-B-643a4d560541,4D-B,4D-B,"lasso(l1=0.001,max_iter=20000)",1260,68602.88446053588,0.0045300557865958,0.5252145630712198,0.7207901223825175,0.0174092401770299,0.9987585738265476,0.473999432765018,0.0029287273763631,0.506356674902015,0.0007872070217354,0.0012036785924944,0.9999124074572012,0.9129496668319534
9,9,equal_per_property,grid,100,3D,3D-independent-fa9b36e31dc0,3D-independent,4D-B,"lasso(l1=0.001,max_iter=20000)",3270,7.407749264720985e+18,0.0008756784204178,0.1015261357998124,0.1393316960220079,0.003365277748677,0.999603851070097,0.957061162361071,0.0017707623936578,0.3061525510809325,0.000475959832029,0.0007277661973054,0.9999412789624728,0.9177377535852044
9,9,equal_per_property,grid,100,4D,4D-B-643a4d560541,4D-B,4D-B,"lasso(l1=0.001,max_iter=20000)",15540,2.825383548894695e+18,0.0003778544481545,0.0438084359753914,0.0601215010936535,0.0014521143115603,0.9998912421268664,0.9859160344973336,0.0021237188802662,0.3671762825441295,0.0005708303300028,0.0008728278955848,0.9999373377865142,0.9322526786615952
9,9,equal_per_property,grid,300,3D,3D-independent-fa9b36e31dc0,3D-independent,4D-B,"lasso(l1=0.001,max_iter=20000)",4260,151042.3999226507,0.0003967669970797,0.0460011564601263,0.0631307308021763,0.0015247962214765,0.9998273937265002,0.9883629378654984,0.0015007929084083,0.2594766972683742,0.000403395251195,0.0006168113530122,0.9999463713070068,0.9392496958919238
9,9,equal_per_property,grid,300,4D,4D-B-643a4d560541,4D-B,4D-B,"lasso(l1=0.001,max_iter=20000)",1860,107689.11378468398,0.0001292436446954,0.0149845051752529,0.0205643256652186,0.0004966900536886,0.9999447190619348,0.998713346976941,0.0016261188710312,0.2811446880225743,0.0004370813766359,0.0006683191101051,0.9999496384705668,0.948624243063462
10,10,equal_total,wells,5,3D,3D-independent-7db5f3bc9ad5,3D-independent,4D-B,"lasso(l1=0.001,max_iter=20000)",1020,66504271.97181208,0.0026355301951527,0.3068005747346249,0.4239199556327157,0.0102389365423757,0.997796860284466,0.91134622223626,0.0178837322068622,5.272747005230296,0.0048140909998123,0.007360983983628,0.9990227097206342,0.7344808571179918
10,10,equal_total,wells,5,4D,4D-B-2828b82824ed,4D-B,4D-B,"lasso(l1=0.001,max_iter=20000)",1430,6164397.594393439,0.0028449739842073,0.3311818073893397,0.4576085856954126,0.0110526178537372,0.9980060835584588,0.9561775218352224,0.003391729621983,1.0,0.0009130138417483,0.0013960434620372,0.999898669933763,0.8438653820467352
10,10,equal_total,wells,10,3D,3D-independent-7db5f3bc9ad5,3D-independent,4D-B,"lasso(l1=0.001,max_iter=20000)",6310,2227593286.375824,0.0020790854628889,0.2420251591538942,0.3344168922084508,0.0080771695045832,0.9986674119288644,0.8758884223055415,0.0044645227360527,1.3162967670289714,0.001201797168146,0.0018376074957115,0.999809793884326,0.806411642829435
10,10,equal_total,wells,10,4D,4D-B-2828b82824ed,4D-B,4D-B,"lasso(l1=0.001,max_iter=20000)",14010,4575731456.4678135,0.0014505211951372,0.1688543493644431,0.2333135404093729,0.0056352207603982,0.9980979096424568,0.9676162747285264,0.003391729621983,1.0,0.0009130138417483,0.0013960434620372,0.999898669933763,0.8438653820467352
10,10,equal_total,wells,15,3D,3D-independent-7db5f3bc9ad5,3D-independent,4D-B,"lasso(l1=0.001,max_iter=20000)",4110,13147662695.32508,0.0012303673858086,0.1432263693260178,0.197902224214015,0.0047799314195954,0.9990282109618964,0.9639881474144268,0.0049145169417358,1.44897072864622,0.0013229303315421,0.0020228261124098,0.9997939879472102,0.8248409263323977
10,10,equal_total,wells,15,4D,4D-B-2828b82824ed,4D-B,4D-B,"lasso(l1=0.001,max_iter=20000)",13330,41234675760.42101,0.0011473990582413,0.1335680733864621,0.1845569285289413,0.004457602560472,0.9976599371748242,0.9762678622109338,0.003360423469257,0.9907698560276792,0.0009045865925402,0.0013831577798909,0.9998991405009684,0.8453771688869868
10,10,equal_total,wells,20,3D,3D-independent-7db5f3bc9ad5,3D-independent,4D-B,"lasso(l1=0.001,max_iter=20000)",4130,666150.8888198569,0.0007830110191334,0.0911498684915557,0.1259458142811208,0.003041968614753,0.9994517228340646,0.9810743752359762,0.004718145315873,1.391073535252629,0.0012700693925754,0.0019419991141024,0.9998112232259352,0.8403037338361455
10,10,equal_total,wells,20,4D,4D-B-2828b82824ed,4D-B,4D-B,"lasso(l1=0.001,max_iter=20000)",1050,1553575.4169478049,0.0018231461402983,0.2122314078197535,0.2932495451308713,0.0070828547790209,0.9961626508979604,0.933446849221922,0.0033576013574814,0.989937799204142,0.0009038269131432,0.0013819961924024,0.9998991725637,0.8455376379384315
10,10,equal_total,wells,30,3D,3D-independent-7db5f3bc9ad5,3D-independent,4D-B,"lasso(l1=0.001,max_iter=20000)",1880,16416.35966715984,0.0013570110311508,0.1579688842283113,0.2182726106407703,0.0052719372598392,0.9995779612531394,0.9618140478940426,0.0032058883107666,0.9452075100527092,0.0008629875400025,0.0013195507646775,0.9998810046061688,0.8453414425579552
10,10,equal_total,wells,30,4D,4D-B-2828b82824ed,4D-B,4D-B,"lasso(l1=0.001,max_iter=20000)",530,128653.0092676636,0.000595244142503,0.069292032913618,0.0957438738302548,0.0023125012999353,0.999786039865498,0.9932900067785676,0.0031157772864053,0.9186396422081582,0.0008387307089147,0.0012824608664729,0.9999100687311462,0.8629677086115197
10,10,equal_total,grid,30,3D,3D-independent-7db5f3bc9ad5,3D-independent,4D-B,"lasso(l1=0.001,max_iter=20000)",3570,1.3289274363667562e+19,0.005730136480907,0.6670419367167355,0.9216814162186968,0.0222613665800778,0.9983012325303812,0.7764990396583415,0.0037436343499788,1.1037537679049938,0.0010077424679791,0.0015408882313827,0.9999191164592122,0.7849102236142613
10,10,equal_total,grid,30,4D,4D-B-2828b82824ed,4D-B,4D-B,"lasso(l1=0.001,max_iter=20000)",2070,2.307397353876848e+18,0.0012691171205238,0.1477372039593342,0.2041350444076408,0.0049304726941794,0.9993416426832108,0.97250980849044,0.0024608238766734,0.7255365701098041,0.0006624249312048,0.0010128805851706,0.9999257424808404,0.8817594727527336
10,10,equal_total,grid,100,3D,3D-independent-7db5f3bc9ad5,3D-independent,4D-B,"lasso(l1=0.001,max_iter=20000)",1900,5065.183915615451,0.0006896637100664,0.0802833612041874,0.1109310794126208,0.0026793177994836,0.9996252627249052,0.9882354400174782,0.0021053608066068,0.6207336790530678,0.0005667384410148,0.0008665711943083,0.9999532282453596,0.8343816446374867
10,10,equal_total,grid,100,4D,4D-B-2828b82824ed,4D-B,4D-B,"lasso(l1=0.001,max_iter=20000)",2000,16499.190299075082,0.001072880190661,0.1248933742901461,0.1725707122083941,0.00416809953836,0.9997712042502204,0.9855276602387864,0.0019426477803901,0.5727602129011476,0.0005229380023814,0.0007995981505356,0.999943077603722,0.9107319555766066
10,10,equal_total,grid,300,3D,3D-independent-7db5f3bc9ad5,3D-independent,4D-B,"lasso(l1=0.001,max_iter=20000)",970,5177.428407262488,0.0009663532365512,0.112492632000904,0.1554360568199049,0.003754246293503,0.9995820391139166,0.9859124654456032,0.0014873951539128,0.4385358857240476,0.0004003893337694,0.0006122151561337,0.999958331062146,0.8977576449061153
10,10,equal_total,grid,300,4D,4D-B-2828b82824ed,4D-B,4D-B,"lasso(l1=0.001,max_iter=20000)",920,17339.04813371536,0.0007426784903541,0.0864547816992486,0.1194584047108871,0.0028852782442446,0.9997925996179772,0.9908965673506984,0.0015385827041796,0.4536277580050995,0.0004141684220599,0.0006332840657616,0.9999540163473568,0.9309970896693196
10,10,equal_per_property,wells,5,3D,3D-independent-fa9b36e31dc0,3D-independent,4D-B,"lasso(l1=0.001,max_iter=20000)",1020,62032734.439275816,0.0026355301950732,0.306800574725366,0.4239199556199223,0.0102389365420667,0.9977968602840772,0.9113462223122234,0.0178837322068619,5.272747005230212,0.0048140909998122,0.0073609839836279,0.9990227097206342,0.7344808571179917
10,10,equal_per_property,wells,5,4D,4D-B-643a4d560541,4D-B,4D-B,"lasso(l1=0.001,max_iter=20000)",1430,5786838.7444426445,0.0028449739942317,0.3311818085562759,0.4576085873078199,0.0110526178926816,0.9980060835475518,0.9561775217146968,0.003391729621983,1.0,0.0009130138417483,0.0013960434620372,0.999898669933763,0.8438653820467352
10,10,equal_per_property,wells,10,3D,3D-independent-fa9b36e31dc0,3D-independent,4D-B,"lasso(l1=0.001,max_iter=20000)",6310,1903392995.5036416,0.0020790854617239,0.2420251590182798,0.3344168920210661,0.0080771695000573,0.9986674119150044,0.8758884225568867,0.0044645227360527,1.3162967670289716,0.001201797168146,0.0018376074957115,0.9998097938843256,0.806411642829433
10,10,equal_per_property,wells,10,4D,4D-B-643a4d560541,4D-B,4D-B,"lasso(l1=0.001,max_iter=20000)",3100,4306038664.508472,0.0011597545030136,0.1350063637024794,0.1865442780229259,0.0045056030027396,0.9986783531656784,0.97703704923846,0.003391729621983,1.0,0.0009130138417483,0.0013960434620372,0.999898669933763,0.8438653820467352
10,10,equal_per_property,wells,15,3D,3D-independent-fa9b36e31dc0,3D-independent,4D-B,"lasso(l1=0.001,max_iter=20000)",3260,3249444200.707358,0.001231806095253,0.143393848676181,0.1981336378570697,0.0047855207521446,0.9990424598381156,0.9624467030352404,0.0049145169417357,1.4489707286462106,0.0013229303315421,0.0020228261124098,0.9997939879472102,0.8248409263323943
10,10,equal_per_property,wells,15,4D,4D-B-643a4d560541,4D-B,4D-B,"lasso(l1=0.001,max_iter=20000)",20000,15713349239.058456,0.0008159623615642,0.0949857155687852,0.1312459742439876,0.003169983351505,0.999014933941114,0.9866089916736742,0.003360423469257,0.99076985602768,0.0009045865925402,0.0013831577798909,0.9998991405009684,0.8453771688869868
10,10,equal_per_property,wells,20,3D,3D-independent-fa9b36e31dc0,3D-independent,4D-B,"lasso(l1=0.001,max_iter=20000)",4530,5558695557.247094,0.0008034055109525,0.0935239797132768,0.129226229008667,0.0031212004550609,0.9994605880582992,0.97863187953434,0.004718145315873,1.391073535252623,0.0012700693925754,0.0019419991141024,0.9998112232259352,0.840303733836142
10,10,equal_per_property,wells,20,4D,4D-B-643a4d560541,4D-B,4D-B,"lasso(l1=0.001,max_iter=20000)",5900,27165599710.0748,0.0004228361833006,0.0492221201995089,0.0680123856650947,0.0016427028066681,0.999691851497347,0.9942478893015748,0.0033576005566148,0.9899375630807746,0.0009038266975593,0.0013819958627639,0.9998991725702262,0.8455376849467817
10,10,equal_per_property,wells,30,3D,3D-independent-fa9b36e31dc0,3D-independent,4D-B,"lasso(l1=0.001,max_iter=20000)",5620,28799551081.30369,0.0010487399716936,0.1220832250962501,0.1686878044836348,0.0040743156877404,0.999729874257648,0.9768930822174514,0.0032058883107667,0.9452075100527264,0.0008629875400026,0.0013195507646775,0.999881004606169,0.8453414425579241
10,10,equal_per_property,wells,30,4D,4D-B-643a4d560541,4D-B,4D-B,"lasso(l1=0.001,max_iter=20000)",6360,96093070168.85455,0.0001665432651195,0.0193872070032958,0.0267881634178435,0.0006470143754207,0.9999673989379604,0.9992515674838592,0.003115727905613,0.9186250830310404,0.0008387174161845,0.0012824405412288,0.999910070396651,0.8629676515008281
10,10,equal_per_property,grid,30,3D,3D-independent-fa9b36e31dc0,3D-independent,4D-B,"lasso(l1=0.001,max_iter=20000)",3570,14850.487638727544,0.0057301364882569,0.6670419375723269,0.9216814174009051,0.0222613666086317,0.9983012325287424,0.7764990397298067,0.0037436343499541,1.1037537678977356,0.0010077424679725,0.0015408882313725,0.9999191164592142,0.784910223614876
10,10,equal_per_property,grid,30,4D,4D-B-643a4d560541,4D-B,4D-B,"lasso(l1=0.001,max_iter=20000)",2070,67944.4059896353,0.0012691171144494,0.147737203252213,0.2041350434305801,0.0049304726705805,0.9993416426864566,0.9725098087130056,0.0024608238766734,0.7255365701098045,0.0006624249312048,0.0010128805851706,0.9999257424808404,0.8817594727527335
10,10,equal_per_property,grid,100,3D,3D-independent-fa9b36e31dc0,3D-independent,4D-B,"lasso(l1=0.001,max_iter=20000)",5150,1.7861225232915505e+18,0.0005533405513472,0.064414059641406,0.0890037619027516,0.002149707410671,0.9998134431791378,0.9888552910363588,0.0021053427284864,0.6207283489936665,0.0005667335745968,0.0008665637533137,0.9999532286483332,0.8343826044039545
10,10,equal_per_property,grid,100,4D,4D-B-643a4d560541,4D-B,4D-B,"lasso(l1=0.001,max_iter=20000)",20000,1.2265021334918387e+18,0.0002379165457747,0.0276957301103276,0.0382684181401591,0.000924296909612,0.9999525941116698,0.9986554876432556,0.0019426111410204,0.5727494103391012,0.0005229281394927,0.0007995830696895,0.9999430785478992,0.9107337030697608
10,10,equal_per_property,grid,300,3D,3D-independent-fa9b36e31dc0,3D-independent,4D-B,"lasso(l1=0.001,max_iter=20000)",5440,154579.4392493438,0.000359482778369,0.0418471862753325,0.0578221125059413,0.0013965771906415,0.9999025602346568,0.9961426023209604,0.0014873905817923,0.4385345377037114,0.0004003881030081,0.0006122132742387,0.9999583309879568,0.8977581908179243
10,10,equal_per_property,grid,300,4D,4D-B-643a4d560541,4D-B,4D-B,"lasso(l1=0.001,max_iter=20000)",2180,108004.91814492644,0.0001413747360098,0.0164573528091447,0.0227398539872983,0.0005492355782386,0.999974784411625,0.999496469023375,0.0015385706158401,0.4536241939416594,0.0004141651680206,0.0006332790901741,0.9999540161571272,0.9309974338163628
