outer_fold,test_run,candidate,order,variant,capacity_regime,coefficient_budget,architecture,preprocessing,spatial_ranks,property_rank,property_weights,geometry,budget,channels,solver,storage_floats,fit_seconds,condition_number,selection_loss,relative_frobenius_p,anomaly_relative_frobenius_p,rmse_p,train_range_nrmse_p,ssim_p,anomaly_ssim_p,relative_frobenius_so,anomaly_relative_frobenius_so,rmse_so,train_range_nrmse_so,ssim_so,anomaly_ssim_so,pair_role,pair_3d_variant,pair_4d_variant,pair_inner_loss,iterations,model_label
1,1,3D-current-5e7711139fcb,3D,3D-current,equal_per_property,64,legacy-independent,raw_minmax,"[48, 48]",,"[1.0, 1.0]",full,9900,9900,projection,242016,12.91448549999768,1.0,0.1296094866311276,0.0008944179151052,0.1864189765411137,0.1427589642242797,0.0034480565402165,0.995566487240784,0.951460177919954,0.0008111868750644,0.2909872609312658,0.000218286413853,0.0003337707567801,0.9999780551562016,0.9664764039757844,,,,,,3D current
1,1,3D-independent-fa9b36e31dc0,3D,3D-independent,equal_per_property,64,independent,raw_minmax,"[80, 48]",,"[1.0, 1.0]",full,9900,9900,projection,272608,0.8463302919990383,1.0,0.0780457894389775,6.212278904850614e-05,0.0129479369305107,0.009915482314824,0.0002394885941545,0.9999588011360488,0.9996215521821434,0.0007913837418727,0.2838835223693692,0.0002129574877321,0.0003256225643534,0.9999809054630274,0.9696750509057958,,,,,,3D optimized
1,1,4D-A-3bf6b15a532d,4D,4D-A,equal_per_property,64,joint,standardized_anomaly,"[80, 48]",2.0,"[1.0, 1.0]",full,9900,9900,projection,504948,0.849900917004561,1.0,0.0838716609880895,0.000330511549135,0.0688868410216449,0.0527532886157851,0.0012741499128826,0.9994576163802305,0.9857387105194172,0.0006886300430209,0.2470239302105794,0.0001853069707896,0.0002833435521036,0.999983910207728,0.9751095440403156,,,,,,4D-A
1,1,4D-A-current-43ce2f360e5a,4D,4D-A-current,equal_per_property,64,legacy-joint,raw_minmax,"[48, 48]",2.0,"[1.0, 1.0]",full,9900,9900,projection,380500,16.838082582995412,1.0,1.5691671845744726,0.0019298418245828,0.4022271152547512,0.3080240403745819,0.007439703087849,0.9822451817582514,0.8724853480632169,0.0154501613404301,5.5422495945102686,0.0041575627221353,0.0063571196742563,0.9907407463695292,0.4631305948710428,,,,,,4D current
1,1,4D-B-643a4d560541,4D,4D-B,equal_per_property,64,shared-independent,ensemble_anomaly,"[80, 48]",,"[1.0, 1.0]",full,9900,9900,projection,259184,0.8174890410009539,1.0,0.0793869651135299,4.341989310485787e-05,0.0090497874622507,0.0069302938388134,0.0001673873520054,0.9999832476079116,0.999818864885666,0.0008113863482905,0.2910588155501742,0.0002183400911209,0.0003338528319858,0.9999800300218428,0.9653026202309446,,,,,,4D optimized
1,1,4D-B-643a4d560541,4D,4D-B,equal_per_property,64,shared-independent,ensemble_anomaly,"[80, 48]",,"[1.0, 1.0]",full,9900,9900,projection,259184,0.8174890410009539,1.0,0.0793869651135299,4.341989310485787e-05,0.0090497874622507,0.0069302938388134,0.0001673873520054,0.9999832476079116,0.999818864885666,0.0008113863482905,0.2910588155501742,0.0002183400911209,0.0003338528319858,0.9999800300218428,0.9653026202309446,,,,,,4D-B
1,1,4D-C-f8d668c31c07,4D,4D-C,equal_per_property,64,joint,standardized_anomaly,"[80, 48]",2.0,"[1.0, 2.0]",full,9900,9900,projection,504948,0.947404540995194,1.0,0.0987148923328185,0.0005670013612814,0.1181772096493225,0.0904996709963809,0.0021858380954367,0.9989381457607772,0.9682775272265274,0.0006910998554959,0.2479098961811736,0.0001859715852263,0.0002843597805514,0.9999838102477546,0.9741775457719166,,,,,,4D-C
1,1,4D-D-ff94f89c821d,4D,4D-D,equal_per_property,64,partial-spatial,standardized_anomaly,"[64, 48]",,"[1.0, 1.0]",full,9900,9900,projection,230208,1.2122012929976336,1.0,0.0813984605666687,6.684574191717818e-05,0.0139323179733771,0.0106693176844256,0.0002576959760203,0.9999728424639563,0.9994608459325056,0.0008184967826821,0.2936094557186081,0.0002202534741797,0.0003367784896128,0.9999801626354212,0.9644350169181152,,,,,,4D-D
1,1,4D-E-6ca320f290f9,4D,4D-E,equal_per_property,64,joint-property-residual,standardized_anomaly,"[80, 48]",2.0,"[1.0, 1.0]",full,9900,9900,projection,408916,1.9605617500055816,1.0,0.0924491543765568,0.0002985888687856,0.062233359132843,0.047658076741146,0.0011510852862681,0.9996482630609488,0.9871137137857944,0.0007944400662718,0.2849798806719357,0.0002137799296541,0.0003268801188566,0.99998079363697,0.9677195308113082,,,,,,4D-E
1,1,3D-current-e419eaac8e1a,3D,3D-current,equal_total,32,legacy-independent,raw_minmax,"[48, 48]",,"[1.0, 1.0]",full,9900,9900,projection,129984,12.093545875002746,1.0,0.1492538932930703,0.0009093857000958,0.1895386358322674,0.1451479877958126,0.0035057586144457,0.9955124452850904,0.9465485759821476,0.0009788559781251,0.3511331712537925,0.0002634053480297,0.0004027598456541,0.9999753693788084,0.9407638918454098,,,,,,3D current
1,1,3D-independent-7db5f3bc9ad5,3D,3D-independent,equal_total,32,independent,raw_minmax,"[80, 48]",,"[1.0, 1.0]",full,9900,9900,projection,149728,0.4602252920012688,1.0,0.1075068975032898,0.0002493058111344,0.0519615421074864,0.0397919571730138,0.0009610949401599,0.999757046166616,0.9926154278723144,0.000965198523541,0.3462339976812412,0.0002597301939128,0.0003971403526712,0.9999780788058624,0.9437204716788224,,,,,,3D optimized
1,1,4D-A-4ea76ef087a9,4D,4D-A,equal_total,32,joint,standardized_anomaly,"[80, 48]",2.0,"[1.0, 1.0]",full,9900,9900,projection,259188,0.8339335000055144,1.0,0.1122016386132354,0.0005211197413477,0.1086143369858385,0.0831764584040911,0.0020089605787676,0.9991156390213932,0.970230025160246,0.000852112237723,0.3056679215148201,0.0002292992284399,0.00035060989667,0.999978781810652,0.9607213829351882,,,,,,4D-A
1,1,4D-A-current-205a30146a4e,4D,4D-A-current,equal_total,32,legacy-joint,raw_minmax,"[48, 48]",2.0,"[1.0, 1.0]",full,9900,9900,projection,194740,16.30574404199433,1.0,1.5732879072840609,0.0019310826088442,0.4024857256070501,0.3082220832279271,0.0074444864158832,0.9822246584006404,0.8722912293948307,0.015490694520866,5.556789572306304,0.0041684700024075,0.0063737974469431,0.9907334383844092,0.4599561081593912,,,,,,4D current
1,1,4D-B-2828b82824ed,4D,4D-B,equal_total,32,shared-independent,ensemble_anomaly,"[80, 48]",,"[1.0, 1.0]",full,9900,9900,projection,136304,0.6514956250030082,1.0,0.0994446379132183,0.0001395189145223,0.0290792176835123,0.0222687575802404,0.0005378571891038,0.99990806887966,0.9968730479473898,0.0009528779607153,0.3418143911269747,0.0002564147908182,0.0003920709368501,0.9999779646171691,0.9493570663678376,,,,,,4D optimized
1,1,4D-B-2828b82824ed,4D,4D-B,equal_total,32,shared-independent,ensemble_anomaly,"[80, 48]",,"[1.0, 1.0]",full,9900,9900,projection,136304,0.6514956250030082,1.0,0.0994446379132183,0.0001395189145223,0.0290792176835123,0.0222687575802404,0.0005378571891038,0.99990806887966,0.9968730479473898,0.0009528779607153,0.3418143911269747,0.0002564147908182,0.0003920709368501,0.9999779646171691,0.9493570663678376,,,,,,4D-B
1,1,4D-C-44adce3e7a5f,4D,4D-C,equal_total,32,joint,standardized_anomaly,"[80, 48]",2.0,"[1.0, 0.5]",full,9900,9900,projection,259188,1.2946521670019138,1.0,0.1136881453732246,0.0005324961996499,0.1109854743228037,0.0849922666256538,0.0020528177855508,0.9991848213981376,0.964090096857701,0.0008534763701273,0.3061572602406714,0.0002296663097866,0.0003511711822614,0.9999788318166736,0.960690209283452,,,,,,4D-C
1,1,4D-D-2ecf0e4138e3,4D,4D-D,equal_total,32,partial-spatial,standardized_anomaly,"[80, 48]",,"[1.0, 1.0]",full,9900,9900,projection,163152,1.3037149169977056,1.0,0.100512039068276,0.0001943637132531,0.040510240111989,0.0310225923678374,0.0007492885164138,0.999832601571727,0.9950523499963324,0.0009330261573005,0.3346931936842943,0.0002510727677787,0.0003839027185851,0.9999793918604052,0.9512582050500256,,,,,,4D-D
1,1,4D-E-4f4328240852,4D,4D-E,equal_total,32,joint-property-residual,standardized_anomaly,"[80, 48]",2.0,"[1.0, 1.0]",full,9900,9900,projection,224596,1.2580843339965213,1.0,0.1115254021924712,0.0004719134111963,0.0983585118830034,0.0753225853912049,0.0018192660236462,0.9993734718302616,0.9719218128505838,0.0008717180256845,0.312700868808087,0.0002345750499262,0.0003586768894757,0.9999781741196428,0.9579937309918272,,,,,,4D-E
1,1,4D-A-4ea76ef087a9,4D,4D-A,equal_total,32,joint,standardized_anomaly,"[80, 48]",2.0,"[1.0, 1.0]",wells,5,10,ridge(alpha_relative=1e-08),259188,0.8339335000055144,37686.84367831502,0.5448754526882869,0.004987634306119,1.0395472485573174,0.7960814463194557,0.0192277511429295,0.9959883136565392,0.8421954046104563,0.0027347149420954,0.9809912301218544,0.0007358983927999,0.0011252251532406,0.9999047993817568,0.8398779312415922,4D,3D-independent,4D-A,0.5086563497251213,0.0,4D-A
1,1,4D-B-2828b82824ed,4D,4D-B,equal_total,32,shared-independent,ensemble_anomaly,"[80, 48]",,"[1.0, 1.0]",wells,5,10,ridge(alpha_relative=1e-06),136304,0.6514956250030082,14742644.486108202,0.4273863357683101,0.0037220213842122,0.7757619848517032,0.5940756649180287,0.0143487065273601,0.9969738266603442,0.8818660548285538,0.0022741141508297,0.8157654766571605,0.0006119529764798,0.0009357064622952,0.999942945358752,0.882098182042693,4D,3D-independent,4D-B,0.5121933470106719,0.0,4D-B
1,1,4D-C-44adce3e7a5f,4D,4D-C,equal_total,32,joint,standardized_anomaly,"[80, 48]",2.0,"[1.0, 0.5]",wells,5,10,ridge(alpha_relative=1e-06),259188,1.2946521670019138,51160.929907145095,0.4941494334666362,0.0042221018538286,0.879991213447943,0.6738940235013523,0.0162765589381565,0.9967779117220718,0.8601216511186655,0.0026697534477562,0.9576883786028813,0.0007184175729374,0.0010984961123825,0.9999082280436452,0.8620420652498935,4D,3D-independent,4D-C,0.5140120357521025,0.0,4D-C
1,1,4D-D-2ecf0e4138e3,4D,4D-D,equal_total,32,partial-spatial,standardized_anomaly,"[80, 48]",,"[1.0, 1.0]",wells,5,10,ridge(alpha_relative=1e-08),163152,1.3037149169977056,20410.69030208137,0.5006621666969849,0.0037850277570437,0.7888940826557028,0.6041321769500936,0.0145916014115612,0.9968909829993486,0.8766441168939013,0.0029883522004518,1.0719754574904117,0.0008041509363852,0.0012295866786444,0.999902885712971,0.8397976298224482,4D,3D-independent,4D-D,0.5278333167464722,0.0,4D-D
1,1,3D-independent-7db5f3bc9ad5,3D,3D-independent,equal_total,32,independent,raw_minmax,"[80, 48]",,"[1.0, 1.0]",wells,5,10,ridge(alpha_relative=1e-06),149728,0.4602252920012688,12112451.616619278,0.9235383035487346,0.0040393465401279,0.8419004530079212,0.6447242597368068,0.0155720217816183,0.9962023264657052,0.8430521471659344,0.0073770797064323,2.646290618639346,0.0019851360066658,0.0030353714441543,0.9996601937433836,0.7450235677387238,3D,3D-independent,4D-E,0.5060169900169023,0.0,3D optimized
1,1,4D-E-4f4328240852,4D,4D-E,equal_total,32,joint-property-residual,standardized_anomaly,"[80, 48]",2.0,"[1.0, 1.0]",wells,5,10,ridge(alpha_relative=1e-06),224596,1.2580843339965213,38679.87564581418,0.51381943397082,0.0046459916437567,0.9683404062247136,0.741551509262097,0.0179106898492315,0.9953920231140322,0.8533433722763797,0.0026191867364104,0.9395491935628854,0.0007048103186544,0.0010776899454774,0.9999072246991112,0.8518803555322589,4D,3D-independent,4D-E,0.5060169900169023,0.0,4D optimized
1,1,4D-E-4f4328240852,4D,4D-E,equal_total,32,joint-property-residual,standardized_anomaly,"[80, 48]",2.0,"[1.0, 1.0]",wells,5,10,ridge(alpha_relative=1e-06),224596,1.2580843339965213,38679.87564581418,0.51381943397082,0.0046459916437567,0.9683404062247136,0.741551509262097,0.0179106898492315,0.9953920231140322,0.8533433722763797,0.0026191867364104,0.9395491935628854,0.0007048103186544,0.0010776899454774,0.9999072246991112,0.8518803555322589,4D,3D-independent,4D-E,0.5060169900169023,0.0,4D-E
1,1,3D-current-e419eaac8e1a,3D,3D-current,equal_total,32,legacy-independent,raw_minmax,"[48, 48]",,"[1.0, 1.0]",wells,5,10,ridge(alpha_relative=0.0001),129984,12.093545875002746,351654.56069579715,1.4144028748195854,0.0037386959688404,0.7792373837095934,0.5967371125368511,0.0144129884582244,0.9939596070224404,0.6937262826797809,0.0127834398267053,4.5856488249482545,0.0034399610277915,0.0052598710807222,0.9993146923476008,0.720823136079231,3D,3D-current,4D-A-current,1.5561881596896212,0.0,3D current
1,1,4D-A-current-205a30146a4e,4D,4D-A-current,equal_total,32,legacy-joint,raw_minmax,"[48, 48]",2.0,"[1.0, 1.0]",wells,5,10,ridge(alpha_relative=0.0001),194740,16.30574404199433,246533.14183863995,2.025852554738014,0.0038582740458805,0.8041604340668198,0.6158230925176633,0.0148739720360815,0.979631730928374,0.7034130235298588,0.0191637936816717,6.8743960287062675,0.0051568829910609,0.0078851299454297,0.9905125791834832,0.4468794641122036,4D,3D-current,4D-A-current,1.5561881596896212,0.0,4D current
1,1,4D-A-4ea76ef087a9,4D,4D-A,equal_total,32,joint,standardized_anomaly,"[80, 48]",2.0,"[1.0, 1.0]",wells,10,20,ridge(alpha_relative=1e-06),259188,0.8339335000055144,644465.3512686298,0.4139530558522749,0.0016312882307502,0.3400011083009623,0.2603715939050211,0.0062887537895019,0.9979417559236378,0.9460502379907458,0.0034030942732865,1.2207508672966174,0.0009157559962499,0.0014002363523186,0.9998056290656948,0.8638292663862146,4D,3D-independent,4D-A,0.3521942727164755,0.0,4D-A
1,1,3D-independent-7db5f3bc9ad5,3D,3D-independent,equal_total,32,independent,raw_minmax,"[80, 48]",,"[1.0, 1.0]",wells,10,20,ridge(alpha_relative=1e-06),149728,0.4602252920012688,1169922942.538911,0.3813446851054,0.0016392910773989,0.3416691009210355,0.261648936497463,0.0063196054386708,0.9980623496481468,0.9116987450116756,0.0029560634569018,1.0603929068681828,0.0007954621936873,0.0012163011599785,0.9999033925219204,0.8416677897235607,3D,3D-independent,4D-B,0.3316280095595816,0.0,3D optimized
1,1,4D-B-2828b82824ed,4D,4D-B,equal_total,32,shared-independent,ensemble_anomaly,"[80, 48]",,"[1.0, 1.0]",wells,10,20,ridge(alpha_relative=1e-06),136304,0.6514956250030082,2224997143.81981,0.3153868268843843,0.0015737685730331,0.3280125786197899,0.2511908221208849,0.0060670106550757,0.9982639426048064,0.9267818389395458,0.002347629799298,0.8421368564723059,0.0006317356773093,0.0009659551933567,0.9999390962094198,0.8904224161695712,4D,3D-independent,4D-B,0.3316280095595816,0.0,4D optimized
1,1,4D-B-2828b82824ed,4D,4D-B,equal_total,32,shared-independent,ensemble_anomaly,"[80, 48]",,"[1.0, 1.0]",wells,10,20,ridge(alpha_relative=1e-06),136304,0.6514956250030082,2224997143.81981,0.3153868268843843,0.0015737685730331,0.3280125786197899,0.2511908221208849,0.0060670106550757,0.9982639426048064,0.9267818389395458,0.002347629799298,0.8421368564723059,0.0006317356773093,0.0009659551933567,0.9999390962094198,0.8904224161695712,4D,3D-independent,4D-B,0.3316280095595816,0.0,4D-B
1,1,4D-C-44adce3e7a5f,4D,4D-C,equal_total,32,joint,standardized_anomaly,"[80, 48]",2.0,"[1.0, 0.5]",wells,10,20,ridge(alpha_relative=1e-06),259188,1.2946521670019138,2079869.337825077,0.385494529125952,0.0015648400995326,0.3261516623032252,0.2497657392736875,0.0060325906362816,0.9982452334324016,0.9485364777189468,0.0031451075072803,1.1282063936317646,0.0008463330214655,0.0012940851795419,0.9998170747584482,0.876223401143417,4D,3D-independent,4D-C,0.3518716579108227,0.0,4D-C
1,1,4D-D-2ecf0e4138e3,4D,4D-D,equal_total,32,partial-spatial,standardized_anomaly,"[80, 48]",,"[1.0, 1.0]",wells,10,20,ridge(alpha_relative=1e-06),163152,1.3037149169977056,613366.6273799875,0.3608092218973004,0.0016537481660633,0.3446823183746142,0.2639564473026226,0.0063753387354665,0.9976057775040826,0.8710766284885738,0.0026974715957207,0.9676313747264624,0.0007258763907558,0.0011099010148865,0.9998904428185854,0.867076982535176,4D,3D-independent,4D-D,0.3751312243504742,0.0,4D-D
1,1,4D-E-4f4328240852,4D,4D-E,equal_total,32,joint-property-residual,standardized_anomaly,"[80, 48]",2.0,"[1.0, 1.0]",wells,10,20,ridge(alpha_relative=1e-06),224596,1.2580843339965213,634563.9134795632,0.4325432421065692,0.0020313492834641,0.4233837985862935,0.3242257503875427,0.0078310229077737,0.997102504675256,0.9225584316270772,0.0033376678386103,1.1972812333514038,0.0008981500632206,0.0013733160072212,0.9998180518736152,0.8584256953957632,4D,3D-independent,4D-E,0.3501493417402144,0.0,4D-E
1,1,3D-current-e419eaac8e1a,3D,3D-current,equal_total,32,legacy-independent,raw_minmax,"[48, 48]",,"[1.0, 1.0]",wells,10,20,ridge(alpha_relative=0.0001),129984,12.093545875002746,43953312.90440827,0.495139126475109,0.002038817920254,0.4249404485628102,0.3254178271944779,0.0078598151328569,0.9950889662429936,0.6709959742994941,0.0036370402024278,1.3046714621921474,0.0009787096996166,0.0014964956881331,0.9998664838712986,0.827114835409549,3D,3D-current,4D-A-current,0.9046275244122298,0.0,3D current
1,1,4D-A-current-205a30146a4e,4D,4D-A-current,equal_total,32,legacy-joint,raw_minmax,"[48, 48]",2.0,"[1.0, 1.0]",wells,10,20,ridge(alpha_relative=0.0001),194740,16.30574404199433,70003410.5398121,1.6886996759869517,0.0026390928825111,0.5500527056155399,0.4212283318974174,0.0101739257679229,0.9809922933192636,0.7664301500770743,0.0162083526106667,5.814226382806576,0.0043615882783692,0.0066690848722027,0.9905786640022988,0.4525306188715479,4D,3D-current,4D-A-current,0.9046275244122298,0.0,4D current
1,1,4D-A-4ea76ef087a9,4D,4D-A,equal_total,32,joint,standardized_anomaly,"[80, 48]",2.0,"[1.0, 1.0]",wells,15,30,ridge(alpha_relative=0.0001),259188,0.8339335000055144,5325347.28772383,0.4357879378500357,0.001275730051725,0.2658939256123246,0.2036205869072108,0.0049180470047759,0.9981041013940256,0.912570548454288,0.0037926562891633,1.360493739682018,0.0010205852261513,0.0015605254458049,0.99984474294596,0.8539012793341113,4D,3D-independent,4D-A,0.353852926860912,0.0,4D-A
1,1,3D-independent-7db5f3bc9ad5,3D,3D-independent,equal_total,32,independent,raw_minmax,"[80, 48]",,"[1.0, 1.0]",wells,15,30,ridge(alpha_relative=1e-06),149728,0.4602252920012688,2235749136.128099,0.4352347215810476,0.0008745816442099,0.1822846034966512,0.1395928766054364,0.0033715860419863,0.9991963335822772,0.9561408057716908,0.0040588824251449,1.4559938229291165,0.0010922253750292,0.0016700667877727,0.9998600046933364,0.838538274431464,3D,3D-independent,4D-B,0.3261110872528696,0.0,3D optimized
1,1,4D-B-2828b82824ed,4D,4D-B,equal_total,32,shared-independent,ensemble_anomaly,"[80, 48]",,"[1.0, 1.0]",wells,15,30,ridge(alpha_relative=1e-06),136304,0.6514956250030082,266815435471.06616,0.2630699977618758,0.0012473768822345,0.2599844187153247,0.1990951083355275,0.0048087431437435,0.9980880406838214,0.9595812017210334,0.0019811657445447,0.7106796364402779,0.000533121995583,0.0008151699814066,0.9999503575191584,0.8771869264951649,4D,3D-independent,4D-B,0.3261110872528696,0.0,4D optimized
1,1,4D-B-2828b82824ed,4D,4D-B,equal_total,32,shared-independent,ensemble_anomaly,"[80, 48]",,"[1.0, 1.0]",wells,15,30,ridge(alpha_relative=1e-06),136304,0.6514956250030082,266815435471.06616,0.2630699977618758,0.0012473768822345,0.2599844187153247,0.1990951083355275,0.0048087431437435,0.9980880406838214,0.9595812017210334,0.0019811657445447,0.7106796364402779,0.000533121995583,0.0008151699814066,0.9999503575191584,0.8771869264951649,4D,3D-independent,4D-B,0.3261110872528696,0.0,4D-B
1,1,4D-C-44adce3e7a5f,4D,4D-C,equal_total,32,joint,standardized_anomaly,"[80, 48]",2.0,"[1.0, 0.5]",wells,15,30,ridge(alpha_relative=0.0001),259188,1.2946521670019138,12953011.37093037,0.4777451489660664,0.0014482353731248,0.3018483322941958,0.2311543388483413,0.0055830695760252,0.998050335929782,0.9084036999022946,0.0041534925497632,1.489932169154023,0.001117684496043,0.0017089950469243,0.9998216741611624,0.853196111265612,4D,3D-independent,4D-C,0.3599121177907552,0.0,4D-C
1,1,4D-D-2ecf0e4138e3,4D,4D-D,equal_total,32,partial-spatial,standardized_anomaly,"[80, 48]",,"[1.0, 1.0]",wells,15,30,ridge(alpha_relative=0.0001),163152,1.3037149169977056,1372456.376078807,0.4754621593954177,0.0006267782000403,0.1306361920937752,0.1000407137703512,0.0024162828532565,0.9991369865326152,0.963684540665294,0.0046911547638735,1.682801235209575,0.0012623667637056,0.0019302214124044,0.999750925151486,0.8594930387780645,4D,3D-independent,4D-D,0.3539869917534985,0.0,4D-D
1,1,4D-E-4f4328240852,4D,4D-E,equal_total,32,joint-property-residual,standardized_anomaly,"[80, 48]",2.0,"[1.0, 1.0]",wells,15,30,ridge(alpha_relative=0.0001),224596,1.2580843339965213,13036199.633282509,0.4580289523512102,0.0014516950345939,0.3025694119364346,0.2317065389771009,0.0055964068629397,0.99782642093393,0.8703293658901344,0.0038600597991129,1.384672585938408,0.0010387231804505,0.0015882592778195,0.9997981098688477,0.8399230110498691,4D,3D-independent,4D-E,0.3541209279212778,0.0,4D-E
1,1,3D-current-e419eaac8e1a,3D,3D-current,equal_total,32,legacy-independent,raw_minmax,"[48, 48]",,"[1.0, 1.0]",wells,15,30,ridge(alpha_relative=0.0001),129984,12.093545875002746,67649343.5115113,0.4400311632716926,0.0018731005558871,0.3904008212379884,0.2989675080634923,0.0072209607087863,0.9953143919868164,0.6195151474937829,0.0030396479508639,1.0903761619010215,0.0008179543715091,0.0012506928157885,0.9998966812929404,0.821789512610696,3D,3D-current,4D-A-current,0.8610666981867661,0.0,3D current
1,1,4D-A-current-205a30146a4e,4D,4D-A-current,equal_total,32,legacy-joint,raw_minmax,"[48, 48]",2.0,"[1.0, 1.0]",wells,15,30,ridge(alpha_relative=0.0001),194740,16.30574404199433,1057643370.9407943,1.6591720989805463,0.0024846159388573,0.517855862004974,0.3965721078883676,0.0095784041142502,0.9817333431303014,0.7723806918997788,0.0159775897049152,5.7314475954108595,0.0042994911110022,0.0065741352224277,0.9905941903195432,0.4528494310875171,4D,3D-current,4D-A-current,0.8610666981867661,0.0,4D current
1,1,4D-A-4ea76ef087a9,4D,4D-A,equal_total,32,joint,standardized_anomaly,"[80, 48]",2.0,"[1.0, 1.0]",wells,20,40,ridge(alpha_relative=0.0001),259188,0.8339335000055144,4956.684054162376,0.347469207604378,0.0007892264469482,0.1644944538951482,0.1259692456981751,0.0030425345536505,0.9986402410896498,0.9416911593660644,0.0031365658080894,1.1251423331450332,0.0008440344920614,0.0012905706140445,0.9998609939316347,0.857828753879274,4D,3D-independent,4D-A,0.3767375382488118,0.0,4D-A
1,1,3D-independent-7db5f3bc9ad5,3D,3D-independent,equal_total,32,independent,raw_minmax,"[80, 48]",,"[1.0, 1.0]",wells,20,40,ridge(alpha_relative=1e-06),149728,0.4602252920012688,622988.7883922386,0.3976961725231081,0.000825793438487,0.1721159259416215,0.1318057408630268,0.0031835033918209,0.9994257869773592,0.9386517776055228,0.0036606982725361,1.3131580356702797,0.0009850759703754,0.0015062300319776,0.9998816236434792,0.8503267654334142,3D,3D-independent,4D-B,0.2787421486830089,0.0,3D optimized
1,1,4D-B-2828b82824ed,4D,4D-B,equal_total,32,shared-independent,ensemble_anomaly,"[80, 48]",,"[1.0, 1.0]",wells,20,40,ridge(alpha_relative=1e-06),136304,0.6514956250030082,1321890.323014513,0.2135556021039607,0.0003895882773609,0.0811999029888542,0.0621825860268268,0.0015018956855173,0.9996574629063272,0.9863982433868712,0.0019623235405945,0.7039206004081358,0.0005280516508132,0.0008074171726949,0.999951537649984,0.875397946575423,4D,3D-independent,4D-B,0.2787421486830089,0.0,4D optimized
1,1,4D-B-2828b82824ed,4D,4D-B,equal_total,32,shared-independent,ensemble_anomaly,"[80, 48]",,"[1.0, 1.0]",wells,20,40,ridge(alpha_relative=1e-06),136304,0.6514956250030082,1321890.323014513,0.2135556021039607,0.0003895882773609,0.0811999029888542,0.0621825860268268,0.0015018956855173,0.9996574629063272,0.9863982433868712,0.0019623235405945,0.7039206004081358,0.0005280516508132,0.0008074171726949,0.999951537649984,0.875397946575423,4D,3D-independent,4D-B,0.2787421486830089,0.0,4D-B
1,1,4D-C-44adce3e7a5f,4D,4D-C,equal_total,32,joint,standardized_anomaly,"[80, 48]",2.0,"[1.0, 0.5]",wells,20,40,ridge(alpha_relative=0.0001),259188,1.2946521670019138,3316.9976030541884,0.3856992115033958,0.0008301680792724,0.1730277100686854,0.1325039817824382,0.0032003680012128,0.9985431951961228,0.944884069882521,0.0035444026868558,1.2714407261627203,0.0009537813980328,0.0014583790782259,0.9998340144150504,0.8584591105531244,4D,3D-independent,4D-C,0.39046689279711,0.0,4D-C
1,1,4D-D-2ecf0e4138e3,4D,4D-D,equal_total,32,partial-spatial,standardized_anomaly,"[80, 48]",,"[1.0, 1.0]",wells,20,40,ridge(alpha_relative=0.0001),163152,1.3037149169977056,2365.7067583665134,0.3640121252071148,0.0005134930805336,0.1070247508657737,0.0819591592199831,0.0019795591577362,0.9993374666219542,0.9382051055758256,0.0035297616217321,1.266188713872578,0.0009498415591386,0.0014523548690867,0.9998483963612668,0.89612482224396,4D,3D-independent,4D-D,0.3868757023817256,0.0,4D-D
1,1,4D-E-4f4328240852,4D,4D-E,equal_total,32,joint-property-residual,standardized_anomaly,"[80, 48]",2.0,"[1.0, 1.0]",wells,20,40,ridge(alpha_relative=0.0001),224596,1.2580843339965213,5138.409977476325,0.3399406838338523,0.0006946879930448,0.1447902848229185,0.1108798657442452,0.0026780808360106,0.9992114159483636,0.920120346905518,0.0030824483373512,1.1057294271147118,0.000829471745822,0.0012683034525326,0.999864362996842,0.8613936062989244,4D,3D-independent,4D-E,0.3635984889216229,0.0,4D-E
1,1,3D-current-e419eaac8e1a,3D,3D-current,equal_total,32,legacy-independent,raw_minmax,"[48, 48]",,"[1.0, 1.0]",wells,20,40,ridge(alpha_relative=0.0001),129984,12.093545875002746,239461.71094712184,0.4356651048077803,0.0017682450602789,0.3685463236414322,0.282231414461786,0.0068167339247479,0.9954169883291786,0.6290742322226017,0.0030789560416728,1.1044766781057644,0.0008285319861647,0.0012668665133916,0.9998963597792926,0.8316509328095489,3D,3D-current,4D-A-current,0.8430121747410134,0.0,3D current
1,1,4D-A-current-205a30146a4e,4D,4D-A-current,equal_total,32,legacy-joint,raw_minmax,"[48, 48]",2.0,"[1.0, 1.0]",wells,20,40,ridge(alpha_relative=0.0001),194740,16.30574404199433,299863.823522838,1.6519524879166538,0.0023787266101445,0.4957858878330482,0.3796710031204962,0.0091701918163507,0.9815545541694772,0.7748245834893119,0.0159673849921574,5.727786982172075,0.0042967450727947,0.0065699363937674,0.9906069538004656,0.4567012531877056,4D,3D-current,4D-A-current,0.8430121747410134,0.0,4D current
1,1,4D-A-4ea76ef087a9,4D,4D-A,equal_total,32,joint,standardized_anomaly,"[80, 48]",2.0,"[1.0, 1.0]",wells,30,60,ridge(alpha_relative=0.0001),259188,0.8339335000055144,365.4764727915012,0.2777793354148745,0.0004482466736028,0.0934257741484958,0.0715451130392257,0.0017280287530516,0.999659421993782,0.9691770026636392,0.0026360119126363,0.9455846856241608,0.0007093378911457,0.0010846128284462,0.9999090366114736,0.8866092335626783,4D,3D-independent,4D-A,0.3177335827999704,0.0,4D-A
1,1,3D-independent-7db5f3bc9ad5,3D,3D-independent,equal_total,32,independent,raw_minmax,"[80, 48]",,"[1.0, 1.0]",wells,30,60,ridge(alpha_relative=1e-06),149728,0.4602252920012688,20148.137611565173,0.2842101842004744,0.0010207273686284,0.2127450134591965,0.1629193461354355,0.0039349901424582,0.9996291629302616,0.8828061652136346,0.0022452510242127,0.8054117561836798,0.0006041860505155,0.0009238304471498,0.9999524082821736,0.8798259004683232,3D,3D-independent,4D-B,0.2443095777122473,0.0,3D optimized
1,1,4D-B-2828b82824ed,4D,4D-B,equal_total,32,shared-independent,ensemble_anomaly,"[80, 48]",,"[1.0, 1.0]",wells,30,60,ridge(alpha_relative=1e-06),136304,0.6514956250030082,215026.35788158223,0.1973110545431031,0.0003510372546371,0.0731649094143602,0.0560294176019883,0.0013532782397016,0.9999029192542392,0.983198458612536,0.0018271862866226,0.6554444470187628,0.0004916868778438,0.0007518136306333,0.9999609687645704,0.8955318179088848,4D,3D-independent,4D-B,0.2443095777122473,0.0,4D optimized
1,1,4D-B-2828b82824ed,4D,4D-B,equal_total,32,shared-independent,ensemble_anomaly,"[80, 48]",,"[1.0, 1.0]",wells,30,60,ridge(alpha_relative=1e-06),136304,0.6514956250030082,215026.35788158223,0.1973110545431031,0.0003510372546371,0.0731649094143602,0.0560294176019883,0.0013532782397016,0.9999029192542392,0.983198458612536,0.0018271862866226,0.6554444470187628,0.0004916868778438,0.0007518136306333,0.9999609687645704,0.8955318179088848,4D,3D-independent,4D-B,0.2443095777122473,0.0,4D-B
1,1,4D-C-44adce3e7a5f,4D,4D-C,equal_total,32,joint,standardized_anomaly,"[80, 48]",2.0,"[1.0, 0.5]",wells,30,60,ridge(alpha_relative=0.0001),259188,1.2946521670019138,388.9056070960711,0.2702243158531179,0.0006054144897844,0.126183462632776,0.0966308299826727,0.0023339239473946,0.9997221698076096,0.9611660250971495,0.0024584987975024,0.8819075518587871,0.0006615699815485,0.001011573324729,0.99991908962573,0.8932214770610336,4D,3D-independent,4D-C,0.3227865843184245,0.0,4D-C
1,1,4D-D-2ecf0e4138e3,4D,4D-D,equal_total,32,partial-spatial,standardized_anomaly,"[80, 48]",,"[1.0, 1.0]",wells,30,60,ridge(alpha_relative=0.0001),163152,1.3037149169977056,843.1060274283983,0.3183651012439169,0.0003882810905898,0.0809274526992279,0.0619739446005551,0.0014968563702048,0.999636704058781,0.9516159814449529,0.0030874852633505,1.1075362626850345,0.0008308271579312,0.0012703759448945,0.9998889970074494,0.8783906393722369,4D,3D-independent,4D-D,0.3658308962675762,0.0,4D-D
1,1,4D-E-4f4328240852,4D,4D-E,equal_total,32,joint-property-residual,standardized_anomaly,"[80, 48]",2.0,"[1.0, 1.0]",wells,30,60,ridge(alpha_relative=0.0001),224596,1.2580843339965213,861.8003723727596,0.276117029741889,0.0006142024126442,0.1280150846942138,0.0980334793974093,0.0023678021316081,0.9989703926278252,0.8771517404650317,0.0023815033313819,0.8542878991261841,0.0006408508788374,0.0009798927887321,0.9999118769889108,0.8785179892406523,4D,3D-independent,4D-E,0.3207918113357328,0.0,4D-E
1,1,3D-current-e419eaac8e1a,3D,3D-current,equal_total,32,legacy-independent,raw_minmax,"[48, 48]",,"[1.0, 1.0]",wells,30,60,ridge(alpha_relative=0.0001),129984,12.093545875002746,23491.291005220635,0.4122563722030612,0.0018068684496442,0.3765964002269063,0.2883961334007667,0.0069656303500733,0.9953529187224442,0.6273015058060709,0.0027920862577175,1.0015713485903437,0.000751336732756,0.0011488311409868,0.9999095657205046,0.830983014203939,3D,3D-current,4D-A-current,0.8103896704117753,0.0,3D current
1,1,4D-A-current-205a30146a4e,4D,4D-A-current,equal_total,32,legacy-joint,raw_minmax,"[48, 48]",2.0,"[1.0, 1.0]",wells,30,60,ridge(alpha_relative=0.0001),194740,16.30574404199433,20939.702176596704,1.6362961741591742,0.0024473602356916,0.5100908452972513,0.3906256867517071,0.0094347802346392,0.982596158129923,0.7744772617430512,0.0157448218046548,5.647949580574136,0.0042368544094358,0.0064783605980936,0.990638200090078,0.4512341967263308,4D,3D-current,4D-A-current,0.8103896704117753,0.0,4D current
1,1,4D-A-4ea76ef087a9,4D,4D-A,equal_total,32,joint,standardized_anomaly,"[80, 48]",2.0,"[1.0, 1.0]",grid,30,30,ridge(alpha_relative=0.0001),259188,0.8339335000055144,173.43313546771998,0.697085671054558,0.0084779706814395,1.7670203054838192,1.3531776284508577,0.0326832924097465,0.9971599765885548,-0.0232840009188798,0.0013373802435587,0.479742246650426,0.0003598824713493,0.0005502781537977,0.9999483032277964,0.9401237367509064,4D,3D-independent,4D-A,0.6526654114920825,0.0,4D-A
1,1,3D-independent-7db5f3bc9ad5,3D,3D-independent,equal_total,32,independent,raw_minmax,"[80, 48]",,"[1.0, 1.0]",grid,30,30,ridge(alpha_relative=1e-06),149728,0.4602252920012688,2.215082671357828e+19,0.8136933294546326,0.0109526862490405,2.2828126834665974,1.7481695278906657,0.0422235297573382,0.9961515702777014,0.3523372863895801,0.00161130362859,0.5780034709939976,0.0004335939122355,0.0006629866040107,0.9999580189027424,0.8597483868945497,3D,3D-independent,4D-B,0.4112212905953233,0.0,3D optimized
1,1,4D-B-2828b82824ed,4D,4D-B,equal_total,32,shared-independent,ensemble_anomaly,"[80, 48]",,"[1.0, 1.0]",grid,30,30,ridge(alpha_relative=1e-06),136304,0.6514956250030082,4.657037682640254e+18,0.3883082968045037,0.0028333976654173,0.5905506631750754,0.452241518331917,0.0109229871028765,0.999316089914316,0.1136836438902506,0.0013463529855287,0.4829609299022653,0.0003622969922535,0.0005539700760535,0.9999702775484962,0.9268731678284008,4D,3D-independent,4D-B,0.4112212905953233,0.0,4D optimized
1,1,4D-B-2828b82824ed,4D,4D-B,equal_total,32,shared-independent,ensemble_anomaly,"[80, 48]",,"[1.0, 1.0]",grid,30,30,ridge(alpha_relative=1e-06),136304,0.6514956250030082,4.657037682640254e+18,0.3883082968045037,0.0028333976654173,0.5905506631750754,0.452241518331917,0.0109229871028765,0.999316089914316,0.1136836438902506,0.0013463529855287,0.4829609299022653,0.0003622969922535,0.0005539700760535,0.9999702775484962,0.9268731678284008,4D,3D-independent,4D-B,0.4112212905953233,0.0,4D-B
1,1,4D-C-44adce3e7a5f,4D,4D-C,equal_total,32,joint,standardized_anomaly,"[80, 48]",2.0,"[1.0, 0.5]",grid,30,30,ridge(alpha_relative=0.0001),259188,1.2946521670019138,344.52783366061414,0.7287895884922704,0.0089412691349668,1.8635832455603083,1.4271251715794964,0.0344693470445859,0.9965304717848268,-0.0666930304359411,0.0013583098738467,0.4872500798970376,0.0003655145323198,0.0005588898544491,0.9999475916054856,0.9380429734124704,4D,3D-independent,4D-C,0.6513495777426948,0.0,4D-C
1,1,4D-D-2ecf0e4138e3,4D,4D-D,equal_total,32,partial-spatial,standardized_anomaly,"[80, 48]",,"[1.0, 1.0]",grid,30,30,ridge(alpha_relative=1e-06),163152,1.3037149169977056,2.634705219179025e+18,0.3799259611753905,0.0029959973539059,0.6244404891747857,0.4781942220063343,0.0115498226233436,0.9992213894071976,0.0875378032647556,0.0011355567077041,0.4073445295582603,0.0003055727466396,0.0004672358902097,0.9999699969737362,0.9366245447982122,4D,3D-independent,4D-D,0.4234867515213923,0.0,4D-D
1,1,4D-E-4f4328240852,4D,4D-E,equal_total,32,joint-property-residual,standardized_anomaly,"[80, 48]",2.0,"[1.0, 1.0]",grid,30,30,ridge(alpha_relative=0.0001),224596,1.2580843339965213,4488.74986227729,0.9964656342610826,0.0144465370599088,3.0110182363179527,2.3058266526979203,0.0556926194697654,0.9955902132333896,0.0849988640196913,0.0013649019649588,0.4896147810472568,0.0003672884317416,0.0005616022346747,0.9999486211915504,0.9445420966220668,4D,3D-independent,4D-E,0.64209879495183,0.0,4D-E
1,1,3D-current-e419eaac8e1a,3D,3D-current,equal_total,32,legacy-independent,raw_minmax,"[48, 48]",,"[1.0, 1.0]",grid,30,30,ridge(alpha_relative=0.0001),129984,12.093545875002746,4.366234745128382e+19,0.9646982685393148,0.0113650879125811,2.3687674644953685,1.813993381971776,0.0438133729717374,0.9929486252665726,0.3338577652635013,0.0029545925678614,1.0598652726248718,0.0007950663846528,0.0012156959483272,0.9999411046934988,0.8058215606624606,3D,3D-current,4D-A-current,1.063821689796135,0.0,3D current
1,1,4D-A-current-205a30146a4e,4D,4D-A-current,equal_total,32,legacy-joint,raw_minmax,"[48, 48]",2.0,"[1.0, 1.0]",grid,30,30,ridge(alpha_relative=0.0001),194740,16.30574404199433,338500.08008337184,1.8139578650685408,0.0045507861079483,0.9484972006641736,0.7263556556785571,0.0175436644745546,0.980594804276078,0.6448180677669652,0.0163161374063325,5.852890719502544,0.0043905926388156,0.0067134339783392,0.990464678065316,0.4462948520181433,4D,3D-current,4D-A-current,1.063821689796135,0.0,4D current
1,1,4D-A-4ea76ef087a9,4D,4D-A,equal_total,32,joint,standardized_anomaly,"[80, 48]",2.0,"[1.0, 1.0]",grid,100,100,ridge(alpha_relative=1e-06),259188,0.8339335000055144,116.93315897786589,0.1801813293044185,0.0012808863902993,0.2669686350333681,0.2044435954154482,0.004937925125109,0.9989878610324692,0.8032542237450845,0.0009242458891068,0.3315435542233421,0.0002487100406247,0.0003802899915431,0.999973660141153,0.9523195203329876,4D,3D-independent,4D-A,0.2407618462768161,0.0,4D-A
1,1,4D-B-2828b82824ed,4D,4D-B,equal_total,32,shared-independent,ensemble_anomaly,"[80, 48]",,"[1.0, 1.0]",grid,100,100,ridge(alpha_relative=1e-06),136304,0.6514956250030082,16971.100349779972,0.1622947306995839,0.0005475935440238,0.1141321370172165,0.0874019693037419,0.0021110193221359,0.9999065313471563,0.9132707814859932,0.0012715382773735,0.4561235541105233,0.0003421647208267,0.0005231868342053,0.9999752464480473,0.9288827551728148,4D,3D-independent,4D-B,0.2089117832241295,0.0,4D-B
1,1,4D-C-44adce3e7a5f,4D,4D-C,equal_total,32,joint,standardized_anomaly,"[80, 48]",2.0,"[1.0, 0.5]",grid,100,100,ridge(alpha_relative=1e-06),259188,1.2946521670019138,135.98071037049712,0.1875901267738585,0.0013308891481966,0.277390455520225,0.2124245870807841,0.0051306899763995,0.998968589495824,0.774782549392017,0.00093834516953,0.3366012186377421,0.0002525040879104,0.0003860912780796,0.9999720217194416,0.9524797847330494,4D,3D-independent,4D-C,0.2405980233342256,0.0,4D-C
1,1,3D-independent-7db5f3bc9ad5,3D,3D-independent,equal_total,32,independent,raw_minmax,"[80, 48]",,"[1.0, 1.0]",grid,100,100,ridge(alpha_relative=1e-06),149728,0.4602252920012688,4987.5229741919065,0.1905006020661703,0.0011730240138894,0.2444874285659732,0.1872275704734291,0.0045221065618376,0.9995261888799654,0.8287277726703107,0.0011005228719584,0.3947772651991694,0.0002961453130808,0.0004528208765683,0.9999774210002284,0.925796798330612,3D,3D-independent,4D-D,0.2076632631071484,0.0,3D optimized
1,1,4D-D-2ecf0e4138e3,4D,4D-D,equal_total,32,partial-spatial,standardized_anomaly,"[80, 48]",,"[1.0, 1.0]",grid,100,100,ridge(alpha_relative=1e-06),163152,1.3037149169977056,1359.3716667027431,0.1676588013741143,0.0009161500062463,0.1909484857562077,0.1462276456642754,0.0035318355854771,0.9968203474436038,0.8405174846695355,0.0010325639769686,0.3703991923815687,0.0002778579073883,0.0004248585259584,0.9999758689351405,0.9409074606131028,4D,3D-independent,4D-D,0.2076632631071484,0.0,4D optimized
1,1,4D-D-2ecf0e4138e3,4D,4D-D,equal_total,32,partial-spatial,standardized_anomaly,"[80, 48]",,"[1.0, 1.0]",grid,100,100,ridge(alpha_relative=1e-06),163152,1.3037149169977056,1359.3716667027431,0.1676588013741143,0.0009161500062463,0.1909484857562077,0.1462276456642754,0.0035318355854771,0.9968203474436038,0.8405174846695355,0.0010325639769686,0.3703991923815687,0.0002778579073883,0.0004248585259584,0.9999758689351405,0.9409074606131028,4D,3D-independent,4D-D,0.2076632631071484,0.0,4D-D
1,1,4D-E-4f4328240852,4D,4D-E,equal_total,32,joint-property-residual,standardized_anomaly,"[80, 48]",2.0,"[1.0, 1.0]",grid,100,100,ridge(alpha_relative=0.0001),224596,1.2580843339965213,1059.3714304211992,0.2047629813830556,0.0014849499935267,0.309500573873686,0.2370143972080172,0.0057246075359209,0.9987761270266694,0.7175030695295953,0.0009548222244145,0.3425118333387885,0.0002569379826542,0.0003928709231248,0.9999720399140024,0.9484178938309084,4D,3D-independent,4D-E,0.2950762026652733,0.0,4D-E
1,1,3D-current-e419eaac8e1a,3D,3D-current,equal_total,32,legacy-independent,raw_minmax,"[48, 48]",,"[1.0, 1.0]",grid,100,100,ridge(alpha_relative=1e-06),129984,12.093545875002746,6292.36526307902,0.25915649112036,0.002061597330098,0.4296882450879145,0.3290536722508531,0.0079476316800977,0.9931868398238498,0.7000683453089521,0.0011574071383468,0.4151826703841861,0.0003114525904743,0.0004762264631538,0.999973028407142,0.9164215566723688,3D,3D-current,4D-A-current,0.8018211037563244,0.0,3D current
1,1,4D-A-current-205a30146a4e,4D,4D-A-current,equal_total,32,legacy-joint,raw_minmax,"[48, 48]",2.0,"[1.0, 1.0]",grid,100,100,ridge(alpha_relative=1e-06),194740,16.30574404199433,19868.254108897156,1.769844836840755,0.0035566613632199,0.7412968367888148,0.5676823817309533,0.0137112296921541,0.9761890030581803,0.3233560962606437,0.0159643509744292,5.726698625671898,0.0042959286334886,0.0065686880175617,0.9904260144576222,0.4538761339347381,4D,3D-current,4D-A-current,0.8018211037563244,0.0,4D current
1,1,4D-A-4ea76ef087a9,4D,4D-A,equal_total,32,joint,standardized_anomaly,"[80, 48]",2.0,"[1.0, 1.0]",grid,300,300,ridge(alpha_relative=1e-06),259188,0.8339335000055144,107.40028878656764,0.1600910103506684,0.0010558032315421,0.2200556971510659,0.1685178407253489,0.004070210553947,0.998925705028915,0.8426005134882393,0.0008905844393625,0.3194685893032177,0.0002396519094152,0.0003664396595162,0.9999751184470498,0.95571997661498,4D,3D-independent,4D-A,0.1882275550652403,0.0,4D-A
1,1,4D-B-2828b82824ed,4D,4D-B,equal_total,32,shared-independent,ensemble_anomaly,"[80, 48]",,"[1.0, 1.0]",grid,300,300,least_squares(rcond=1e-10),136304,0.6514956250030082,18692.212943371786,0.1141308052167224,0.0002824209146105,0.0588635546832712,0.0450774929304997,0.0010887564585533,0.9999163923404544,0.9839183425261152,0.001007388148733,0.3613681718792184,0.0002710832153534,0.0004144996857194,0.999976189593026,0.9434986688650844,4D,3D-independent,4D-B,0.1625548022266299,0.0,4D-B
1,1,4D-C-44adce3e7a5f,4D,4D-C,equal_total,32,joint,standardized_anomaly,"[80, 48]",2.0,"[1.0, 0.5]",grid,300,300,ridge(alpha_relative=1e-06),259188,1.2946521670019138,124.98456882957665,0.1594902040831734,0.0010517117440864,0.2192029292322395,0.1678647942003965,0.0040544375245357,0.9989469962499712,0.8464484171346812,0.0008920078876217,0.3199792056885904,0.0002400349523679,0.000367025351195,0.9999749008923382,0.9559942200415912,4D,3D-independent,4D-C,0.1955130250074924,0.0,4D-C
1,1,3D-independent-7db5f3bc9ad5,3D,3D-independent,equal_total,32,independent,raw_minmax,"[80, 48]",,"[1.0, 1.0]",grid,300,300,ridge(alpha_relative=1e-06),149728,0.4602252920012688,5158.1427612784455,0.1546882041503293,0.0007750629191145,0.1615424218322984,0.1237085904394205,0.00298793295863,0.999698330382,0.91883092918643,0.0010640629081988,0.3816984231786794,0.0002863341154605,0.0004378190686369,0.9999776483241662,0.9301451276328904,3D,3D-independent,4D-D,0.1577818970167095,0.0,3D optimized
1,1,4D-D-2ecf0e4138e3,4D,4D-D,equal_total,32,partial-spatial,standardized_anomaly,"[80, 48]",,"[1.0, 1.0]",grid,300,300,ridge(alpha_relative=1e-06),163152,1.3037149169977056,529.3760520747901,0.1199080735028056,0.0003645656815626,0.0759845706253738,0.0581887037509437,0.0014054314671263,0.9997811986865638,0.9531579916107008,0.0009841986299866,0.3530496761666235,0.0002648430294706,0.0004049581319058,0.9999778960799486,0.9456459139508484,4D,3D-independent,4D-D,0.1577818970167095,0.0,4D optimized
1,1,4D-D-2ecf0e4138e3,4D,4D-D,equal_total,32,partial-spatial,standardized_anomaly,"[80, 48]",,"[1.0, 1.0]",grid,300,300,ridge(alpha_relative=1e-06),163152,1.3037149169977056,529.3760520747901,0.1199080735028056,0.0003645656815626,0.0759845706253738,0.0581887037509437,0.0014054314671263,0.9997811986865638,0.9531579916107008,0.0009841986299866,0.3530496761666235,0.0002648430294706,0.0004049581319058,0.9999778960799486,0.9456459139508484,4D,3D-independent,4D-D,0.1577818970167095,0.0,4D-D
1,1,4D-E-4f4328240852,4D,4D-E,equal_total,32,joint-property-residual,standardized_anomaly,"[80, 48]",2.0,"[1.0, 1.0]",grid,300,300,ridge(alpha_relative=1e-06),224596,1.2580843339965213,506.4875584197528,0.1619496957189894,0.0010655604354117,0.2220893415230554,0.1700751980799083,0.0041078253982478,0.998292553952214,0.848667235533318,0.000910440838603,0.3265914353508431,0.0002449951691689,0.0003746097687785,0.9999749888620684,0.9530967524625634,4D,3D-independent,4D-E,0.2045893101591049,0.0,4D-E
1,1,3D-current-e419eaac8e1a,3D,3D-current,equal_total,32,legacy-independent,raw_minmax,"[48, 48]",,"[1.0, 1.0]",grid,300,300,ridge(alpha_relative=1e-06),129984,12.093545875002746,5588.497726345637,0.2060420098568204,0.0014872177391243,0.3099732285535874,0.2373763544174734,0.0057333498865686,0.9943685800867548,0.820384801435424,0.0010803023837779,0.3875238139277006,0.0002907040787772,0.0004445009593582,0.9999747688444746,0.9262732046725888,3D,3D-current,4D-A-current,0.7530602979372788,0.0,3D current
1,1,4D-A-current-205a30146a4e,4D,4D-A-current,equal_total,32,legacy-joint,raw_minmax,"[48, 48]",2.0,"[1.0, 1.0]",grid,300,300,ridge(alpha_relative=1e-06),194740,16.30574404199433,18203.41469493185,1.6021735690428112,0.0021238431319536,0.4426618209520925,0.3389887887664549,0.0081875944990042,0.9815879552847148,0.8098233176009104,0.0156091634439028,5.59928649684942,0.004200349409185,0.0064225426415615,0.9906227824648596,0.4566847656596238,4D,3D-current,4D-A-current,0.7530602979372788,0.0,4D current
1,1,4D-A-3bf6b15a532d,4D,4D-A,equal_per_property,64,joint,standardized_anomaly,"[80, 48]",2.0,"[1.0, 1.0]",wells,5,10,ridge(alpha_relative=1e-06),504948,0.849900917004561,35629.85292521387,0.4813251625926529,0.0042018576661877,0.8757718203910875,0.6706628278707998,0.0161985158864492,0.9967876285763608,0.8568815480115315,0.0025262647351317,0.9062164074151708,0.0006798054633607,0.0010394562811496,0.9999199613544598,0.8564936068597616,4D,3D-independent,4D-A,0.5024811166115382,0.0,4D-A
1,1,4D-B-643a4d560541,4D,4D-B,equal_per_property,64,shared-independent,ensemble_anomaly,"[80, 48]",,"[1.0, 1.0]",wells,5,10,ridge(alpha_relative=1e-06),259184,0.8174890410009539,14340880.952126106,0.4254636550121238,0.0036876810764906,0.7686046091870844,0.5885945730495744,0.0142163217432084,0.9970859838047226,0.8819254113764607,0.0022729041136798,0.8153314146590069,0.0006116273614111,0.0009352085807001,0.9999429403941406,0.8822373962187318,4D,3D-independent,4D-B,0.4996044991060585,0.0,4D-B
1,1,4D-C-f8d668c31c07,4D,4D-C,equal_per_property,64,joint,standardized_anomaly,"[80, 48]",2.0,"[1.0, 2.0]",wells,5,10,ridge(alpha_relative=1e-06),504948,0.947404540995194,23386.508113644373,0.484229637925081,0.0041518123043957,0.8653411201911724,0.662675036153976,0.0160055867935495,0.9967820313772312,0.8600501928334305,0.0025921375644762,0.9298461711231332,0.0006975315190082,0.0010665602996902,0.9999138233379056,0.8564872863945321,4D,3D-independent,4D-C,0.4927761632114351,0.0,4D-C
1,1,4D-D-ff94f89c821d,4D,4D-D,equal_per_property,64,partial-spatial,standardized_anomaly,"[64, 48]",,"[1.0, 1.0]",wells,5,10,ridge(alpha_relative=1e-06),230208,1.2122012929976336,12387.685013429487,0.4224166224404715,0.0036379337440996,0.7582360257392707,0.5806543501122577,0.0140245415787994,0.997063109454608,0.8833789817878708,0.0022705928031012,0.8145023061574905,0.0006110053990581,0.0009342575694046,0.9999353605097396,0.8827647024818801,4D,3D-independent,4D-D,0.4965331329407103,0.0,4D-D
1,1,3D-independent-fa9b36e31dc0,3D,3D-independent,equal_per_property,64,independent,raw_minmax,"[80, 48]",,"[1.0, 1.0]",wells,5,10,ridge(alpha_relative=1e-06),272608,0.8463302919990383,11844301.807050472,0.9005105175082353,0.0039497973656962,0.823236174077777,0.6304312238157949,0.0152268021573741,0.996503344818496,0.8565694688070414,0.0071949877275,2.580970964419276,0.0019361359472536,0.0029604479222383,0.9996705083559936,0.7477606681211819,3D,3D-independent,4D-E,0.485347324273896,0.0,3D optimized
1,1,4D-E-6ca320f290f9,4D,4D-E,equal_per_property,64,joint-property-residual,standardized_anomaly,"[80, 48]",2.0,"[1.0, 1.0]",wells,5,10,ridge(alpha_relative=1e-06),408916,1.9605617500055816,12219.417837881008,0.4477735912846016,0.003905866166672,0.8140798177235272,0.6234193199127991,0.0150574436779016,0.9969400130022316,0.8693063435397521,0.0023533563407322,0.8441910694505574,0.0006332766615534,0.0009683114347198,0.9999293949593168,0.8650467005316044,4D,3D-independent,4D-E,0.485347324273896,0.0,4D optimized
1,1,4D-E-6ca320f290f9,4D,4D-E,equal_per_property,64,joint-property-residual,standardized_anomaly,"[80, 48]",2.0,"[1.0, 1.0]",wells,5,10,ridge(alpha_relative=1e-06),408916,1.9605617500055816,12219.417837881008,0.4477735912846016,0.003905866166672,0.8140798177235272,0.6234193199127991,0.0150574436779016,0.9969400130022316,0.8693063435397521,0.0023533563407322,0.8441910694505574,0.0006332766615534,0.0009683114347198,0.9999293949593168,0.8650467005316044,4D,3D-independent,4D-E,0.485347324273896,0.0,4D-E
1,1,3D-current-5e7711139fcb,3D,3D-current,equal_per_property,64,legacy-independent,raw_minmax,"[48, 48]",,"[1.0, 1.0]",wells,5,10,ridge(alpha_relative=0.0001),242016,12.91448549999768,333682.5391599915,1.340701602341697,0.0037308686859149,0.7776059829433223,0.5954877918510022,0.0143828136220236,0.9939421686272718,0.6873481870794251,0.0119598417015512,4.290209426316843,0.0032183348073454,0.0049209935939611,0.9993760767712172,0.7226698127073273,3D,3D-current,4D-A-current,1.5198884840331484,0.0,3D current
1,1,4D-A-current-43ce2f360e5a,4D,4D-A-current,equal_per_property,64,legacy-joint,raw_minmax,"[48, 48]",2.0,"[1.0, 1.0]",wells,5,10,ridge(alpha_relative=0.0001),380500,16.838082582995412,238888.43840758337,2.0783842066917586,0.0037449684690024,0.7805447290129599,0.5977382727451892,0.0144371694756682,0.9794479840406556,0.6932765437521209,0.0198016524199448,7.103207382559126,0.0053285276524855,0.0081475831486762,0.9903089014364426,0.4471540258579807,4D,3D-current,4D-A-current,1.5198884840331484,0.0,4D current
1,1,4D-A-3bf6b15a532d,4D,4D-A,equal_per_property,64,joint,standardized_anomaly,"[80, 48]",2.0,"[1.0, 1.0]",wells,10,20,ridge(alpha_relative=1e-06),504948,0.849900917004561,611895.1450733837,0.3438374098088674,0.0013400666000664,0.2793032651318351,0.2138894096218062,0.0051660698278174,0.9984596192926964,0.9410906947440312,0.002805474922887,1.0063741025856956,0.0007549395569584,0.0011543400379417,0.9998552184241007,0.8795647622200912,4D,3D-independent,4D-A,0.3383410008100466,0.0,4D-A
1,1,3D-independent-fa9b36e31dc0,3D,3D-independent,equal_per_property,64,independent,raw_minmax,"[80, 48]",,"[1.0, 1.0]",wells,10,20,ridge(alpha_relative=1e-06),272608,0.8463302919990383,975485334.0355608,0.3626777834426955,0.0014840896695013,0.3093212609131515,0.2368770800046249,0.0057212909142025,0.9985276041475016,0.9102052715961264,0.0028441373915598,1.0202430225667254,0.0007653434378602,0.0011702480880157,0.9999085998654936,0.8475010278220629,3D,3D-independent,4D-B,0.3161269503378269,0.0,3D optimized
1,1,4D-B-643a4d560541,4D,4D-B,equal_per_property,64,shared-independent,ensemble_anomaly,"[80, 48]",,"[1.0, 1.0]",wells,10,20,ridge(alpha_relative=1e-06),259184,0.8174890410009539,2097736622.1256428,0.3142144898614364,0.0014689567365027,0.3061671806627336,0.2344616969895238,0.0056629521804662,0.998505918654256,0.9359361880457904,0.002408014506969,0.8637979326403888,0.0006479849063024,0.0009908010706716,0.9999369851117904,0.8902781196689629,4D,3D-independent,4D-B,0.3161269503378269,0.0,4D optimized
1,1,4D-B-643a4d560541,4D,4D-B,equal_per_property,64,shared-independent,ensemble_anomaly,"[80, 48]",,"[1.0, 1.0]",wells,10,20,ridge(alpha_relative=1e-06),259184,0.8174890410009539,2097736622.1256428,0.3142144898614364,0.0014689567365027,0.3061671806627336,0.2344616969895238,0.0056629521804662,0.998505918654256,0.9359361880457904,0.002408014506969,0.8637979326403888,0.0006479849063024,0.0009908010706716,0.9999369851117904,0.8902781196689629,4D,3D-independent,4D-B,0.3161269503378269,0.0,4D-B
1,1,4D-C-f8d668c31c07,4D,4D-C,equal_per_property,64,joint,standardized_anomaly,"[80, 48]",2.0,"[1.0, 2.0]",wells,10,20,ridge(alpha_relative=1e-06),504948,0.947404540995194,1008011.2004523856,0.3631450787076029,0.0013910771243213,0.2899351292345436,0.2220312519129596,0.005362719703459,0.997903885594316,0.9394334616203646,0.0029589246423189,1.0614192653228405,0.0007962321246653,0.001217478422643,0.9998454194177052,0.8581146978335804,4D,3D-independent,4D-C,0.336969635319869,0.0,4D-C
1,1,4D-D-ff94f89c821d,4D,4D-D,equal_per_property,64,partial-spatial,standardized_anomaly,"[64, 48]",,"[1.0, 1.0]",wells,10,20,ridge(alpha_relative=1e-06),230208,1.2122012929976336,216178.55807554928,0.3246992506851935,0.0013754551592242,0.2866791225113209,0.2195378139811617,0.0053024957097148,0.9984062920980652,0.945113329285647,0.0025652354392265,0.920195896962763,0.0006902922889044,0.0010554911576963,0.9999137013610676,0.8710427041809725,4D,3D-independent,4D-D,0.32389675953779,0.0,4D-D
1,1,4D-E-6ca320f290f9,4D,4D-E,equal_per_property,64,joint-property-residual,standardized_anomaly,"[80, 48]",2.0,"[1.0, 1.0]",wells,10,20,ridge(alpha_relative=1e-06),408916,1.9605617500055816,383740.8471119538,0.2979304244438808,0.001486948532315,0.3099171191476547,0.2373333860414913,0.005732312071601,0.9985667136839776,0.9466045240216288,0.0022382223118097,0.802890431156258,0.0006022946584435,0.0009209384148327,0.9999065094125108,0.89556718103515,4D,3D-independent,4D-E,0.3255061126013886,0.0,4D-E
1,1,3D-current-5e7711139fcb,3D,3D-current,equal_per_property,64,legacy-independent,raw_minmax,"[48, 48]",,"[1.0, 1.0]",wells,10,20,ridge(alpha_relative=0.0001),242016,12.91448549999768,39785309.866010524,0.4844893279470958,0.0020442285680887,0.4260681623694485,0.3262814262655822,0.0078806736368494,0.99492354510255,0.6146550450502373,0.003446361728454,1.236271678411376,0.0009273990564564,0.0014180391690297,0.999876748531661,0.8341100129346447,3D,3D-current,4D-A-current,0.9047171003244427,0.0,3D current
1,1,4D-A-current-43ce2f360e5a,4D,4D-A-current,equal_per_property,64,legacy-joint,raw_minmax,"[48, 48]",2.0,"[1.0, 1.0]",wells,10,20,ridge(alpha_relative=0.0001),380500,16.838082582995412,61135582.76922247,1.6943017371983773,0.0026610401618507,0.5546270654122946,0.42473135974732,0.0102585343818481,0.9809569912900594,0.7563215942969527,0.0162415525176408,5.826135784068542,0.0043705222106805,0.0066827452979522,0.9905305094285014,0.4507902070777025,4D,3D-current,4D-A-current,0.9047171003244427,0.0,4D current
1,1,4D-A-3bf6b15a532d,4D,4D-A,equal_per_property,64,joint,standardized_anomaly,"[80, 48]",2.0,"[1.0, 1.0]",wells,15,30,ridge(alpha_relative=0.0001),504948,0.849900917004561,2143343.624449932,0.4234188399156494,0.0011907892031057,0.2481901365907399,0.1900630906133224,0.0045905928654221,0.998585365762792,0.950340991355712,0.003761724790725,1.3493980571904327,0.0010122617114634,0.0015477983788867,0.9998473560744664,0.857484676881438,4D,3D-independent,4D-A,0.3449270263070902,0.0,4D-A
1,1,3D-independent-fa9b36e31dc0,3D,3D-independent,equal_per_property,64,independent,raw_minmax,"[80, 48]",,"[1.0, 1.0]",wells,15,30,ridge(alpha_relative=1e-06),272608,0.8463302919990383,1567547847.9620335,0.3998347639463765,0.0008858624016144,0.1846357943822932,0.1413934099081917,0.0034150743137329,0.9993776971568172,0.9665065473019712,0.0036785666975056,1.3195677597410682,0.0009898842759924,0.0015135821698238,0.9998777598917686,0.8432224493737391,3D,3D-independent,4D-B,0.3036072826485477,0.0,3D optimized
1,1,4D-B-643a4d560541,4D,4D-B,equal_per_property,64,shared-independent,ensemble_anomaly,"[80, 48]",,"[1.0, 1.0]",wells,15,30,ridge(alpha_relative=1e-06),259184,0.8174890410009539,13032713861.097273,0.2418170148820291,0.0008136077546446,0.169576125841476,0.1298607713198992,0.0031365265522918,0.9992383640308232,0.9833749276970436,0.0020289694470438,0.7278276807198428,0.0005459857377221,0.0008348392813552,0.9999480108916357,0.876896566369361,4D,3D-independent,4D-B,0.3036072826485477,0.0,4D optimized
1,1,4D-B-643a4d560541,4D,4D-B,equal_per_property,64,shared-independent,ensemble_anomaly,"[80, 48]",,"[1.0, 1.0]",wells,15,30,ridge(alpha_relative=1e-06),259184,0.8174890410009539,13032713861.097273,0.2418170148820291,0.0008136077546446,0.169576125841476,0.1298607713198992,0.0031365265522918,0.9992383640308232,0.9833749276970436,0.0020289694470438,0.7278276807198428,0.0005459857377221,0.0008348392813552,0.9999480108916357,0.876896566369361,4D,3D-independent,4D-B,0.3036072826485477,0.0,4D-B
1,1,4D-C-f8d668c31c07,4D,4D-C,equal_per_property,64,joint,standardized_anomaly,"[80, 48]",2.0,"[1.0, 2.0]",wells,15,30,ridge(alpha_relative=1e-08),504948,0.947404540995194,2976276.614310107,0.4066697676185872,0.0008845725492064,0.1843669570057963,0.1411875352374604,0.0034101018238529,0.9988514886944064,0.91178762256088,0.0036752448314018,1.3183761468730335,0.0009889903780986,0.0015122153555946,0.9998417714265764,0.8403404442480822,4D,3D-independent,4D-C,0.3405582107334891,0.0,4D-C
1,1,4D-D-ff94f89c821d,4D,4D-D,equal_per_property,64,partial-spatial,standardized_anomaly,"[64, 48]",,"[1.0, 1.0]",wells,15,30,ridge(alpha_relative=1e-08),230208,1.2122012929976336,283859.38630504865,0.5233308156632673,0.000749318668455,0.1561766786168403,0.1195995240882098,0.0028886866998506,0.999062195580543,0.9810445262236372,0.0051562584805271,1.8496422686609972,0.0013875238951865,0.0021215928759484,0.999762811680204,0.8439468430258991,4D,3D-independent,4D-D,0.3206774423359075,0.0,4D-D
1,1,4D-E-6ca320f290f9,4D,4D-E,equal_per_property,64,joint-property-residual,standardized_anomaly,"[80, 48]",2.0,"[1.0, 1.0]",wells,15,30,ridge(alpha_relative=1e-08),408916,1.9605617500055816,558911.4083369783,0.4106798959124957,0.001309061090304,0.2728409444432332,0.2089405882887673,0.0050465409712131,0.9971163229402386,0.9397972933902358,0.0035414347463133,1.2703760727325508,0.0009529827397736,0.0014571578901231,0.9998661273363432,0.8611975736613668,4D,3D-independent,4D-E,0.3293279649997677,0.0,4D-E
1,1,3D-current-5e7711139fcb,3D,3D-current,equal_per_property,64,legacy-independent,raw_minmax,"[48, 48]",,"[1.0, 1.0]",wells,15,30,ridge(alpha_relative=0.0001),242016,12.91448549999768,60916154.05711869,0.4251976945416099,0.0018122155540204,0.3777108699937263,0.2892495902350575,0.0069862438886714,0.9952319437798104,0.6195729173791129,0.0029229054634821,1.0484985407488965,0.0007865395401081,0.0012026579799701,0.9999053967656164,0.8312643477732526,3D,3D-current,4D-A-current,0.8605997110830947,0.0,3D current
1,1,4D-A-current-43ce2f360e5a,4D,4D-A-current,equal_per_property,64,legacy-joint,raw_minmax,"[48, 48]",2.0,"[1.0, 1.0]",wells,15,30,ridge(alpha_relative=0.0001),380500,16.838082582995412,184246056.8558407,1.664594121164645,0.0025290999136887,0.5271274306089627,0.403672240907003,0.0097498935911061,0.98211245385021,0.7610686936114888,0.0159955003241892,5.737872455334409,0.0043043107708998,0.0065815047215323,0.9905653214335542,0.4521781089580951,4D,3D-current,4D-A-current,0.8605997110830947,0.0,4D current
1,1,4D-A-3bf6b15a532d,4D,4D-A,equal_per_property,64,joint,standardized_anomaly,"[80, 48]",2.0,"[1.0, 1.0]",wells,20,40,ridge(alpha_relative=1e-06),504948,0.849900917004561,4324804.072255775,0.3519733800659879,0.0007934784429195,0.165380675787436,0.1266479111525366,0.0030589263569341,0.9988413529351388,0.960074694404926,0.0032196437528813,1.154943879917919,0.0008663903599833,0.0013247538452545,0.999861555382006,0.8647873764778808,4D,3D-independent,4D-A,0.3124253985995628,0.0,4D-A
1,1,3D-independent-fa9b36e31dc0,3D,3D-independent,equal_per_property,64,independent,raw_minmax,"[80, 48]",,"[1.0, 1.0]",wells,20,40,ridge(alpha_relative=1e-06),272608,0.8463302919990383,2870579777.23397,0.342409272984053,0.0006419035265709,0.1337886869667617,0.1024548827092664,0.0024745922634168,0.999722459108361,0.9487222383965336,0.0031813360532371,1.141202221941552,0.0008560819456889,0.0013089917683598,0.9998980042557952,0.8619853955476697,3D,3D-independent,4D-B,0.2505610585228894,0.0,3D optimized
1,1,4D-B-643a4d560541,4D,4D-B,equal_per_property,64,shared-independent,ensemble_anomaly,"[80, 48]",,"[1.0, 1.0]",wells,20,40,ridge(alpha_relative=1e-06),259184,0.8174890410009539,18309637541.68868,0.2091792108982431,0.0002762557078011,0.0575785719876488,0.044093457924639,0.0010649890660383,0.999827973081883,0.9917676624373316,0.0019880215183988,0.7131389253127828,0.0005349668507389,0.0008179908564699,0.9999493178103378,0.876233644977586,4D,3D-independent,4D-B,0.2505610585228894,0.0,4D optimized
1,1,4D-B-643a4d560541,4D,4D-B,equal_per_property,64,shared-independent,ensemble_anomaly,"[80, 48]",,"[1.0, 1.0]",wells,20,40,ridge(alpha_relative=1e-06),259184,0.8174890410009539,18309637541.68868,0.2091792108982431,0.0002762557078011,0.0575785719876488,0.044093457924639,0.0010649890660383,0.999827973081883,0.9917676624373316,0.0019880215183988,0.7131389253127828,0.0005349668507389,0.0008179908564699,0.9999493178103378,0.876233644977586,4D,3D-independent,4D-B,0.2505610585228894,0.0,4D-B
1,1,4D-C-f8d668c31c07,4D,4D-C,equal_per_property,64,joint,standardized_anomaly,"[80, 48]",2.0,"[1.0, 2.0]",wells,20,40,ridge(alpha_relative=1e-06),504948,0.947404540995194,7085972.884431558,0.3319982366056082,0.0007641636568357,0.1592707440352115,0.1219689479664242,0.0029459153827864,0.99889013654162,0.9498496803479238,0.0030040256132914,1.077597791396232,0.000808368574992,0.0012360356573268,0.9998621965409852,0.8679014976700976,4D,3D-independent,4D-C,0.2996112628395502,0.0,4D-C
1,1,4D-D-ff94f89c821d,4D,4D-D,equal_per_property,64,partial-spatial,standardized_anomaly,"[64, 48]",,"[1.0, 1.0]",wells,20,40,ridge(alpha_relative=1e-06),230208,1.2122012929976336,388060.8619178051,0.3299968158079281,0.00037663951909,0.0785010591669956,0.0601158213885892,0.0014519771296726,0.9992844994610804,0.9874544946563152,0.0032757504652199,1.1750703625387888,0.0008814884013914,0.0013478394996375,0.9998712468412704,0.8797138222918287,4D,3D-independent,4D-D,0.3098244456089363,0.0,4D-D
1,1,4D-E-6ca320f290f9,4D,4D-E,equal_per_property,64,joint-property-residual,standardized_anomaly,"[80, 48]",2.0,"[1.0, 1.0]",wells,20,40,ridge(alpha_relative=1e-06),408916,1.9605617500055816,908161.5369497354,0.3141705991101991,0.0007426079840882,0.1547780048085249,0.1185284248478451,0.0028628164453204,0.996909356092538,0.9538467538464648,0.0028388159454934,1.0183341245524118,0.000763911462795,0.0011680585270954,0.999885055004035,0.8790127119938158,4D,3D-independent,4D-E,0.31353045473239,0.0,4D-E
1,1,3D-current-5e7711139fcb,3D,3D-current,equal_per_property,64,legacy-independent,raw_minmax,"[48, 48]",,"[1.0, 1.0]",wells,20,40,ridge(alpha_relative=0.0001),242016,12.91448549999768,183568065.9470341,0.4180385217251584,0.0017275998376913,0.3600748466415726,0.2757439886407186,0.0066600431617331,0.9953152174390736,0.6212589837272519,0.0029073850172566,1.0429310787072643,0.0007823630640678,0.0011962719408939,0.9999076523657632,0.8404446931691554,3D,3D-current,4D-A-current,0.8370435789877262,0.0,3D current
1,1,4D-A-current-43ce2f360e5a,4D,4D-A-current,equal_per_property,64,legacy-joint,raw_minmax,"[48, 48]",2.0,"[1.0, 1.0]",wells,20,40,ridge(alpha_relative=0.0001),380500,16.838082582995412,312626639.38844395,1.6482967242965638,0.0023678144303099,0.4935115176955031,0.3779292988631135,0.0091281244422392,0.9817825366834676,0.7931775927123327,0.015958416856774,5.724569951385348,0.0042943317915004,0.0065662463669365,0.9905912283955868,0.4566115510768601,4D,3D-current,4D-A-current,0.8370435789877262,0.0,4D current
1,1,4D-A-3bf6b15a532d,4D,4D-A,equal_per_property,64,joint,standardized_anomaly,"[80, 48]",2.0,"[1.0, 1.0]",wells,30,60,ridge(alpha_relative=1e-06),504948,0.849900917004561,33692517.922914155,0.3365069770742308,0.0012453967099857,0.25957170148575,0.1987790510043223,0.0048011094126229,0.998998220580836,0.985229298921267,0.002849179600073,1.022051753069415,0.000766700271468,0.0011723227539195,0.9998712071093856,0.8859617935952167,4D,3D-independent,4D-A,0.2909574222811563,0.0,4D-A
1,1,3D-independent-fa9b36e31dc0,3D,3D-independent,equal_per_property,64,independent,raw_minmax,"[80, 48]",,"[1.0, 1.0]",wells,30,60,ridge(alpha_relative=1e-06),272608,0.8463302919990383,10757071252.790752,0.2659415723755208,0.0006188243649815,0.1289784147100643,0.0987711939682145,0.0023856201479022,0.9997764633139712,0.9650213188222088,0.0023966733887436,0.8597296704066837,0.0006449330669511,0.0009861346568905,0.9999439937231628,0.8848622724071203,3D,3D-independent,4D-B,0.1973947814788513,0.0,3D optimized
1,1,4D-B-643a4d560541,4D,4D-B,equal_per_property,64,shared-independent,ensemble_anomaly,"[80, 48]",,"[1.0, 1.0]",wells,30,60,ridge(alpha_relative=1e-06),259184,0.8174890410009539,150170681935.34897,0.1742467313086286,0.0001385409196111,0.0288753791788011,0.0221126588056331,0.0005340869361909,0.999961926561912,0.9981005853025968,0.0017253322265814,0.6189075714144239,0.0004642784492976,0.0007099047835525,0.9999647234790148,0.9034914654148242,4D,3D-independent,4D-B,0.1973947814788513,0.0,4D optimized
1,1,4D-B-643a4d560541,4D,4D-B,equal_per_property,64,shared-independent,ensemble_anomaly,"[80, 48]",,"[1.0, 1.0]",wells,30,60,ridge(alpha_relative=1e-06),259184,0.8174890410009539,150170681935.34897,0.1742467313086286,0.0001385409196111,0.0288753791788011,0.0221126588056331,0.0005340869361909,0.999961926561912,0.9981005853025968,0.0017253322265814,0.6189075714144239,0.0004642784492976,0.0007099047835525,0.9999647234790148,0.9034914654148242,4D,3D-independent,4D-B,0.1973947814788513,0.0,4D-B
1,1,4D-C-f8d668c31c07,4D,4D-C,equal_per_property,64,joint,standardized_anomaly,"[80, 48]",2.0,"[1.0, 2.0]",wells,30,60,ridge(alpha_relative=0.0001),504948,0.947404540995194,43016225.62507263,0.2670887545897051,0.0005854871644102,0.1220301115664455,0.0934502090647246,0.0022571024264648,0.9996755187166598,0.9421390961645288,0.002405249831672,0.8628061940943619,0.0006472409457248,0.0009896635180379,0.9999234212185584,0.890823478439445,4D,3D-independent,4D-C,0.2939861610467145,0.0,4D-C
1,1,4D-D-ff94f89c821d,4D,4D-D,equal_per_property,64,partial-spatial,standardized_anomaly,"[64, 48]",,"[1.0, 1.0]",wells,30,60,ridge(alpha_relative=0.0001),230208,1.2122012929976336,2036079.1762118724,0.2345683537682716,0.0004465776774587,0.0930779137716291,0.071278722846459,0.0017215946320743,0.998821296306887,0.97275325533953,0.0021868876803222,0.7844757794075132,0.0005884807606126,0.0008998162796906,0.9999109215561488,0.905807300872582,4D,3D-independent,4D-D,0.2759875680993724,0.0,4D-D
1,1,4D-E-6ca320f290f9,4D,4D-E,equal_per_property,64,joint-property-residual,standardized_anomaly,"[80, 48]",2.0,"[1.0, 1.0]",wells,30,60,ridge(alpha_relative=0.0001),408916,1.9605617500055816,1968986.0009332204,0.2432013482979219,0.0003572157485296,0.0744526614691463,0.0570155733728757,0.0013770968550436,0.9996578960097874,0.9848503037796028,0.0023421766602904,0.8401807178412783,0.0006302682643188,0.0009637114460904,0.9999181429682008,0.8988056684578708,4D,3D-independent,4D-E,0.2838963202043711,0.0,4D-E
1,1,3D-current-5e7711139fcb,3D,3D-current,equal_per_property,64,legacy-independent,raw_minmax,"[48, 48]",,"[1.0, 1.0]",wells,30,60,ridge(alpha_relative=0.0001),242016,12.91448549999768,496698859.5062146,0.3987838421689926,0.001842691136381,0.38406274060947,0.2941138293099363,0.0071037298304226,0.9951336677230128,0.5915956421167393,0.0025840847973078,0.9269574993098928,0.0006953645588159,0.0010632469100452,0.9999233211165264,0.8401741003700446,3D,3D-current,4D-A-current,0.800842922934178,0.0,3D current
1,1,4D-A-current-43ce2f360e5a,4D,4D-A-current,equal_per_property,64,legacy-joint,raw_minmax,"[48, 48]",2.0,"[1.0, 1.0]",wells,30,60,ridge(alpha_relative=0.0001),380500,16.838082582995412,1905760021.2751293,1.6348724205154386,0.0024180816566662,0.5039884599980373,0.3859525026114587,0.0093219088417569,0.9827050358485442,0.7671587892616746,0.0157366058751759,5.645002379517793,0.0042346435430651,0.0064749800737235,0.9906329784938176,0.4518435256464784,4D,3D-current,4D-A-current,0.800842922934178,0.0,4D current
1,1,4D-A-3bf6b15a532d,4D,4D-A,equal_per_property,64,joint,standardized_anomaly,"[80, 48]",2.0,"[1.0, 1.0]",grid,30,30,ridge(alpha_relative=1e-06),504948,0.849900917004561,103.300381677112,0.5278755600854618,0.0053811413574428,1.1215639216701905,0.8588895118928274,0.0207447540327682,0.9985144453460396,-0.0838822037736642,0.0011685905250073,0.4191943514804845,0.0003144619850342,0.0004808279767431,0.9999617139533044,0.9423942693913194,4D,3D-independent,4D-A,0.5340493537298157,0.0,4D-A
1,1,3D-independent-fa9b36e31dc0,3D,3D-independent,equal_per_property,64,independent,raw_minmax,"[80, 48]",,"[1.0, 1.0]",grid,30,30,ridge(alpha_relative=1e-06),272608,0.8463302919990383,19318.162489886276,0.8734630374935102,0.0111624306727229,2.326528646818552,1.7816470512844027,0.043032112210393,0.996107478632852,0.3457611535293612,0.0021188672121082,0.760075619171562,0.0005701767858671,0.0008718285941766,0.999942756119662,0.8397430785027853,3D,3D-independent,4D-B,0.3983534291636773,0.0,3D optimized
1,1,4D-B-643a4d560541,4D,4D-B,equal_per_property,64,shared-independent,ensemble_anomaly,"[80, 48]",,"[1.0, 1.0]",grid,30,30,ridge(alpha_relative=1e-06),259184,0.8174890410009539,56609.64069632259,0.3653407404104536,0.0027260857983727,0.5681841965744812,0.4351133607564267,0.010509290799664,0.9993388156268852,0.1478770377769199,0.0012091535228062,0.4337450252986966,0.0003253772890127,0.0004975180180749,0.9999703273095985,0.9332554826858064,4D,3D-independent,4D-B,0.3983534291636773,0.0,4D optimized
1,1,4D-B-643a4d560541,4D,4D-B,equal_per_property,64,shared-independent,ensemble_anomaly,"[80, 48]",,"[1.0, 1.0]",grid,30,30,ridge(alpha_relative=1e-06),259184,0.8174890410009539,56609.64069632259,0.3653407404104536,0.0027260857983727,0.5681841965744812,0.4351133607564267,0.010509290799664,0.9993388156268852,0.1478770377769199,0.0012091535228062,0.4337450252986966,0.0003253772890127,0.0004975180180749,0.9999703273095985,0.9332554826858064,4D,3D-independent,4D-B,0.3983534291636773,0.0,4D-B
1,1,4D-C-f8d668c31c07,4D,4D-C,equal_per_property,64,joint,standardized_anomaly,"[80, 48]",2.0,"[1.0, 2.0]",grid,30,30,ridge(alpha_relative=1e-06),504948,0.947404540995194,101.23352774803092,0.5243415579907623,0.0053288042562706,1.1106555658883264,0.850535933294216,0.0205429900911645,0.9984399663845666,-0.0791531772417148,0.0011659857866296,0.4182599851719621,0.0003137610626981,0.0004797562317158,0.9999624748191772,0.9422518154361932,4D,3D-independent,4D-C,0.5310894077137318,0.0,4D-C
1,1,4D-D-ff94f89c821d,4D,4D-D,equal_per_property,64,partial-spatial,standardized_anomaly,"[64, 48]",,"[1.0, 1.0]",grid,30,30,ridge(alpha_relative=1e-06),230208,1.2122012929976336,157.95583163929598,0.3830744144265033,0.0029625538204035,0.6174700235991961,0.4728562651942352,0.0114208949794835,0.9990505347324028,0.0975934185600482,0.0012092338077872,0.4337738249593143,0.0003253988933077,0.0004975510521138,0.9999579211875502,0.9402989631449458,4D,3D-independent,4D-D,0.4163900838047895,0.0,4D-D
1,1,4D-E-6ca320f290f9,4D,4D-E,equal_per_property,64,joint-property-residual,standardized_anomaly,"[80, 48]",2.0,"[1.0, 1.0]",grid,30,30,ridge(alpha_relative=1e-06),408916,1.9605617500055816,119.22424485625724,0.5394244093379172,0.0055185868892004,1.1502109947304269,0.8808273347154659,0.021274618156347,0.9984184018110552,-0.0804804418334456,0.0012186792254352,0.4371620654427959,0.0003279406089211,0.0005014374613907,0.9999582112090154,0.9398312874765524,4D,3D-independent,4D-E,0.5762801828748719,0.0,4D-E
1,1,3D-current-5e7711139fcb,3D,3D-current,equal_per_property,64,legacy-independent,raw_minmax,"[48, 48]",,"[1.0, 1.0]",grid,30,30,ridge(alpha_relative=0.0001),242016,12.91448549999768,19450.084795134087,1.002204211039045,0.0127431996213609,2.656000278117867,2.033955210562386,0.0491261099041678,0.9920740791929568,0.3008849830046177,0.0025438823634562,0.9125361662375044,0.0006845462808292,0.0010467052262685,0.999950302357526,0.8185542173937649,3D,3D-current,4D-A-current,1.0543565473986691,0.0,3D current
1,1,4D-A-current-43ce2f360e5a,4D,4D-A-current,equal_per_property,64,legacy-joint,raw_minmax,"[48, 48]",2.0,"[1.0, 1.0]",grid,30,30,ridge(alpha_relative=0.0001),380500,16.838082582995412,42863.74013601628,1.8159624578770752,0.0046496098497803,0.9690945305020072,0.7421290148504248,0.0179246383387829,0.9799733322986474,0.6008328470461741,0.0162212876205419,5.818866402522649,0.0043650690261544,0.0066744071082592,0.9904271910131536,0.4473893559865352,4D,3D-current,4D-A-current,1.0543565473986691,0.0,4D current
1,1,4D-A-3bf6b15a532d,4D,4D-A,equal_per_property,64,joint,standardized_anomaly,"[80, 48]",2.0,"[1.0, 1.0]",grid,100,100,ridge(alpha_relative=1e-06),504948,0.849900917004561,957.2813094173872,0.3115419229750468,0.003107547582588,0.6476903359328274,0.4959988688461331,0.0119798581683324,0.9978039006553258,0.5754925425908719,0.0010096352468545,0.3621742462222835,0.0002716878984488,0.0004154242761728,0.9999551197613104,0.9519012379189756,4D,3D-independent,4D-A,0.222601155908022,0.0,4D-A
1,1,3D-independent-fa9b36e31dc0,3D,3D-independent,equal_per_property,64,independent,raw_minmax,"[80, 48]",,"[1.0, 1.0]",grid,100,100,ridge(alpha_relative=1e-06),272608,0.8463302919990383,2.679813476065127e+18,0.137451552832011,0.0006014197106376,0.1253508511348784,0.0959932191704769,0.0023185237366755,0.9998028752081288,0.9418988160462722,0.0010107418338767,0.3625711988067812,0.000271985675595,0.0004158795922032,0.9999768509898757,0.9343328611809592,3D,3D-independent,4D-B,0.1617470443475376,0.0,3D optimized
1,1,4D-B-643a4d560541,4D,4D-B,equal_per_property,64,shared-independent,ensemble_anomaly,"[80, 48]",,"[1.0, 1.0]",grid,100,100,ridge(alpha_relative=1e-06),259184,0.8174890410009539,3.838853597947402e+18,0.1286908420719913,0.000306022947115,0.0637828062651931,0.0488446376366018,0.0011797442855693,0.9999073820239862,0.9859010796248416,0.0011465121408203,0.4112744396354422,0.0003085208000175,0.0004717436100883,0.9999763744514338,0.9346866756004982,4D,3D-independent,4D-B,0.1617470443475376,0.0,4D optimized
1,1,4D-B-643a4d560541,4D,4D-B,equal_per_property,64,shared-independent,ensemble_anomaly,"[80, 48]",,"[1.0, 1.0]",grid,100,100,ridge(alpha_relative=1e-06),259184,0.8174890410009539,3.838853597947402e+18,0.1286908420719913,0.000306022947115,0.0637828062651931,0.0488446376366018,0.0011797442855693,0.9999073820239862,0.9859010796248416,0.0011465121408203,0.4112744396354422,0.0003085208000175,0.0004717436100883,0.9999763744514338,0.9346866756004982,4D,3D-independent,4D-B,0.1617470443475376,0.0,4D-B
1,1,4D-C-f8d668c31c07,4D,4D-C,equal_per_property,64,joint,standardized_anomaly,"[80, 48]",2.0,"[1.0, 2.0]",grid,100,100,ridge(alpha_relative=1e-06),504948,0.947404540995194,837.871958916074,0.2859576572409973,0.002931788303668,0.6110577234364591,0.4679457493952945,0.0113022913162503,0.9987049538346962,0.7067960613856729,0.0010093983676215,0.3620892733987366,0.0002716241554077,0.0004153268099005,0.9999562383627866,0.9518366743567402,4D,3D-independent,4D-C,0.2020082064763912,0.0,4D-C
1,1,4D-D-ff94f89c821d,4D,4D-D,equal_per_property,64,partial-spatial,standardized_anomaly,"[64, 48]",,"[1.0, 1.0]",grid,100,100,ridge(alpha_relative=1e-06),230208,1.2122012929976336,1.2356425530720723e+17,0.1234044578811174,0.0002266000034476,0.0472290861056194,0.0361678598327169,0.000873562135446,0.999826778790052,0.9920717688928596,0.0011548321873017,0.4142589893253858,0.0003107596837635,0.0004751669744153,0.9999444775379316,0.9436687189202116,4D,3D-independent,4D-D,0.1813170182620496,0.0,4D-D
1,1,4D-E-6ca320f290f9,4D,4D-E,equal_per_property,64,joint-property-residual,standardized_anomaly,"[80, 48]",2.0,"[1.0, 1.0]",grid,100,100,ridge(alpha_relative=0.0001),408916,1.9605617500055816,7194.408791222445,0.254358544387906,0.0022317881382219,0.4651602495405703,0.3562180023452378,0.0086037316073526,0.997479885643529,0.7192630795852902,0.0010683450614933,0.3832345082613605,0.0002874864219326,0.0004395810024029,0.9999570343950084,0.9426580809153232,4D,3D-independent,4D-E,0.2818957858707588,0.0,4D-E
1,1,3D-current-5e7711139fcb,3D,3D-current,equal_per_property,64,legacy-independent,raw_minmax,"[48, 48]",,"[1.0, 1.0]",grid,100,100,ridge(alpha_relative=1e-06),242016,12.91448549999768,6.934263906403876e+18,0.2075183924600064,0.001577140053557,0.3287152791561534,0.2517289475981964,0.0060800079970051,0.992341637746442,0.850326429058074,0.0010837258114438,0.3887518587471136,0.0002916253063898,0.0004459095620834,0.9999713350187428,0.9244607070684084,3D,3D-current,4D-A-current,0.7930749306886395,0.0,3D current
1,1,4D-A-current-43ce2f360e5a,4D,4D-A-current,equal_per_property,64,legacy-joint,raw_minmax,"[48, 48]",2.0,"[1.0, 1.0]",grid,100,100,ridge(alpha_relative=1e-06),380500,16.838082582995412,1372854.0846592311,1.831325241596468,0.0043792222807434,0.912739024828388,0.6989721765951358,0.0168822714428769,0.9737674295263492,0.1794976473274438,0.015971375005056,5.7292182712623365,0.0042978187657176,0.0065715781235163,0.9904234281642276,0.4538150120822619,4D,3D-current,4D-A-current,0.7930749306886395,0.0,4D current
1,1,4D-A-3bf6b15a532d,4D,4D-A,equal_per_property,64,joint,standardized_anomaly,"[80, 48]",2.0,"[1.0, 1.0]",grid,300,300,ridge(alpha_relative=1e-08),504948,0.849900917004561,768.7371738103002,0.1633352874911569,0.0012487375365732,0.2602680129780851,0.1993122837752967,0.0048139885810408,0.9991694082645742,0.8070000113317531,0.0007818151149975,0.2804510845293727,0.0002103826171193,0.0003216854594376,0.9999769499187529,0.9677558837539072,4D,3D-independent,4D-A,0.1429110747199669,0.0,4D-A
1,1,3D-independent-fa9b36e31dc0,3D,3D-independent,equal_per_property,64,independent,raw_minmax,"[80, 48]",,"[1.0, 1.0]",grid,300,300,least_squares(rcond=1e-10),272608,0.8463302919990383,178594.98178191474,0.1202838643569668,0.0005577610822287,0.1162513052875341,0.0890248205440006,0.0021502160399265,0.9998632856318044,0.9418997539251224,0.0008729215879291,0.3131326081417502,0.0002348989226296,0.0003591721069077,0.9999758853481816,0.9545971580777116,3D,3D-independent,4D-B,0.1140320687226659,0.0,3D optimized
1,1,4D-B-643a4d560541,4D,4D-B,equal_per_property,64,shared-independent,ensemble_anomaly,"[80, 48]",,"[1.0, 1.0]",grid,300,300,least_squares(rcond=1e-10),259184,0.8174890410009539,99675.1981338806,0.0912081471834477,0.0001329314127716,0.0277062182013022,0.0212173196440517,0.0005124618139537,0.9999699188082016,0.9976867678111372,0.0008796392053983,0.3155423378445249,0.0002367066005791,0.0003619361361782,0.9999748257745814,0.9591451668129356,4D,3D-independent,4D-B,0.1140320687226659,0.0,4D optimized
1,1,4D-B-643a4d560541,4D,4D-B,equal_per_property,64,shared-independent,ensemble_anomaly,"[80, 48]",,"[1.0, 1.0]",grid,300,300,least_squares(rcond=1e-10),259184,0.8174890410009539,99675.1981338806,0.0912081471834477,0.0001329314127716,0.0277062182013022,0.0212173196440517,0.0005124618139537,0.9999699188082016,0.9976867678111372,0.0008796392053983,0.3155423378445249,0.0002367066005791,0.0003619361361782,0.9999748257745814,0.9591451668129356,4D,3D-independent,4D-B,0.1140320687226659,0.0,4D-B
1,1,4D-C-f8d668c31c07,4D,4D-C,equal_per_property,64,joint,standardized_anomaly,"[80, 48]",2.0,"[1.0, 2.0]",grid,300,300,ridge(alpha_relative=1e-08),504948,0.947404540995194,641.5646114628132,0.1632915627613174,0.0013128725488012,0.2736353473506311,0.2095489391033737,0.0050612344653586,0.9988821917528412,0.8441804916332357,0.0007946597172541,0.2850586734133672,0.0002138390366573,0.000326970496397,0.999975535049309,0.9668750478042216,4D,3D-independent,4D-C,0.1516935912796798,0.0,4D-C
1,1,4D-D-ff94f89c821d,4D,4D-D,equal_per_property,64,partial-spatial,standardized_anomaly,"[64, 48]",,"[1.0, 1.0]",grid,300,300,ridge(alpha_relative=1e-08),230208,1.2122012929976336,4644.000018537577,0.1119314732723806,0.0004602299681259,0.0959233912722954,0.0734577790147511,0.001774225364676,0.9998699806012608,0.9712513669531736,0.0008832352946629,0.3168323194718625,0.000237674290582,0.0003634157822032,0.9999735109879714,0.958808268356097,4D,3D-independent,4D-D,0.1209181656565148,0.0,4D-D
1,1,4D-E-6ca320f290f9,4D,4D-E,equal_per_property,64,joint-property-residual,standardized_anomaly,"[80, 48]",2.0,"[1.0, 1.0]",grid,300,300,ridge(alpha_relative=1e-08),408916,1.9605617500055816,1457.15997198873,0.2481926612099974,0.0021183879413169,0.4415248233157977,0.338118080172863,0.008166564278751,0.9954795146039526,0.5536581294530116,0.0008598708266839,0.30845106633608,0.0002313870267178,0.0003538022438204,0.9999757947550184,0.9607523601707646,4D,3D-independent,4D-E,0.1911378855439594,0.0,4D-E
1,1,3D-current-5e7711139fcb,3D,3D-current,equal_per_property,64,legacy-independent,raw_minmax,"[48, 48]",,"[1.0, 1.0]",grid,300,300,ridge(alpha_relative=1e-06),242016,12.91448549999768,291753.8365232617,0.1853346609894073,0.0013967015429663,0.2911073982038197,0.2229289711631734,0.0053844023119648,0.9938824908675076,0.8692925389798248,0.000983395854158,0.352761706098705,0.0002646270064281,0.0004046278219561,0.9999750091010188,0.935768381709966,3D,3D-current,4D-A-current,0.7483143712600492,0.0,3D current
1,1,4D-A-current-43ce2f360e5a,4D,4D-A-current,equal_per_property,64,legacy-joint,raw_minmax,"[48, 48]",2.0,"[1.0, 1.0]",grid,300,300,ridge(alpha_relative=1e-06),380500,16.838082582995412,313717.94715441554,1.6013645220089552,0.0021241079651777,0.4427170187938931,0.3390310590699886,0.0081886154534315,0.9813817457734904,0.8125109015879515,0.0156044609564718,5.597599630383535,0.0041990839928561,0.0064206077572126,0.9905667951607248,0.457206220695265,4D,3D-current,4D-A-current,0.7483143712600492,0.0,4D current
2,2,3D-current-5e7711139fcb,3D,3D-current,equal_per_property,64,legacy-independent,raw_minmax,"[48, 48]",,"[1.0, 1.0]",full,9900,9900,projection,242016,13.001437666993295,1.0,0.1225194361150967,0.000835736973881,0.2013921655206357,0.1337125778348383,0.0032295592155481,0.996282218777344,0.9545668693562416,0.000756469831954,0.2520262353504579,0.0002035154412678,0.0003111852068545,0.9999789125512633,0.972114443465172,,,,,,3D current
2,2,3D-independent-fa9b36e31dc0,3D,3D-independent,equal_per_property,64,independent,raw_minmax,"[80, 48]",,"[1.0, 1.0]",full,9900,9900,projection,272608,0.665108125002007,1.0,0.0686327991936728,5.918125099925452e-05,0.0142612337008509,0.0094686221597356,0.0002286955830908,0.9999631614568694,0.9996103605672504,0.0007439097946587,0.2478417209366948,0.0002001363752105,0.000306018447205,0.9999815739490242,0.9755331551584584,,,,,,3D optimized
2,2,4D-A-3bf6b15a532d,4D,4D-A,equal_per_property,64,joint,standardized_anomaly,"[80, 48]",2.0,"[1.0, 1.0]",full,9900,9900,projection,504948,0.8007132920029107,1.0,0.0668027591589576,0.0003008950518792,0.0725083465088259,0.0481412864357098,0.0011627562475747,0.999576547297156,0.9867044145011666,0.0005429006944006,0.1808733308313278,0.0001460582692374,0.0002233303401566,0.999987795122586,0.98563686690748,,,,,,4D-A
2,2,4D-A-current-43ce2f360e5a,4D,4D-A-current,equal_per_property,64,legacy-joint,raw_minmax,"[48, 48]",2.0,"[1.0, 1.0]",full,9900,9900,projection,380500,16.066961249998712,1.0,1.517189044555321,0.0023462684060864,0.5653932875555967,0.3753879589810878,0.0090667434729337,0.9792074108892408,0.788397423856464,0.0153905535837886,5.127532012297507,0.0041405686937571,0.0063311349617293,0.990869979027256,0.4599408194071736,,,,,,4D current
2,2,4D-B-3ee6d3ebd2d3,4D,4D-B,equal_per_property,64,shared-independent,standardized_anomaly,"[80, 48]",,"[1.0, 1.0]",full,9900,9900,projection,259184,0.6834942499990575,1.0,0.0658772098993426,0.0001296148367947,0.0312340048143143,0.0207375460164054,0.000500873843954,0.999790034711718,0.9982669707446464,0.0006642527138708,0.2213030893323853,0.0001787059820053,0.0002732503127529,0.9999839098788166,0.9797895383540116,,,,,,4D optimized
2,2,4D-B-3ee6d3ebd2d3,4D,4D-B,equal_per_property,64,shared-independent,standardized_anomaly,"[80, 48]",,"[1.0, 1.0]",full,9900,9900,projection,259184,0.6834942499990575,1.0,0.0658772098993426,0.0001296148367947,0.0312340048143143,0.0207375460164054,0.000500873843954,0.999790034711718,0.9982669707446464,0.0006642527138708,0.2213030893323853,0.0001787059820053,0.0002732503127529,0.9999839098788166,0.9797895383540116,,,,,,4D-B
2,2,4D-C-e7705bff9f37,4D,4D-C,equal_per_property,64,joint,standardized_anomaly,"[64, 48]",2.0,"[1.0, 0.5]",full,9900,9900,projection,404420,0.9644163330012816,1.0,0.0678659102710182,0.0002948341399351,0.0710478150023866,0.0471715792366729,0.0011393349145054,0.9994999980043496,0.988039083642922,0.0005596509798539,0.1864538724544241,0.0001505646508423,0.0002302208212088,0.9999858450354178,0.9840370091025534,,,,,,4D-C
2,2,4D-D-ff94f89c821d,4D,4D-D,equal_per_property,64,partial-spatial,standardized_anomaly,"[64, 48]",,"[1.0, 1.0]",full,9900,9900,projection,230208,1.1536421659984626,1.0,0.0732758768468159,6.331226643344174e-05,0.0152567073607353,0.0101295582437473,0.000244659168982,0.9999790949950608,0.9995510301787864,0.0007931546164577,0.2642481743393844,0.0002133848634056,0.0003262760429619,0.9999798991533996,0.973251718446926,,,,,,4D-D
2,2,4D-E-6ca320f290f9,4D,4D-E,equal_per_property,64,joint-property-residual,standardized_anomaly,"[80, 48]",2.0,"[1.0, 1.0]",full,9900,9900,projection,408916,2.0106447500074864,1.0,0.075373047592047,0.0002982156734671,0.0718626818589067,0.0477126030033909,0.0011524022588041,0.9996245563876636,0.984020714904126,0.000635977945669,0.2118830396697514,0.0001710991328168,0.0002616190629397,0.999985081194826,0.9804863474168136,,,,,,4D-E
2,2,3D-current-e419eaac8e1a,3D,3D-current,equal_total,32,legacy-independent,raw_minmax,"[48, 48]",,"[1.0, 1.0]",full,9900,9900,projection,129984,13.031318540997743,1.0,0.1430299241517924,0.0008619884454098,0.2077181279520135,0.1379126456070834,0.003331003431189,0.9962058831267953,0.948331461865656,0.0009497369337392,0.3164152936083221,0.0002555106932142,0.000390688526758,0.9999741018327074,0.9556959880406756,,,,,,3D current
2,2,3D-independent-7db5f3bc9ad5,3D,3D-independent,equal_total,32,independent,raw_minmax,"[80, 48]",,"[1.0, 1.0]",full,9900,9900,projection,149728,0.5956113749998622,1.0,0.100502944985354,0.000281760216266,0.0678973192341543,0.045079834954868,0.001088813025456,0.9997169872421958,0.9875952070444058,0.0009239711608147,0.3078311432869887,0.0002485788468605,0.0003800893897686,0.9999773105562346,0.959838158115048,,,,,,3D optimized
2,2,4D-A-4ea76ef087a9,4D,4D-A,equal_total,32,joint,standardized_anomaly,"[80, 48]",2.0,"[1.0, 1.0]",full,9900,9900,projection,259188,1.022081041999627,1.0,0.1026507948521594,0.0004635863647629,0.1117129728889288,0.0741708573615864,0.0017914483423772,0.999353019596672,0.9733517574728926,0.0008151271182992,0.2715685547252794,0.0002192961941939,0.0003353147610203,0.9999795112383204,0.9720049389382486,,,,,,4D-A
2,2,4D-A-current-205a30146a4e,4D,4D-A-current,equal_total,32,legacy-joint,raw_minmax,"[48, 48]",2.0,"[1.0, 1.0]",full,9900,9900,projection,194740,15.159449083999789,1.0,1.5199670897625837,0.0023470593383379,0.5655838828791194,0.3755145030895222,0.0090697998921441,0.979243858240908,0.7884964038173216,0.0154186121155023,5.136880020398495,0.004148117368168,0.0063426772594212,0.9908604593334271,0.456694684637237,,,,,,4D current
2,2,4D-B-2828b82824ed,4D,4D-B,equal_total,32,shared-independent,ensemble_anomaly,"[80, 48]",,"[1.0, 1.0]",full,9900,9900,projection,136304,0.8097500410003704,1.0,0.099682110692609,0.0002303731172158,0.0555142854795365,0.0368582273244753,0.0008902365779796,0.9998138610746458,0.993911424485168,0.0009625879681724,0.3206967569155955,0.0002589680471403,0.0003959749924431,0.9999741255881912,0.9610537747642236,,,,,,4D optimized
2,2,4D-B-2828b82824ed,4D,4D-B,equal_total,32,shared-independent,ensemble_anomaly,"[80, 48]",,"[1.0, 1.0]",full,9900,9900,projection,136304,0.8097500410003704,1.0,0.099682110692609,0.0002303731172158,0.0555142854795365,0.0368582273244753,0.0008902365779796,0.9998138610746458,0.993911424485168,0.0009625879681724,0.3206967569155955,0.0002589680471403,0.0003959749924431,0.9999741255881912,0.9610537747642236,,,,,,4D-B
2,2,4D-C-44adce3e7a5f,4D,4D-C,equal_total,32,joint,standardized_anomaly,"[80, 48]",2.0,"[1.0, 0.5]",full,9900,9900,projection,259188,1.1356727089951164,1.0,0.0981249372275182,0.0004123043985136,0.0993552735674117,0.0659660703078489,0.0015932781622036,0.9994296767519956,0.9820983866210906,0.0008104925785132,0.2700245068789352,0.0002180493494821,0.0003334082735953,0.9999797602526496,0.9716616764514576,,,,,,4D-C
2,2,4D-D-2ecf0e4138e3,4D,4D-D,equal_total,32,partial-spatial,standardized_anomaly,"[80, 48]",,"[1.0, 1.0]",full,9900,9900,projection,163152,1.305347499997879,1.0,0.0961585520023463,0.000268015801047,0.0645852514050595,0.0428808163076072,0.0010357001392009,0.9997600283095616,0.9905571182238204,0.0008958796994509,0.2984721643112872,0.0002410213132831,0.0003685335459714,0.9999775109992765,0.966289297190102,,,,,,4D-D
2,2,4D-E-4f4328240852,4D,4D-E,equal_total,32,joint-property-residual,standardized_anomaly,"[80, 48]",2.0,"[1.0, 1.0]",full,9900,9900,projection,224596,1.3157740819951869,1.0,0.0961069187738451,0.0003694465625599,0.0890275835620611,0.0591090902951233,0.0014276615586685,0.9994702326280304,0.9814644114523386,0.0008142694541094,0.2712828144778355,0.0002190654541185,0.0003349619479971,0.9999794969895448,0.9703010344366932,,,,,,4D-E
2,2,4D-A-4ea76ef087a9,4D,4D-A,equal_total,32,joint,standardized_anomaly,"[80, 48]",2.0,"[1.0, 1.0]",wells,5,10,ridge(alpha_relative=1e-08),259188,1.022081041999627,32600.90368593059,0.2999980994884025,0.001385481061214,0.3338670418157457,0.2216681205044237,0.0053539489923869,0.9983289605210596,0.9176019131655822,0.0023066228583019,0.7684767465868366,0.0006205579509141,0.0009488638951299,0.9999349666048768,0.8871008677323629,4D,3D-independent,4D-A,0.501958739075042,0.0,4D-A
2,2,4D-B-2828b82824ed,4D,4D-B,equal_total,32,shared-independent,ensemble_anomaly,"[80, 48]",,"[1.0, 1.0]",wells,5,10,ridge(alpha_relative=1e-08),136304,0.8097500410003704,6991647.670626161,0.3865372063866659,0.0015018525409751,0.361909721565921,0.2402868139828875,0.0058036462017183,0.9983817996186196,0.9348080217391777,0.0032390570862061,1.0791274536528086,0.000871413643143,0.0013324346944295,0.9999138097292448,0.8549686776049545,4D,3D-independent,4D-B,0.5001036111888624,0.0,4D-B
2,2,4D-C-44adce3e7a5f,4D,4D-C,equal_total,32,joint,standardized_anomaly,"[80, 48]",2.0,"[1.0, 0.5]",wells,5,10,ridge(alpha_relative=1e-08),259188,1.1356727089951164,22468.704099332343,0.3373562690261972,0.001839384581355,0.4432466860285974,0.29428978457238,0.0071079796769857,0.998089479997503,0.8720700659880095,0.0023561782809266,0.7849866800670029,0.0006338900010193,0.0009692492611932,0.9999297829499328,0.8855465139936132,4D,3D-independent,4D-C,0.5042664725961777,0.0,4D-C
2,2,4D-D-2ecf0e4138e3,4D,4D-D,equal_total,32,partial-spatial,standardized_anomaly,"[80, 48]",,"[1.0, 1.0]",wells,5,10,ridge(alpha_relative=1e-08),163152,1.305347499997879,26476.118415935605,0.382945253048867,0.0015305102753068,0.3688155344668231,0.2448718684344227,0.0059143889986752,0.9981878268743674,0.9383818650667768,0.003191128523224,1.0631595263358198,0.000858519272168,0.0013127185614711,0.9999183389733496,0.8620062321475725,4D,3D-independent,4D-D,0.5203703379827803,0.0,4D-D
2,2,3D-independent-7db5f3bc9ad5,3D,3D-independent,equal_total,32,independent,raw_minmax,"[80, 48]",,"[1.0, 1.0]",wells,5,10,ridge(alpha_relative=1e-08),149728,0.5956113749998622,28799502.715205733,0.8687125613152363,0.0030100895193142,0.7253579363498521,0.4815950971655809,0.0116319639438486,0.9978272600065832,0.4685324439501871,0.0070801809473871,2.358840067898946,0.0019048031909499,0.0029125385833157,0.9996516604649957,0.7501630740255177,3D,3D-independent,4D-E,0.4992304157561027,0.0,3D optimized
2,2,4D-E-4f4328240852,4D,4D-E,equal_total,32,joint-property-residual,standardized_anomaly,"[80, 48]",2.0,"[1.0, 1.0]",wells,5,10,ridge(alpha_relative=1e-08),224596,1.3157740819951869,33715.45776557887,0.3113187413765955,0.0014525199182014,0.3500217663339587,0.2323939094344831,0.0056130089181172,0.998151613404896,0.9066643532823986,0.0023748896935075,0.7912205927382752,0.0006389239907797,0.0009769464812918,0.9999305115611252,0.8852704338493051,4D,3D-independent,4D-E,0.4992304157561027,0.0,4D optimized
2,2,4D-E-4f4328240852,4D,4D-E,equal_total,32,joint-property-residual,standardized_anomaly,"[80, 48]",2.0,"[1.0, 1.0]",wells,5,10,ridge(alpha_relative=1e-08),224596,1.3157740819951869,33715.45776557887,0.3113187413765955,0.0014525199182014,0.3500217663339587,0.2323939094344831,0.0056130089181172,0.998151613404896,0.9066643532823986,0.0023748896935075,0.7912205927382752,0.0006389239907797,0.0009769464812918,0.9999305115611252,0.8852704338493051,4D,3D-independent,4D-E,0.4992304157561027,0.0,4D-E
2,2,3D-current-e419eaac8e1a,3D,3D-current,equal_total,32,legacy-independent,raw_minmax,"[48, 48]",,"[1.0, 1.0]",wells,5,10,ridge(alpha_relative=0.0001),129984,13.031318540997743,518662.3027611019,1.206336582161058,0.0024890881119096,0.599809342766346,0.3982381997004265,0.0096186452213525,0.9955570640662366,0.5208552581993712,0.0115683675909258,3.8541287569394407,0.0031122740598048,0.0047588214489044,0.9994012869110892,0.7363282839237383,3D,3D-current,4D-A-current,1.5934039719217852,0.0,3D current
2,2,4D-A-current-205a30146a4e,4D,4D-A-current,equal_total,32,legacy-joint,raw_minmax,"[48, 48]",2.0,"[1.0, 1.0]",wells,5,10,ridge(alpha_relative=0.0001),194740,15.159449083999789,233642.2089087677,1.901419712821436,0.0031135601988866,0.7502918388553342,0.498149745013334,0.0120318082695103,0.9801734425786912,0.5048756898391359,0.0190075187424735,6.332563692123284,0.005113652125807,0.0078190278076129,0.9907329143876614,0.4494776695466134,4D,3D-current,4D-A-current,1.5934039719217852,0.0,4D current
2,2,4D-A-4ea76ef087a9,4D,4D-A,equal_total,32,joint,standardized_anomaly,"[80, 48]",2.0,"[1.0, 1.0]",wells,10,20,ridge(alpha_relative=1e-06),259188,1.022081041999627,1396305.3542833289,0.3744080289297159,0.0018040757157967,0.4347381132131206,0.2886405916064488,0.0069715347478776,0.9979528460162022,0.9162221648957102,0.0028508944352814,0.949806802010294,0.0007669850329728,0.0011727581683885,0.9998988948983308,0.8576034341133921,4D,3D-independent,4D-A,0.3434225364341354,0.0,4D-A
2,2,4D-B-2828b82824ed,4D,4D-B,equal_total,32,shared-independent,ensemble_anomaly,"[80, 48]",,"[1.0, 1.0]",wells,10,20,ridge(alpha_relative=1e-06),136304,0.8097500410003704,4097487818.590042,0.3403093961835489,0.0012533645877397,0.302030203760869,0.2005303285976593,0.0048434080114692,0.9986101668995516,0.9140979820696504,0.0028812056210592,0.9599053065611712,0.0007751397459413,0.0011852271291029,0.999930674274899,0.887297869106038,4D,3D-independent,4D-B,0.3414397784866725,0.0,4D-B
2,2,4D-C-44adce3e7a5f,4D,4D-C,equal_total,32,joint,standardized_anomaly,"[80, 48]",2.0,"[1.0, 0.5]",wells,10,20,ridge(alpha_relative=1e-06),259188,1.1356727089951164,6302328.067264896,0.3442923608352237,0.0016730503334904,0.4031642014376312,0.2676773673175781,0.0064652100977512,0.9982181047990404,0.9143014479333108,0.0026009064676627,0.8665205641452565,0.0006997299893577,0.0010699218699288,0.9999188857647076,0.8707291965506742,4D,3D-independent,4D-C,0.3484874884616099,0.0,4D-C
2,2,4D-D-2ecf0e4138e3,4D,4D-D,equal_total,32,partial-spatial,standardized_anomaly,"[80, 48]",,"[1.0, 1.0]",wells,10,20,ridge(alpha_relative=0.0001),163152,1.305347499997879,1484500.1646475447,0.4669599569597312,0.0012964496767214,0.3124126561865109,0.2074236676433528,0.0050099027945435,0.9984590623634771,0.9188604365429052,0.0043249181051547,1.4408939817541604,0.0011635462241026,0.0017791199044979,0.9998396823213804,0.8520731836605878,4D,3D-independent,4D-D,0.3454042972909451,0.0,4D-D
2,2,3D-independent-7db5f3bc9ad5,3D,3D-independent,equal_total,32,independent,raw_minmax,"[80, 48]",,"[1.0, 1.0]",wells,10,20,ridge(alpha_relative=1e-06),149728,0.5956113749998622,8447263365.921289,0.4142803292069992,0.0016522672636588,0.3981559900381495,0.264352208889318,0.0063848975630664,0.9981536507625872,0.843694264987928,0.0033079342245076,1.1020746289856465,0.0008899438747564,0.00136076833792,0.9999013209529904,0.8425243394036706,3D,3D-independent,4D-E,0.3382383064165515,0.0,3D optimized
2,2,4D-E-4f4328240852,4D,4D-E,equal_total,32,joint-property-residual,standardized_anomaly,"[80, 48]",2.0,"[1.0, 1.0]",wells,10,20,ridge(alpha_relative=1e-06),224596,1.3157740819951869,1653482.7535386418,0.3685975138268092,0.0019523559519734,0.470470022654507,0.3123644823050628,0.0075445377598231,0.9975002761664452,0.8980426468594399,0.0026584146425005,0.8856800443968486,0.0007152015932265,0.0010935787198477,0.999914137526149,0.8654773766287973,4D,3D-independent,4D-E,0.3382383064165515,0.0,4D optimized
2,2,4D-E-4f4328240852,4D,4D-E,equal_total,32,joint-property-residual,standardized_anomaly,"[80, 48]",2.0,"[1.0, 1.0]",wells,10,20,ridge(alpha_relative=1e-06),224596,1.3157740819951869,1653482.7535386418,0.3685975138268092,0.0019523559519734,0.470470022654507,0.3123644823050628,0.0075445377598231,0.9975002761664452,0.8980426468594399,0.0026584146425005,0.8856800443968486,0.0007152015932265,0.0010935787198477,0.999914137526149,0.8654773766287973,4D,3D-independent,4D-E,0.3382383064165515,0.0,4D-E
2,2,3D-current-e419eaac8e1a,3D,3D-current,equal_total,32,legacy-independent,raw_minmax,"[48, 48]",,"[1.0, 1.0]",wells,10,20,ridge(alpha_relative=0.0001),129984,13.031318540997743,38794166.46681089,0.5481407274909668,0.0020988061058419,0.5057609270301213,0.3357955715233904,0.0081104687390976,0.9959556233509796,0.744717056900591,0.0043845897623408,1.460774249918842,0.0011795998763838,0.0018036667353172,0.999830040892404,0.8032274770696012,3D,3D-current,4D-A-current,0.8956742033846015,0.0,3D current
2,2,4D-A-current-205a30146a4e,4D,4D-A-current,equal_total,32,legacy-joint,raw_minmax,"[48, 48]",2.0,"[1.0, 1.0]",wells,10,20,ridge(alpha_relative=0.0001),194740,15.159449083999789,56900729.61052351,1.6302312432162318,0.0028938498821766,0.6973470274465893,0.4629974976647785,0.0111827762172528,0.9811007820282946,0.6991836137149762,0.0162028800205564,5.398167489201317,0.0043591114118524,0.006665297620412,0.990758574483688,0.4499954738509824,4D,3D-current,4D-A-current,0.8956742033846015,0.0,4D current
2,2,4D-A-4ea76ef087a9,4D,4D-A,equal_total,32,joint,standardized_anomaly,"[80, 48]",2.0,"[1.0, 1.0]",wells,15,30,ridge(alpha_relative=0.0001),259188,1.022081041999627,6912045.461384137,0.3113306084841614,0.001386602227042,0.3341372153524794,0.2218474998758408,0.0053582815414367,0.9982556618135464,0.9333781632227828,0.002453331439574,0.817354322228037,0.0006600274186895,0.0010092146695852,0.9999283930066848,0.8789600440649584,4D,3D-independent,4D-A,0.3500111737643524,0.0,4D-A
2,2,3D-independent-7db5f3bc9ad5,3D,3D-independent,equal_total,32,independent,raw_minmax,"[80, 48]",,"[1.0, 1.0]",wells,15,30,ridge(alpha_relative=1e-06),149728,0.5956113749998622,48482216133.554184,0.3836580801888182,0.0017615440566144,0.4244890238301911,0.2818357977937979,0.0068071785973687,0.9979472206167872,0.88545144154805,0.0029405975690762,0.9796923865431832,0.0007911181471913,0.0012096588973618,0.9999243713222582,0.8536467376881527,3D,3D-independent,4D-B,0.3134603018432927,0.0,3D optimized
2,2,4D-B-2828b82824ed,4D,4D-B,equal_total,32,shared-independent,ensemble_anomaly,"[80, 48]",,"[1.0, 1.0]",wells,15,30,ridge(alpha_relative=1e-06),136304,0.8097500410003704,21367596806.77292,0.3136550468208213,0.0010500743064453,0.2530422191931233,0.1680051820381951,0.0040578283112714,0.9989469397396066,0.9470556824129872,0.0027615881119778,0.9200534192520342,0.00074295867392,0.00113602067336,0.9999351577418438,0.8898952199107575,4D,3D-independent,4D-B,0.3134603018432927,0.0,4D optimized
2,2,4D-B-2828b82824ed,4D,4D-B,equal_total,32,shared-independent,ensemble_anomaly,"[80, 48]",,"[1.0, 1.0]",wells,15,30,ridge(alpha_relative=1e-06),136304,0.8097500410003704,21367596806.77292,0.3136550468208213,0.0010500743064453,0.2530422191931233,0.1680051820381951,0.0040578283112714,0.9989469397396066,0.9470556824129872,0.0027615881119778,0.9200534192520342,0.00074295867392,0.00113602067336,0.9999351577418438,0.8898952199107575,4D,3D-independent,4D-B,0.3134603018432927,0.0,4D-B
2,2,4D-C-44adce3e7a5f,4D,4D-C,equal_total,32,joint,standardized_anomaly,"[80, 48]",2.0,"[1.0, 0.5]",wells,15,30,ridge(alpha_relative=0.0001),259188,1.1356727089951164,73373420.62899771,0.30196157759957,0.0014055750135735,0.3387091927627867,0.2248830245386519,0.0054315985532507,0.9984770059248428,0.9369562413764568,0.0023424705397058,0.7804197954813817,0.0006302021645908,0.0009636103763268,0.9999335869721452,0.8856091143153196,4D,3D-independent,4D-C,0.360113438145626,0.0,4D-C
2,2,4D-D-2ecf0e4138e3,4D,4D-D,equal_total,32,partial-spatial,standardized_anomaly,"[80, 48]",,"[1.0, 1.0]",wells,15,30,ridge(alpha_relative=0.0001),163152,1.305347499997879,18685148.64375788,0.3733273385507965,0.0013019801100585,0.3137453553261019,0.2083085016535154,0.0050312741859117,0.9984711567387372,0.9374147793830684,0.0032579712595511,1.0854289183002592,0.000876502182265,0.0013402153232084,0.9999039712147688,0.874315059463282,4D,3D-independent,4D-D,0.3464021759483494,0.0,4D-D
2,2,4D-E-4f4328240852,4D,4D-E,equal_total,32,joint-property-residual,standardized_anomaly,"[80, 48]",2.0,"[1.0, 1.0]",wells,15,30,ridge(alpha_relative=0.0001),224596,1.3157740819951869,12671714.03260478,0.3697749235801022,0.001986245782006,0.4786366426230954,0.317786638650492,0.0076754990745856,0.9973166726395783,0.9128939590911296,0.0026702990590795,0.8896394683463804,0.0007183988949325,0.0010984675527863,0.9999065246201462,0.8654588742070047,4D,3D-independent,4D-E,0.361500989069957,0.0,4D-E
2,2,3D-current-e419eaac8e1a,3D,3D-current,equal_total,32,legacy-independent,raw_minmax,"[48, 48]",,"[1.0, 1.0]",wells,15,30,ridge(alpha_relative=0.0001),129984,13.031318540997743,91977337.29393184,0.4660298534555597,0.0014718282934365,0.3546746124120931,0.2354831261464029,0.0056876227537215,0.9961569038717052,0.8818995629142128,0.0040699949366535,1.35596352749533,0.001094963447982,0.0016742534371636,0.9998519948797946,0.8111378892561565,3D,3D-current,4D-A-current,0.857024529643237,0.0,3D current
2,2,4D-A-current-205a30146a4e,4D,4D-A-current,equal_total,32,legacy-joint,raw_minmax,"[48, 48]",2.0,"[1.0, 1.0]",wells,15,30,ridge(alpha_relative=0.0001),194740,15.159449083999789,1409450535.1073928,1.5914501050760517,0.0027847217795294,0.6710498243813553,0.4455376982599284,0.0107610697706147,0.9809684957725724,0.6697980858335517,0.0157755027349679,5.25578205119522,0.0042441327660553,0.0064894895664711,0.9908549284997852,0.4522648247111838,4D,3D-current,4D-A-current,0.857024529643237,0.0,4D current
2,2,4D-A-4ea76ef087a9,4D,4D-A,equal_total,32,joint,standardized_anomaly,"[80, 48]",2.0,"[1.0, 1.0]",wells,20,40,ridge(alpha_relative=0.0001),259188,1.022081041999627,4221.504248016774,0.244883354124351,0.0008508915876978,0.2050440567131624,0.1361372192505693,0.0032881215673879,0.9989092560977336,0.9309079538790088,0.0020754172404867,0.6914480549081296,0.000558355981522,0.0008537539978589,0.999940500131257,0.9030094363687668,4D,3D-independent,4D-A,0.3645034341603365,0.0,4D-A
2,2,3D-independent-7db5f3bc9ad5,3D,3D-independent,equal_total,32,independent,raw_minmax,"[80, 48]",,"[1.0, 1.0]",wells,20,40,ridge(alpha_relative=1e-06),149728,0.5956113749998622,1545653.6557524898,0.3028008118471019,0.0010817230178459,0.260668784397368,0.173068773716892,0.0041801292154534,0.9988054902845128,0.8863243687746611,0.0025281797794092,0.8422908689534723,0.000680164101299,0.0010400046563507,0.9999393260055216,0.8971884431502045,3D,3D-independent,4D-B,0.2828920763243585,0.0,3D optimized
2,2,4D-B-2828b82824ed,4D,4D-B,equal_total,32,shared-independent,ensemble_anomaly,"[80, 48]",,"[1.0, 1.0]",wells,20,40,ridge(alpha_relative=1e-06),136304,0.8097500410003704,2584616.1412479593,0.2935127149208532,0.001083680665886,0.2611405296837797,0.1733819848994842,0.004187694203561,0.9982271503918456,0.8967047994432262,0.0024540090992385,0.8175800919902628,0.0006602097315853,0.0010094934350481,0.9999470087637312,0.9126347245380332,4D,3D-independent,4D-B,0.2828920763243585,0.0,4D optimized
2,2,4D-B-2828b82824ed,4D,4D-B,equal_total,32,shared-independent,ensemble_anomaly,"[80, 48]",,"[1.0, 1.0]",wells,20,40,ridge(alpha_relative=1e-06),136304,0.8097500410003704,2584616.1412479593,0.2935127149208532,0.001083680665886,0.2611405296837797,0.1733819848994842,0.004187694203561,0.9982271503918456,0.8967047994432262,0.0024540090992385,0.8175800919902628,0.0006602097315853,0.0010094934350481,0.9999470087637312,0.9126347245380332,4D,3D-independent,4D-B,0.2828920763243585,0.0,4D-B
2,2,4D-C-44adce3e7a5f,4D,4D-C,equal_total,32,joint,standardized_anomaly,"[80, 48]",2.0,"[1.0, 0.5]",wells,20,40,ridge(alpha_relative=0.0001),259188,1.1356727089951164,2806.0158090098075,0.2461048549874614,0.0008632589071138,0.2080242781425414,0.1381159113650848,0.003335912908013,0.9988740558375514,0.939413279009254,0.0021065902480261,0.701833684847127,0.0005667425530904,0.0008665774818759,0.9999430711517724,0.9114638070703912,4D,3D-independent,4D-C,0.3672237097615569,0.0,4D-C
2,2,4D-D-2ecf0e4138e3,4D,4D-D,equal_total,32,partial-spatial,standardized_anomaly,"[80, 48]",,"[1.0, 1.0]",wells,20,40,ridge(alpha_relative=0.0001),163152,1.305347499997879,3172.7685328488196,0.300663162127862,0.0007807470893125,0.1881409485934314,0.1249145475330906,0.0030170604342085,0.9988211814772662,0.9555152262859457,0.0028414863233549,0.946672386161277,0.0007644539392407,0.0011688880004951,0.9999279547228836,0.9088061462005752,4D,3D-independent,4D-D,0.3589607795220996,0.0,4D-D
2,2,4D-E-4f4328240852,4D,4D-E,equal_total,32,joint-property-residual,standardized_anomaly,"[80, 48]",2.0,"[1.0, 1.0]",wells,20,40,ridge(alpha_relative=0.0001),224596,1.3157740819951869,8047.502429053607,0.3025889487175449,0.0011048811033097,0.2662493164626143,0.1767739194766837,0.004269619582233,0.9968296238881904,0.8133139735975142,0.0023905967915385,0.7964535850108141,0.0006431497204146,0.0009834078315577,0.9999218517688436,0.8913802396089832,4D,3D-independent,4D-E,0.3372514647877808,0.0,4D-E
2,2,3D-current-e419eaac8e1a,3D,3D-current,equal_total,32,legacy-independent,raw_minmax,"[48, 48]",,"[1.0, 1.0]",wells,20,40,ridge(alpha_relative=0.0001),129984,13.031318540997743,210207.4429012193,0.4617124106895324,0.0013462742276647,0.3244191540729846,0.2153952775568696,0.0052024410484298,0.9961825671309656,0.8621215831098371,0.00410156112898,1.3664801512658182,0.0011034557992816,0.0016872386636376,0.9998512582784856,0.8259777420515095,3D,3D-current,4D-A-current,0.8389214131619297,0.0,3D current
2,2,4D-A-current-205a30146a4e,4D,4D-A-current,equal_total,32,legacy-joint,raw_minmax,"[48, 48]",2.0,"[1.0, 1.0]",wells,20,40,ridge(alpha_relative=0.0001),194740,15.159449083999789,183547.9454634372,1.567240007970468,0.0025580142772065,0.616418862416663,0.409265945905453,0.0098849983196165,0.9803506409210532,0.7519181819895654,0.0157735514261872,5.255131951237215,0.0042436077993604,0.006488686866349,0.9909019436099812,0.4532633815544457,4D,3D-current,4D-A-current,0.8389214131619297,0.0,4D current
2,2,4D-A-4ea76ef087a9,4D,4D-A,equal_total,32,joint,standardized_anomaly,"[80, 48]",2.0,"[1.0, 1.0]",wells,30,60,ridge(alpha_relative=0.0001),259188,1.022081041999627,286.6492131446187,0.2344739112372572,0.0006824357343393,0.1644503171003893,0.1091853586677707,0.0026371534151707,0.9996866099658602,0.9446617851224092,0.002088014170093,0.6956448604006219,0.0005617449728329,0.0008589359337137,0.9999235167505356,0.8997372799815554,4D,3D-independent,4D-A,0.3240827680738397,0.0,4D-A
2,2,3D-independent-7db5f3bc9ad5,3D,3D-independent,equal_total,32,independent,raw_minmax,"[80, 48]",,"[1.0, 1.0]",wells,30,60,ridge(alpha_relative=1e-06),149728,0.5956113749998622,27256.89224795088,0.2999672173311682,0.0011075730243624,0.2668980035820835,0.1772046096513896,0.0042800220398424,0.9995233223149336,0.845603839033353,0.0024006781756611,0.7998123088887943,0.0006458619466683,0.0009875549600632,0.9999328168126296,0.888079047259056,3D,3D-independent,4D-B,0.2426786316694358,0.0,3D optimized
2,2,4D-B-2828b82824ed,4D,4D-B,equal_total,32,shared-independent,ensemble_anomaly,"[80, 48]",,"[1.0, 1.0]",wells,30,60,ridge(alpha_relative=1e-06),136304,0.8097500410003704,132682.30283810548,0.1743049818220602,0.0005604581161812,0.1350566951432078,0.0896697188530991,0.0021657922655215,0.9998311021822416,0.9792105952326752,0.0015532010784468,0.517466003280094,0.0004178625366212,0.0006389325502045,0.9999634755853553,0.9313949470374462,4D,3D-independent,4D-B,0.2426786316694358,0.0,4D optimized
2,2,4D-B-2828b82824ed,4D,4D-B,equal_total,32,shared-independent,ensemble_anomaly,"[80, 48]",,"[1.0, 1.0]",wells,30,60,ridge(alpha_relative=1e-06),136304,0.8097500410003704,132682.30283810548,0.1743049818220602,0.0005604581161812,0.1350566951432078,0.0896697188530991,0.0021657922655215,0.9998311021822416,0.9792105952326752,0.0015532010784468,0.517466003280094,0.0004178625366212,0.0006389325502045,0.9999634755853553,0.9313949470374462,4D,3D-independent,4D-B,0.2426786316694358,0.0,4D-B
2,2,4D-C-44adce3e7a5f,4D,4D-C,equal_total,32,joint,standardized_anomaly,"[80, 48]",2.0,"[1.0, 0.5]",wells,30,60,ridge(alpha_relative=0.0001),259188,1.1356727089951164,338.0297038637174,0.240650711323947,0.0008019534374601,0.1932511597121186,0.1283074277883551,0.003099008653838,0.9997326462889808,0.919472991118037,0.0020472977304686,0.6820797312150767,0.0005507909019274,0.0008421866158272,0.999925140871872,0.9059831001447772,4D,3D-independent,4D-C,0.3403293710237247,0.0,4D-C
2,2,4D-D-2ecf0e4138e3,4D,4D-D,equal_total,32,partial-spatial,standardized_anomaly,"[80, 48]",,"[1.0, 1.0]",wells,30,60,ridge(alpha_relative=0.0001),163152,1.305347499997879,737.1742265607254,0.3640092657493575,0.0006663920493634,0.160584181508442,0.1066184715452161,0.002575155403494,0.999089080640986,0.9281169154770514,0.0035916225820288,1.1965885219906487,0.0009662654395098,0.0014774677970239,0.9998365335290388,0.8741543655262698,4D,3D-independent,4D-D,0.3581149975127291,0.0,4D-D
2,2,4D-E-4f4328240852,4D,4D-E,equal_total,32,joint-property-residual,standardized_anomaly,"[80, 48]",2.0,"[1.0, 1.0]",wells,30,60,ridge(alpha_relative=0.0001),224596,1.3157740819951869,803.1269717638725,0.2442791311586596,0.0007220679573713,0.1740007133018962,0.1155262612155249,0.0027903052023069,0.9980243968461252,0.9252774116545646,0.0021509949044424,0.7166275839768912,0.0005786888764772,0.0008848440030358,0.9999249396436354,0.9017461336337326,4D,3D-independent,4D-E,0.3123513617807045,0.0,4D-E
2,2,3D-current-e419eaac8e1a,3D,3D-current,equal_total,32,legacy-independent,raw_minmax,"[48, 48]",,"[1.0, 1.0]",wells,30,60,ridge(alpha_relative=0.0001),129984,13.031318540997743,29847.673618649853,0.3497105108585353,0.0014463665081295,0.3485389450415547,0.2314094031257936,0.0055892301422273,0.9961974069846888,0.880312987930804,0.0027327231839324,0.9104367513538084,0.0007351930521858,0.001124146652447,0.9999152856560068,0.8399543179916399,3D,3D-current,4D-A-current,0.8129670309143762,0.0,3D current
2,2,4D-A-current-205a30146a4e,4D,4D-A-current,equal_total,32,legacy-joint,raw_minmax,"[48, 48]",2.0,"[1.0, 1.0]",wells,30,60,ridge(alpha_relative=0.0001),194740,15.159449083999789,18285.93277788331,1.5662989495254835,0.0026898724673842,0.6481934605156445,0.4303624141344787,0.0103945412099549,0.980628373081364,0.7181332175862888,0.0156188300413436,5.203584822054792,0.004201982622017,0.0064250399050114,0.9908524818922282,0.455031751350715,4D,3D-current,4D-A-current,0.8129670309143762,0.0,4D current
2,2,4D-A-4ea76ef087a9,4D,4D-A,equal_total,32,joint,standardized_anomaly,"[80, 48]",2.0,"[1.0, 1.0]",grid,30,30,ridge(alpha_relative=0.0001),259188,1.022081041999627,320.3978394430477,0.4856420522332033,0.0042291792760224,1.019128744319901,0.6766416717170303,0.0163429228716003,0.9969822613974946,0.4079889822701755,0.0017450226095688,0.5813734537900109,0.0004694688821778,0.0007178412129429,0.9999262123663076,0.907878996084022,4D,3D-independent,4D-A,0.592111874337783,0.0,4D-A
2,2,3D-independent-7db5f3bc9ad5,3D,3D-independent,equal_total,32,independent,raw_minmax,"[80, 48]",,"[1.0, 1.0]",grid,30,30,ridge(alpha_relative=1e-06),149728,0.5956113749998622,1.2727767285497385e+19,0.7323136117039277,0.0059609620785494,1.4364460339842309,0.9537158589467608,0.02303509431312,0.998138762747714,0.4115402302059102,0.0033211598679501,1.1064808973999358,0.0008935020109141,0.0013662089046374,0.9999274019928952,0.8158047389310009,3D,3D-independent,4D-B,0.3921784752516288,0.0,3D optimized
2,2,4D-B-2828b82824ed,4D,4D-B,equal_total,32,shared-independent,ensemble_anomaly,"[80, 48]",,"[1.0, 1.0]",grid,30,30,ridge(alpha_relative=1e-06),136304,0.8097500410003704,7.050730853171769e+18,0.2046169557180353,0.0014048515188483,0.3385348482333317,0.2247672700036899,0.0054288027345538,0.9993766977926096,0.8676513384250304,0.0011641617085408,0.3878532630770117,0.0003131980600056,0.0004788953726663,0.999969641362892,0.9481892384513736,4D,3D-independent,4D-B,0.3921784752516288,0.0,4D optimized
2,2,4D-B-2828b82824ed,4D,4D-B,equal_total,32,shared-independent,ensemble_anomaly,"[80, 48]",,"[1.0, 1.0]",grid,30,30,ridge(alpha_relative=1e-06),136304,0.8097500410003704,7.050730853171769e+18,0.2046169557180353,0.0014048515188483,0.3385348482333317,0.2247672700036899,0.0054288027345538,0.9993766977926096,0.8676513384250304,0.0011641617085408,0.3878532630770117,0.0003131980600056,0.0004788953726663,0.999969641362892,0.9481892384513736,4D,3D-independent,4D-B,0.3921784752516288,0.0,4D-B
2,2,4D-C-44adce3e7a5f,4D,4D-C,equal_total,32,joint,standardized_anomaly,"[80, 48]",2.0,"[1.0, 0.5]",grid,30,30,ridge(alpha_relative=0.0001),259188,1.1356727089951164,453.65781078182863,0.435227984701326,0.0033463199635744,0.8063812479894839,0.535389820689424,0.0129312676287935,0.9973823765373628,0.5110611002703098,0.0019304821504648,0.64316133736111,0.000519363641636,0.0007941327756186,0.9999167174728134,0.9062001928202692,4D,3D-independent,4D-C,0.6147102819345789,0.0,4D-C
2,2,4D-D-2ecf0e4138e3,4D,4D-D,equal_total,32,partial-spatial,standardized_anomaly,"[80, 48]",,"[1.0, 1.0]",grid,30,30,ridge(alpha_relative=1e-06),163152,1.305347499997879,7.02082148573399e+17,0.2256645427801013,0.0013670173674078,0.3294177432979828,0.2187140474260156,0.0052825992802786,0.9991446026679282,0.8759417970166501,0.0014278126993174,0.4756914872137444,0.000384128909409,0.0005873521605468,0.9999387135282634,0.9289603217659936,4D,3D-independent,4D-D,0.401946519064358,0.0,4D-D
2,2,4D-E-4f4328240852,4D,4D-E,equal_total,32,joint-property-residual,standardized_anomaly,"[80, 48]",2.0,"[1.0, 1.0]",grid,30,30,ridge(alpha_relative=0.0001),224596,1.3157740819951869,27538.94400592857,0.665224254001598,0.0070082157058356,1.6888085385041125,1.1212697503356084,0.0270820226036223,0.9979374992395412,0.3171187729323557,0.0017727732360699,0.5906188798866548,0.0004769347198877,0.0007292568492092,0.9999276107540526,0.9199420318363942,4D,3D-independent,4D-E,0.5798339120803138,0.0,4D-E
2,2,3D-current-e419eaac8e1a,3D,3D-current,equal_total,32,legacy-independent,raw_minmax,"[48, 48]",,"[1.0, 1.0]",grid,30,30,ridge(alpha_relative=0.0001),129984,13.031318540997743,1.421061406574097e+19,0.7261805232114791,0.0051496739334057,1.2409454380814815,0.8239149375513101,0.0199000133157503,0.99496008894433,0.7812547306071754,0.0043401591500188,1.445971703293933,0.0011676465699986,0.0017853895368063,0.9999329348969987,0.7831353664518216,3D,3D-current,4D-A-current,1.0815314806791505,0.0,3D current
2,2,4D-A-current-205a30146a4e,4D,4D-A-current,equal_total,32,legacy-joint,raw_minmax,"[48, 48]",2.0,"[1.0, 1.0]",grid,30,30,ridge(alpha_relative=0.0001),194740,15.159449083999789,1449063.7759470646,1.8549144164331255,0.0038052635853778,0.9169754334036544,0.6088178688314336,0.0147047749038507,0.9793255544081926,0.619509725638428,0.0181167879555127,6.035806944575777,0.0048740160405306,0.00745261234399,0.99030438004789,0.4467396988554297,4D,3D-current,4D-A-current,1.0815314806791505,0.0,4D current
2,2,4D-A-4ea76ef087a9,4D,4D-A,equal_total,32,joint,standardized_anomaly,"[80, 48]",2.0,"[1.0, 1.0]",grid,100,100,ridge(alpha_relative=1e-06),259188,1.022081041999627,117.255239787724,0.1647603756361611,0.0010925049758288,0.2632669725050933,0.1747938181280568,0.0042217942043835,0.9991673569169798,0.8383097618572681,0.0008895181525296,0.2963527450643223,0.0002393098464484,0.0003659166282689,0.9999727340436566,0.9628466681922742,4D,3D-independent,4D-A,0.2369293624043299,0.0,4D-A
2,2,3D-independent-7db5f3bc9ad5,3D,3D-independent,equal_total,32,independent,raw_minmax,"[80, 48]",,"[1.0, 1.0]",grid,100,100,ridge(alpha_relative=1e-06),149728,0.5956113749998622,4993.91731636963,0.253031525366734,0.0014392482004508,0.3468236070308298,0.2302705193629661,0.0055617226884691,0.9993697009067536,0.7758248199148272,0.0014842181765314,0.4944835916373586,0.0003993038510924,0.0006105553992658,0.9999697575978136,0.8825373744876772,3D,3D-independent,4D-B,0.1912911922993716,0.0,3D optimized
2,2,4D-B-2828b82824ed,4D,4D-B,equal_total,32,shared-independent,ensemble_anomaly,"[80, 48]",,"[1.0, 1.0]",grid,100,100,ridge(alpha_relative=1e-06),136304,0.8097500410003704,16424.37137618955,0.1468260110737304,0.000635618342986,0.1531684711089608,0.1016948750814319,0.0024562358030291,0.9998189790016384,0.9743233419694864,0.0011850823035096,0.3948231891316417,0.0003188263930029,0.0004875013730616,0.9999767913289548,0.947051889921875,4D,3D-independent,4D-B,0.1912911922993716,0.0,4D optimized
2,2,4D-B-2828b82824ed,4D,4D-B,equal_total,32,shared-independent,ensemble_anomaly,"[80, 48]",,"[1.0, 1.0]",grid,100,100,ridge(alpha_relative=1e-06),136304,0.8097500410003704,16424.37137618955,0.1468260110737304,0.000635618342986,0.1531684711089608,0.1016948750814319,0.0024562358030291,0.9998189790016384,0.9743233419694864,0.0011850823035096,0.3948231891316417,0.0003188263930029,0.0004875013730616,0.9999767913289548,0.947051889921875,4D,3D-independent,4D-B,0.1912911922993716,0.0,4D-B
2,2,4D-C-44adce3e7a5f,4D,4D-C,equal_total,32,joint,standardized_anomaly,"[80, 48]",2.0,"[1.0, 0.5]",grid,100,100,ridge(alpha_relative=1e-06),259188,1.1356727089951164,127.03507018702,0.2190683346809239,0.0017309552124193,0.4171178606942465,0.2769417780984424,0.0066889733644419,0.9992052204433716,0.7178989140375459,0.0008963676549787,0.298634732056219,0.0002411525894826,0.0003687342737935,0.9999720907882592,0.961059594015994,4D,3D-independent,4D-C,0.2337358518837146,0.0,4D-C
2,2,4D-D-2ecf0e4138e3,4D,4D-D,equal_total,32,partial-spatial,standardized_anomaly,"[80, 48]",,"[1.0, 1.0]",grid,100,100,ridge(alpha_relative=1e-06),163152,1.305347499997879,929.2961733601496,0.1809131181031083,0.0011579224467165,0.2790309826383032,0.1852601956382089,0.004474588567402,0.9939683947703328,0.794225776262709,0.0009558613957399,0.3184557254092817,0.0002571583763524,0.0003932079160239,0.9999736556986372,0.9534426950075942,4D,3D-independent,4D-D,0.1920788768813041,0.0,4D-D
2,2,4D-E-4f4328240852,4D,4D-E,equal_total,32,joint-property-residual,standardized_anomaly,"[80, 48]",2.0,"[1.0, 1.0]",grid,100,100,ridge(alpha_relative=1e-06),224596,1.3157740819951869,479.54059438710954,0.1560121837256846,0.0009596252480849,0.2312462088432117,0.1535339104131682,0.0037083037609704,0.9981413136245229,0.8419219986934774,0.0008828203436715,0.2941212964588477,0.0002375079140147,0.0003631613841773,0.9999733170470338,0.9607155421051649,4D,3D-independent,4D-E,0.2536280652728496,0.0,4D-E
2,2,3D-current-e419eaac8e1a,3D,3D-current,equal_total,32,legacy-independent,raw_minmax,"[48, 48]",,"[1.0, 1.0]",grid,100,100,ridge(alpha_relative=1e-06),129984,13.031318540997743,7486.829291702668,0.279028055154674,0.0017783119647031,0.4285296794751811,0.2845185559886749,0.0068719752424686,0.9942151233990664,0.7720798096879529,0.0015379714912354,0.5123920989831791,0.0004137652732133,0.0006326676311734,0.9999661419987688,0.8775393059913754,3D,3D-current,4D-A-current,0.7855242750060566,0.0,3D current
2,2,4D-A-current-205a30146a4e,4D,4D-A-current,equal_total,32,legacy-joint,raw_minmax,"[48, 48]",2.0,"[1.0, 1.0]",grid,100,100,ridge(alpha_relative=1e-06),194740,15.159449083999789,16271.45375953915,1.77612363165674,0.004814985262782,1.1602936561708097,0.7703668879617436,0.0186066675450912,0.968211054048642,0.2375135483603752,0.015874687013377,5.288826383219468,0.004270816622218,0.006530290506429,0.9904157981856228,0.4517374771662598,4D,3D-current,4D-A-current,0.7855242750060566,0.0,4D current
2,2,4D-A-4ea76ef087a9,4D,4D-A,equal_total,32,joint,standardized_anomaly,"[80, 48]",2.0,"[1.0, 1.0]",grid,300,300,ridge(alpha_relative=1e-06),259188,1.022081041999627,106.76410846537384,0.1499640290322526,0.0009995897329315,0.2408766720137107,0.1599279727290578,0.0038627395157173,0.999175915498358,0.878838665342587,0.0008423325671064,0.2806323488837105,0.0002266153610463,0.0003465061302686,0.9999756413303638,0.9644671441942348,4D,3D-independent,4D-A,0.1910060250407346,0.0,4D-A
2,2,4D-B-2828b82824ed,4D,4D-B,equal_total,32,shared-independent,ensemble_anomaly,"[80, 48]",,"[1.0, 1.0]",grid,300,300,least_squares(rcond=1e-10),136304,0.8097500410003704,18760.36835468025,0.1204443150307293,0.0004620201202456,0.1113355462763292,0.0739202682426716,0.0017853958646567,0.9998510543730064,0.985400472097751,0.0010110971474413,0.3368581229273848,0.0002720186231281,0.0004159299706161,0.9999694418960418,0.9474323460638424,4D,3D-independent,4D-B,0.1596022785806284,0.0,4D-B
2,2,4D-C-44adce3e7a5f,4D,4D-C,equal_total,32,joint,standardized_anomaly,"[80, 48]",2.0,"[1.0, 0.5]",grid,300,300,ridge(alpha_relative=1e-06),259188,1.1356727089951164,115.72975231826555,0.1619377116249902,0.0011757103383131,0.2833174293561554,0.1881061446795432,0.0045433267601902,0.9992287243733162,0.8671099435393692,0.0008403849927843,0.2799834931015942,0.0002260913990443,0.0003457049663719,0.9999754806024816,0.9639902083762082,4D,3D-independent,4D-C,0.1934927201240678,0.0,4D-C
2,2,3D-independent-7db5f3bc9ad5,3D,3D-independent,equal_total,32,independent,raw_minmax,"[80, 48]",,"[1.0, 1.0]",grid,300,300,ridge(alpha_relative=1e-06),149728,0.5956113749998622,5465.803022883771,0.1714809171779356,0.0009287539694695,0.2238069859213575,0.1485947030145208,0.0035890071096748,0.9996165000923138,0.8914254455590945,0.0011021982023139,0.3672094402253748,0.0002965278244197,0.0004534057553833,0.9999734890227832,0.918760069310885,3D,3D-independent,4D-D,0.1528597730046368,0.0,3D optimized
2,2,4D-D-2ecf0e4138e3,4D,4D-D,equal_total,32,partial-spatial,standardized_anomaly,"[80, 48]",,"[1.0, 1.0]",grid,300,300,ridge(alpha_relative=1e-06),163152,1.305347499997879,507.46153784366743,0.1358710482217,0.0006977349013791,0.1681370420833755,0.1116331276759085,0.0026962743676328,0.9985509696995242,0.920366277124656,0.0009388980112992,0.3128041875173488,0.0002525946640614,0.0003862297735083,0.9999731885549866,0.9545477963031924,4D,3D-independent,4D-D,0.1528597730046368,0.0,4D optimized
2,2,4D-D-2ecf0e4138e3,4D,4D-D,equal_total,32,partial-spatial,standardized_anomaly,"[80, 48]",,"[1.0, 1.0]",grid,300,300,ridge(alpha_relative=1e-06),163152,1.305347499997879,507.46153784366743,0.1358710482217,0.0006977349013791,0.1681370420833755,0.1116331276759085,0.0026962743676328,0.9985509696995242,0.920366277124656,0.0009388980112992,0.3128041875173488,0.0002525946640614,0.0003862297735083,0.9999731885549866,0.9545477963031924,4D,3D-independent,4D-D,0.1528597730046368,0.0,4D-D
2,2,4D-E-4f4328240852,4D,4D-E,equal_total,32,joint-property-residual,standardized_anomaly,"[80, 48]",2.0,"[1.0, 1.0]",grid,300,300,ridge(alpha_relative=1e-06),224596,1.3157740819951869,451.0891376034363,0.1194774135210766,0.0006264949618628,0.1509699594495661,0.100235192374224,0.0024209800939913,0.9991290771746068,0.947866890028132,0.0008472771236432,0.2822796822165011,0.0002279456105327,0.000348540147732,0.9999752673362554,0.9628130851353894,4D,3D-independent,4D-E,0.1904238935887288,0.0,4D-E
2,2,3D-current-e419eaac8e1a,3D,3D-current,equal_total,32,legacy-independent,raw_minmax,"[48, 48]",,"[1.0, 1.0]",grid,300,300,ridge(alpha_relative=1e-06),129984,13.031318540997743,5828.552353850775,0.1938175256814477,0.0012566060775928,0.3028113235167453,0.2010489462702283,0.0048559341814894,0.995517614174876,0.8984744545441596,0.0011367262687645,0.3787128449004636,0.0003058170179645,0.0004676093931846,0.999969979000767,0.9140336768386764,3D,3D-current,4D-A-current,0.7455061929436413,0.0,3D current
2,2,4D-A-current-205a30146a4e,4D,4D-A-current,equal_total,32,legacy-joint,raw_minmax,"[48, 48]",2.0,"[1.0, 1.0]",grid,300,300,ridge(alpha_relative=1e-06),194740,15.159449083999789,14704.237878980644,1.5516841733409714,0.0025465832760015,0.6136642707703874,0.4074370587242978,0.0098408252167885,0.978063323575457,0.7304487698965434,0.0155646613046869,5.185537912321433,0.0041874094376308,0.0064027567830553,0.9906672272057152,0.4544822095593259,4D,3D-current,4D-A-current,0.7455061929436413,0.0,4D current
2,2,4D-A-3bf6b15a532d,4D,4D-A,equal_per_property,64,joint,standardized_anomaly,"[80, 48]",2.0,"[1.0, 1.0]",wells,5,10,ridge(alpha_relative=1e-06),504948,0.8007132920029107,32147.506884755818,0.3053862410146649,0.0014156790151489,0.3411440099615998,0.2264996002548336,0.00547064369834,0.9983525645973816,0.9068802265465946,0.0023309268764496,0.7765738972449469,0.0006270965368153,0.0009588617173763,0.9999353363728262,0.885465659749179,4D,3D-independent,4D-A,0.4976698913353334,0.0,4D-A
2,2,4D-B-3ee6d3ebd2d3,4D,4D-B,equal_per_property,64,shared-independent,standardized_anomaly,"[80, 48]",,"[1.0, 1.0]",wells,5,10,ridge(alpha_relative=1e-06),259184,0.6834942499990575,25459.123210795173,0.3860174442761838,0.0015354200592477,0.3699986722852788,0.2456574025053762,0.0059333619991143,0.998326102890143,0.931752128147544,0.0032128182061613,1.0703856824966165,0.0008643545153032,0.001321640937733,0.9999174682675532,0.8608770272067765,4D,3D-independent,4D-B,0.5118854310648548,0.0,4D-B
2,2,4D-C-e7705bff9f37,4D,4D-C,equal_per_property,64,joint,standardized_anomaly,"[64, 48]",2.0,"[1.0, 0.5]",wells,5,10,ridge(alpha_relative=1e-06),404420,0.9644163330012816,18737.699094263793,0.3296283347184192,0.0014907034586049,0.3592230654620552,0.2385030320146322,0.0057605625248691,0.997973315413366,0.917353549870788,0.0025589694917219,0.8525487998767092,0.0006884475537556,0.0010526704661296,0.9999155429549046,0.8691635030593868,4D,3D-independent,4D-C,0.5419141640529386,0.0,4D-C
2,2,4D-D-ff94f89c821d,4D,4D-D,equal_per_property,64,partial-spatial,standardized_anomaly,"[64, 48]",,"[1.0, 1.0]",wells,5,10,ridge(alpha_relative=1e-06),230208,1.1536421659984626,4247.2584997701515,0.3757272601877445,0.0015047785972744,0.3626148295520203,0.2407549643015929,0.0058149534339961,0.9982157603988664,0.930100197020794,0.0031115414353172,1.0366442136288476,0.0008371077093661,0.00127997921964,0.9999213112318122,0.8625998078389862,4D,3D-independent,4D-D,0.487252439331243,0.0,4D-D
2,2,3D-independent-fa9b36e31dc0,3D,3D-independent,equal_per_property,64,independent,raw_minmax,"[80, 48]",,"[1.0, 1.0]",wells,5,10,ridge(alpha_relative=1e-06),272608,0.665108125002007,27952356.154924516,0.8594929767590859,0.0028558413745634,0.688187906939009,0.4569163792131126,0.0110358989940743,0.9980555294295904,0.4765431861015962,0.0070946217658403,2.3636511852183775,0.0019086882494356,0.0029184790304924,0.9996510183047552,0.7511911841404896,3D,3D-independent,4D-E,0.4816414220817162,0.0,3D optimized
2,2,4D-E-6ca320f290f9,4D,4D-E,equal_per_property,64,joint-property-residual,standardized_anomaly,"[80, 48]",2.0,"[1.0, 1.0]",wells,5,10,ridge(alpha_relative=1e-06),408916,2.0106447500074864,14912.326817899817,0.3096220116193079,0.0014827719732832,0.3573117715326801,0.2372340450228287,0.0057299126884801,0.998270044719991,0.9146940349659656,0.0023459957067318,0.7815942436047768,0.0006311505512845,0.0009650605066345,0.999934681855809,0.8861419023544848,4D,3D-independent,4D-E,0.4816414220817162,0.0,4D optimized
2,2,4D-E-6ca320f290f9,4D,4D-E,equal_per_property,64,joint-property-residual,standardized_anomaly,"[80, 48]",2.0,"[1.0, 1.0]",wells,5,10,ridge(alpha_relative=1e-06),408916,2.0106447500074864,14912.326817899817,0.3096220116193079,0.0014827719732832,0.3573117715326801,0.2372340450228287,0.0057299126884801,0.998270044719991,0.9146940349659656,0.0023459957067318,0.7815942436047768,0.0006311505512845,0.0009650605066345,0.999934681855809,0.8861419023544848,4D,3D-independent,4D-E,0.4816414220817162,0.0,4D-E
2,2,3D-current-5e7711139fcb,3D,3D-current,equal_per_property,64,legacy-independent,raw_minmax,"[48, 48]",,"[1.0, 1.0]",wells,5,10,ridge(alpha_relative=0.0001),242016,13.001437666993295,502141.3331029091,1.136585952639843,0.0024942430771022,0.6010515632684639,0.399062961205662,0.0096385656818133,0.9954085840426814,0.5157265115686909,0.0107282419645375,3.5742316746021747,0.002886252438912,0.0044132231767881,0.9994583760077628,0.7421523430538443,3D,3D-current,4D-A-current,1.5614814685500864,0.0,3D current
2,2,4D-A-current-43ce2f360e5a,4D,4D-A-current,equal_per_property,64,legacy-joint,raw_minmax,"[48, 48]",2.0,"[1.0, 1.0]",wells,5,10,ridge(alpha_relative=0.0001),380500,16.066961249998712,228655.176995568,1.8573361007634637,0.0031549377724063,0.760262821826719,0.5047698924912882,0.012191704658032,0.979577092266834,0.4972255790137719,0.0184370162428048,6.142494516624077,0.0049601680567007,0.0075843430510352,0.990687819251302,0.4496002917801094,4D,3D-current,4D-A-current,1.5614814685500864,0.0,4D current
2,2,4D-A-3bf6b15a532d,4D,4D-A,equal_per_property,64,joint,standardized_anomaly,"[80, 48]",2.0,"[1.0, 1.0]",wells,10,20,ridge(alpha_relative=1e-06),504948,0.8007132920029107,1343160.992041717,0.3731279020077003,0.0015572068471704,0.3752487551901087,0.2491431494173111,0.0060175532266323,0.9984512672734482,0.9210032404590814,0.0030224266663233,1.006954649293368,0.0008131328847675,0.0012433205233487,0.9998942858501498,0.8583803524462694,4D,3D-independent,4D-A,0.3298866811677441,0.0,4D-A
2,2,4D-B-3ee6d3ebd2d3,4D,4D-B,equal_per_property,64,shared-independent,standardized_anomaly,"[80, 48]",,"[1.0, 1.0]",wells,10,20,ridge(alpha_relative=1e-08),259184,0.6834942499990575,1054133.7934962157,0.4039728294024322,0.0012778567528844,0.3079322163927478,0.2044489185854185,0.0049380536956064,0.9986064671525492,0.9188923671399296,0.0035929789779511,1.1970404201939857,0.0009666303549407,0.0014780257708225,0.999885736877668,0.8592702708140796,4D,3D-independent,4D-B,0.3338163901612223,0.0,4D-B
2,2,4D-C-e7705bff9f37,4D,4D-C,equal_per_property,64,joint,standardized_anomaly,"[64, 48]",2.0,"[1.0, 0.5]",wells,10,20,ridge(alpha_relative=1e-06),404420,0.9644163330012816,461797.96511798206,0.3684880484035173,0.0016010932154672,0.3858242963284549,0.256164688035514,0.0061871444133324,0.9981632870812872,0.9151597790636028,0.0029247013708511,0.9743963934634432,0.0007868415433406,0.001203119757896,0.999893583838244,0.8573772132920552,4D,3D-independent,4D-C,0.3426698251474318,0.0,4D-C
2,2,3D-independent-fa9b36e31dc0,3D,3D-independent,equal_per_property,64,independent,raw_minmax,"[80, 48]",,"[1.0, 1.0]",wells,10,20,ridge(alpha_relative=1e-08),272608,0.665108125002007,7962275874.589764,0.383103279029056,0.0015267081726264,0.3678993207341706,0.2442635562901844,0.0058996964385349,0.9987279548967608,0.8297578747192019,0.0030205928979709,1.0063437092203398,0.000812639540341,0.0012425661752439,0.9999200926069222,0.8539019529573704,3D,3D-independent,4D-D,0.3108523062800407,0.0,3D optimized
2,2,4D-D-ff94f89c821d,4D,4D-D,equal_per_property,64,partial-spatial,standardized_anomaly,"[64, 48]",,"[1.0, 1.0]",wells,10,20,ridge(alpha_relative=1e-08),230208,1.1536421659984626,320017.79458831524,0.3937707677667088,0.0013171636364191,0.3174042137343892,0.210737768891593,0.0050899482652152,0.9986021197459204,0.9181999129581356,0.0034420037200239,1.1467413543499998,0.0009260130098204,0.0014159198349564,0.9998923705605948,0.8599250810769719,4D,3D-independent,4D-D,0.3108523062800407,0.0,4D optimized
2,2,4D-D-ff94f89c821d,4D,4D-D,equal_per_property,64,partial-spatial,standardized_anomaly,"[64, 48]",,"[1.0, 1.0]",wells,10,20,ridge(alpha_relative=1e-08),230208,1.1536421659984626,320017.79458831524,0.3937707677667088,0.0013171636364191,0.3174042137343892,0.210737768891593,0.0050899482652152,0.9986021197459204,0.9181999129581356,0.0034420037200239,1.1467413543499998,0.0009260130098204,0.0014159198349564,0.9998923705605948,0.8599250810769719,4D,3D-independent,4D-D,0.3108523062800407,0.0,4D-D
2,2,4D-E-6ca320f290f9,4D,4D-E,equal_per_property,64,joint-property-residual,standardized_anomaly,"[80, 48]",2.0,"[1.0, 1.0]",wells,10,20,ridge(alpha_relative=1e-08),408916,2.0106447500074864,719647.198147988,0.3672311242429205,0.0014823165435707,0.3572020241134487,0.2371611791777338,0.0057281527600924,0.997303910982697,0.9098111044355728,0.0029971747723371,0.9985417033859662,0.0008063392888693,0.0012329327781649,0.999897918997887,0.8638273566198926,4D,3D-independent,4D-E,0.3135148970059505,0.0,4D-E
2,2,3D-current-5e7711139fcb,3D,3D-current,equal_per_property,64,legacy-independent,raw_minmax,"[48, 48]",,"[1.0, 1.0]",wells,10,20,ridge(alpha_relative=0.0001),242016,13.001437666993295,37717314.95727356,0.5331107071113497,0.0020502382294186,0.4940572569600825,0.3280250215064733,0.007922786683876,0.9958663622625812,0.7464052988382877,0.0042532298678854,1.4170102579165351,0.0011442597137551,0.0017496298733013,0.9998400570484524,0.810844074024151,3D,3D-current,4D-A-current,0.8970535425141454,0.0,3D current
2,2,4D-A-current-43ce2f360e5a,4D,4D-A-current,equal_per_property,64,legacy-joint,raw_minmax,"[48, 48]",2.0,"[1.0, 1.0]",wells,10,20,ridge(alpha_relative=0.0001),380500,16.066961249998712,53459102.08609912,1.633666073352807,0.0028836382846046,0.6948862822447942,0.4613637072763782,0.0111433152862726,0.9807387027660556,0.6903327718638038,0.0162387899848594,5.41013128832795,0.0043687723816919,0.0066800697226132,0.9907073446184094,0.4503737824592271,4D,3D-current,4D-A-current,0.8970535425141454,0.0,4D current
2,2,4D-A-3bf6b15a532d,4D,4D-A,equal_per_property,64,joint,standardized_anomaly,"[80, 48]",2.0,"[1.0, 1.0]",wells,15,30,ridge(alpha_relative=0.0001),504948,0.8007132920029107,4033548.1436354425,0.3051255600138565,0.0012602572026305,0.303691155330962,0.2016331029559459,0.0048700433149623,0.998567247052394,0.9440739395950236,0.002484468750325,0.8277280593898093,0.0006684043866394,0.0010220234691931,0.9999298679942052,0.877760009735667,4D,3D-independent,4D-A,0.3437543475927339,0.0,4D-A
2,2,4D-B-3ee6d3ebd2d3,4D,4D-B,equal_per_property,64,shared-independent,standardized_anomaly,"[80, 48]",,"[1.0, 1.0]",wells,15,30,ridge(alpha_relative=1e-08),259184,0.6834942499990575,2212718.0467689177,0.325628979920438,0.0009836654282921,0.2370393041623617,0.1573801856978297,0.0038012028284497,0.9989257993015688,0.9538237099830658,0.0029277326535292,0.975406298590378,0.0007876570587859,0.0012043667214726,0.999911678322386,0.8660356561589092,4D,3D-independent,4D-B,0.3093321177565309,0.0,4D-B
2,2,4D-C-e7705bff9f37,4D,4D-C,equal_per_property,64,joint,standardized_anomaly,"[64, 48]",2.0,"[1.0, 0.5]",wells,15,30,ridge(alpha_relative=0.0001),404420,0.9644163330012816,1670654.828954568,0.2569124992860678,0.0010468714504906,0.2522704092616108,0.1674927455425932,0.0040454514351872,0.9985667851558198,0.9508387276155698,0.0021098477803522,0.7029189675299321,0.000567618937185,0.0008679175166372,0.9999432235516004,0.9042400316789736,4D,3D-independent,4D-C,0.344304417190568,0.0,4D-C
2,2,3D-independent-fa9b36e31dc0,3D,3D-independent,equal_per_property,64,independent,raw_minmax,"[80, 48]",,"[1.0, 1.0]",wells,15,30,ridge(alpha_relative=1e-08),272608,0.665108125002007,13657763528.582594,0.2977143163362578,0.0010351576613999,0.2494476726529046,0.1656186141059351,0.0040001855480851,0.9990902082368064,0.9431198081620428,0.0025739709701624,0.8575467072304791,0.0006924834483484,0.0010588415491978,0.9999438090728672,0.8891544209146618,3D,3D-independent,4D-D,0.3086302903963858,0.0,3D optimized
2,2,4D-D-ff94f89c821d,4D,4D-D,equal_per_property,64,partial-spatial,standardized_anomaly,"[64, 48]",,"[1.0, 1.0]",wells,15,30,ridge(alpha_relative=1e-08),230208,1.1536421659984626,462348.13000404515,0.3115261177738497,0.001031422836723,0.2485476712732451,0.1650210660125519,0.0039857529720106,0.9988722381090804,0.9515121064341472,0.0027720212084635,0.9235293199678052,0.0007457655224491,0.001140312484019,0.9999199091177696,0.9004329338571557,4D,3D-independent,4D-D,0.3086302903963858,0.0,4D optimized
2,2,4D-D-ff94f89c821d,4D,4D-D,equal_per_property,64,partial-spatial,standardized_anomaly,"[64, 48]",,"[1.0, 1.0]",wells,15,30,ridge(alpha_relative=1e-08),230208,1.1536421659984626,462348.13000404515,0.3115261177738497,0.001031422836723,0.2485476712732451,0.1650210660125519,0.0039857529720106,0.9988722381090804,0.9515121064341472,0.0027720212084635,0.9235293199678052,0.0007457655224491,0.001140312484019,0.9999199091177696,0.9004329338571557,4D,3D-independent,4D-D,0.3086302903963858,0.0,4D-D
2,2,4D-E-6ca320f290f9,4D,4D-E,equal_per_property,64,joint-property-residual,standardized_anomaly,"[80, 48]",2.0,"[1.0, 1.0]",wells,15,30,ridge(alpha_relative=1e-08),408916,2.0106447500074864,1202502.5339093392,0.2953597361849908,0.0009967918120967,0.2402024415399049,0.1594803232662581,0.0038519274405084,0.9975352277847868,0.9466987506789032,0.0025622326369565,0.8536359525616091,0.0006893254479085,0.001054012809845,0.999928827516639,0.8781001480441984,4D,3D-independent,4D-E,0.3095519595199573,0.0,4D-E
2,2,3D-current-5e7711139fcb,3D,3D-current,equal_per_property,64,legacy-independent,raw_minmax,"[48, 48]",,"[1.0, 1.0]",wells,15,30,ridge(alpha_relative=0.0001),242016,13.001437666993295,62490500.391702354,0.4492222124828243,0.0014164376474684,0.3413268217916783,0.2266209765804483,0.0054735753001181,0.996067742625392,0.8964086848808488,0.0039386563234035,1.3122066255603968,0.0010596290107024,0.0016202253294905,0.9998621680194124,0.8168805099607072,3D,3D-current,4D-A-current,0.8569777985584142,0.0,3D current
2,2,4D-A-current-43ce2f360e5a,4D,4D-A-current,equal_per_property,64,legacy-joint,raw_minmax,"[48, 48]",2.0,"[1.0, 1.0]",wells,15,30,ridge(alpha_relative=0.0001),380500,16.066961249998712,194259281.1689675,1.6053720490643744,0.0028796409205756,0.6939230153039437,0.4607241545635343,0.0111278681728369,0.9807501953287652,0.6084444361918852,0.0157825167014758,5.2581188311951745,0.0042460197553689,0.0064923748667521,0.9908333651339556,0.4526628642913572,4D,3D-current,4D-A-current,0.8569777985584142,0.0,4D current
2,2,4D-A-3bf6b15a532d,4D,4D-A,equal_per_property,64,joint,standardized_anomaly,"[80, 48]",2.0,"[1.0, 1.0]",wells,20,40,ridge(alpha_relative=1e-06),504948,0.8007132920029107,6518086.9284529155,0.2469866043872382,0.000508337897299,0.1224969974438687,0.0813308167321383,0.0019643828048081,0.9994942706857802,0.968760221756163,0.0024052234494653,0.8013266167925853,0.0006470847758742,0.0009894247265882,0.9999321903302828,0.902994171618839,4D,3D-independent,4D-A,0.3284103690656522,0.0,4D-A
2,2,3D-independent-fa9b36e31dc0,3D,3D-independent,equal_per_property,64,independent,raw_minmax,"[80, 48]",,"[1.0, 1.0]",wells,20,40,ridge(alpha_relative=1e-06),272608,0.665108125002007,32079412150.68246,0.2602289858239345,0.0006906100418532,0.1664201252377733,0.1104931956593872,0.0026687415954085,0.999534159353222,0.966613563753275,0.0024278896740944,0.8088781185466191,0.0006531827410705,0.0009987488179159,0.9999434624461224,0.902151037224034,3D,3D-independent,4D-B,0.3083787322120731,0.0,3D optimized
2,2,4D-B-3ee6d3ebd2d3,4D,4D-B,equal_per_property,64,shared-independent,standardized_anomaly,"[80, 48]",,"[1.0, 1.0]",wells,20,40,ridge(alpha_relative=1e-06),259184,0.6834942499990575,2812704.7367324587,0.2983576056548352,0.0005618438208785,0.1353906160758426,0.0898914227539444,0.0021711470787162,0.9993074654355704,0.9792362714215272,0.0029917497478211,0.9967342968673032,0.000804879777582,0.0012307011129948,0.99990294403236,0.8981527092260823,4D,3D-independent,4D-B,0.3083787322120731,0.0,4D optimized
2,2,4D-B-3ee6d3ebd2d3,4D,4D-B,equal_per_property,64,shared-independent,standardized_anomaly,"[80, 48]",,"[1.0, 1.0]",wells,20,40,ridge(alpha_relative=1e-06),259184,0.6834942499990575,2812704.7367324587,0.2983576056548352,0.0005618438208785,0.1353906160758426,0.0898914227539444,0.0021711470787162,0.9993074654355704,0.9792362714215272,0.0029917497478211,0.9967342968673032,0.000804879777582,0.0012307011129948,0.99990294403236,0.8981527092260823,4D,3D-independent,4D-B,0.3083787322120731,0.0,4D-B
2,2,4D-C-e7705bff9f37,4D,4D-C,equal_per_property,64,joint,standardized_anomaly,"[64, 48]",2.0,"[1.0, 0.5]",wells,20,40,ridge(alpha_relative=0.0001),404420,0.9644163330012816,2341402.074650925,0.2436197676918225,0.0006117941413403,0.1474274213395131,0.0978831549871251,0.0023641713468875,0.9991855157357136,0.9737436853671972,0.0023079700270351,0.7689255706507683,0.0006209203839254,0.0009494180731859,0.9999357120319802,0.9100041570787856,4D,3D-independent,4D-C,0.3351640195313197,0.0,4D-C
2,2,4D-D-ff94f89c821d,4D,4D-D,equal_per_property,64,partial-spatial,standardized_anomaly,"[64, 48]",,"[1.0, 1.0]",wells,20,40,ridge(alpha_relative=1e-06),230208,1.1536421659984626,599905.0806450654,0.2540721307557655,0.0005620440225698,0.1354388597857688,0.0899234537458248,0.002171920723101,0.9993335553702136,0.9793593026606058,0.0024798494743162,0.8261890968385365,0.0006671616483892,0.0010201232607517,0.9999402859848794,0.911319564541881,4D,3D-independent,4D-D,0.3091119671408925,0.0,4D-D
2,2,4D-E-6ca320f290f9,4D,4D-E,equal_per_property,64,joint-property-residual,standardized_anomaly,"[80, 48]",2.0,"[1.0, 1.0]",wells,20,40,ridge(alpha_relative=0.0001),408916,2.0106447500074864,1501728.3877665247,0.2339779903021912,0.0006864409401717,0.1654154737240062,0.1098261660190624,0.0026526308318825,0.9990405672526784,0.9634813815857166,0.0021331192904726,0.7106721267952741,0.0005738797442272,0.0008774906012267,0.9999458277840828,0.916869897035314,4D,3D-independent,4D-E,0.3287328133535748,0.0,4D-E
2,2,3D-current-5e7711139fcb,3D,3D-current,equal_per_property,64,legacy-independent,raw_minmax,"[48, 48]",,"[1.0, 1.0]",wells,20,40,ridge(alpha_relative=0.0001),242016,13.001437666993295,179872006.75208578,0.4411395865353957,0.0012942305792884,0.3118779079923887,0.2070686262277953,0.0050013274810309,0.9961084653860456,0.8857436209592446,0.0039450655249065,1.3143419214547831,0.0010613532981981,0.0016228618506197,0.9998633861397656,0.8375793456519334,3D,3D-current,4D-A-current,0.8333290994664498,0.0,3D current
2,2,4D-A-current-43ce2f360e5a,4D,4D-A-current,equal_per_property,64,legacy-joint,raw_minmax,"[48, 48]",2.0,"[1.0, 1.0]",wells,20,40,ridge(alpha_relative=0.0001),380500,16.066961249998712,346568866.0131818,1.5678506222229065,0.0025597366397624,0.6168339096573571,0.4095415129133998,0.0098916540881644,0.9801472157990012,0.7412383514245263,0.0157639723730549,5.251940584447431,0.0042410307167818,0.0064847463792276,0.9908948652547788,0.4535056590017991,4D,3D-current,4D-A-current,0.8333290994664498,0.0,4D current
2,2,4D-A-3bf6b15a532d,4D,4D-A,equal_per_property,64,joint,standardized_anomaly,"[80, 48]",2.0,"[1.0, 1.0]",wells,30,60,ridge(alpha_relative=0.0001),504948,0.8007132920029107,40322264.96448265,0.2111327965304643,0.0004265973574377,0.1027995270100326,0.068252852444278,0.0016485107995684,0.9997385488059196,0.971245057481732,0.0020506505341479,0.6831967545958829,0.0005516929171718,0.0008435658418881,0.9999356408886094,0.9116851334863844,4D,3D-independent,4D-A,0.2924128249365605,0.0,4D-A
2,2,4D-B-3ee6d3ebd2d3,4D,4D-B,equal_per_property,64,shared-independent,standardized_anomaly,"[80, 48]",,"[1.0, 1.0]",wells,30,60,ridge(alpha_relative=0.0001),259184,0.6834942499990575,46112687.708697245,0.2206677978772068,0.000268889385792,0.0647957639575357,0.0430205842870886,0.0010390759545018,0.9997620337722576,0.993801503446993,0.0023123089881962,0.7703711432308838,0.0006220877081967,0.000951202969912,0.999927448318385,0.9111899279121918,4D,3D-independent,4D-B,0.2740811933724392,0.0,4D-B
2,2,4D-C-e7705bff9f37,4D,4D-C,equal_per_property,64,joint,standardized_anomaly,"[64, 48]",2.0,"[1.0, 0.5]",wells,30,60,ridge(alpha_relative=0.0001),404420,0.9644163330012816,9506393.549724497,0.1793324630371713,0.000365809271409,0.0881510853761506,0.0585271469429443,0.0014136058838294,0.9996862821013548,0.9801998819989962,0.0017487998539437,0.5826318842515953,0.0004704850860279,0.0007193950390473,0.9999381191109732,0.926706352959125,4D,3D-independent,4D-C,0.2917657392861039,0.0,4D-C
2,2,3D-independent-fa9b36e31dc0,3D,3D-independent,equal_per_property,64,independent,raw_minmax,"[80, 48]",,"[1.0, 1.0]",wells,30,60,ridge(alpha_relative=0.0001),272608,0.665108125002007,92278001063.9274,0.2894136810160288,0.0008742950616408,0.2106837213988132,0.1398816255997091,0.0033785601949833,0.9996997236070831,0.9424927805544688,0.0025372052644627,0.8452978084560723,0.0006825922557286,0.0010437174249432,0.999927021946992,0.8541608310270712,3D,3D-independent,4D-D,0.2732152206392422,0.0,3D optimized
2,2,4D-D-ff94f89c821d,4D,4D-D,equal_per_property,64,partial-spatial,standardized_anomaly,"[64, 48]",,"[1.0, 1.0]",wells,30,60,ridge(alpha_relative=0.0001),230208,1.1536421659984626,3067170.6256198413,0.2320753458192533,0.0003949308794699,0.0951686804977282,0.0631864182283071,0.001526141239598,0.9988831397263346,0.989216152992252,0.0023430705534053,0.7806196966373267,0.0006303635881501,0.0009638572009579,0.9999200713660572,0.9057578347238306,4D,3D-independent,4D-D,0.2732152206392422,0.0,4D optimized
2,2,4D-D-ff94f89c821d,4D,4D-D,equal_per_property,64,partial-spatial,standardized_anomaly,"[64, 48]",,"[1.0, 1.0]",wells,30,60,ridge(alpha_relative=0.0001),230208,1.1536421659984626,3067170.6256198413,0.2320753458192533,0.0003949308794699,0.0951686804977282,0.0631864182283071,0.001526141239598,0.9988831397263346,0.989216152992252,0.0023430705534053,0.7806196966373267,0.0006303635881501,0.0009638572009579,0.9999200713660572,0.9057578347238306,4D,3D-independent,4D-D,0.2732152206392422,0.0,4D-D
2,2,4D-E-6ca320f290f9,4D,4D-E,equal_per_property,64,joint-property-residual,standardized_anomaly,"[80, 48]",2.0,"[1.0, 1.0]",wells,30,60,ridge(alpha_relative=0.0001),408916,2.0106447500074864,4356555.763875892,0.219972333834094,0.000442980307573,0.1067474172057318,0.070874019825398,0.0017118198420554,0.9997141704991738,0.979837810253438,0.0021526796576124,0.7171888780047505,0.0005791421308838,0.0008855370515112,0.999930619274082,0.9082561094947744,4D,3D-independent,4D-E,0.2886745303369237,0.0,4D-E
2,2,3D-current-5e7711139fcb,3D,3D-current,equal_per_property,64,legacy-independent,raw_minmax,"[48, 48]",,"[1.0, 1.0]",wells,30,60,ridge(alpha_relative=0.0001),242016,13.001437666993295,565122144.8273894,0.3306179101917591,0.0014600065224622,0.3518258548110624,0.2335917182980606,0.0056419395895355,0.99613061448169,0.876013444703732,0.0025069537292927,0.8352191771605361,0.0006744535907493,0.0010312730024007,0.9999260319263978,0.8531333377053923,3D,3D-current,4D-A-current,0.8026605770700272,0.0,3D current
2,2,4D-A-current-43ce2f360e5a,4D,4D-A-current,equal_per_property,64,legacy-joint,raw_minmax,"[48, 48]",2.0,"[1.0, 1.0]",wells,30,60,ridge(alpha_relative=0.0001),380500,16.066961249998712,1634306540.4504132,1.5668887619721512,0.0027121231260497,0.6535553249214887,0.4339223774024283,0.010480524984744,0.9806084738600732,0.7103296591678658,0.0155994574478572,5.197130629700872,0.0041967707526927,0.0064170706982344,0.990841657302315,0.4559321542996462,4D,3D-current,4D-A-current,0.8026605770700272,0.0,4D current
2,2,4D-A-3bf6b15a532d,4D,4D-A,equal_per_property,64,joint,standardized_anomaly,"[80, 48]",2.0,"[1.0, 1.0]",grid,30,30,ridge(alpha_relative=1e-06),504948,0.8007132920029107,92.77383027574288,0.3906479851475172,0.0031502715652626,0.7591383800575964,0.5040233291521143,0.0121736729174803,0.998997394901017,0.4890111040922951,0.001535316378,0.5115075188388287,0.0004130509598079,0.0006315754105369,0.9999402466630082,0.9270968125204172,4D,3D-independent,4D-A,0.4939221203323435,0.0,4D-A
2,2,3D-independent-fa9b36e31dc0,3D,3D-independent,equal_per_property,64,independent,raw_minmax,"[80, 48]",,"[1.0, 1.0]",grid,30,30,ridge(alpha_relative=1e-06),272608,0.665108125002007,24665.33247031578,0.7197159757954265,0.0058911274327762,1.4196175927638677,0.942542761668127,0.022765230551111,0.9982316230922778,0.3941162187187159,0.0032063395059311,1.0682272323377198,0.000862611530348,0.0013189758272604,0.9999264578479532,0.8238456251210475,3D,3D-independent,4D-B,0.4037712848986854,0.0,3D optimized
2,2,4D-B-3ee6d3ebd2d3,4D,4D-B,equal_per_property,64,shared-independent,standardized_anomaly,"[80, 48]",,"[1.0, 1.0]",grid,30,30,ridge(alpha_relative=1e-06),259184,0.6834942499990575,97.52391983642264,0.2294495390598314,0.0013486852969967,0.325000162798421,0.2157810332501052,0.0052117582037357,0.9991661726100992,0.8769153408352677,0.0014891673803988,0.4961324732794014,0.0004006353508647,0.0006125913284783,0.9999394769921804,0.9297536188417258,4D,3D-independent,4D-B,0.4037712848986854,0.0,4D optimized
2,2,4D-B-3ee6d3ebd2d3,4D,4D-B,equal_per_property,64,shared-independent,standardized_anomaly,"[80, 48]",,"[1.0, 1.0]",grid,30,30,ridge(alpha_relative=1e-06),259184,0.6834942499990575,97.52391983642264,0.2294495390598314,0.0013486852969967,0.325000162798421,0.2157810332501052,0.0052117582037357,0.9991661726100992,0.8769153408352677,0.0014891673803988,0.4961324732794014,0.0004006353508647,0.0006125913284783,0.9999394769921804,0.9297536188417258,4D,3D-independent,4D-B,0.4037712848986854,0.0,4D-B
2,2,4D-C-e7705bff9f37,4D,4D-C,equal_per_property,64,joint,standardized_anomaly,"[64, 48]",2.0,"[1.0, 0.5]",grid,30,30,ridge(alpha_relative=1e-06),404420,0.9644163330012816,152.24729944177236,0.4766891617927498,0.0040663689296803,0.979895433788326,0.650593056198101,0.0157137707928382,0.998673631381304,0.4330563975934552,0.0018073814106674,0.6021489734710019,0.0004862454651774,0.0007434934406979,0.999919049445202,0.9175191225832025,4D,3D-independent,4D-C,0.5149976692154737,0.0,4D-C
2,2,4D-D-ff94f89c821d,4D,4D-D,equal_per_property,64,partial-spatial,standardized_anomaly,"[64, 48]",,"[1.0, 1.0]",grid,30,30,ridge(alpha_relative=1e-06),230208,1.1536421659984626,165.5180087710509,0.2607329151965434,0.00137923980692,0.3323630522148071,0.2206695596812735,0.0053298307578804,0.9989695326488336,0.8714678731230019,0.0018167840386274,0.6052815622763443,0.000488775083541,0.0007473613526794,0.999922842843486,0.9179580342869538,4D,3D-independent,4D-D,0.4114578399484546,0.0,4D-D
2,2,4D-E-6ca320f290f9,4D,4D-E,equal_per_property,64,joint-property-residual,standardized_anomaly,"[80, 48]",2.0,"[1.0, 1.0]",grid,30,30,ridge(alpha_relative=1e-06),408916,2.0106447500074864,100.55410243298012,0.4074824709413614,0.0033639084183166,0.8106196353044051,0.5382038611079053,0.0129992351327755,0.9988372620856568,0.4517550185969015,0.0015265548456999,0.508588518095882,0.0004106938174118,0.0006279712228667,0.999940947591656,0.9268015206727812,4D,3D-independent,4D-E,0.5247667646649459,0.0,4D-E
2,2,3D-current-5e7711139fcb,3D,3D-current,equal_per_property,64,legacy-independent,raw_minmax,"[48, 48]",,"[1.0, 1.0]",grid,30,30,ridge(alpha_relative=0.0001),242016,13.001437666993295,40060.21062377305,0.7836200007917499,0.006082731575413,1.4657895038008442,0.973198200683615,0.0235056512144642,0.9944071181612024,0.7329927798730997,0.0042848112561002,1.4275319443641603,0.0011527561532519,0.0017626213508318,0.9999397415604044,0.7846901101229111,3D,3D-current,4D-A-current,1.0723142461741273,0.0,3D current
2,2,4D-A-current-43ce2f360e5a,4D,4D-A-current,equal_per_property,64,legacy-joint,raw_minmax,"[48, 48]",2.0,"[1.0, 1.0]",grid,30,30,ridge(alpha_relative=0.0001),380500,16.066961249998712,334675.7374124575,1.8406945955559908,0.0040308860739565,0.971344933599388,0.644916025916985,0.0155766535091974,0.978659792410054,0.6181029706484175,0.0177806712116198,5.923825958654952,0.0047835895032632,0.0073143456821121,0.9903170462237988,0.4466820494123368,4D,3D-current,4D-A-current,1.0723142461741273,0.0,4D current
2,2,4D-A-3bf6b15a532d,4D,4D-A,equal_per_property,64,joint,standardized_anomaly,"[80, 48]",2.0,"[1.0, 1.0]",grid,100,100,ridge(alpha_relative=0.0001),504948,0.8007132920029107,905.9721600813708,0.1348323269485556,0.0008420180610337,0.2029057538660613,0.1347175116609602,0.0032538313771631,0.9995951653385416,0.8350228673549064,0.0007228410221415,0.2408224279038863,0.0001944681775446,0.0002973514917535,0.999976314924386,0.9737748805965438,4D,3D-independent,4D-A,0.2502556526391971,0.0,4D-A
2,2,3D-independent-fa9b36e31dc0,3D,3D-independent,equal_per_property,64,independent,raw_minmax,"[80, 48]",,"[1.0, 1.0]",grid,100,100,ridge(alpha_relative=1e-06),272608,0.665108125002007,3.3971108616243005e+18,0.1402257754090478,0.0005291624014668,0.1275151935047441,0.0846626043895461,0.0020448554552309,0.9998555852170412,0.9611563396416962,0.0011173947925742,0.372272351225492,0.0003006162105548,0.0004596571006238,0.999975219262868,0.916612546546394,3D,3D-independent,4D-B,0.1381560875648622,0.0,3D optimized
2,2,4D-B-3ee6d3ebd2d3,4D,4D-B,equal_per_property,64,shared-independent,standardized_anomaly,"[80, 48]",,"[1.0, 1.0]",grid,100,100,ridge(alpha_relative=1e-06),259184,0.6834942499990575,2.5031746142598298e+17,0.0850988781854087,0.0002319240182323,0.0558880146837973,0.0371063615812608,0.0008962297634276,0.9997469025637996,0.9940824780803316,0.0007957409821507,0.265109850484703,0.0002140806814449,0.0003273399832662,0.9999756194683028,0.967122226773399,4D,3D-independent,4D-B,0.1381560875648622,0.0,4D optimized
2,2,4D-B-3ee6d3ebd2d3,4D,4D-B,equal_per_property,64,shared-independent,standardized_anomaly,"[80, 48]",,"[1.0, 1.0]",grid,100,100,ridge(alpha_relative=1e-06),259184,0.6834942499990575,2.5031746142598298e+17,0.0850988781854087,0.0002319240182323,0.0558880146837973,0.0371063615812608,0.0008962297634276,0.9997469025637996,0.9940824780803316,0.0007957409821507,0.265109850484703,0.0002140806814449,0.0003273399832662,0.9999756194683028,0.967122226773399,4D,3D-independent,4D-B,0.1381560875648622,0.0,4D-B
2,2,4D-C-e7705bff9f37,4D,4D-C,equal_per_property,64,joint,standardized_anomaly,"[64, 48]",2.0,"[1.0, 0.5]",grid,100,100,ridge(alpha_relative=0.0001),404420,0.9644163330012816,2350.6247869559434,0.1472935715277723,0.0009485418132574,0.2285753721911538,0.1517606316324411,0.0036654737675564,0.999465885316952,0.8002723862718787,0.0007421246564436,0.2472469825281883,0.0001996561139017,0.0003052841038363,0.999975312797833,0.9730237509446268,4D,3D-independent,4D-C,0.2441855394274254,0.0,4D-C
2,2,4D-D-ff94f89c821d,4D,4D-D,equal_per_property,64,partial-spatial,standardized_anomaly,"[64, 48]",,"[1.0, 1.0]",grid,100,100,ridge(alpha_relative=1e-06),230208,1.1536421659984626,1.3000127533504638e+17,0.1597671508506401,0.0005484322870311,0.1321587645138022,0.0877456629999698,0.002119320554241,0.9992288452551076,0.9652227585569376,0.0013543591193888,0.4512196200744937,0.0003643674634129,0.00055713592918,0.9998987396553728,0.9233968038145332,4D,3D-independent,4D-D,0.1747872842981134,0.0,4D-D
2,2,4D-E-6ca320f290f9,4D,4D-E,equal_per_property,64,joint-property-residual,standardized_anomaly,"[80, 48]",2.0,"[1.0, 1.0]",grid,100,100,ridge(alpha_relative=0.0001),408916,2.0106447500074864,6140.880402480912,0.2084579027444202,0.0016658537433284,0.401429999263511,0.2665259588574281,0.006437400135042,0.9991819072995076,0.7883428540124463,0.0009154635582895,0.3049967420382923,0.0002462900199848,0.0003765896599184,0.9999634430775356,0.9568474066357984,4D,3D-independent,4D-E,0.2847563882318744,0.0,4D-E
2,2,3D-current-5e7711139fcb,3D,3D-current,equal_per_property,64,legacy-independent,raw_minmax,"[48, 48]",,"[1.0, 1.0]",grid,100,100,ridge(alpha_relative=1e-06),242016,13.001437666993295,1.035781218654039e+19,0.2202544133251324,0.0015307701659265,0.3688781617482797,0.2449134492736012,0.0059153933004734,0.994400980794015,0.8382368149603585,0.0011640675925788,0.3878219073102754,0.0003131727396944,0.0004788566566542,0.9999717330376494,0.9131280165556926,3D,3D-current,4D-A-current,0.7797121936497936,0.0,3D current
2,2,4D-A-current-43ce2f360e5a,4D,4D-A-current,equal_per_property,64,legacy-joint,raw_minmax,"[48, 48]",2.0,"[1.0, 1.0]",grid,100,100,ridge(alpha_relative=1e-06),380500,16.066961249998712,1046104.0373565388,1.8420526278022,0.0059103425041776,1.4242479549006355,0.9456170503626026,0.0228394838303856,0.962709553724566,0.2141304783899627,0.0158443307521787,5.278712861297029,0.0042626497824684,0.0065178030032645,0.9903950839145929,0.4553701315877645,4D,3D-current,4D-A-current,0.7797121936497936,0.0,4D current
2,2,4D-A-3bf6b15a532d,4D,4D-A,equal_per_property,64,joint,standardized_anomaly,"[80, 48]",2.0,"[1.0, 1.0]",grid,300,300,ridge(alpha_relative=1e-08),504948,0.8007132920029107,808.8422669437779,0.0963786382112923,0.0006139299227006,0.1479420923983033,0.0982248663631855,0.0023724247000236,0.9995417921043418,0.9367421193110168,0.0005893457701414,0.1963470180757702,0.0001585535330071,0.0002424362183969,0.9999835627988626,0.980806995946792,4D,3D-independent,4D-A,0.1735742361344356,0.0,4D-A
2,2,3D-independent-fa9b36e31dc0,3D,3D-independent,equal_per_property,64,independent,raw_minmax,"[80, 48]",,"[1.0, 1.0]",grid,300,300,ridge(alpha_relative=1e-08),272608,0.665108125002007,155139.5563549439,0.082318982293985,0.0001854930398329,0.0446992847611966,0.029677701599473,0.0007168053764938,0.9999481639286628,0.9940391907292347,0.0007909409969687,0.2635106826870633,0.0002127893264416,0.0003253654373971,0.9999792226492794,0.9638288858154048,3D,3D-independent,4D-B,0.1075032260306868,0.0,3D optimized
2,2,4D-B-3ee6d3ebd2d3,4D,4D-B,equal_per_property,64,shared-independent,standardized_anomaly,"[80, 48]",,"[1.0, 1.0]",grid,300,300,ridge(alpha_relative=1e-08),259184,0.6834942499990575,18376.750776238336,0.0729584852692628,0.000187072598666,0.0450799197981638,0.0299304209238597,0.0007229093050564,0.99976266135225,0.9956533808399236,0.0006945852781869,0.2314087163781676,0.0001868664465087,0.0002857280678495,0.999980993860456,0.9736560093586368,4D,3D-independent,4D-B,0.1075032260306868,0.0,4D optimized
2,2,4D-B-3ee6d3ebd2d3,4D,4D-B,equal_per_property,64,shared-independent,standardized_anomaly,"[80, 48]",,"[1.0, 1.0]",grid,300,300,ridge(alpha_relative=1e-08),259184,0.6834942499990575,18376.750776238336,0.0729584852692628,0.000187072598666,0.0450799197981638,0.0299304209238597,0.0007229093050564,0.99976266135225,0.9956533808399236,0.0006945852781869,0.2314087163781676,0.0001868664465087,0.0002857280678495,0.999980993860456,0.9736560093586368,4D,3D-independent,4D-B,0.1075032260306868,0.0,4D-B
2,2,4D-C-e7705bff9f37,4D,4D-C,equal_per_property,64,joint,standardized_anomaly,"[64, 48]",2.0,"[1.0, 0.5]",grid,300,300,ridge(alpha_relative=1e-08),404420,0.9644163330012816,1440.434903918584,0.0969588577774047,0.000592320225611,0.1427346840519967,0.094767452853463,0.0022889178090259,0.9994845851728932,0.9400889039238302,0.0006125564532848,0.2040799121654724,0.0001647979755778,0.0002519842808974,0.999981212958038,0.97786942629187,4D,3D-independent,4D-C,0.1828953384036639,0.0,4D-C
2,2,4D-D-ff94f89c821d,4D,4D-D,equal_per_property,64,partial-spatial,standardized_anomaly,"[64, 48]",,"[1.0, 1.0]",grid,300,300,ridge(alpha_relative=1e-08),230208,1.1536421659984626,5130.887145583466,0.1023960799612875,0.0003033087062073,0.0730899781550795,0.0485274557118077,0.0011720833921454,0.9999272012402092,0.9885458159136568,0.0009277562096744,0.30909217389844,0.0002495971503756,0.0003816464263649,0.9999608597493996,0.956649848503082,4D,3D-independent,4D-D,0.118785645059603,0.0,4D-D
2,2,4D-E-6ca320f290f9,4D,4D-E,equal_per_property,64,joint-property-residual,standardized_anomaly,"[80, 48]",2.0,"[1.0, 1.0]",grid,300,300,ridge(alpha_relative=0.0001),408916,2.0106447500074864,918.5891898240718,0.1376370458005962,0.0010102533259752,0.2434463370667291,0.161634079505967,0.0039039471040631,0.9986458414634504,0.8816201921471867,0.0007033881102785,0.2343414766003941,0.0001892346999167,0.0002893492448081,0.9999802136485376,0.9728590687822898,4D,3D-independent,4D-E,0.2242619469203556,0.0,4D-E
2,2,3D-current-5e7711139fcb,3D,3D-current,equal_per_property,64,legacy-independent,raw_minmax,"[48, 48]",,"[1.0, 1.0]",grid,300,300,ridge(alpha_relative=1e-06),242016,13.001437666993295,245647.2593594002,0.1803040047629331,0.0013744606258511,0.3312113864934708,0.2199049212356527,0.0053113624493742,0.9952867018020708,0.9069553293361764,0.0009476624176055,0.3157241457670531,0.0002549525796603,0.000389835143444,0.9999733141597216,0.9444836970814068,3D,3D-current,4D-A-current,0.7413646820954254,0.0,3D current
2,2,4D-A-current-43ce2f360e5a,4D,4D-A-current,equal_per_property,64,legacy-joint,raw_minmax,"[48, 48]",2.0,"[1.0, 1.0]",grid,300,300,ridge(alpha_relative=1e-06),380500,16.066961249998712,381695.7803702401,1.5523480890933603,0.0025640170019981,0.6178653722428298,0.4102263435317468,0.0099081947986225,0.9777572617066396,0.7391586977033952,0.0155742823003486,5.188743252725657,0.0041899978041391,0.0064067145238649,0.9906135189162762,0.4552738394866957,4D,3D-current,4D-A-current,0.7413646820954254,0.0,4D current
3,3,3D-current-5e7711139fcb,3D,3D-current,equal_per_property,64,legacy-independent,raw_minmax,"[48, 48]",,"[1.0, 1.0]",full,9900,9900,projection,242016,12.458822458000212,1.0,0.0852720084985722,0.0008064908920779,0.1027744901120237,0.1296245526789974,0.0031308234723554,0.9962075097157708,0.972386685866462,0.0006058544027379,0.2129319627524826,0.0001631114118541,0.0002494054412873,0.9999881855805388,0.9768501518739732,,,,,,3D current
3,3,3D-independent-fa9b36e31dc0,3D,3D-independent,equal_per_property,64,independent,raw_minmax,"[80, 48]",,"[1.0, 1.0]",full,9900,9900,projection,272608,0.8929653330051224,1.0,0.0540378318946014,5.1912760838399147e-05,0.0066154591178667,0.0083437624257242,0.0002015270001733,0.9999701775871546,0.9997498034308984,0.0005671487139568,0.1993285652289431,0.000152690856164,0.0002334718946346,0.999990724821328,0.9798355901059096,,,,,,3D optimized
3,3,4D-A-c45120ace2c4,4D,4D-A,equal_per_property,64,joint,standardized_anomaly,"[64, 48]",2.0,"[1.0, 1.0]",full,9900,9900,projection,404420,1.147397542001272,1.0,0.0653505572749599,0.00032779038419,0.0417716925630145,0.052684639517291,0.0012724927694971,0.9992212131206902,0.992873557452236,0.0005873096714396,0.2064142812497712,0.0001581186986035,0.00024177133502,0.9999894066944558,0.9806939319736556,,,,,,4D-A
3,3,4D-A-current-43ce2f360e5a,4D,4D-A-current,equal_per_property,64,legacy-joint,raw_minmax,"[48, 48]",2.0,"[1.0, 1.0]",full,9900,9900,projection,380500,16.334943583002314,1.0,1.5002380705092586,0.0020600948454063,0.2625264580155597,0.3311120750837695,0.0079973541680777,0.9810796181480896,0.8840797717104761,0.0153979663416202,5.411727934469158,0.0041455241033407,0.0063387120288388,0.9907913948326592,0.4625244491848917,,,,,,4D current
3,3,4D-B-643a4d560541,4D,4D-B,equal_per_property,64,shared-independent,ensemble_anomaly,"[80, 48]",,"[1.0, 1.0]",full,9900,9900,projection,259184,0.6256560000038007,1.0,0.0670626227281846,3.49188993783395e-05,0.0044498606421147,0.0056123965644517,0.0001355562857267,0.9999883573505358,0.999895362153756,0.0007127260237626,0.2504927759189735,0.0001918839699369,0.0002934001101093,0.999986890599448,0.9734889291429436,,,,,,4D optimized
3,3,4D-B-643a4d560541,4D,4D-B,equal_per_property,64,shared-independent,ensemble_anomaly,"[80, 48]",,"[1.0, 1.0]",full,9900,9900,projection,259184,0.6256560000038007,1.0,0.0670626227281846,3.49188993783395e-05,0.0044498606421147,0.0056123965644517,0.0001355562857267,0.9999883573505358,0.999895362153756,0.0007127260237626,0.2504927759189735,0.0001918839699369,0.0002934001101093,0.999986890599448,0.9734889291429436,,,,,,4D-B
3,3,4D-C-4e04f7cc08d6,4D,4D-C,equal_per_property,64,joint,standardized_anomaly,"[80, 48]",2.0,"[1.0, 0.5]",full,9900,9900,projection,504948,1.069590416002029,1.0,0.0645612674089403,0.0003370227521735,0.0429482116301901,0.0541685267896551,0.0013083331176921,0.9995412504903096,0.994065777240627,0.0005767679190427,0.2027093052380971,0.0001552805907857,0.0002374317273575,0.999989641171257,0.9807591172244244,,,,,,4D-C
3,3,4D-D-e24c5d642104,4D,4D-D,equal_per_property,64,partial-spatial,standardized_anomaly,"[80, 48]",,"[1.0, 1.0]",full,9900,9900,projection,286032,1.3619777920030174,1.0,0.0662348919008174,3.874801274643934e-05,0.0049378204912007,0.0062278370019974,0.0001504210264558,0.9999902520829704,0.999900810355963,0.0007012054875469,0.2464437991726114,0.000188782348625,0.0002886575772404,0.9999862033088184,0.9729832937651214,,,,,,4D-D
3,3,4D-E-6ca320f290f9,4D,4D-E,equal_per_property,64,joint-property-residual,standardized_anomaly,"[80, 48]",2.0,"[1.0, 1.0]",full,9900,9900,projection,408916,1.7642350419992,1.0,0.0721591243824456,0.0003058792031538,0.0389794595931578,0.0491629295161156,0.0011874328629698,0.9995327559134636,0.994820145150194,0.0006685602831729,0.2349704032372341,0.0001799934294529,0.0002752188837754,0.9999873439739068,0.9758065854510256,,,,,,4D-E
3,3,3D-current-e419eaac8e1a,3D,3D-current,equal_total,32,legacy-independent,raw_minmax,"[48, 48]",,"[1.0, 1.0]",full,9900,9900,projection,129984,13.69528604199877,1.0,0.1058985764802162,0.0008232419502425,0.1049091471535421,0.1323168935879943,0.0031958516166326,0.996162753271198,0.9716053223016198,0.0008152321923617,0.2865193188893862,0.000219481237215,0.0003355977009803,0.9999858991525956,0.964062997942507,,,,,,3D current
3,3,3D-independent-7db5f3bc9ad5,3D,3D-independent,equal_total,32,independent,raw_minmax,"[80, 48]",,"[1.0, 1.0]",full,9900,9900,projection,149728,0.7883550419937819,1.0,0.0800105706165806,0.0002144777523583,0.0273317924052472,0.0344722835460791,0.0008326095036873,0.9998061837022172,0.9978025729328488,0.0007823773993278,0.2749722614859369,0.0002106358914459,0.0003220727284489,0.9999883310588694,0.9667209699168742,,,,,,3D optimized
3,3,4D-A-4ea76ef087a9,4D,4D-A,equal_total,32,joint,standardized_anomaly,"[80, 48]",2.0,"[1.0, 1.0]",full,9900,9900,projection,259188,1.174612332994002,1.0,0.0948940811667178,0.0006386539358803,0.0813863284295983,0.102648686511347,0.0024792750331184,0.9987905242826618,0.9863233251226806,0.0007824310178701,0.2749911061149531,0.000210650326921,0.0003220948010065,0.9999832804024582,0.9672788946326796,,,,,,4D-A
3,3,4D-A-current-205a30146a4e,4D,4D-A-current,equal_total,32,legacy-joint,raw_minmax,"[48, 48]",2.0,"[1.0, 1.0]",full,9900,9900,projection,194740,15.577350957995804,1.0,1.5019893023923088,0.0020606462510382,0.2625967259295834,0.3312007006455511,0.0079994947424006,0.981095560457256,0.8840211060100273,0.0154167687169729,5.418336166859931,0.0041505861809226,0.00634645219661,0.9907686906400712,0.4619302604305311,,,,,,4D current
3,3,4D-B-2828b82824ed,4D,4D-B,equal_total,32,shared-independent,ensemble_anomaly,"[80, 48]",,"[1.0, 1.0]",full,9900,9900,projection,136304,1.212459750000562,1.0,0.0859922244155257,0.00018278586444,0.023293163260786,0.0293785536164388,0.0007095805797993,0.9998707702408391,0.9985173886151452,0.0008605674624541,0.3024527312720651,0.0002316866447818,0.0003542603747055,0.9999809723455392,0.9650366051263508,,,,,,4D optimized
3,3,4D-B-2828b82824ed,4D,4D-B,equal_total,32,shared-independent,ensemble_anomaly,"[80, 48]",,"[1.0, 1.0]",full,9900,9900,projection,136304,1.212459750000562,1.0,0.0859922244155257,0.00018278586444,0.023293163260786,0.0293785536164388,0.0007095805797993,0.9998707702408391,0.9985173886151452,0.0008605674624541,0.3024527312720651,0.0002316866447818,0.0003542603747055,0.9999809723455392,0.9650366051263508,,,,,,4D-B
3,3,4D-C-44adce3e7a5f,4D,4D-C,equal_total,32,joint,standardized_anomaly,"[80, 48]",2.0,"[1.0, 0.5]",full,9900,9900,projection,259188,1.08796508400701,1.0,0.0961317800369585,0.0006706974145713,0.0854697622491618,0.107798926436432,0.0026036688436463,0.9989163383667594,0.9867460460752232,0.0007851695141528,0.2759535706705158,0.0002113875997592,0.0003232221277549,0.9999834059425308,0.9670463794684636,,,,,,4D-C
3,3,4D-D-2ecf0e4138e3,4D,4D-D,equal_total,32,partial-spatial,standardized_anomaly,"[80, 48]",,"[1.0, 1.0]",full,9900,9900,projection,163152,1.2673585000011371,1.0,0.0833761893627768,0.000211361689618,0.0269346995646043,0.0339714493236543,0.0008205128483322,0.9998278270564692,0.9980630522764616,0.0008219025780227,0.2888636747357496,0.0002212770746602,0.0003383436255321,0.999981998302566,0.9665241814220318,,,,,,4D-D
3,3,4D-E-4f4328240852,4D,4D-E,equal_total,32,joint-property-residual,standardized_anomaly,"[80, 48]",2.0,"[1.0, 1.0]",full,9900,9900,projection,224596,1.1152554170039366,1.0,0.0887216884788404,0.0004257789232526,0.0542587798170771,0.0684340059000108,0.0016528874163959,0.9991462093171188,0.99148841905306,0.0007966430921603,0.2799860436110303,0.0002144765787274,0.000327945329853,0.9999818902731212,0.967227719972431,,,,,,4D-E
3,3,4D-A-4ea76ef087a9,4D,4D-A,equal_total,32,joint,standardized_anomaly,"[80, 48]",2.0,"[1.0, 1.0]",wells,5,10,ridge(alpha_relative=1e-08),259188,1.174612332994002,33686.48728660982,0.3707434018175443,0.0023965703212846,0.3054049279502806,0.3851926400059571,0.0093035627416643,0.9978410219158526,0.9235365186462818,0.0030399791552811,1.0684229170166977,0.0008184396940658,0.0012514348980563,0.9998857805177656,0.8581719567473199,4D,3D-independent,4D-A,0.5126636026877173,0.0,4D-A
3,3,4D-B-2828b82824ed,4D,4D-B,equal_total,32,shared-independent,ensemble_anomaly,"[80, 48]",,"[1.0, 1.0]",wells,5,10,ridge(alpha_relative=1e-08),136304,1.212459750000562,6465441.398430071,0.3204145994701975,0.002003525065854,0.2553175356255476,0.3220198057951125,0.0077777484721075,0.9984978499153976,0.9527085485321491,0.002666154447872,0.9370394884003838,0.0007177965766172,0.0010975465781989,0.9999351077447064,0.8686887037581335,4D,3D-independent,4D-B,0.5082705026062495,0.0,4D-B
3,3,4D-C-44adce3e7a5f,4D,4D-C,equal_total,32,joint,standardized_anomaly,"[80, 48]",2.0,"[1.0, 0.5]",wells,5,10,ridge(alpha_relative=1e-08),259188,1.08796508400701,25285.519731587898,0.3080547615553993,0.0011588113735005,0.1476721550328643,0.1862518317377587,0.0044985428649294,0.9986605611373782,0.9776937022717942,0.0028664146827394,1.0074224132069007,0.0007717117243819,0.0011799855140616,0.9998847559109496,0.8680573417645413,4D,3D-independent,4D-C,0.5141736814281274,0.0,4D-C
3,3,4D-D-2ecf0e4138e3,4D,4D-D,equal_total,32,partial-spatial,standardized_anomaly,"[80, 48]",,"[1.0, 1.0]",wells,5,10,ridge(alpha_relative=1e-08),163152,1.2673585000011371,21320.785637576475,0.3438182332005337,0.0018376438205625,0.23417859832143,0.2953582744251306,0.0071337921652433,0.9983610642829402,0.9579042470246648,0.0029973957282955,1.0534566600285744,0.0008069751526416,0.0012339050454203,0.9998935951826609,0.8668204040710746,4D,3D-independent,4D-D,0.523593068464375,0.0,4D-D
3,3,3D-independent-7db5f3bc9ad5,3D,3D-independent,equal_total,32,independent,raw_minmax,"[80, 48]",,"[1.0, 1.0]",wells,5,10,ridge(alpha_relative=1e-08),149728,0.7883550419937819,23625830.60581018,0.6328942233784086,0.0030142140741251,0.3841138413336651,0.4844644308759518,0.0117012755713333,0.9970392280444936,0.9117641412475602,0.0056543184974992,1.987251607414704,0.0015222863266034,0.002327651319649,0.9997782158506744,0.7678129692219089,3D,3D-independent,4D-E,0.5077309845172736,0.0,3D optimized
3,3,4D-E-4f4328240852,4D,4D-E,equal_total,32,joint-property-residual,standardized_anomaly,"[80, 48]",2.0,"[1.0, 1.0]",wells,5,10,ridge(alpha_relative=1e-08),224596,1.1152554170039366,38044.624232441995,0.3729176300743796,0.0027192274632692,0.3465224701001051,0.437052230869617,0.0105561281005186,0.997386232265102,0.9115436230414468,0.0029304038334854,1.0299118684318276,0.0007889392309814,0.0012063272263728,0.99989444929526,0.8579840134273814,4D,3D-independent,4D-E,0.5077309845172736,0.0,4D optimized
3,3,4D-E-4f4328240852,4D,4D-E,equal_total,32,joint-property-residual,standardized_anomaly,"[80, 48]",2.0,"[1.0, 1.0]",wells,5,10,ridge(alpha_relative=1e-08),224596,1.1152554170039366,38044.624232441995,0.3729176300743796,0.0027192274632692,0.3465224701001051,0.437052230869617,0.0105561281005186,0.997386232265102,0.9115436230414468,0.0029304038334854,1.0299118684318276,0.0007889392309814,0.0012063272263728,0.99989444929526,0.8579840134273814,4D,3D-independent,4D-E,0.5077309845172736,0.0,4D-E
3,3,3D-current-e419eaac8e1a,3D,3D-current,equal_total,32,legacy-independent,raw_minmax,"[48, 48]",,"[1.0, 1.0]",wells,5,10,ridge(alpha_relative=0.0001),129984,13.69528604199877,559540.6803542582,1.8278404125485144,0.002255584693417,0.2874385427628615,0.3625324970012165,0.0087562520189661,0.9951337598494648,0.9415391233153668,0.0194839650687049,6.847782083503166,0.0052455788659988,0.0080207503387412,0.9989640260981618,0.7061788288285694,3D,3D-current,4D-A-current,1.5302658245920473,0.0,3D current
3,3,4D-A-current-205a30146a4e,4D,4D-A-current,equal_total,32,legacy-joint,raw_minmax,"[48, 48]",2.0,"[1.0, 1.0]",wells,5,10,ridge(alpha_relative=0.0001),194740,15.577350957995804,232109.54589363467,2.0847363599706337,0.0028199916885606,0.3593632745996727,0.453247723909579,0.0109472980502537,0.9805831545044772,0.8584322966252409,0.0217165784772917,7.632450401517437,0.0058466551700639,0.008939825829282,0.990435114079838,0.4473041758439103,4D,3D-current,4D-A-current,1.5302658245920473,0.0,4D current
3,3,4D-A-4ea76ef087a9,4D,4D-A,equal_total,32,joint,standardized_anomaly,"[80, 48]",2.0,"[1.0, 1.0]",wells,10,20,ridge(alpha_relative=1e-06),259188,1.174612332994002,4480500.557252992,0.2477046177512757,0.001818447937663,0.2317323870912374,0.2922729851074562,0.007059273133045,0.9982101946627178,0.9775821976551454,0.0019867669887482,0.6982637949550469,0.0005348881960675,0.000817870589575,0.999944703332598,0.9007732244272174,4D,3D-independent,4D-A,0.3385692516071437,0.0,4D-A
3,3,3D-independent-7db5f3bc9ad5,3D,3D-independent,equal_total,32,independent,raw_minmax,"[80, 48]",,"[1.0, 1.0]",wells,10,20,ridge(alpha_relative=1e-06),149728,0.7883550419937819,2280701433.253193,0.3592226626142612,0.0027662668740397,0.3525168979412666,0.4446127162257607,0.0107387365996509,0.9975749071950638,0.9380388968953058,0.0028053543454091,0.9859623108864244,0.0007552727288324,0.0011548494742669,0.9999237656211134,0.8651382198459866,3D,3D-independent,4D-B,0.329600313393586,0.0,3D optimized
3,3,4D-B-2828b82824ed,4D,4D-B,equal_total,32,shared-independent,ensemble_anomaly,"[80, 48]",,"[1.0, 1.0]",wells,10,20,ridge(alpha_relative=1e-06),136304,1.212459750000562,3181370962.4124947,0.2886381322236533,0.0011059429930347,0.1409349173296248,0.1777544758022285,0.0042933061187568,0.9991840022802652,0.9896033353011008,0.0026996377528364,0.9488074409205052,0.0007268111337808,0.0011113302833477,0.9999400208795992,0.880776323409932,4D,3D-independent,4D-B,0.329600313393586,0.0,4D optimized
3,3,4D-B-2828b82824ed,4D,4D-B,equal_total,32,shared-independent,ensemble_anomaly,"[80, 48]",,"[1.0, 1.0]",wells,10,20,ridge(alpha_relative=1e-06),136304,1.212459750000562,3181370962.4124947,0.2886381322236533,0.0011059429930347,0.1409349173296248,0.1777544758022285,0.0042933061187568,0.9991840022802652,0.9896033353011008,0.0026996377528364,0.9488074409205052,0.0007268111337808,0.0011113302833477,0.9999400208795992,0.880776323409932,4D,3D-independent,4D-B,0.329600313393586,0.0,4D-B
3,3,4D-C-44adce3e7a5f,4D,4D-C,equal_total,32,joint,standardized_anomaly,"[80, 48]",2.0,"[1.0, 0.5]",wells,10,20,ridge(alpha_relative=1e-06),259188,1.08796508400701,7317326.482135857,0.309111543241522,0.0012861526529148,0.1638997841239955,0.2067189647752056,0.0049928857899472,0.998989029003804,0.986855055276688,0.0028436755492072,0.9994305783495112,0.0007655897713878,0.001170624744201,0.9999022477043132,0.8669133237381491,4D,3D-independent,4D-C,0.3358454855428053,0.0,4D-C
3,3,4D-D-2ecf0e4138e3,4D,4D-D,equal_total,32,partial-spatial,standardized_anomaly,"[80, 48]",,"[1.0, 1.0]",wells,10,20,ridge(alpha_relative=1e-06),163152,1.2673585000011371,4118192.270361006,0.3637165564146786,0.0009187085876687,0.1170748579886787,0.1476609232524345,0.0035664561606105,0.998841234546308,0.988201476483932,0.0035949126328065,1.2634583480254644,0.0009678418979538,0.0014798782801987,0.9998786587846652,0.8631324842269251,4D,3D-independent,4D-D,0.3642856089227546,0.0,4D-D
3,3,4D-E-4f4328240852,4D,4D-E,equal_total,32,joint-property-residual,standardized_anomaly,"[80, 48]",2.0,"[1.0, 1.0]",wells,10,20,ridge(alpha_relative=1e-06),224596,1.1152554170039366,5443130.372701179,0.2570316510352169,0.001809664608709,0.2306130909360156,0.2908612703591972,0.0070251759687441,0.9974938214275556,0.9745133267708224,0.0020733590916511,0.7286972230966504,0.0005582009921718,0.0008535170114528,0.9999364814599891,0.8878540930127742,4D,3D-independent,4D-E,0.3514428160554941,0.0,4D-E
3,3,3D-current-e419eaac8e1a,3D,3D-current,equal_total,32,legacy-independent,raw_minmax,"[48, 48]",,"[1.0, 1.0]",wells,10,20,ridge(alpha_relative=0.0001),129984,13.69528604199877,42271826.910683185,0.395255312597517,0.0019992891398704,0.2547777339521636,0.3213389797421541,0.0077613044717762,0.9956260198866028,0.944579825727942,0.0034402005123717,1.2090836413023445,0.0009261894608649,0.0014161896373578,0.9998982436108634,0.821100424000938,3D,3D-current,4D-A-current,0.9078575449952988,0.0,3D current
3,3,4D-A-current-205a30146a4e,4D,4D-A-current,equal_total,32,legacy-joint,raw_minmax,"[48, 48]",2.0,"[1.0, 1.0]",wells,10,20,ridge(alpha_relative=0.0001),194740,15.577350957995804,59621744.940272875,1.588842785695833,0.0026727284445778,0.3405969066701168,0.4295786009041846,0.0103756174207447,0.981387065669729,0.8596633122622765,0.0161336824569134,5.670300746270267,0.0043435975905466,0.0066415762179373,0.9905875162664668,0.4513897080518279,4D,3D-current,4D-A-current,0.9078575449952988,0.0,4D current
3,3,4D-A-4ea76ef087a9,4D,4D-A,equal_total,32,joint,standardized_anomaly,"[80, 48]",2.0,"[1.0, 1.0]",wells,15,30,ridge(alpha_relative=0.0001),259188,1.174612332994002,25810366.975848503,0.2755197493096221,0.0010765182745585,0.1371852030206515,0.1730251403470499,0.0041790784192531,0.9987344165385031,0.9875790108883966,0.0025832069036342,0.907886967068137,0.0006954649883852,0.0010634004718393,0.999894310337795,0.8984073348122034,4D,3D-independent,4D-A,0.3445939053792767,0.0,4D-A
3,3,3D-independent-7db5f3bc9ad5,3D,3D-independent,equal_total,32,independent,raw_minmax,"[80, 48]",,"[1.0, 1.0]",wells,15,30,ridge(alpha_relative=1e-06),149728,0.7883550419937819,5594708702.321335,0.3367611848101445,0.0009192061176978,0.117138260310467,0.1477408895708434,0.0035683875881179,0.9986838688203424,0.9850481734556884,0.0032802458921429,1.152866419668377,0.0008831256095168,0.0013503428720891,0.999925385825664,0.8608717080208436,3D,3D-independent,4D-B,0.3023261633424997,0.0,3D optimized
3,3,4D-B-2828b82824ed,4D,4D-B,equal_total,32,shared-independent,ensemble_anomaly,"[80, 48]",,"[1.0, 1.0]",wells,15,30,ridge(alpha_relative=1e-06),136304,1.212459750000562,14494397367.001217,0.272945573705156,0.0014970284675782,0.1907725666214425,0.2406123210611352,0.0058115124561443,0.9979372838578622,0.9783655386571288,0.0023753726461449,0.8348420965936272,0.0006395107211264,0.0009778436211018,0.999946715455026,0.8892991981317623,4D,3D-independent,4D-B,0.3023261633424997,0.0,4D optimized
3,3,4D-B-2828b82824ed,4D,4D-B,equal_total,32,shared-independent,ensemble_anomaly,"[80, 48]",,"[1.0, 1.0]",wells,15,30,ridge(alpha_relative=1e-06),136304,1.212459750000562,14494397367.001217,0.272945573705156,0.0014970284675782,0.1907725666214425,0.2406123210611352,0.0058115124561443,0.9979372838578622,0.9783655386571288,0.0023753726461449,0.8348420965936272,0.0006395107211264,0.0009778436211018,0.999946715455026,0.8892991981317623,4D,3D-independent,4D-B,0.3023261633424997,0.0,4D-B
3,3,4D-C-44adce3e7a5f,4D,4D-C,equal_total,32,joint,standardized_anomaly,"[80, 48]",2.0,"[1.0, 0.5]",wells,15,30,ridge(alpha_relative=0.0001),259188,1.08796508400701,47936114.52804934,0.2869541233594539,0.0011980477713092,0.1526722124646741,0.1925581652185785,0.0046508598178384,0.9986850110350666,0.9869273498936656,0.0026649728694525,0.936624214019506,0.0007174784656596,0.0010970601707621,0.9998845851765576,0.896032516199063,4D,3D-independent,4D-C,0.3432005591382938,0.0,4D-C
3,3,4D-D-2ecf0e4138e3,4D,4D-D,equal_total,32,partial-spatial,standardized_anomaly,"[80, 48]",,"[1.0, 1.0]",wells,15,30,ridge(alpha_relative=0.0001),163152,1.2673585000011371,30962126.2387917,0.2569854971809036,0.0005489336088786,0.0699528938417373,0.0882282418813554,0.0021309778502445,0.9992591840321124,0.9931648429258284,0.0025574615311751,0.8988385675438968,0.0006885336794247,0.0010528021565507,0.9999121215975392,0.888534102398211,4D,3D-independent,4D-D,0.3434054154534646,0.0,4D-D
3,3,4D-E-4f4328240852,4D,4D-E,equal_total,32,joint-property-residual,standardized_anomaly,"[80, 48]",2.0,"[1.0, 1.0]",wells,15,30,ridge(alpha_relative=0.0001),224596,1.1152554170039366,51872541.30146362,0.2880888119142108,0.0010824083725411,0.1379358027147411,0.1739718358692685,0.0042019439682628,0.9985074285166824,0.9861935929703596,0.0027177314219811,0.9551665933289868,0.0007316824096294,0.0011187787058022,0.9998876837651268,0.8953007038034098,4D,3D-independent,4D-E,0.3599333106839718,0.0,4D-E
3,3,3D-current-e419eaac8e1a,3D,3D-current,equal_total,32,legacy-independent,raw_minmax,"[48, 48]",,"[1.0, 1.0]",wells,15,30,ridge(alpha_relative=0.0001),129984,13.69528604199877,81288141.61890055,0.3381954112103956,0.0014795562390683,0.1885460078420956,0.2378040688822944,0.0057436847054898,0.9960815174125746,0.9586617747320514,0.0030349337716399,1.066649680019978,0.0008170813484874,0.0012493579202744,0.9999088749387712,0.8461663113089314,3D,3D-current,4D-A-current,0.8676939620686079,0.0,3D current
3,3,4D-A-current-205a30146a4e,4D,4D-A-current,equal_total,32,legacy-joint,raw_minmax,"[48, 48]",2.0,"[1.0, 1.0]",wells,15,30,ridge(alpha_relative=0.0001),194740,15.577350957995804,1007367623.1768156,1.5541923569154747,0.0027024999744222,0.3443908165947918,0.4343636781772936,0.010491191453087,0.9817218988997228,0.8388422990632014,0.0157027687218342,5.518852961170794,0.004227584655098,0.0064641866838041,0.9906945660492208,0.4541064011441725,4D,3D-current,4D-A-current,0.8676939620686079,0.0,4D current
3,3,4D-A-4ea76ef087a9,4D,4D-A,equal_total,32,joint,standardized_anomaly,"[80, 48]",2.0,"[1.0, 1.0]",wells,20,40,ridge(alpha_relative=1e-06),259188,1.174612332994002,4430.260736219128,0.6355395479968765,0.0008734461656517,0.111306879218267,0.140386047286992,0.0033907459887306,0.9987728907949818,0.9817001828689051,0.0066589823378174,2.3403480650102337,0.00179276738062,0.0027412302708091,0.99945971430825,0.837293321613084,4D,3D-independent,4D-A,0.3661094760865162,0.0,4D-A
3,3,3D-independent-7db5f3bc9ad5,3D,3D-independent,equal_total,32,independent,raw_minmax,"[80, 48]",,"[1.0, 1.0]",wells,20,40,ridge(alpha_relative=1e-06),149728,0.7883550419937819,597032.3430311559,0.2401438687471654,0.0009948993768845,0.1267841672813276,0.1599068110453081,0.0038622312444923,0.9995335360345624,0.9801270401698022,0.0021986739458706,0.7727400455147091,0.0005919389376347,0.0009051040039303,0.9999480303335376,0.8977704354449478,3D,3D-independent,4D-B,0.2802914778858876,0.0,3D optimized
3,3,4D-B-2828b82824ed,4D,4D-B,equal_total,32,shared-independent,ensemble_anomaly,"[80, 48]",,"[1.0, 1.0]",wells,20,40,ridge(alpha_relative=1e-06),136304,1.212459750000562,2249689.2630733517,0.2183688902829706,0.0008003702317817,0.1019945089029733,0.1286407996561317,0.0031070628730605,0.9988796073369312,0.9885804471593778,0.0020581441671944,0.7233498265719068,0.0005541047475985,0.0008472536502705,0.9999505116443336,0.9151571015266176,4D,3D-independent,4D-B,0.2802914778858876,0.0,4D optimized
3,3,4D-B-2828b82824ed,4D,4D-B,equal_total,32,shared-independent,ensemble_anomaly,"[80, 48]",,"[1.0, 1.0]",wells,20,40,ridge(alpha_relative=1e-06),136304,1.212459750000562,2249689.2630733517,0.2183688902829706,0.0008003702317817,0.1019945089029733,0.1286407996561317,0.0031070628730605,0.9988796073369312,0.9885804471593778,0.0020581441671944,0.7233498265719068,0.0005541047475985,0.0008472536502705,0.9999505116443336,0.9151571015266176,4D,3D-independent,4D-B,0.2802914778858876,0.0,4D-B
3,3,4D-C-44adce3e7a5f,4D,4D-C,equal_total,32,joint,standardized_anomaly,"[80, 48]",2.0,"[1.0, 0.5]",wells,20,40,ridge(alpha_relative=0.0001),259188,1.08796508400701,2934.769900608215,0.3339138149354328,0.0006271617038396,0.0799218254825291,0.1008015789343208,0.0024346618202771,0.9992961992141358,0.9902618374486656,0.0033794882268396,1.1877458643329828,0.0009098441697103,0.001391196876232,0.999849732053379,0.8737630226988955,4D,3D-independent,4D-C,0.3750462585914892,0.0,4D-C
3,3,4D-D-2ecf0e4138e3,4D,4D-D,equal_total,32,partial-spatial,standardized_anomaly,"[80, 48]",,"[1.0, 1.0]",wells,20,40,ridge(alpha_relative=0.0001),163152,1.2673585000011371,1697.3772196836178,0.3284910805485612,0.0004444232086594,0.0566346986836251,0.071430638818765,0.0017252651294616,0.9992573236138722,0.9931578252643972,0.0034322227517676,1.206279798966434,0.000924041644839,0.0014129055200931,0.9998998399400342,0.9047425256472308,4D,3D-independent,4D-D,0.3497360974894826,0.0,4D-D
3,3,4D-E-4f4328240852,4D,4D-E,equal_total,32,joint-property-residual,standardized_anomaly,"[80, 48]",2.0,"[1.0, 1.0]",wells,20,40,ridge(alpha_relative=0.0001),224596,1.1152554170039366,5681.108736261101,0.2817329757337506,0.0008227398135232,0.1048451577820597,0.1322361868518618,0.0031939023058065,0.997135356790524,0.9761504785213532,0.0027313086268353,0.9599384013165893,0.0007353377384391,0.0011243678849067,0.9999083958423932,0.8995528338059399,4D,3D-independent,4D-E,0.3595238781140207,0.0,4D-E
3,3,3D-current-e419eaac8e1a,3D,3D-current,equal_total,32,legacy-independent,raw_minmax,"[48, 48]",,"[1.0, 1.0]",wells,20,40,ridge(alpha_relative=0.0001),129984,13.69528604199877,145211.2528740978,0.3249078588226439,0.0014045948970275,0.1789933721185743,0.2257557859745693,0.0054526823749167,0.996053391479444,0.9606262813318582,0.0029255968365067,1.0282224141718703,0.0007876450651547,0.0012043483826154,0.9999096191958756,0.8545424206678804,3D,3D-current,4D-A-current,0.8512857267517877,0.0,3D current
3,3,4D-A-current-205a30146a4e,4D,4D-A-current,equal_total,32,legacy-joint,raw_minmax,"[48, 48]",2.0,"[1.0, 1.0]",wells,20,40,ridge(alpha_relative=0.0001),194740,15.577350957995804,341909.2245030557,1.5417994909122423,0.0024461342411959,0.3117210644954955,0.3931588811757311,0.0094959714661328,0.9812720960088276,0.8611718524985573,0.0156942905141582,5.5158732330497635,0.0042253021059941,0.0064606965529786,0.990690607406031,0.4596208152940222,4D,3D-current,4D-A-current,0.8512857267517877,0.0,4D current
3,3,4D-A-4ea76ef087a9,4D,4D-A,equal_total,32,joint,standardized_anomaly,"[80, 48]",2.0,"[1.0, 1.0]",wells,30,60,ridge(alpha_relative=0.0001),259188,1.174612332994002,360.5149112068995,0.3322580912470751,0.0006615541782609,0.0843046016019664,0.1063293649963583,0.0025681745074611,0.999291231255111,0.9877860282250857,0.0033387828612681,1.1734396657701869,0.0008988852501772,0.0013744401445531,0.999861592593928,0.8696377765426194,4D,3D-independent,4D-A,0.3239240283398076,0.0,4D-A
3,3,3D-independent-7db5f3bc9ad5,3D,3D-independent,equal_total,32,independent,raw_minmax,"[80, 48]",,"[1.0, 1.0]",wells,30,60,ridge(alpha_relative=1e-06),149728,0.7883550419937819,25618.659687027357,0.207598453540979,0.00070567803551,0.0899274883265323,0.1134212432984746,0.0027394647344471,0.999704515389779,0.9892931859506764,0.0019543665975117,0.6868764403880971,0.0005261651868175,0.000804532675651,0.9999590677922404,0.9035270431507504,3D,3D-independent,4D-B,0.2397054429882022,0.0,3D optimized
3,3,4D-B-2828b82824ed,4D,4D-B,equal_total,32,shared-independent,ensemble_anomaly,"[80, 48]",,"[1.0, 1.0]",wells,30,60,ridge(alpha_relative=1e-06),136304,1.212459750000562,174414.50369062205,0.145765925420844,0.000541664923205,0.0690266149820083,0.087059970623405,0.0021027605796667,0.9998526342314727,0.9958548070944035,0.001354882982716,0.4761835376716385,0.000364768953084,0.0005577498268065,0.999977448901178,0.9284380948461384,4D,3D-independent,4D-B,0.2397054429882022,0.0,4D optimized
3,3,4D-B-2828b82824ed,4D,4D-B,equal_total,32,shared-independent,ensemble_anomaly,"[80, 48]",,"[1.0, 1.0]",wells,30,60,ridge(alpha_relative=1e-06),136304,1.212459750000562,174414.50369062205,0.145765925420844,0.000541664923205,0.0690266149820083,0.087059970623405,0.0021027605796667,0.9998526342314727,0.9958548070944035,0.001354882982716,0.4761835376716385,0.000364768953084,0.0005577498268065,0.999977448901178,0.9284380948461384,4D,3D-independent,4D-B,0.2397054429882022,0.0,4D-B
3,3,4D-C-44adce3e7a5f,4D,4D-C,equal_total,32,joint,standardized_anomaly,"[80, 48]",2.0,"[1.0, 0.5]",wells,30,60,ridge(alpha_relative=0.0001),259188,1.08796508400701,277.78431957926495,0.3983133984473447,0.0010999624048167,0.1401727860883301,0.1767932360906247,0.0042700892837556,0.9994513061637632,0.976902204084204,0.0039141268288785,1.3756485128586322,0.0010537824770268,0.0016112856894323,0.9998300306309068,0.868233206230963,4D,3D-independent,4D-C,0.3340774255054558,0.0,4D-C
3,3,4D-D-2ecf0e4138e3,4D,4D-D,equal_total,32,partial-spatial,standardized_anomaly,"[80, 48]",,"[1.0, 1.0]",wells,30,60,ridge(alpha_relative=0.0001),163152,1.2673585000011371,645.6503200825313,0.4989127618066563,0.0005982293428613,0.0762348543381745,0.0961513784341149,0.0023223454683491,0.998516829283664,0.9860623552870632,0.0052485951708798,1.8446571756813988,0.0014130552896942,0.0021606316448579,0.9996952325508232,0.8644196102988327,4D,3D-independent,4D-D,0.3378398252128743,0.0,4D-D
3,3,4D-E-4f4328240852,4D,4D-E,equal_total,32,joint-property-residual,standardized_anomaly,"[80, 48]",2.0,"[1.0, 1.0]",wells,30,60,ridge(alpha_relative=0.0001),224596,1.1152554170039366,624.6393502416513,0.3655398653984221,0.0012777211610339,0.1628253240309517,0.20536379960941,0.0049601544684321,0.997893126255498,0.9657567724312484,0.003480810946888,1.2233564756511734,0.0009371228225439,0.0014329072898097,0.9998718781441386,0.8822879037456248,4D,3D-independent,4D-E,0.3170593668596241,0.0,4D-E
3,3,3D-current-e419eaac8e1a,3D,3D-current,equal_total,32,legacy-independent,raw_minmax,"[48, 48]",,"[1.0, 1.0]",wells,30,60,ridge(alpha_relative=0.0001),129984,13.69528604199877,24562.96982170337,0.2830302959700304,0.0014027619695993,0.17875979454976,0.2254611857499377,0.0054455668919378,0.9962531010956904,0.9589146501365682,0.0024734250259167,0.8693033228932334,0.0006659089151941,0.0010182077695436,0.999926404554504,0.8729692169891756,3D,3D-current,4D-A-current,0.8209176419120433,0.0,3D current
3,3,4D-A-current-205a30146a4e,4D,4D-A-current,equal_total,32,legacy-joint,raw_minmax,"[48, 48]",2.0,"[1.0, 1.0]",wells,30,60,ridge(alpha_relative=0.0001),194740,15.577350957995804,21667.202491600012,1.5273296466922133,0.0025181591610101,0.3208994997164913,0.4047352028730503,0.0097755745115779,0.9821941948870024,0.8693200349056612,0.0155126604984009,5.452038035062944,0.004176402686973,0.0063859269152137,0.9907529881216324,0.457917861115502,4D,3D-current,4D-A-current,0.8209176419120433,0.0,4D current
3,3,4D-A-4ea76ef087a9,4D,4D-A,equal_total,32,joint,standardized_anomaly,"[80, 48]",2.0,"[1.0, 1.0]",grid,30,30,ridge(alpha_relative=0.0001),259188,1.174612332994002,209.0884353227881,0.6351442285287588,0.0107258153008171,1.3668352729154074,1.7239240072552495,0.0416379585111297,0.9937532173815372,-0.2953884293610046,0.0014082386237696,0.4949357681120109,0.0003791336484684,0.0005797141587351,0.999942594518826,0.9377766831857705,4D,3D-independent,4D-A,0.5771201224155021,0.0,4D-A
3,3,3D-independent-7db5f3bc9ad5,3D,3D-independent,equal_total,32,independent,raw_minmax,"[80, 48]",,"[1.0, 1.0]",grid,30,30,ridge(alpha_relative=1e-06),149728,0.7883550419937819,5.4620966739634364e+19,0.4060721309429449,0.0059904861910232,0.7633925811848916,0.9628305793266102,0.0232552592495525,0.9984358373998498,0.7727997501308994,0.0019742427295011,0.6938620524052902,0.0005315163469912,0.0008127148650475,0.999970085657883,0.8931324695059052,3D,3D-independent,4D-B,0.394370407032019,0.0,3D optimized
3,3,4D-B-2828b82824ed,4D,4D-B,equal_total,32,shared-independent,ensemble_anomaly,"[80, 48]",,"[1.0, 1.0]",grid,30,30,ridge(alpha_relative=1e-06),136304,1.212459750000562,5.408462509424862e+18,0.1574394639105053,0.0015741082238475,0.2005951606846334,0.253001089521097,0.0061107385385986,0.9993875281573223,0.9651771701379276,0.0010931841764332,0.3842075774079832,0.0002943129795358,0.0004500191476691,0.9999765405964918,0.9449125947632632,4D,3D-independent,4D-B,0.394370407032019,0.0,4D optimized
3,3,4D-B-2828b82824ed,4D,4D-B,equal_total,32,shared-independent,ensemble_anomaly,"[80, 48]",,"[1.0, 1.0]",grid,30,30,ridge(alpha_relative=1e-06),136304,1.212459750000562,5.408462509424862e+18,0.1574394639105053,0.0015741082238475,0.2005951606846334,0.253001089521097,0.0061107385385986,0.9993875281573223,0.9651771701379276,0.0010931841764332,0.3842075774079832,0.0002943129795358,0.0004500191476691,0.9999765405964918,0.9449125947632632,4D,3D-independent,4D-B,0.394370407032019,0.0,4D-B
3,3,4D-C-44adce3e7a5f,4D,4D-C,equal_total,32,joint,standardized_anomaly,"[80, 48]",2.0,"[1.0, 0.5]",grid,30,30,ridge(alpha_relative=0.0001),259188,1.08796508400701,431.13006546260823,0.6309896568159932,0.0105862399424587,1.3490486042395489,1.701490532097703,0.0410961224998327,0.9920910669734968,-0.3375467142342402,0.0013551189716404,0.4762664777057968,0.0003648324873035,0.0005578469737803,0.9999446930123136,0.940259623596986,4D,3D-independent,4D-C,0.6106624662879321,0.0,4D-C
3,3,4D-D-2ecf0e4138e3,4D,4D-D,equal_total,32,partial-spatial,standardized_anomaly,"[80, 48]",,"[1.0, 1.0]",grid,30,30,ridge(alpha_relative=1e-06),163152,1.2673585000011371,6.354350039882696e+17,0.1465846495732786,0.0016147273731495,0.2057714278927328,0.2595296679715033,0.0062684233770895,0.9991711384849286,0.9624296952340928,0.0009667632168492,0.3397760061663913,0.0002602772423809,0.0003979768169201,0.9999741218062562,0.9559879762979262,4D,3D-independent,4D-D,0.4067337611232192,0.0,4D-D
3,3,4D-E-4f4328240852,4D,4D-E,equal_total,32,joint-property-residual,standardized_anomaly,"[80, 48]",2.0,"[1.0, 1.0]",grid,30,30,ridge(alpha_relative=0.0001),224596,1.1152554170039366,4384.3280730387705,0.7069615774829221,0.0126050473062732,1.6063136266824407,2.025966609943119,0.0489331973420656,0.9960365125068436,-0.3289910175493614,0.0014928401035364,0.5246695771874069,0.0004019105182037,0.0006145411226053,0.9999376351089732,0.93526480542568,4D,3D-independent,4D-E,0.5694234818724551,0.0,4D-E
3,3,3D-current-e419eaac8e1a,3D,3D-current,equal_total,32,legacy-independent,raw_minmax,"[48, 48]",,"[1.0, 1.0]",grid,30,30,ridge(alpha_relative=0.0001),129984,13.69528604199877,3.974929962123589e+19,0.4561342606692162,0.0057193137112663,0.7288359437656933,0.9192459440472588,0.0222025589983543,0.9954883589334728,0.8053270362893937,0.0026056457015347,0.9157732467702744,0.0007015060833898,0.0010726376058224,0.9999603306754752,0.834817259428811,3D,3D-current,4D-A-current,1.0418185958143968,0.0,3D current
3,3,4D-A-current-205a30146a4e,4D,4D-A-current,equal_total,32,legacy-joint,raw_minmax,"[48, 48]",2.0,"[1.0, 1.0]",grid,30,30,ridge(alpha_relative=0.0001),194740,15.577350957995804,1304095.1177501343,1.650311868494595,0.0039108358020186,0.4983740788797921,0.6285754078778212,0.0151819898349254,0.9814787002270752,0.82499320521143,0.0163273758081187,5.738375691765187,0.0043957447662362,0.0067213118367814,0.9905489087628918,0.4460113881217664,4D,3D-current,4D-A-current,1.0418185958143968,0.0,4D current
3,3,4D-A-4ea76ef087a9,4D,4D-A,equal_total,32,joint,standardized_anomaly,"[80, 48]",2.0,"[1.0, 1.0]",grid,100,100,ridge(alpha_relative=1e-06),259188,1.174612332994002,111.35552992097188,0.1546704596094156,0.0019996653989222,0.2548256822087202,0.3213994545866523,0.0077627651214658,0.9988890299701996,0.9260054669871064,0.0008706204354562,0.3059859221891705,0.0002343931607571,0.000358398771912,0.9999777968420052,0.95825406493335,4D,3D-independent,4D-A,0.2398030008585889,0.0,4D-A
3,3,3D-independent-7db5f3bc9ad5,3D,3D-independent,equal_total,32,independent,raw_minmax,"[80, 48]",,"[1.0, 1.0]",grid,100,100,ridge(alpha_relative=1e-06),149728,0.7883550419937819,5395.0356043410175,0.1191746931784994,0.0009563541258507,0.1218721855588358,0.1537115632474217,0.0037125973454985,0.9996580618398722,0.9780580679822553,0.000903688578937,0.3176079631681837,0.0002432959458919,0.0003720115720833,0.9999861361143814,0.9475046840437888,3D,3D-independent,4D-B,0.1971960120430181,0.0,3D optimized
3,3,4D-B-2828b82824ed,4D,4D-B,equal_total,32,shared-independent,ensemble_anomaly,"[80, 48]",,"[1.0, 1.0]",grid,100,100,ridge(alpha_relative=1e-06),136304,1.212459750000562,16782.543907883777,0.1343388186818598,0.00064614323462,0.0823407209302811,0.1038524161610523,0.002508348730684,0.999877398524619,0.9947446247490878,0.0012145118366483,0.42684907131975,0.00032697747098,0.0004999647756938,0.9999791983346472,0.948924410296096,4D,3D-independent,4D-B,0.1971960120430181,0.0,4D optimized
3,3,4D-B-2828b82824ed,4D,4D-B,equal_total,32,shared-independent,ensemble_anomaly,"[80, 48]",,"[1.0, 1.0]",grid,100,100,ridge(alpha_relative=1e-06),136304,1.212459750000562,16782.543907883777,0.1343388186818598,0.00064614323462,0.0823407209302811,0.1038524161610523,0.002508348730684,0.999877398524619,0.9947446247490878,0.0012145118366483,0.42684907131975,0.00032697747098,0.0004999647756938,0.9999791983346472,0.948924410296096,4D,3D-independent,4D-B,0.1971960120430181,0.0,4D-B
3,3,4D-C-44adce3e7a5f,4D,4D-C,equal_total,32,joint,standardized_anomaly,"[80, 48]",2.0,"[1.0, 0.5]",grid,100,100,ridge(alpha_relative=1e-06),259188,1.08796508400701,123.80123728544118,0.1538045517641941,0.0019711409216419,0.2511906893811603,0.3168148118533218,0.0076520321871164,0.998641633575893,0.9154972940766566,0.0008578015363373,0.3014806263006266,0.0002309419871348,0.0003531217562179,0.9999783652012516,0.959408923173364,4D,3D-independent,4D-C,0.2523919184463504,0.0,4D-C
3,3,4D-D-2ecf0e4138e3,4D,4D-D,equal_total,32,partial-spatial,standardized_anomaly,"[80, 48]",,"[1.0, 1.0]",grid,100,100,ridge(alpha_relative=1e-06),163152,1.2673585000011371,1255.7909048255228,0.1216647534927423,0.0010618551102419,0.1353166149797094,0.1706683795527669,0.0041221555457622,0.9934154276569844,0.9570355655222356,0.0008844488995054,0.310846037059252,0.0002381161349315,0.0003640913841352,0.9999782152523156,0.9619717106137484,4D,3D-independent,4D-D,0.212179858323139,0.0,4D-D
3,3,4D-E-4f4328240852,4D,4D-E,equal_total,32,joint-property-residual,standardized_anomaly,"[80, 48]",2.0,"[1.0, 1.0]",grid,100,100,ridge(alpha_relative=1e-06),224596,1.1152554170039366,564.4878247482812,0.1611363931740013,0.0020708680470902,0.2638993319324423,0.3328436153440675,0.0080391760820456,0.994652621992365,0.8984360438410783,0.0008808206748627,0.3095708709616121,0.0002371393245934,0.000362597792665,0.9999769366977648,0.9594132165550194,4D,3D-independent,4D-E,0.2577807281929932,0.0,4D-E
3,3,3D-current-e419eaac8e1a,3D,3D-current,equal_total,32,legacy-independent,raw_minmax,"[48, 48]",,"[1.0, 1.0]",grid,100,100,ridge(alpha_relative=1e-06),129984,13.69528604199877,6239.732500485547,0.1362171638234817,0.0012554205765388,0.1599834677580536,0.2017795021076573,0.004873582885206,0.9952619735357536,0.9474514491485952,0.0009393046510869,0.3301254923206357,0.0002528846982173,0.0003866732501223,0.9999837374258814,0.94302916042093,3D,3D-current,4D-A-current,0.8003358185793222,0.0,3D current
3,3,4D-A-current-205a30146a4e,4D,4D-A-current,equal_total,32,legacy-joint,raw_minmax,"[48, 48]",2.0,"[1.0, 1.0]",grid,100,100,ridge(alpha_relative=1e-06),194740,15.577350957995804,18922.86434662207,1.5787163502546318,0.0029054952793885,0.3702593529514634,0.466990426799826,0.0112792257282527,0.978070406460192,0.8396318602074915,0.015907158458377,5.59068722955582,0.0042826115697252,0.0065483255663586,0.9903774876111664,0.4525305027700202,4D,3D-current,4D-A-current,0.8003358185793222,0.0,4D current
3,3,4D-A-4ea76ef087a9,4D,4D-A,equal_total,32,joint,standardized_anomaly,"[80, 48]",2.0,"[1.0, 1.0]",grid,300,300,ridge(alpha_relative=1e-06),259188,1.174612332994002,96.50682823855183,0.1307136129867048,0.0015762690303128,0.2008705212434141,0.2533483886341209,0.0061191268585003,0.998803601998261,0.953451695466666,0.0007991209922494,0.2808569197276346,0.0002151436924434,0.0003289653798227,0.9999813479989148,0.9642942825817924,4D,3D-independent,4D-A,0.1933628632399912,0.0,4D-A
3,3,4D-B-2828b82824ed,4D,4D-B,equal_total,32,shared-independent,ensemble_anomaly,"[80, 48]",,"[1.0, 1.0]",grid,300,300,ridge(alpha_relative=1e-08),136304,1.212459750000562,18842.430597111725,0.0950302330215482,0.0003966728884113,0.050549676689714,0.0637558913873467,0.0015398968569693,0.9998843574409996,0.9972922930470152,0.0008815340064844,0.3098215765793429,0.0002373313716057,0.000362891442075,0.9999799433717624,0.9632083493187128,4D,3D-independent,4D-B,0.1613327178380837,0.0,4D-B
3,3,4D-C-44adce3e7a5f,4D,4D-C,equal_total,32,joint,standardized_anomaly,"[80, 48]",2.0,"[1.0, 0.5]",grid,300,300,ridge(alpha_relative=1e-06),259188,1.08796508400701,113.34363375659704,0.1326126119952239,0.001637036773961,0.2086144076655098,0.2631153824899597,0.0063550291855381,0.9986818414654508,0.9453179496308554,0.000788094588192,0.2769816093437603,0.000212175104074,0.0003244262609233,0.9999819627558976,0.9649731884258936,4D,3D-independent,4D-C,0.1989211168180782,0.0,4D-C
3,3,3D-independent-7db5f3bc9ad5,3D,3D-independent,equal_total,32,independent,raw_minmax,"[80, 48]",,"[1.0, 1.0]",grid,300,300,ridge(alpha_relative=1e-06),149728,0.7883550419937819,5293.4719388486155,0.1055636936770102,0.0008279272986208,0.1055062205927041,0.1330699537820514,0.0032140402890941,0.9997259137266128,0.9864337401258564,0.0008225733523028,0.2890994232644247,0.000221457664154,0.0003386197558278,0.9999875430144796,0.9582679981723192,3D,3D-independent,4D-D,0.1578714868243893,0.0,3D optimized
3,3,4D-D-2ecf0e4138e3,4D,4D-D,equal_total,32,partial-spatial,standardized_anomaly,"[80, 48]",,"[1.0, 1.0]",grid,300,300,ridge(alpha_relative=1e-06),163152,1.2673585000011371,461.9840895261527,0.0958438770810943,0.0005240939495119,0.0667874726930974,0.0842358474653301,0.0020345494970486,0.999430963431234,0.9913768173363016,0.0008391574688226,0.29492803235783,0.0002259225300486,0.0003454467572992,0.9999811139863926,0.9653031761167988,4D,3D-independent,4D-D,0.1578714868243893,0.0,4D optimized
3,3,4D-D-2ecf0e4138e3,4D,4D-D,equal_total,32,partial-spatial,standardized_anomaly,"[80, 48]",,"[1.0, 1.0]",grid,300,300,ridge(alpha_relative=1e-06),163152,1.2673585000011371,461.9840895261527,0.0958438770810943,0.0005240939495119,0.0667874726930974,0.0842358474653301,0.0020345494970486,0.999430963431234,0.9913768173363016,0.0008391574688226,0.29492803235783,0.0002259225300486,0.0003454467572992,0.9999811139863926,0.9653031761167988,4D,3D-independent,4D-D,0.1578714868243893,0.0,4D-D
3,3,4D-E-4f4328240852,4D,4D-E,equal_total,32,joint-property-residual,standardized_anomaly,"[80, 48]",2.0,"[1.0, 1.0]",grid,300,300,ridge(alpha_relative=1e-06),224596,1.1152554170039366,461.7160802865429,0.1214800189745955,0.0012646765207226,0.161162991238526,0.2032671787029287,0.0049095147569656,0.9983380082346424,0.958819027260856,0.0008147201851464,0.2863393702073153,0.0002193433918525,0.000335386928582,0.999980299586832,0.964345543834062,4D,3D-independent,4D-E,0.1936504890777017,0.0,4D-E
3,3,3D-current-e419eaac8e1a,3D,3D-current,equal_total,32,legacy-independent,raw_minmax,"[48, 48]",,"[1.0, 1.0]",grid,300,300,ridge(alpha_relative=1e-06),129984,13.69528604199877,5726.855689536121,0.1220169630358832,0.0011303832571157,0.1440494418751686,0.18168267676517,0.0043881840066625,0.9954361640977646,0.9560133167935756,0.0008528895919697,0.2997542875129387,0.0002296195668022,0.0003510997099192,0.9999851327716804,0.9554584376955734,3D,3D-current,4D-A-current,0.7547035913025211,0.0,3D current
3,3,4D-A-current-205a30146a4e,4D,4D-A-current,equal_total,32,legacy-joint,raw_minmax,"[48, 48]",2.0,"[1.0, 1.0]",grid,300,300,ridge(alpha_relative=1e-06),194740,15.577350957995804,20408.66182045353,1.5276394144047938,0.0023427809097065,0.2985503194200847,0.3765472498556602,0.0090947505232163,0.9802177328785936,0.8611027978891603,0.0155667849464483,5.471060468346503,0.0041909743647506,0.0064082077334907,0.9905969518369956,0.4570034624056659,4D,3D-current,4D-A-current,0.7547035913025211,0.0,4D current
3,3,4D-A-c45120ace2c4,4D,4D-A,equal_per_property,64,joint,standardized_anomaly,"[64, 48]",2.0,"[1.0, 1.0]",wells,5,10,ridge(alpha_relative=1e-06),404420,1.147397542001272,11396.75709122262,0.3185685701481892,0.0013063520249253,0.1664738741470218,0.2099655415028213,0.0050713003990128,0.9981747160592505,0.97239402406243,0.0029328140760072,1.030758965801354,0.0007895881295598,0.0012073194244934,0.9998754458348366,0.8735230946488081,4D,3D-independent,4D-A,0.5267671573615401,0.0,4D-A
3,3,4D-B-643a4d560541,4D,4D-B,equal_per_property,64,shared-independent,ensemble_anomaly,"[80, 48]",,"[1.0, 1.0]",wells,5,10,ridge(alpha_relative=1e-06),259184,0.6256560000038007,6304998.724459396,0.3190159331108606,0.0018835195200434,0.2400247295908513,0.3027317204025851,0.0073118830998792,0.9986488598376664,0.958169259630456,0.0027194405290938,0.9557672715289276,0.000732142544726,0.001119482275194,0.9999397437205956,0.8812872777222167,4D,3D-independent,4D-B,0.5017922361118498,0.0,4D-B
3,3,4D-C-4e04f7cc08d6,4D,4D-C,equal_per_property,64,joint,standardized_anomaly,"[80, 48]",2.0,"[1.0, 0.5]",wells,5,10,ridge(alpha_relative=1e-08),504948,1.069590416002029,23896.682077940382,0.2989131363920905,0.0011073262849714,0.1411111959768758,0.1779768076354671,0.0042986761023577,0.998766586866609,0.9806106425114668,0.0028012174571035,0.9845083712226804,0.0007541589733011,0.001153146486802,0.999889219561623,0.8793234007509217,4D,3D-independent,4D-C,0.5106560120319005,0.0,4D-C
3,3,4D-D-e24c5d642104,4D,4D-D,equal_per_property,64,partial-spatial,standardized_anomaly,"[80, 48]",,"[1.0, 1.0]",wells,5,10,ridge(alpha_relative=1e-06),286032,1.3619777920030174,10283.239110294644,0.2983794091011713,0.001639082216778,0.2088750669545768,0.2634441395940827,0.0063629696600626,0.998562438836898,0.965748169208788,0.002570905216433,0.9035634490924066,0.0006921530613636,0.0010583363711063,0.9999324107760504,0.8720935900758087,4D,3D-independent,4D-D,0.5005839983948384,0.0,4D-D
3,3,3D-independent-fa9b36e31dc0,3D,3D-independent,equal_per_property,64,independent,raw_minmax,"[80, 48]",,"[1.0, 1.0]",wells,5,10,ridge(alpha_relative=1e-06),272608,0.8929653330051224,22919958.812534343,0.6172809810981557,0.0024654305517113,0.314180073634653,0.3962603118843578,0.0095708803615525,0.9980388195313856,0.939264369482835,0.0057100572877876,2.00684141309067,0.0015372926263644,0.0023505966965018,0.9997799495573392,0.7645307551825665,3D,3D-independent,4D-E,0.490710044215685,0.0,3D optimized
3,3,4D-E-6ca320f290f9,4D,4D-E,equal_per_property,64,joint-property-residual,standardized_anomaly,"[80, 48]",2.0,"[1.0, 1.0]",wells,5,10,ridge(alpha_relative=1e-06),408916,1.7642350419992,12493.761567120106,0.3079169565380387,0.0019630642108141,0.2501614405139135,0.3155166694459325,0.0076206781370116,0.9982864063107666,0.9494172628183184,0.0025486436760748,0.8957394678504785,0.0006861596885971,0.0010491722067928,0.9999227272144352,0.8790489016061565,4D,3D-independent,4D-E,0.490710044215685,0.0,4D optimized
3,3,4D-E-6ca320f290f9,4D,4D-E,equal_per_property,64,joint-property-residual,standardized_anomaly,"[80, 48]",2.0,"[1.0, 1.0]",wells,5,10,ridge(alpha_relative=1e-06),408916,1.7642350419992,12493.761567120106,0.3079169565380387,0.0019630642108141,0.2501614405139135,0.3155166694459325,0.0076206781370116,0.9982864063107666,0.9494172628183184,0.0025486436760748,0.8957394678504785,0.0006861596885971,0.0010491722067928,0.9999227272144352,0.8790489016061565,4D,3D-independent,4D-E,0.490710044215685,0.0,4D-E
3,3,3D-current-5e7711139fcb,3D,3D-current,equal_per_property,64,legacy-independent,raw_minmax,"[48, 48]",,"[1.0, 1.0]",wells,5,10,ridge(alpha_relative=0.0001),242016,12.458822458000212,517002.8635677533,1.7181195206520572,0.0022691531732083,0.2891676305998692,0.3647133128551362,0.0088089252920708,0.9950666573025284,0.9409874293211518,0.0182308821310282,6.407376916510306,0.0049082170737742,0.0075049074206595,0.999087886096473,0.707145499682741,3D,3D-current,4D-A-current,1.50012380778867,0.0,3D current
3,3,4D-A-current-43ce2f360e5a,4D,4D-A-current,equal_per_property,64,legacy-joint,raw_minmax,"[48, 48]",2.0,"[1.0, 1.0]",wells,5,10,ridge(alpha_relative=0.0001),380500,16.334943583002314,225055.9463110167,2.1557754660255486,0.0028243008549264,0.3599124095997126,0.453940321641399,0.0109640263720945,0.980413549141122,0.8577651201245861,0.0225227136776702,7.915772516013512,0.0060636872657041,0.0092716786712835,0.9902196321582014,0.4474010028974761,4D,3D-current,4D-A-current,1.50012380778867,0.0,4D current
3,3,4D-A-c45120ace2c4,4D,4D-A,equal_per_property,64,joint,standardized_anomaly,"[64, 48]",2.0,"[1.0, 1.0]",wells,10,20,ridge(alpha_relative=1e-06),404420,1.147397542001272,787443.9454202373,0.2940971421098991,0.002010541754943,0.2562117015119664,0.323147574494539,0.0078049874838732,0.9969146983226754,0.9672708019099504,0.0024024233705774,0.8443492716199471,0.0006467934640328,0.0009889792963296,0.9999131263005688,0.8810740074746838,4D,3D-independent,4D-A,0.3427590367942761,0.0,4D-A
3,3,4D-B-643a4d560541,4D,4D-B,equal_per_property,64,shared-independent,ensemble_anomaly,"[80, 48]",,"[1.0, 1.0]",wells,10,20,ridge(alpha_relative=1e-06),259184,0.6256560000038007,2899572898.047774,0.2782650138405018,0.0007307032561894,0.0931165563253504,0.1174434623565222,0.0028366134426018,0.9995026868983156,0.99372102838862,0.0027223070177124,0.9567747199274484,0.0007329142763558,0.0011206622911445,0.9999389981616452,0.8799414133929632,4D,3D-independent,4D-B,0.3173237159103766,0.0,4D-B
3,3,4D-C-4e04f7cc08d6,4D,4D-C,equal_per_property,64,joint,standardized_anomaly,"[80, 48]",2.0,"[1.0, 0.5]",wells,10,20,ridge(alpha_relative=1e-06),504948,1.069590416002029,6857220.332586079,0.2809104574877146,0.0012736490692769,0.1623064004347533,0.2047093060774208,0.0049443464778153,0.9991188901232578,0.9869120830832055,0.0025487316941282,0.895770402439348,0.0006861833852953,0.0010492084402201,0.999918321174036,0.8819578627632801,4D,3D-independent,4D-C,0.3292818951004337,0.0,4D-C
3,3,4D-D-e24c5d642104,4D,4D-D,equal_per_property,64,partial-spatial,standardized_anomaly,"[80, 48]",,"[1.0, 1.0]",wells,10,20,ridge(alpha_relative=1e-06),286032,1.3619777920030174,2501948.8384708716,0.2647903613424948,0.0006605849145468,0.0841810842938612,0.1061735785186652,0.0025644117946805,0.9993245906317394,0.9931903979570248,0.0026092919528902,0.917054748488038,0.0007024877469774,0.0010741386181519,0.999931626658404,0.8909583768668157,4D,3D-independent,4D-D,0.3352392231453192,0.0,4D-D
3,3,3D-independent-fa9b36e31dc0,3D,3D-independent,equal_per_property,64,independent,raw_minmax,"[80, 48]",,"[1.0, 1.0]",wells,10,20,ridge(alpha_relative=1e-06),272608,0.8929653330051224,2024371833.5187376,0.3069885153788971,0.0017751958865126,0.2262205982453325,0.2853212292502124,0.0068913672852552,0.998853618678237,0.9642626874024124,0.0026124669991579,0.9181706417299842,0.0007033425501729,0.0010754456546477,0.9999300576033066,0.868611669517044,3D,3D-independent,4D-E,0.3130953104344829,0.0,3D optimized
3,3,4D-E-6ca320f290f9,4D,4D-E,equal_per_property,64,joint-property-residual,standardized_anomaly,"[80, 48]",2.0,"[1.0, 1.0]",wells,10,20,ridge(alpha_relative=1e-06),408916,1.7642350419992,2646562.4224226647,0.2234173627623189,0.0016391942154528,0.208889339411721,0.2634621407621832,0.006363404442505,0.9983492914188778,0.979007454777042,0.0017881186794192,0.6284473931731555,0.0004814070196484,0.0007360952174307,0.9999555288488968,0.9083271082941596,4D,3D-independent,4D-E,0.3130953104344829,0.0,4D optimized
3,3,4D-E-6ca320f290f9,4D,4D-E,equal_per_property,64,joint-property-residual,standardized_anomaly,"[80, 48]",2.0,"[1.0, 1.0]",wells,10,20,ridge(alpha_relative=1e-06),408916,1.7642350419992,2646562.4224226647,0.2234173627623189,0.0016391942154528,0.208889339411721,0.2634621407621832,0.006363404442505,0.9983492914188778,0.979007454777042,0.0017881186794192,0.6284473931731555,0.0004814070196484,0.0007360952174307,0.9999555288488968,0.9083271082941596,4D,3D-independent,4D-E,0.3130953104344829,0.0,4D-E
3,3,3D-current-5e7711139fcb,3D,3D-current,equal_per_property,64,legacy-independent,raw_minmax,"[48, 48]",,"[1.0, 1.0]",wells,10,20,ridge(alpha_relative=0.0001),242016,12.458822458000212,38772814.25991506,0.3902119323007678,0.0020022287406529,0.2551523395112888,0.3218114518310913,0.0077727160961599,0.9955539567482408,0.9435670697916158,0.0034064804689756,1.1972324853282872,0.0009171111676954,0.0014023084766938,0.9999009804348848,0.8395071214813943,3D,3D-current,4D-A-current,0.908152662641274,0.0,3D current
3,3,4D-A-current-43ce2f360e5a,4D,4D-A-current,equal_per_property,64,legacy-joint,raw_minmax,"[48, 48]",2.0,"[1.0, 1.0]",wells,10,20,ridge(alpha_relative=0.0001),380500,16.334943583002314,52975808.89037997,1.6016093340324835,0.0027088407173246,0.3451988438460893,0.4353828043328961,0.0105158064201076,0.9814252952215756,0.8559214579180806,0.0162585586773768,5.714189407645358,0.0043772174446481,0.0066929826428641,0.9905155392320464,0.4499803728049425,4D,3D-current,4D-A-current,0.908152662641274,0.0,4D current
3,3,4D-A-c45120ace2c4,4D,4D-A,equal_per_property,64,joint,standardized_anomaly,"[64, 48]",2.0,"[1.0, 1.0]",wells,15,30,ridge(alpha_relative=0.0001),404420,1.147397542001272,2078444.8497980991,0.2761791206368546,0.0011448150227406,0.1458885418180028,0.1840022456305763,0.0044442085830215,0.9983082223956644,0.98295290467356,0.002545210989445,0.8945330250181701,0.0006852355220645,0.0010477591103131,0.9998913412648456,0.8884572639039487,4D,3D-independent,4D-A,0.336205954781877,0.0,4D-A
3,3,3D-independent-fa9b36e31dc0,3D,3D-independent,equal_per_property,64,independent,raw_minmax,"[80, 48]",,"[1.0, 1.0]",wells,15,30,ridge(alpha_relative=1e-06),272608,0.8929653330051224,3566243568.9258175,0.3330664489861618,0.0007526712551093,0.0959160298345442,0.1209743045039305,0.0029218939179733,0.9994867445046944,0.99253697361801,0.003311539503094,1.1638647882059574,0.0008915506453689,0.0013632251699044,0.9999254050428986,0.8624930705736993,3D,3D-independent,4D-B,0.2842385765513009,0.0,3D optimized
3,3,4D-B-643a4d560541,4D,4D-B,equal_per_property,64,shared-independent,ensemble_anomaly,"[80, 48]",,"[1.0, 1.0]",wells,15,30,ridge(alpha_relative=1e-06),259184,0.6256560000038007,9915058462.640127,0.2392723522072261,0.0004769451627575,0.0607791066152085,0.0766577824773249,0.0018515163968439,0.9995871346527812,0.9960517708264872,0.0023868518936987,0.8388765621376881,0.0006426012264806,0.0009825691571198,0.9999458844373742,0.8890807490214971,4D,3D-independent,4D-B,0.2842385765513009,0.0,4D optimized
3,3,4D-B-643a4d560541,4D,4D-B,equal_per_property,64,shared-independent,ensemble_anomaly,"[80, 48]",,"[1.0, 1.0]",wells,15,30,ridge(alpha_relative=1e-06),259184,0.6256560000038007,9915058462.640127,0.2392723522072261,0.0004769451627575,0.0607791066152085,0.0766577824773249,0.0018515163968439,0.9995871346527812,0.9960517708264872,0.0023868518936987,0.8388765621376881,0.0006426012264806,0.0009825691571198,0.9999458844373742,0.8890807490214971,4D,3D-independent,4D-B,0.2842385765513009,0.0,4D-B
3,3,4D-C-4e04f7cc08d6,4D,4D-C,equal_per_property,64,joint,standardized_anomaly,"[80, 48]",2.0,"[1.0, 0.5]",wells,15,30,ridge(alpha_relative=1e-06),504948,1.069590416002029,22329978.939055912,0.3299579770170845,0.0007282019004016,0.092797798149406,0.1170414279029867,0.0028269030993234,0.9990862538186964,0.9882883950240128,0.0032773580678522,1.151851472691796,0.0008823481337815,0.0013491540731164,0.9998599914381674,0.8613463305217156,4D,3D-independent,4D-C,0.3264499202111948,0.0,4D-C
3,3,4D-D-e24c5d642104,4D,4D-D,equal_per_property,64,partial-spatial,standardized_anomaly,"[80, 48]",,"[1.0, 1.0]",wells,15,30,ridge(alpha_relative=1e-08),286032,1.3619777920030174,3623242.102886437,0.2386937945100403,0.0004563002595163,0.0581482406936416,0.073339597022259,0.0017713722212719,0.9993851086690048,0.9948232552074768,0.0024090393579708,0.8466745087971432,0.000648574656081,0.0009917028273429,0.9999167127065772,0.9052718876937702,4D,3D-independent,4D-D,0.3204176823771863,0.0,4D-D
3,3,4D-E-6ca320f290f9,4D,4D-E,equal_per_property,64,joint-property-residual,standardized_anomaly,"[80, 48]",2.0,"[1.0, 1.0]",wells,15,30,ridge(alpha_relative=1e-08),408916,1.7642350419992,3870532.666888619,0.2604014609753208,0.0011678316945064,0.1488216520713719,0.1877016374167747,0.0045335600399661,0.9983035050608968,0.9845541040649012,0.0023788591635779,0.8360674586555736,0.0006404493802801,0.0009792788775182,0.9999185408387568,0.9020124295864236,4D,3D-independent,4D-E,0.3027766711882426,0.0,4D-E
3,3,3D-current-5e7711139fcb,3D,3D-current,equal_per_property,64,legacy-independent,raw_minmax,"[48, 48]",,"[1.0, 1.0]",wells,15,30,ridge(alpha_relative=0.0001),242016,12.458822458000212,57649972.03012534,0.3259721635273577,0.0013999932292195,0.1784069624426792,0.2250161754754883,0.0054348185531093,0.996057857531106,0.9591751819538266,0.0029386587452757,1.032813117580013,0.0007911616631545,0.0012097254354286,0.9999158800976998,0.8554876698726962,3D,3D-current,4D-A-current,0.8666612908752892,0.0,3D current
3,3,4D-A-current-43ce2f360e5a,4D,4D-A-current,equal_per_property,64,legacy-joint,raw_minmax,"[48, 48]",2.0,"[1.0, 1.0]",wells,15,30,ridge(alpha_relative=0.0001),380500,16.334943583002314,155928631.44982857,1.5644227536457724,0.0028343809422284,0.361196957066932,0.4555604599719494,0.0110031575938339,0.9816754579781616,0.8206296705334047,0.01574468854774,5.533585990703978,0.0042388705382363,0.0064814433590572,0.9906692376343512,0.4535541958422348,4D,3D-current,4D-A-current,0.8666612908752892,0.0,4D current
3,3,4D-A-c45120ace2c4,4D,4D-A,equal_per_property,64,joint,standardized_anomaly,"[64, 48]",2.0,"[1.0, 1.0]",wells,20,40,ridge(alpha_relative=1e-06),404420,1.147397542001272,3995271.764081155,0.3030552678633278,0.0006686276206154,0.0852059997931406,0.1074662554561333,0.0025956338372207,0.998894795673641,0.9857574345498926,0.0030043637525994,1.0559056231537434,0.0008088511219783,0.0012367734956099,0.9998165483025614,0.872023668437253,4D,3D-independent,4D-A,0.3464722411981185,0.0,4D-A
3,3,3D-independent-fa9b36e31dc0,3D,3D-independent,equal_per_property,64,independent,raw_minmax,"[80, 48]",,"[1.0, 1.0]",wells,20,40,ridge(alpha_relative=1e-06),272608,0.8929653330051224,6233206475.301109,0.238265046471444,0.0005733543640402,0.0730649322844968,0.0921533072416684,0.0022257800039,0.999709530945844,0.9940837412111015,0.0023553545692681,0.8278065970071985,0.0006341213457794,0.0009696029988093,0.999947938993256,0.9015389456007368,3D,3D-independent,4D-B,0.260564091588584,0.0,3D optimized
3,3,4D-B-643a4d560541,4D,4D-B,equal_per_property,64,shared-independent,ensemble_anomaly,"[80, 48]",,"[1.0, 1.0]",wells,20,40,ridge(alpha_relative=1e-06),259184,0.6256560000038007,19113099956.64636,0.2102455126329528,0.0004062749542759,0.0517733078961494,0.0652991989494214,0.0015771723841789,0.9997286895181298,0.9966133503545694,0.0021180546883104,0.7444058175709101,0.0005702341833837,0.0008719163578272,0.9999445229621028,0.9137807995159268,4D,3D-independent,4D-B,0.260564091588584,0.0,4D optimized
3,3,4D-B-643a4d560541,4D,4D-B,equal_per_property,64,shared-independent,ensemble_anomaly,"[80, 48]",,"[1.0, 1.0]",wells,20,40,ridge(alpha_relative=1e-06),259184,0.6256560000038007,19113099956.64636,0.2102455126329528,0.0004062749542759,0.0517733078961494,0.0652991989494214,0.0015771723841789,0.9997286895181298,0.9966133503545694,0.0021180546883104,0.7444058175709101,0.0005702341833837,0.0008719163578272,0.9999445229621028,0.9137807995159268,4D,3D-independent,4D-B,0.260564091588584,0.0,4D-B
3,3,4D-C-4e04f7cc08d6,4D,4D-C,equal_per_property,64,joint,standardized_anomaly,"[80, 48]",2.0,"[1.0, 0.5]",wells,20,40,ridge(alpha_relative=1e-06),504948,1.069590416002029,53469043.45081453,0.3004121034100422,0.0006867816663,0.0875194453720458,0.1103840938028468,0.002666108423984,0.9994727146761344,0.9867277705531714,0.0029705987099747,1.0440386518715348,0.0007997607138721,0.0012228738106066,0.9998306879834185,0.8730915966536519,4D,3D-independent,4D-C,0.3421909696230782,0.0,4D-C
3,3,4D-D-e24c5d642104,4D,4D-D,equal_per_property,64,partial-spatial,standardized_anomaly,"[80, 48]",,"[1.0, 1.0]",wells,20,40,ridge(alpha_relative=1e-06),286032,1.3619777920030174,3943869.684441515,0.2939125315512511,0.0003863389707647,0.0492327825655274,0.0620949557642439,0.0014997802577032,0.9996203565252316,0.996131450124273,0.0030505237758772,1.0721289010780044,0.0008212785740758,0.0012557756864389,0.9999030902988638,0.8952916647527815,4D,3D-independent,4D-D,0.3141792972843001,0.0,4D-D
3,3,4D-E-6ca320f290f9,4D,4D-E,equal_per_property,64,joint-property-residual,standardized_anomaly,"[80, 48]",2.0,"[1.0, 1.0]",wells,20,40,ridge(alpha_relative=1e-06),408916,1.7642350419992,5158459.404648898,0.2884843852400639,0.000535875087304,0.0682887921021661,0.0861293898863794,0.0020802842512691,0.9992389367713193,0.990854087439656,0.0029216759172062,1.0268443783951635,0.0007865894539716,0.0012027343007437,0.9998923989395884,0.8915371716344921,4D,3D-independent,4D-E,0.3344996427597329,0.0,4D-E
3,3,3D-current-5e7711139fcb,3D,3D-current,equal_per_property,64,legacy-independent,raw_minmax,"[48, 48]",,"[1.0, 1.0]",wells,20,40,ridge(alpha_relative=0.0001),242016,12.458822458000212,141861587.50148016,0.3048353844412195,0.001349518000601,0.1719746940370391,0.2169034627402219,0.0052388720990533,0.9960270497265266,0.9598799842618522,0.0027305335530315,0.9596659959571976,0.0007351290688613,0.0011240488187694,0.9999192254495746,0.8647183201968647,3D,3D-current,4D-A-current,0.8458568880698197,0.0,3D current
3,3,4D-A-current-43ce2f360e5a,4D,4D-A-current,equal_per_property,64,legacy-joint,raw_minmax,"[48, 48]",2.0,"[1.0, 1.0]",wells,20,40,ridge(alpha_relative=0.0001),380500,16.334943583002314,346584942.83524233,1.5476893726163046,0.0024856898483077,0.3167618000969985,0.3995165200879332,0.0096495275997796,0.9812128449473896,0.8506774476578731,0.0157324350259133,5.529279400801553,0.0042355715785584,0.006476399086036,0.990665068397247,0.4598899732087926,4D,3D-current,4D-A-current,0.8458568880698197,0.0,4D current
3,3,4D-A-c45120ace2c4,4D,4D-A,equal_per_property,64,joint,standardized_anomaly,"[64, 48]",2.0,"[1.0, 1.0]",wells,30,60,ridge(alpha_relative=1e-06),404420,1.147397542001272,26207034.2142756,0.3865004593273333,0.0006800113676344,0.0866566780424977,0.1092959266026319,0.0026398259077333,0.9993217601822528,0.988527377799884,0.0039571811755877,1.3907802780292386,0.0010653738020159,0.0016290094004292,0.9997416791056056,0.8743428597249228,4D,3D-independent,4D-A,0.2824754354271966,0.0,4D-A
3,3,3D-independent-fa9b36e31dc0,3D,3D-independent,equal_per_property,64,independent,raw_minmax,"[80, 48]",,"[1.0, 1.0]",wells,30,60,ridge(alpha_relative=1e-06),272608,0.8929653330051224,77304632388.42673,0.1848005521012405,0.0003505036241545,0.0446661352393938,0.0563352617365957,0.0013606662944712,0.9999169886306788,0.99825096178355,0.0018482573698039,0.6495835759311089,0.000497597884403,0.0007608518529294,0.9999662636561948,0.9118440437475308,3D,3D-independent,4D-B,0.2037489343571235,0.0,3D optimized
3,3,4D-B-643a4d560541,4D,4D-B,equal_per_property,64,shared-independent,ensemble_anomaly,"[80, 48]",,"[1.0, 1.0]",wells,30,60,ridge(alpha_relative=1e-06),259184,0.6256560000038007,105533885554.72874,0.1266168875933001,0.0001981173185206,0.0252469142470544,0.0318427263636365,0.0007690977755575,0.9999548753443545,0.9992439981184628,0.0012717222681143,0.446956096055272,0.0003423799739692,0.0005235159669397,0.9999773393585591,0.9322269217397892,4D,3D-independent,4D-B,0.2037489343571235,0.0,4D optimized
3,3,4D-B-643a4d560541,4D,4D-B,equal_per_property,64,shared-independent,ensemble_anomaly,"[80, 48]",,"[1.0, 1.0]",wells,30,60,ridge(alpha_relative=1e-06),259184,0.6256560000038007,105533885554.72874,0.1266168875933001,0.0001981173185206,0.0252469142470544,0.0318427263636365,0.0007690977755575,0.9999548753443545,0.9992439981184628,0.0012717222681143,0.446956096055272,0.0003423799739692,0.0005235159669397,0.9999773393585591,0.9322269217397892,4D,3D-independent,4D-B,0.2037489343571235,0.0,4D-B
3,3,4D-C-4e04f7cc08d6,4D,4D-C,equal_per_property,64,joint,standardized_anomaly,"[80, 48]",2.0,"[1.0, 0.5]",wells,30,60,ridge(alpha_relative=1e-06),504948,1.069590416002029,235405528.54073095,0.3176046655673007,0.0009538617720091,0.1215545745383484,0.1533109756462406,0.0037029219480634,0.9997497845616165,0.9819706174559872,0.0030848689129511,1.0841997507988077,0.0008305251583593,0.0012699141725657,0.9998289513693676,0.888700708679919,4D,3D-independent,4D-C,0.2903157749023461,0.0,4D-C
3,3,4D-D-e24c5d642104,4D,4D-D,equal_per_property,64,partial-spatial,standardized_anomaly,"[80, 48]",,"[1.0, 1.0]",wells,30,60,ridge(alpha_relative=0.0001),286032,1.3619777920030174,34262856.61291512,0.3196021619788218,0.0002100676162897,0.0267697904158537,0.0337634572955141,0.0008154892142265,0.9998715184624448,0.9986464079680516,0.0034039094088405,1.196328867431876,0.000916418972926,0.001401250076549,0.9998696414863129,0.8907336118968331,4D,3D-independent,4D-D,0.2772738188166189,0.0,4D-D
3,3,4D-E-6ca320f290f9,4D,4D-E,equal_per_property,64,joint-property-residual,standardized_anomaly,"[80, 48]",2.0,"[1.0, 1.0]",wells,30,60,ridge(alpha_relative=0.0001),408916,1.7642350419992,14027906.180836238,0.3404585904301958,0.0004306249936762,0.0548763347352057,0.0692128984046574,0.0016717000169842,0.9994555184218592,0.992200541282385,0.0035303932107353,1.2407825250634044,0.000950471628829,0.0014533182769033,0.9998371582762478,0.8754484548732688,4D,3D-independent,4D-E,0.2881298803506077,0.0,4D-E
3,3,3D-current-5e7711139fcb,3D,3D-current,equal_per_property,64,legacy-independent,raw_minmax,"[48, 48]",,"[1.0, 1.0]",wells,30,60,ridge(alpha_relative=0.0001),242016,12.458822458000212,471131750.87667984,0.2628226337440357,0.0013052041738686,0.1663275987107612,0.2097810512857203,0.0050668444044486,0.9962470209281556,0.9588567708334098,0.0022910938879743,0.8052217103845093,0.0006168207362515,0.0009431495084937,0.9999356737819024,0.8816607774048458,3D,3D-current,4D-A-current,0.8115775119457835,0.0,3D current
3,3,4D-A-current-43ce2f360e5a,4D,4D-A-current,equal_per_property,64,legacy-joint,raw_minmax,"[48, 48]",2.0,"[1.0, 1.0]",wells,30,60,ridge(alpha_relative=0.0001),380500,16.334943583002314,1372340749.4068122,1.5271676089467094,0.002515786731349,0.3205971711333173,0.404353890279689,0.0097663646636523,0.982175343029304,0.8645594843391714,0.0155064057004662,5.449839740563737,0.0041747187363119,0.0063833520711059,0.9907522893285152,0.4589734674812634,4D,3D-current,4D-A-current,0.8115775119457835,0.0,4D current
3,3,4D-A-c45120ace2c4,4D,4D-A,equal_per_property,64,joint,standardized_anomaly,"[64, 48]",2.0,"[1.0, 1.0]",grid,30,30,ridge(alpha_relative=1e-06),404420,1.147397542001272,145.44771947694213,0.5510108394661322,0.008951041106224,1.1406684126260087,1.4386705551206644,0.0347482282474118,0.9958918429635196,-0.2005180372414272,0.0012361310889338,0.4344473157190424,0.0003327979234642,0.0005088645363165,0.9999549837268508,0.9426627782024728,4D,3D-independent,4D-A,0.4820176670291366,0.0,4D-A
3,3,3D-independent-fa9b36e31dc0,3D,3D-independent,equal_per_property,64,independent,raw_minmax,"[80, 48]",,"[1.0, 1.0]",grid,30,30,ridge(alpha_relative=1e-06),272608,0.8929653330051224,17478.65500728317,0.3798050715067705,0.0059187369601614,0.7542492781542126,0.9512985681819336,0.02297672643745,0.998487741046019,0.7752093576738442,0.0017101720541551,0.6010524814048886,0.0004604218059755,0.0007040077845706,0.9999716212205452,0.8969535893901938,3D,3D-independent,4D-B,0.37443602106371,0.0,3D optimized
3,3,4D-B-643a4d560541,4D,4D-B,equal_per_property,64,shared-independent,ensemble_anomaly,"[80, 48]",,"[1.0, 1.0]",grid,30,30,ridge(alpha_relative=1e-06),259184,0.6256560000038007,67188.34967057603,0.1511172399898319,0.0015587620561251,0.1986395346777736,0.2505345519000366,0.0060511642240119,0.9994019794389344,0.9657392825445128,0.0010350911958656,0.3637903743332721,0.0002786728718855,0.0004261046471081,0.99997440473148,0.9501826155589236,4D,3D-independent,4D-B,0.37443602106371,0.0,4D optimized
3,3,4D-B-643a4d560541,4D,4D-B,equal_per_property,64,shared-independent,ensemble_anomaly,"[80, 48]",,"[1.0, 1.0]",grid,30,30,ridge(alpha_relative=1e-06),259184,0.6256560000038007,67188.34967057603,0.1511172399898319,0.0015587620561251,0.1986395346777736,0.2505345519000366,0.0060511642240119,0.9994019794389344,0.9657392825445128,0.0010350911958656,0.3637903743332721,0.0002786728718855,0.0004261046471081,0.99997440473148,0.9501826155589236,4D,3D-independent,4D-B,0.37443602106371,0.0,4D-B
3,3,4D-C-4e04f7cc08d6,4D,4D-C,equal_per_property,64,joint,standardized_anomaly,"[80, 48]",2.0,"[1.0, 0.5]",grid,30,30,ridge(alpha_relative=1e-06),504948,1.069590416002029,139.2545759743388,0.5648781326897011,0.0092903277485043,1.1839051211923348,1.4932029493083006,0.0360653498590033,0.9961065351777388,-0.2312210328414561,0.0012285208097754,0.4317726274260023,0.0003307490427884,0.0005057316961106,0.9999558951020396,0.9435514685605212,4D,3D-independent,4D-C,0.4854785582132626,0.0,4D-C
3,3,4D-D-e24c5d642104,4D,4D-D,equal_per_property,64,partial-spatial,standardized_anomaly,"[80, 48]",,"[1.0, 1.0]",grid,30,30,ridge(alpha_relative=1e-06),286032,1.3619777920030174,124.2541466151116,0.1837234357929849,0.0015925381661003,0.2029437649111949,0.2559632717898311,0.0061822841646754,0.9991879682882604,0.9631219740209964,0.0013706539706549,0.4817263667757962,0.0003690149040871,0.0005642420965476,0.9999461769947112,0.9364308030091064,4D,3D-independent,4D-D,0.3885799844246819,0.0,4D-D
3,3,4D-E-6ca320f290f9,4D,4D-E,equal_per_property,64,joint-property-residual,standardized_anomaly,"[80, 48]",2.0,"[1.0, 1.0]",grid,30,30,ridge(alpha_relative=1e-06),408916,1.7642350419992,119.93272070826032,0.5878637241327254,0.0095301509028076,1.2144667836273204,1.5317489135640563,0.0369963510247728,0.995645896123166,-0.2480253283892049,0.001370105932588,0.4815337547872834,0.0003688673583031,0.0005640164917236,0.9999457432242874,0.93711661215661,4D,3D-independent,4D-E,0.5138148620543135,0.0,4D-E
3,3,3D-current-5e7711139fcb,3D,3D-current,equal_per_property,64,legacy-independent,raw_minmax,"[48, 48]",,"[1.0, 1.0]",grid,30,30,ridge(alpha_relative=0.0001),242016,12.458822458000212,18125.694299948824,0.4422411863789728,0.0064774871812006,0.8254531437295954,1.041104600925702,0.0251458126904965,0.9952264666974447,0.8045290081643706,0.0021873137636451,0.7687474263514793,0.0005888804876946,0.0009004274822309,0.9999696648150072,0.8459426409659961,3D,3D-current,4D-A-current,1.0418770993286717,0.0,3D current
3,3,4D-A-current-43ce2f360e5a,4D,4D-A-current,equal_per_property,64,legacy-joint,raw_minmax,"[48, 48]",2.0,"[1.0, 1.0]",grid,30,30,ridge(alpha_relative=0.0001),380500,16.334943583002314,210663.90227657,1.6183765168924045,0.0039004594744347,0.4970517802808342,0.6269076558489748,0.0151417085989245,0.9813377249245434,0.8226083302934247,0.0159664454412918,5.6115240734916885,0.0042985731331703,0.0065727315887785,0.9905746021301876,0.4475312421123854,4D,3D-current,4D-A-current,1.0418770993286717,0.0,4D current
3,3,4D-A-c45120ace2c4,4D,4D-A,equal_per_property,64,joint,standardized_anomaly,"[64, 48]",2.0,"[1.0, 1.0]",grid,100,100,ridge(alpha_relative=1e-06),404420,1.147397542001272,1009.7472049960433,0.1523281709172683,0.0021251931020251,0.2708221997243571,0.3415750976389896,0.0082500676851595,0.9989829448507022,0.9114661294692796,0.0007938963545306,0.2790206825737654,0.000213737087109,0.0003268146104796,0.999973813942208,0.9695942677888186,4D,3D-independent,4D-A,0.228752295603654,0.0,4D-A
3,3,3D-independent-fa9b36e31dc0,3D,3D-independent,equal_per_property,64,independent,raw_minmax,"[80, 48]",,"[1.0, 1.0]",grid,100,100,ridge(alpha_relative=1e-08),272608,0.8929653330051224,1.7408572141562893e+18,0.1121053481988583,0.0007318763333156,0.0932660464246073,0.1176320070744282,0.0028411673655756,0.9996176729885377,0.9788658624890112,0.0008758220332787,0.3078140618028825,0.0002357935631655,0.0003605400566736,0.9999878065521014,0.9264515683751016,3D,3D-independent,4D-B,0.1585521390914122,0.0,3D optimized
3,3,4D-B-643a4d560541,4D,4D-B,equal_per_property,64,shared-independent,ensemble_anomaly,"[80, 48]",,"[1.0, 1.0]",grid,100,100,ridge(alpha_relative=1e-08),259184,0.6256560000038007,2.5607908592018447e+18,0.0915842811490009,0.0004135334209142,0.0526982845016877,0.066465827736397,0.0016053499841343,0.99984751966919,0.9974624336503264,0.0008367360305153,0.2940770001475729,0.0002252706172801,0.0003444499503323,0.9999802176577616,0.9634138864561876,4D,3D-independent,4D-B,0.1585521390914122,0.0,4D optimized
3,3,4D-B-643a4d560541,4D,4D-B,equal_per_property,64,shared-independent,ensemble_anomaly,"[80, 48]",,"[1.0, 1.0]",grid,100,100,ridge(alpha_relative=1e-08),259184,0.6256560000038007,2.5607908592018447e+18,0.0915842811490009,0.0004135334209142,0.0526982845016877,0.066465827736397,0.0016053499841343,0.99984751966919,0.9974624336503264,0.0008367360305153,0.2940770001475729,0.0002252706172801,0.0003444499503323,0.9999802176577616,0.9634138864561876,4D,3D-independent,4D-B,0.1585521390914122,0.0,4D-B
3,3,4D-C-4e04f7cc08d6,4D,4D-C,equal_per_property,64,joint,standardized_anomaly,"[80, 48]",2.0,"[1.0, 0.5]",grid,100,100,ridge(alpha_relative=0.0001),504948,1.069590416002029,1481.1876864022145,0.095077082943016,0.0008629676958053,0.1099715642057873,0.1387018782778384,0.0033500682331952,0.999534739092226,0.9856994638310004,0.0007094205688181,0.2493310495933958,0.0001909940574095,0.0002920393897029,0.9999833361427476,0.9722891002232376,4D,3D-independent,4D-C,0.2323572939576549,0.0,4D-C
3,3,4D-D-e24c5d642104,4D,4D-D,equal_per_property,64,partial-spatial,standardized_anomaly,"[80, 48]",,"[1.0, 1.0]",grid,100,100,ridge(alpha_relative=1e-08),286032,1.3619777920030174,1.6629090749539466e+17,0.1407174004990242,0.0003671435991454,0.0467866364899003,0.0590097486229091,0.001425263210311,0.9992286744795452,0.9936094028859996,0.0013542785866513,0.4759711182524434,0.0003646062342938,0.0005575010217032,0.9999115201840808,0.926166902606494,4D,3D-independent,4D-D,0.1767550725038173,0.0,4D-D
3,3,4D-E-6ca320f290f9,4D,4D-E,equal_per_property,64,joint-property-residual,standardized_anomaly,"[80, 48]",2.0,"[1.0, 1.0]",grid,100,100,ridge(alpha_relative=0.0001),408916,1.7642350419992,4263.043222375413,0.1824141228762853,0.0024288854642181,0.3095229810746325,0.3903865436056794,0.009429011161482,0.9985380819129204,0.8886321717194242,0.0009663265626632,0.3396225408578378,0.0002601596839701,0.0003977970642775,0.999965124400794,0.9503458891352332,4D,3D-independent,4D-E,0.2874231241357463,0.0,4D-E
3,3,3D-current-5e7711139fcb,3D,3D-current,equal_per_property,64,legacy-independent,raw_minmax,"[48, 48]",,"[1.0, 1.0]",grid,100,100,ridge(alpha_relative=1e-06),242016,12.458822458000212,1.039262857024372e+19,0.1217791242076129,0.0011384025989385,0.145071379971386,0.1829715984464492,0.0044193153484522,0.9950484534164576,0.9523776458934672,0.0008340595536667,0.2931363327758789,0.0002245500416507,0.0003433481544445,0.9999847403107124,0.949804785940159,3D,3D-current,4D-A-current,0.7928066011510114,0.0,3D current
3,3,4D-A-current-43ce2f360e5a,4D,4D-A-current,equal_per_property,64,legacy-joint,raw_minmax,"[48, 48]",2.0,"[1.0, 1.0]",grid,100,100,ridge(alpha_relative=1e-06),380500,16.334943583002314,749300.4333148359,1.5905140881681643,0.0030524934440101,0.3889919407150535,0.4906169444962766,0.011849877311192,0.9773552390539516,0.8276728857512382,0.0159711423974486,5.613174853099658,0.0042998376732095,0.0065746651332369,0.9903760779641706,0.4525479965328691,4D,3D-current,4D-A-current,0.7928066011510114,0.0,4D current
3,3,4D-A-c45120ace2c4,4D,4D-A,equal_per_property,64,joint,standardized_anomaly,"[64, 48]",2.0,"[1.0, 1.0]",grid,300,300,ridge(alpha_relative=1e-08),404420,1.147397542001272,912.635541976031,0.0930641108957401,0.0010288327138293,0.1311084336017011,0.1653608014940303,0.0039939615452876,0.999018752283236,0.9827771676715518,0.0006269031771673,0.2203297085351962,0.0001687782771925,0.0002580703595439,0.9999872969022964,0.9755862294363216,4D,3D-independent,4D-A,0.1702795268192954,0.0,4D-A
3,3,3D-independent-fa9b36e31dc0,3D,3D-independent,equal_per_property,64,independent,raw_minmax,"[80, 48]",,"[1.0, 1.0]",grid,300,300,ridge(alpha_relative=1e-08),272608,0.8929653330051224,143987.9349674882,0.0769248432017895,0.0002669773639489,0.0340220363563065,0.0429103685078645,0.0010364146772759,0.9999482640172084,0.9986905734288746,0.0007101303036809,0.249580491103925,0.0001911851360828,0.0002923315584746,0.9999889696272466,0.9531157358772722,3D,3D-independent,4D-B,0.1134010735268432,0.0,3D optimized
3,3,4D-B-643a4d560541,4D,4D-B,equal_per_property,64,shared-independent,ensemble_anomaly,"[80, 48]",,"[1.0, 1.0]",grid,300,300,ridge(alpha_relative=1e-08),259184,0.6256560000038007,98354.08007241132,0.0796489867944993,0.0002592088039063,0.0330320564258079,0.0416617541336926,0.0010062568783884,0.999975827659056,0.9990762419837896,0.0007652517710832,0.2689533341347257,0.0002060252368246,0.0003150228087811,0.9999843576758188,0.9677026447812828,4D,3D-independent,4D-B,0.1134010735268432,0.0,4D optimized
3,3,4D-B-643a4d560541,4D,4D-B,equal_per_property,64,shared-independent,ensemble_anomaly,"[80, 48]",,"[1.0, 1.0]",grid,300,300,ridge(alpha_relative=1e-08),259184,0.6256560000038007,98354.08007241132,0.0796489867944993,0.0002592088039063,0.0330320564258079,0.0416617541336926,0.0010062568783884,0.999975827659056,0.9990762419837896,0.0007652517710832,0.2689533341347257,0.0002060252368246,0.0003150228087811,0.9999843576758188,0.9677026447812828,4D,3D-independent,4D-B,0.1134010735268432,0.0,4D-B
3,3,4D-C-4e04f7cc08d6,4D,4D-C,equal_per_property,64,joint,standardized_anomaly,"[80, 48]",2.0,"[1.0, 0.5]",grid,300,300,ridge(alpha_relative=1e-08),504948,1.069590416002029,1446.230725859431,0.0844679152538861,0.0008222966253265,0.1047886804660966,0.132164954712347,0.0031921818350333,0.9994496000862872,0.988598098571467,0.0006123961180738,0.2152310964716594,0.0001648726079758,0.0002520983975368,0.9999879443587814,0.9756981332729564,4D,3D-independent,4D-C,0.1721936965382341,0.0,4D-C
3,3,4D-D-e24c5d642104,4D,4D-D,equal_per_property,64,partial-spatial,standardized_anomaly,"[80, 48]",,"[1.0, 1.0]",grid,300,300,ridge(alpha_relative=1e-08),286032,1.3619777920030174,5410.578218039205,0.0779963759616573,0.0002527096558429,0.0322038429457303,0.0406171680524505,0.0009810269774595,0.9999682554042976,0.9989831332744888,0.0007474039299692,0.2626805797863087,0.0002012201441332,0.0003076755836575,0.9999831566677324,0.9668147044963302,4D,3D-independent,4D-D,0.119434055115783,0.0,4D-D
3,3,4D-E-6ca320f290f9,4D,4D-E,equal_per_property,64,joint-property-residual,standardized_anomaly,"[80, 48]",2.0,"[1.0, 1.0]",grid,300,300,ridge(alpha_relative=1e-08),408916,1.7642350419992,1534.1752793811609,0.1898400556476913,0.0028814902148641,0.3672002876962515,0.4631321739893231,0.011186037298964,0.9952696600791062,0.7296163184066483,0.0006898921805406,0.2424676546481317,0.000185736518686,0.0002840003521487,0.9999855612483872,0.9709991211005874,4D,3D-independent,4D-E,0.2061398125028623,0.0,4D-E
3,3,3D-current-5e7711139fcb,3D,3D-current,equal_per_property,64,legacy-independent,raw_minmax,"[48, 48]",,"[1.0, 1.0]",grid,300,300,ridge(alpha_relative=1e-06),242016,12.458822458000212,288542.47907303413,0.1143162535864654,0.0011364057082049,0.144816907876332,0.1826506449544426,0.0044115633546706,0.9955009866761996,0.9597348083969574,0.0007731860683267,0.2717419009545729,0.0002081613514086,0.0003182890339606,0.9999860426055552,0.9588527805731292,3D,3D-current,4D-A-current,0.7497466899316277,0.0,3D current
3,3,4D-A-current-43ce2f360e5a,4D,4D-A-current,equal_per_property,64,legacy-joint,raw_minmax,"[48, 48]",2.0,"[1.0, 1.0]",grid,300,300,ridge(alpha_relative=1e-06),380500,16.334943583002314,318617.0960219777,1.527248476905059,0.0023558943085283,0.3002214143955884,0.3786549220849037,0.0091456571574224,0.9801586839474536,0.8618589629954619,0.0155601547013794,5.468730220204917,0.0041891893341735,0.0064054783331764,0.9905579017061318,0.4580564909650786,4D,3D-current,4D-A-current,0.7497466899316277,0.0,4D current
4,4,3D-current-5e7711139fcb,3D,3D-current,equal_per_property,64,legacy-independent,raw_minmax,"[48, 48]",,"[1.0, 1.0]",full,9900,9900,projection,242016,13.87088629200298,1.0,0.1744667491609602,0.0008136946718819,0.2405072580264597,0.1301366148563506,0.0031431889998313,0.9963410576744024,0.9569108802458738,0.0011575729952214,0.4036987235415791,0.0003113736132443,0.0004761057030507,0.9999635024842042,0.935767089602522,,,,,,3D current
4,4,3D-independent-fa9b36e31dc0,3D,3D-independent,equal_per_property,64,independent,raw_minmax,"[80, 48]",,"[1.0, 1.0]",full,9900,9900,projection,272608,0.5989125409978442,1.0,0.1126800795176237,7.033554527042287e-05,0.0207893817169294,0.0112489734563439,0.000271696398945,0.999953360526506,0.999500931211594,0.0011449783440252,0.3993063917988949,0.0003079857992,0.0004709255672949,0.9999659918937012,0.9392499796790652,,,,,,3D optimized
4,4,4D-A-3bf6b15a532d,4D,4D-A,equal_per_property,64,joint,standardized_anomaly,"[80, 48]",2.0,"[1.0, 1.0]",full,9900,9900,projection,504948,0.7476600000009057,1.0,0.1096843683027196,0.0004394638332113,0.1298942283633392,0.0702847610807779,0.0016975874785796,0.9993250659728716,0.9769099251863428,0.0008021702972236,0.2797535243038301,0.0002157744392058,0.0003299298229162,0.9999779631611962,0.9649106337262388,,,,,,4D-A
4,4,4D-A-current-43ce2f360e5a,4D,4D-A-current,equal_per_property,64,legacy-joint,raw_minmax,"[48, 48]",2.0,"[1.0, 1.0]",full,9900,9900,projection,380500,15.693647416999738,1.0,1.5888706187424089,0.0020416157353411,0.603449204496964,0.3265216915090059,0.0078864767620575,0.9819996163211948,0.8068059811309563,0.0154360814336018,5.383268611960454,0.0041521255853024,0.0063488060222823,0.9906414436100444,0.4556647018446084,,,,,,4D current
4,4,4D-B-643a4d560541,4D,4D-B,equal_per_property,64,shared-independent,ensemble_anomaly,"[80, 48]",,"[1.0, 1.0]",full,9900,9900,projection,259184,0.7546276249995572,1.0,0.1107085072395873,5.474389523397367e-05,0.0161808901930736,0.0087553543804372,0.0002114680300282,0.9999743965472738,0.9997086022730818,0.0011366006108662,0.396384692522556,0.0003057322868467,0.0004674798351017,0.9999653328353976,0.9397545052414786,,,,,,4D optimized
4,4,4D-B-643a4d560541,4D,4D-B,equal_per_property,64,shared-independent,ensemble_anomaly,"[80, 48]",,"[1.0, 1.0]",full,9900,9900,projection,259184,0.7546276249995572,1.0,0.1107085072395873,5.474389523397367e-05,0.0161808901930736,0.0087553543804372,0.0002114680300282,0.9999743965472738,0.9997086022730818,0.0011366006108662,0.396384692522556,0.0003057322868467,0.0004674798351017,0.9999653328353976,0.9397545052414786,,,,,,4D-B
4,4,4D-C-e7705bff9f37,4D,4D-C,equal_per_property,64,joint,standardized_anomaly,"[64, 48]",2.0,"[1.0, 0.5]",full,9900,9900,projection,404420,0.772854125003505,1.0,0.1296035646267408,0.0007216183125966,0.213291849758454,0.1154105681956625,0.0027875108693838,0.998621261941215,0.9566460312995932,0.0007659261949482,0.2671135457582881,0.000206025199088,0.0003150227510801,0.9999806101864196,0.9673362427199638,,,,,,4D-C
4,4,4D-D-ff94f89c821d,4D,4D-D,equal_per_property,64,partial-spatial,standardized_anomaly,"[64, 48]",,"[1.0, 1.0]",full,9900,9900,projection,230208,1.17352141700394,1.0,0.1209496395930711,7.036263648586663e-05,0.0207973891848017,0.0112533062352006,0.0002718010485308,0.9999750447325116,0.9993681550669736,0.0012229027398203,0.4264821977697549,0.0003289465513761,0.0005029755973129,0.999958069701632,0.9275939020975708,,,,,,4D-D
4,4,4D-E-6ca320f290f9,4D,4D-E,equal_per_property,64,joint-property-residual,standardized_anomaly,"[80, 48]",2.0,"[1.0, 1.0]",full,9900,9900,projection,408916,1.7564286250053556,1.0,0.1377363222809467,0.0003762257227625,0.1112026661933974,0.060170901536025,0.0014533074801948,0.9995004723707314,0.9896532698756731,0.0011536347670211,0.402325282986147,0.0003103142758638,0.0004744859236382,0.999964684535213,0.935512050235842,,,,,,4D-E
4,4,3D-current-e419eaac8e1a,3D,3D-current,equal_total,32,legacy-independent,raw_minmax,"[48, 48]",,"[1.0, 1.0]",full,9900,9900,projection,129984,12.396806417003972,1.0,0.222412687431038,0.0008643402835403,0.2554768007947198,0.1382365185257625,0.0033388259321543,0.9961596981399814,0.9485242081803584,0.0016055737780202,0.5599371162028365,0.0004318805903871,0.0006603668499003,0.9999543806229444,0.9030021263664496,,,,,,3D current
4,4,3D-independent-7db5f3bc9ad5,3D,3D-independent,equal_total,32,independent,raw_minmax,"[80, 48]",,"[1.0, 1.0]",full,9900,9900,projection,149728,0.6210972499975469,1.0,0.1746348539940894,0.0003094619885656,0.0914690201438899,0.0494931784738222,0.0011954084891275,0.999657968908599,0.9904385713062098,0.0015909592818061,0.5548403719878274,0.0004279494616283,0.0006543559589902,0.9999564051965842,0.9051013810045092,,,,,,3D optimized
4,4,4D-A-4ea76ef087a9,4D,4D-A,equal_total,32,joint,standardized_anomaly,"[80, 48]",2.0,"[1.0, 1.0]",full,9900,9900,projection,259188,0.8954089159960859,1.0,0.1671174583027083,0.0006149580464225,0.1817658129729786,0.0983520738252049,0.0023754971412098,0.9988839340047124,0.9652262192339632,0.0012370439260227,0.4314138771047355,0.0003327503652708,0.0005087918174793,0.999959391331554,0.924193494499798,,,,,,4D-A
4,4,4D-A-current-205a30146a4e,4D,4D-A-current,equal_total,32,legacy-joint,raw_minmax,"[48, 48]",2.0,"[1.0, 1.0]",full,9900,9900,projection,194740,16.29738016599731,1.0,1.594802013932108,0.0020448927470829,0.6044178050492133,0.3270457937670918,0.0078991354012439,0.9819970778326912,0.80511938319875,0.0154943563449724,5.403591742710689,0.0041678008557086,0.0063727742884417,0.9906820200120148,0.4524836008641908,,,,,,4D current
4,4,4D-B-934096b5cda8,4D,4D-B,equal_total,32,shared-independent,standardized_anomaly,"[80, 48]",,"[1.0, 1.0]",full,9900,9900,projection,136304,0.8090688749944093,1.0,0.153606168362998,0.0002899937977027,0.0857147226598686,0.0463795726658654,0.0011202055838101,0.9995879388434482,0.9913062195475076,0.0013807352072315,0.481525608328171,0.0003714016413514,0.0005678915362396,0.9999564899336648,0.9143250955245872,,,,,,4D optimized
4,4,4D-B-934096b5cda8,4D,4D-B,equal_total,32,shared-independent,standardized_anomaly,"[80, 48]",,"[1.0, 1.0]",full,9900,9900,projection,136304,0.8090688749944093,1.0,0.153606168362998,0.0002899937977027,0.0857147226598686,0.0463795726658654,0.0011202055838101,0.9995879388434482,0.9913062195475076,0.0013807352072315,0.481525608328171,0.0003714016413514,0.0005678915362396,0.9999564899336648,0.9143250955245872,,,,,,4D-B
4,4,4D-C-44adce3e7a5f,4D,4D-C,equal_total,32,joint,standardized_anomaly,"[80, 48]",2.0,"[1.0, 0.5]",full,9900,9900,projection,259188,0.865645375000895,1.0,0.1717552088300233,0.000678764929448,0.2006254897165744,0.1085568988639011,0.0026219742287093,0.9987391494847996,0.961873579432808,0.0012320248413698,0.4296634923980553,0.0003314002901309,0.000506727485608,0.999958996918368,0.9246627141562644,,,,,,4D-C
4,4,4D-D-2ecf0e4138e3,4D,4D-D,equal_total,32,partial-spatial,standardized_anomaly,"[80, 48]",,"[1.0, 1.0]",full,9900,9900,projection,163152,1.3978067920033936,1.0,0.153407800784821,0.0002861493047416,0.0845783892260471,0.0457647114444658,0.0011053548438422,0.9996713843010748,0.9911094849277016,0.0013814181922551,0.4817637964885348,0.0003715853563443,0.0005681724455785,0.9999564343544848,0.9143124802228942,,,,,,4D-D
4,4,4D-E-4f4328240852,4D,4D-E,equal_total,32,joint-property-residual,standardized_anomaly,"[80, 48]",2.0,"[1.0, 1.0]",full,9900,9900,projection,224596,1.131362457999785,1.0,0.1534003777458039,0.000448687588064,0.1326205335303445,0.0717599436944369,0.0017332175567794,0.9993979825114104,0.9853692350626734,0.0012502313430318,0.4360129334366926,0.0003362976263943,0.0005142157557298,0.9999581012373469,0.9246946769049698,,,,,,4D-E
4,4,4D-A-4ea76ef087a9,4D,4D-A,equal_total,32,joint,standardized_anomaly,"[80, 48]",2.0,"[1.0, 1.0]",wells,5,10,ridge(alpha_relative=1e-08),259188,0.8954089159960859,38902.33719836628,0.475632969862325,0.0026166856410963,0.7734251069897539,0.4184943360731513,0.0101078915806198,0.9974891778478778,0.908926885340572,0.0029176085209406,1.017503725950699,0.00078480260938,0.0012000021267112,0.9998857246728904,0.8678670216417333,4D,3D-independent,4D-A,0.5084138983043054,0.0,4D-A
4,4,4D-B-934096b5cda8,4D,4D-B,equal_total,32,shared-independent,standardized_anomaly,"[80, 48]",,"[1.0, 1.0]",wells,5,10,ridge(alpha_relative=1e-08),136304,0.8090688749944093,32286.0987729681,0.3753430895711882,0.0016973415546104,0.5016905939540753,0.2714608953517423,0.0065565936312069,0.9981244609404448,0.9232746850907216,0.0025903455932909,0.9033721535141888,0.0006967727048437,0.001065400035185,0.999916265212994,0.8841060932763007,4D,3D-independent,4D-B,0.5295451497177498,0.0,4D-B
4,4,4D-C-44adce3e7a5f,4D,4D-C,equal_total,32,joint,standardized_anomaly,"[80, 48]",2.0,"[1.0, 0.5]",wells,5,10,ridge(alpha_relative=1e-08),259188,0.865645375000895,23865.365116204528,0.5764981371953928,0.0027996790396838,0.8275132582977287,0.4477610158931987,0.0108147695501559,0.9973953093745694,0.8219920681934368,0.0037892366116256,1.3214803641973452,0.001019260383639,0.0015584996958731,0.9998305604993836,0.8640100792335691,4D,3D-independent,4D-C,0.5033760660163789,0.0,4D-C
4,4,4D-D-2ecf0e4138e3,4D,4D-D,equal_total,32,partial-spatial,standardized_anomaly,"[80, 48]",,"[1.0, 1.0]",wells,5,10,ridge(alpha_relative=1e-08),163152,1.3978067920033936,33420.73903164936,0.3784372224073813,0.0016797535333488,0.4964920263415644,0.2686479906737488,0.0064886535587592,0.998189481431584,0.9184958039711728,0.0026362929958405,0.9193961173038404,0.0007091320193838,0.0010842980403082,0.9999126471151624,0.8857827040605859,4D,3D-independent,4D-D,0.5252927199021673,0.0,4D-D
4,4,3D-independent-7db5f3bc9ad5,3D,3D-independent,equal_total,32,independent,raw_minmax,"[80, 48]",,"[1.0, 1.0]",wells,5,10,ridge(alpha_relative=1e-08),149728,0.6210972499975469,40750878.23599718,0.9135801423540316,0.0031983214970044,0.945341735804344,0.5115170926212517,0.0123546697486145,0.9962207702093268,0.7892349845406617,0.0071357863202774,2.48857552901901,0.0019194431617326,0.0029349238249857,0.999645670603171,0.7699584062737937,3D,3D-independent,4D-E,0.4959104576896909,0.0,3D optimized
4,4,4D-E-4f4328240852,4D,4D-E,equal_total,32,joint-property-residual,standardized_anomaly,"[80, 48]",2.0,"[1.0, 1.0]",wells,5,10,ridge(alpha_relative=1e-08),224596,1.131362457999785,40618.54188988095,0.5379048424208305,0.0030879247951072,0.9127113045308396,0.493861018945631,0.011928222690508,0.9958862633824076,0.8763449186075667,0.0031748189711809,1.107204790913501,0.0008539892158283,0.0013057918805748,0.9998572478310784,0.8602485329144711,4D,3D-independent,4D-E,0.4959104576896909,0.0,4D optimized
4,4,4D-E-4f4328240852,4D,4D-E,equal_total,32,joint-property-residual,standardized_anomaly,"[80, 48]",2.0,"[1.0, 1.0]",wells,5,10,ridge(alpha_relative=1e-08),224596,1.131362457999785,40618.54188988095,0.5379048424208305,0.0030879247951072,0.9127113045308396,0.493861018945631,0.011928222690508,0.9958862633824076,0.8763449186075667,0.0031748189711809,1.107204790913501,0.0008539892158283,0.0013057918805748,0.9998572478310784,0.8602485329144711,4D,3D-independent,4D-E,0.4959104576896909,0.0,4D-E
4,4,3D-current-e419eaac8e1a,3D,3D-current,equal_total,32,legacy-independent,raw_minmax,"[48, 48]",,"[1.0, 1.0]",wells,5,10,ridge(alpha_relative=0.0001),129984,12.396806417003972,624015.6284285147,2.843544039954262,0.0030064798180541,0.8886382599504051,0.4808352809421688,0.011613612106451,0.9949466376731778,0.7685230070722696,0.0292918575146138,10.215412365030826,0.0078791674914793,0.0120476380092032,0.9978518808635662,0.6912259232560944,3D,3D-current,4D-A-current,1.4586172127822508,0.0,3D current
4,4,4D-A-current-205a30146a4e,4D,4D-A-current,equal_total,32,legacy-joint,raw_minmax,"[48, 48]",2.0,"[1.0, 1.0]",wells,5,10,ridge(alpha_relative=0.0001),194740,16.29738016599731,300784.30817478953,2.5490901970278976,0.0033521029765659,0.9907955936980584,0.5361118231378617,0.0129487061502756,0.9793432469925024,0.6537406084275611,0.0250986249052851,8.753040092278372,0.0067512369038356,0.0103229761798749,0.9900733521384372,0.4412091873021195,4D,3D-current,4D-A-current,1.4586172127822508,0.0,4D current
4,4,4D-A-4ea76ef087a9,4D,4D-A,equal_total,32,joint,standardized_anomaly,"[80, 48]",2.0,"[1.0, 1.0]",wells,10,20,ridge(alpha_relative=1e-06),259188,0.8954089159960859,3111964.854177227,0.4248281646375313,0.0019046382163011,0.5629621659873048,0.3046144684986047,0.0073573517155888,0.9978550388351852,0.9050899951142926,0.0028999828623518,1.0113568514959028,0.0007800615131181,0.0011927527553033,0.9998871949854036,0.8449227227518715,4D,3D-independent,4D-A,0.3494117287662407,0.0,4D-A
4,4,4D-B-934096b5cda8,4D,4D-B,equal_total,32,shared-independent,standardized_anomaly,"[80, 48]",,"[1.0, 1.0]",wells,10,20,ridge(alpha_relative=0.0001),136304,0.8090688749944093,2273922.36832919,0.3512803208038018,0.0014120716387837,0.4173721295180025,0.2258368271983027,0.0054546357440608,0.9985745978008946,0.9395845546911062,0.0025517745090273,0.8899206497670316,0.0006863975337543,0.0010495358838385,0.9999096204953014,0.8647584374485474,4D,3D-independent,4D-B,0.3608131027060685,0.0,4D-B
4,4,3D-independent-7db5f3bc9ad5,3D,3D-independent,equal_total,32,independent,raw_minmax,"[80, 48]",,"[1.0, 1.0]",wells,10,20,ridge(alpha_relative=1e-06),149728,0.6210972499975469,1156250430.817027,0.4653445892313088,0.0020500635354435,0.6059461573580074,0.3278727733659881,0.0079191094353096,0.9980806074115756,0.8331530195109954,0.003142296108407,1.0958625790253946,0.0008452409456658,0.0012924153414623,0.9998775408154598,0.847707739405338,3D,3D-independent,4D-C,0.3399327040452956,0.0,3D optimized
4,4,4D-C-44adce3e7a5f,4D,4D-C,equal_total,32,joint,standardized_anomaly,"[80, 48]",2.0,"[1.0, 0.5]",wells,10,20,ridge(alpha_relative=1e-06),259188,0.865645375000895,2301668.8081997945,0.5410352444569717,0.0021621892357328,0.6390876361740463,0.3458053709093779,0.0083522353729945,0.9977786686903783,0.8957725551711012,0.003985884716699,1.3900605654742308,0.0010721564267111,0.0016393803700993,0.9998316671627308,0.8342418924696794,4D,3D-independent,4D-C,0.3399327040452956,0.0,4D optimized
4,4,4D-C-44adce3e7a5f,4D,4D-C,equal_total,32,joint,standardized_anomaly,"[80, 48]",2.0,"[1.0, 0.5]",wells,10,20,ridge(alpha_relative=1e-06),259188,0.865645375000895,2301668.8081997945,0.5410352444569717,0.0021621892357328,0.6390876361740463,0.3458053709093779,0.0083522353729945,0.9977786686903783,0.8957725551711012,0.003985884716699,1.3900605654742308,0.0010721564267111,0.0016393803700993,0.9998316671627308,0.8342418924696794,4D,3D-independent,4D-C,0.3399327040452956,0.0,4D-C
4,4,4D-D-2ecf0e4138e3,4D,4D-D,equal_total,32,partial-spatial,standardized_anomaly,"[80, 48]",,"[1.0, 1.0]",wells,10,20,ridge(alpha_relative=1e-08),163152,1.3978067920033936,2644254.368423008,0.406576075111221,0.0019199557127094,0.5674896247360409,0.307064241367403,0.0074165210672874,0.997273802887002,0.9244696779970716,0.0027358469626645,0.954115145387842,0.0007359108734956,0.0011252442368435,0.999892949185023,0.8661312613609253,4D,3D-independent,4D-D,0.3606829971462458,0.0,4D-D
4,4,4D-E-4f4328240852,4D,4D-E,equal_total,32,joint-property-residual,standardized_anomaly,"[80, 48]",2.0,"[1.0, 1.0]",wells,10,20,ridge(alpha_relative=1e-06),224596,1.131362457999785,3296820.061733726,0.4381575992790624,0.0022579079921807,0.6673796435454842,0.3611139570078682,0.0087219835755342,0.996081276539039,0.885374064147715,0.0027356688750017,0.9540530380628856,0.0007358629699947,0.0011251709900139,0.9998800734632728,0.8522305048365254,4D,3D-independent,4D-E,0.3436657051437553,0.0,4D-E
4,4,3D-current-e419eaac8e1a,3D,3D-current,equal_total,32,legacy-independent,raw_minmax,"[48, 48]",,"[1.0, 1.0]",wells,10,20,ridge(alpha_relative=0.0001),129984,12.396806417003972,42404190.56807181,0.5578694961790793,0.0022419456285088,0.6626615785869356,0.358561048594974,0.0086603231915612,0.99555585770009,0.7924686474981821,0.0039126784651497,1.364530192506201,0.0010524648002209,0.0016092708962212,0.999851167945708,0.7989589252554565,3D,3D-current,4D-A-current,0.8942637854504226,0.0,3D current
4,4,4D-A-current-205a30146a4e,4D,4D-A-current,equal_total,32,legacy-joint,raw_minmax,"[48, 48]",2.0,"[1.0, 1.0]",wells,10,20,ridge(alpha_relative=0.0001),194740,16.29738016599731,60103826.17945811,1.7806077626736077,0.0032271026785519,0.9538487142766692,0.5161201527955207,0.0124658474377014,0.9800346277726314,0.6659645615018719,0.0164134587542233,5.724124850298936,0.0044150286670789,0.0067507978779159,0.9903437000235752,0.4451204662604789,4D,3D-current,4D-A-current,0.8942637854504226,0.0,4D current
4,4,3D-independent-7db5f3bc9ad5,3D,3D-independent,equal_total,32,independent,raw_minmax,"[80, 48]",,"[1.0, 1.0]",wells,15,30,ridge(alpha_relative=0.0001),149728,0.6210972499975469,1870060218.8138409,0.4386296794503487,0.0013212147555094,0.3905171670557312,0.2113058149718447,0.0051036682793159,0.998923594859312,0.9005671118254255,0.0034992508513889,1.2203490474371512,0.0009412576016744,0.0014392295722419,0.9998780609911406,0.8121278815575497,3D,3D-independent,4D-A,0.3339977700741027,0.0,3D optimized
4,4,4D-A-4ea76ef087a9,4D,4D-A,equal_total,32,joint,standardized_anomaly,"[80, 48]",2.0,"[1.0, 1.0]",wells,15,30,ridge(alpha_relative=0.0001),259188,0.8954089159960859,40880791.07001745,0.3228197940696445,0.0008012036662084,0.2368152373849024,0.128138891077806,0.0030949379875213,0.9990549519090004,0.9692513606447012,0.0027870891583851,0.9719856460726964,0.0007496944255463,0.0011463199717821,0.9998885633881908,0.8657920537133398,4D,3D-independent,4D-A,0.3339977700741027,0.0,4D optimized
4,4,4D-A-4ea76ef087a9,4D,4D-A,equal_total,32,joint,standardized_anomaly,"[80, 48]",2.0,"[1.0, 1.0]",wells,15,30,ridge(alpha_relative=0.0001),259188,0.8954089159960859,40880791.07001745,0.3228197940696445,0.0008012036662084,0.2368152373849024,0.128138891077806,0.0030949379875213,0.9990549519090004,0.9692513606447012,0.0027870891583851,0.9719856460726964,0.0007496944255463,0.0011463199717821,0.9998885633881908,0.8657920537133398,4D,3D-independent,4D-A,0.3339977700741027,0.0,4D-A
4,4,4D-B-934096b5cda8,4D,4D-B,equal_total,32,shared-independent,standardized_anomaly,"[80, 48]",,"[1.0, 1.0]",wells,15,30,ridge(alpha_relative=0.0001),136304,0.8090688749944093,25613158.348013937,0.344454515221422,0.0010755731155664,0.3179118037402932,0.1720196151298131,0.0041547888934109,0.99855718844556,0.9694044972261108,0.0028101550725935,0.980029786841066,0.0007558988870182,0.0011558069011991,0.999899888780858,0.8708425621652319,4D,3D-independent,4D-B,0.3355101835234859,0.0,4D-B
4,4,4D-C-44adce3e7a5f,4D,4D-C,equal_total,32,joint,standardized_anomaly,"[80, 48]",2.0,"[1.0, 0.5]",wells,15,30,ridge(alpha_relative=0.0001),259188,0.865645375000895,28965671.838465676,0.335311060026349,0.0008201937982048,0.2424282329394283,0.1311760395059393,0.003168294218131,0.9991389452616716,0.962839821561137,0.0028979975324907,1.0106644760396328,0.0007795274825775,0.0011919361961116,0.9998869810113452,0.8608571161861929,4D,3D-independent,4D-C,0.3408012445706714,0.0,4D-C
4,4,4D-D-2ecf0e4138e3,4D,4D-D,equal_total,32,partial-spatial,standardized_anomaly,"[80, 48]",,"[1.0, 1.0]",wells,15,30,ridge(alpha_relative=0.0001),163152,1.3978067920033936,6128199.706689842,0.3493878829697797,0.0011230637108309,0.3319488046496294,0.179614927620863,0.0043382384375572,0.9983238797495448,0.9695570693244252,0.0028260786826858,0.9855830790264984,0.0007601821521175,0.0011623562260446,0.9999000063806656,0.8704036342695931,4D,3D-independent,4D-D,0.3392780997727591,0.0,4D-D
4,4,4D-E-4f4328240852,4D,4D-E,equal_total,32,joint-property-residual,standardized_anomaly,"[80, 48]",2.0,"[1.0, 1.0]",wells,15,30,ridge(alpha_relative=0.0001),224596,1.131362457999785,11986152.951685186,0.362315600682781,0.0012476053180809,0.3687601068554218,0.1995332381817397,0.0048193252917011,0.9976490865212256,0.9503061383386068,0.002831854901887,0.9875975112291128,0.0007617358876064,0.0011647319646936,0.999876976390608,0.8638842923682135,4D,3D-independent,4D-E,0.349002946718947,0.0,4D-E
4,4,3D-current-e419eaac8e1a,3D,3D-current,equal_total,32,legacy-independent,raw_minmax,"[48, 48]",,"[1.0, 1.0]",wells,15,30,ridge(alpha_relative=0.0001),129984,12.396806417003972,76669745.03392358,0.4735128781824525,0.0016296382931947,0.48167924777569,0.2606329109002829,0.0062950653775656,0.9960190791395584,0.8415682574967637,0.003551184126421,1.2384605591312972,0.0009552270459869,0.0014605895456716,0.999874970719857,0.8106083308575902,3D,3D-current,4D-A-current,0.8563228572803511,0.0,3D current
4,4,4D-A-current-205a30146a4e,4D,4D-A-current,equal_total,32,legacy-joint,raw_minmax,"[48, 48]",2.0,"[1.0, 1.0]",wells,15,30,ridge(alpha_relative=0.0001),194740,16.29738016599731,372826720.77666914,1.6999061194491345,0.0027699405796165,0.8187233328676091,0.4430048553111772,0.0106998940276956,0.982730492924804,0.6837630507009762,0.0159026788627321,5.5459925069763765,0.0042776348430672,0.0065407159043846,0.9905181509647244,0.4464196733939217,4D,3D-current,4D-A-current,0.8563228572803511,0.0,4D current
4,4,3D-independent-7db5f3bc9ad5,3D,3D-independent,equal_total,32,independent,raw_minmax,"[80, 48]",,"[1.0, 1.0]",wells,20,40,ridge(alpha_relative=0.0001),149728,0.6210972499975469,1914561.1785481356,0.4139850591386663,0.0010138955583328,0.2996815010424586,0.1621553395134748,0.0039165370943856,0.9992661746990396,0.9139624448497834,0.0034951832110503,1.2189304749416712,0.0009401634539404,0.001437556566072,0.999882531365169,0.8113810340091455,3D,3D-independent,4D-A,0.3295860979804559,0.0,3D optimized
4,4,4D-A-4ea76ef087a9,4D,4D-A,equal_total,32,joint,standardized_anomaly,"[80, 48]",2.0,"[1.0, 1.0]",wells,20,40,ridge(alpha_relative=0.0001),259188,0.8954089159960859,1856.923116695025,0.3504468444620309,0.0009457627884803,0.2795432031953505,0.1512586624971693,0.0036533497095733,0.9987651757390332,0.9501459518857784,0.0029632851554654,1.0334332605281815,0.0007970890904845,0.0012187887658979,0.9998742980343436,0.8722322198650383,4D,3D-independent,4D-A,0.3295860979804559,0.0,4D optimized
4,4,4D-A-4ea76ef087a9,4D,4D-A,equal_total,32,joint,standardized_anomaly,"[80, 48]",2.0,"[1.0, 1.0]",wells,20,40,ridge(alpha_relative=0.0001),259188,0.8954089159960859,1856.923116695025,0.3504468444620309,0.0009457627884803,0.2795432031953505,0.1512586624971693,0.0036533497095733,0.9987651757390332,0.9501459518857784,0.0029632851554654,1.0334332605281815,0.0007970890904845,0.0012187887658979,0.9998742980343436,0.8722322198650383,4D,3D-independent,4D-A,0.3295860979804559,0.0,4D-A
4,4,4D-B-934096b5cda8,4D,4D-B,equal_total,32,shared-independent,standardized_anomaly,"[80, 48]",,"[1.0, 1.0]",wells,20,40,ridge(alpha_relative=0.0001),136304,0.8090688749944093,1200.5975072724573,0.3731334643696808,0.000679238944636,0.200765596438505,0.1086327095261668,0.0026238052832512,0.998835385704617,0.9739268986835268,0.0034757342960147,1.2121477474536049,0.0009349319229931,0.0014295572956978,0.9998631634199358,0.8668320741432461,4D,3D-independent,4D-B,0.35397017666631,0.0,4D-B
4,4,4D-C-44adce3e7a5f,4D,4D-C,equal_total,32,joint,standardized_anomaly,"[80, 48]",2.0,"[1.0, 0.5]",wells,20,40,ridge(alpha_relative=0.0001),259188,0.865645375000895,3043.8890724315006,0.3443437548387066,0.0009153761770022,0.270561700845812,0.1463988411276009,0.0035359704686362,0.998948396894382,0.9495469373005766,0.0029209179180746,1.018657864311045,0.0007856927985496,0.001201363270117,0.999886423273789,0.8741421543034852,4D,3D-independent,4D-C,0.3425506830876466,0.0,4D-C
4,4,4D-D-2ecf0e4138e3,4D,4D-D,equal_total,32,partial-spatial,standardized_anomaly,"[80, 48]",,"[1.0, 1.0]",wells,20,40,ridge(alpha_relative=0.0001),163152,1.3978067920033936,2145.000111380843,0.3821466425702164,0.0008394034068988,0.2481061001719246,0.1342482894966634,0.0032424982566042,0.9986455324512452,0.9467510537595916,0.0034168418500736,1.1916092541138137,0.0009190905430014,0.0014053350397408,0.9998674532544276,0.8755065142501537,4D,3D-independent,4D-D,0.3593803263275938,0.0,4D-D
4,4,4D-E-4f4328240852,4D,4D-E,equal_total,32,joint-property-residual,standardized_anomaly,"[80, 48]",2.0,"[1.0, 1.0]",wells,20,40,ridge(alpha_relative=0.0001),224596,1.131362457999785,5808.513450440349,0.3148828790106378,0.0008971179129005,0.2651650266544132,0.1434787425138866,0.0034654413416016,0.9975220460394544,0.9358466754089384,0.0025849038430919,0.9014743659722968,0.0006953089376093,0.0010631618624607,0.9999019399517992,0.8783690777593791,4D,3D-independent,4D-E,0.330195696056687,0.0,4D-E
4,4,3D-current-e419eaac8e1a,3D,3D-current,equal_total,32,legacy-independent,raw_minmax,"[48, 48]",,"[1.0, 1.0]",wells,20,40,ridge(alpha_relative=0.0001),129984,12.396806417003972,197469.32055184853,0.4348528840753001,0.0012207999584629,0.3608371306274743,0.1952461770994543,0.0047157799270832,0.9962208687564807,0.9001115774144514,0.0035368925278353,1.2334764241089518,0.0009513827729181,0.0014547114614208,0.9998799711354928,0.8096924594559993,3D,3D-current,4D-A-current,0.8385608470755586,0.0,3D current
4,4,4D-A-current-205a30146a4e,4D,4D-A-current,equal_total,32,legacy-joint,raw_minmax,"[48, 48]",2.0,"[1.0, 1.0]",wells,20,40,ridge(alpha_relative=0.0001),194740,16.29738016599731,293011.13076213567,1.6552486729339928,0.0023671389528917,0.6996655116481024,0.3785835902199816,0.0091439275380694,0.982755787610828,0.7212679546020909,0.0157879227270682,5.505971786315743,0.0042467667831253,0.0064935171092545,0.9906067212012823,0.448017257853657,4D,3D-current,4D-A-current,0.8385608470755586,0.0,4D current
4,4,4D-A-4ea76ef087a9,4D,4D-A,equal_total,32,joint,standardized_anomaly,"[80, 48]",2.0,"[1.0, 1.0]",wells,30,60,ridge(alpha_relative=0.0001),259188,0.8954089159960859,354.32834140563426,0.3953869243037144,0.0009533076515187,0.2817732710380658,0.1524653349374623,0.0036824944629152,0.9994081095546872,0.9222616904463058,0.0034059618454843,1.1878148981786465,0.0009161639488643,0.001400860132106,0.9998046721259024,0.8538192535574036,4D,3D-independent,4D-A,0.3269066403914309,0.0,4D-A
4,4,4D-B-934096b5cda8,4D,4D-B,equal_total,32,shared-independent,standardized_anomaly,"[80, 48]",,"[1.0, 1.0]",wells,30,60,ridge(alpha_relative=0.0001),136304,0.8090688749944093,156.79749131674396,0.6944597734587306,0.0006770368872664,0.2001147248053499,0.1082805279257449,0.0026152990428391,0.9996063239798736,0.9253140993424026,0.0070301653266729,2.451740650809759,0.0018910323482903,0.0028914822816665,0.999377924663472,0.822718464217971,4D,3D-independent,4D-B,0.3455478931778307,0.0,4D-B
4,4,4D-C-44adce3e7a5f,4D,4D-C,equal_total,32,joint,standardized_anomaly,"[80, 48]",2.0,"[1.0, 0.5]",wells,30,60,ridge(alpha_relative=0.0001),259188,0.865645375000895,214.181808985538,0.4566549520542668,0.0012616914089491,0.3729235937358156,0.201786068691136,0.00487373789559,0.999431154086781,0.8692436495199013,0.0037697519800435,1.3146851807135669,0.0010140192453578,0.001550485735409,0.99975612867354,0.852734282944729,4D,3D-independent,4D-C,0.3375112444333099,0.0,4D-C
4,4,4D-D-2ecf0e4138e3,4D,4D-D,equal_total,32,partial-spatial,standardized_anomaly,"[80, 48]",,"[1.0, 1.0]",wells,30,60,ridge(alpha_relative=0.0001),163152,1.3978067920033936,567.1438076642543,0.6695735086327215,0.0009034695171332,0.2670423978242983,0.1444945735157555,0.0034899767026473,0.9935424642188616,0.9337889155926072,0.0065695844975699,2.291115019800611,0.0017671414856485,0.0027020470060018,0.999420132056844,0.8259378505954398,4D,3D-independent,4D-D,0.3553975855850947,0.0,4D-D
4,4,3D-independent-7db5f3bc9ad5,3D,3D-independent,equal_total,32,independent,raw_minmax,"[80, 48]",,"[1.0, 1.0]",wells,30,60,ridge(alpha_relative=0.0001),149728,0.6210972499975469,48481.84054803086,0.3425536663957013,0.0008865968298195,0.2620552645646267,0.1417960743287589,0.0034247998654444,0.9994764277388132,0.929377440167474,0.0028228678060159,0.984463299264497,0.000759318463802,0.0011610356037593,0.9999113557276844,0.8232303563251633,3D,3D-independent,4D-E,0.3231853872965421,0.0,3D optimized
4,4,4D-E-4f4328240852,4D,4D-E,equal_total,32,joint-property-residual,standardized_anomaly,"[80, 48]",2.0,"[1.0, 1.0]",wells,30,60,ridge(alpha_relative=0.0001),224596,1.131362457999785,647.9825531252585,0.4116277062415059,0.0012005093955592,0.3548397610779121,0.1920010468791567,0.0046374003133002,0.9921387520044588,0.8989872358937477,0.0033390098052123,1.1644656551435126,0.0008981546321476,0.0013733229933372,0.9997917683385356,0.8466019466170543,4D,3D-independent,4D-E,0.3231853872965421,0.0,4D optimized
4,4,4D-E-4f4328240852,4D,4D-E,equal_total,32,joint-property-residual,standardized_anomaly,"[80, 48]",2.0,"[1.0, 1.0]",wells,30,60,ridge(alpha_relative=0.0001),224596,1.131362457999785,647.9825531252585,0.4116277062415059,0.0012005093955592,0.3548397610779121,0.1920010468791567,0.0046374003133002,0.9921387520044588,0.8989872358937477,0.0033390098052123,1.1644656551435126,0.0008981546321476,0.0013733229933372,0.9997917683385356,0.8466019466170543,4D,3D-independent,4D-E,0.3231853872965421,0.0,4D-E
4,4,3D-current-e419eaac8e1a,3D,3D-current,equal_total,32,legacy-independent,raw_minmax,"[48, 48]",,"[1.0, 1.0]",wells,30,60,ridge(alpha_relative=0.0001),129984,12.396806417003972,43000.05884441214,0.3788824357658267,0.0012589382422796,0.3721098283401943,0.2013457465372752,0.0048631027968368,0.9961942998497556,0.8998465446431799,0.0028781313834048,1.003736239927732,0.0007741837205447,0.0011837653188395,0.9999080643282272,0.8207861057660588,3D,3D-current,4D-A-current,0.8106683649460957,0.0,3D current
4,4,4D-A-current-205a30146a4e,4D,4D-A-current,equal_total,32,legacy-joint,raw_minmax,"[48, 48]",2.0,"[1.0, 1.0]",wells,30,60,ridge(alpha_relative=0.0001),194740,16.29738016599731,22617.42742029193,1.6614675872845055,0.0024589854078349,0.7268129660940725,0.3932728675937932,0.0094987175801172,0.982879760553253,0.6656795398249462,0.0156972776869312,5.474359709021468,0.0042223843262205,0.0064562351229429,0.9906190231282046,0.4449251121300908,4D,3D-current,4D-A-current,0.8106683649460957,0.0,4D current
4,4,4D-A-4ea76ef087a9,4D,4D-A,equal_total,32,joint,standardized_anomaly,"[80, 48]",2.0,"[1.0, 1.0]",grid,30,30,ridge(alpha_relative=0.0001),259188,0.8954089159960859,1099.6067817207554,0.9065090979468112,0.0086605878441619,2.5598474554087836,1.385113634944407,0.0334546426129147,0.9890756002007852,0.0594393383211874,0.0015832082131226,0.5521372193170861,0.0004258645146985,0.0006511679716925,0.9999424911713028,0.9124572275560612,4D,3D-independent,4D-A,0.5605082193442461,0.0,4D-A
4,4,3D-independent-7db5f3bc9ad5,3D,3D-independent,equal_total,32,independent,raw_minmax,"[80, 48]",,"[1.0, 1.0]",grid,30,30,ridge(alpha_relative=1e-06),149728,0.6210972499975469,1.131711354848553e+19,0.8029226256663372,0.0062952155929332,1.8607041354222733,1.0068125985887182,0.0243175395968991,0.9977349314316571,-0.0652291445490574,0.0021560934102227,0.7519285273036035,0.0005799639404207,0.0008867936390661,0.9999209276733408,0.8671134646701137,3D,3D-independent,4D-B,0.4443011987905002,0.0,3D optimized
4,4,4D-B-934096b5cda8,4D,4D-B,equal_total,32,shared-independent,standardized_anomaly,"[80, 48]",,"[1.0, 1.0]",grid,30,30,ridge(alpha_relative=1e-06),136304,0.8090688749944093,4.6994484088738726e+17,0.3791414174108249,0.002089838373698,0.617702578553338,0.3342340818343481,0.0080727540865429,0.9986470310583913,0.7272458615881928,0.0020393211758571,0.7112047006826823,0.0005485535734796,0.0008387656296283,0.9999322615039812,0.897437357597248,4D,3D-independent,4D-B,0.4443011987905002,0.0,4D optimized
4,4,4D-B-934096b5cda8,4D,4D-B,equal_total,32,shared-independent,standardized_anomaly,"[80, 48]",,"[1.0, 1.0]",grid,30,30,ridge(alpha_relative=1e-06),136304,0.8090688749944093,4.6994484088738726e+17,0.3791414174108249,0.002089838373698,0.617702578553338,0.3342340818343481,0.0080727540865429,0.9986470310583913,0.7272458615881928,0.0020393211758571,0.7112047006826823,0.0005485535734796,0.0008387656296283,0.9999322615039812,0.897437357597248,4D,3D-independent,4D-B,0.4443011987905002,0.0,4D-B
4,4,4D-C-44adce3e7a5f,4D,4D-C,equal_total,32,joint,standardized_anomaly,"[80, 48]",2.0,"[1.0, 0.5]",grid,30,30,ridge(alpha_relative=0.0001),259188,0.865645375000895,464.4259724468037,0.7781865757568899,0.0072619751047844,2.146453431074612,1.1614293296550662,0.0280519967196243,0.9891544296343084,0.2539308581966479,0.0015770995832846,0.5500068603001056,0.0004242213646315,0.0006486555137173,0.9999494110412828,0.9134971184976688,4D,3D-independent,4D-C,0.5699578603116991,0.0,4D-C
4,4,4D-D-2ecf0e4138e3,4D,4D-D,equal_total,32,partial-spatial,standardized_anomaly,"[80, 48]",,"[1.0, 1.0]",grid,30,30,ridge(alpha_relative=1e-06),163152,1.3978067920033936,2.571605764030043e+18,0.3809909204505833,0.0021103895153103,0.623776968480302,0.3375208871844204,0.0081521402795243,0.9986280078128308,0.7227220270491035,0.0020369205557473,0.7103674944952232,0.0005479078347135,0.0008377782630175,0.999931532004684,0.89763953529728,4D,3D-independent,4D-D,0.4451317404707387,0.0,4D-D
4,4,4D-E-4f4328240852,4D,4D-E,equal_total,32,joint-property-residual,standardized_anomaly,"[80, 48]",2.0,"[1.0, 1.0]",grid,30,30,ridge(alpha_relative=0.0001),224596,1.131362457999785,2825.440899411637,1.2999653163331304,0.0137438765786374,4.062337120798763,2.1980991577721283,0.0530906778301745,0.9905018344395772,0.1687633881292163,0.001933741193435,0.674384124951115,0.0005201537915663,0.0007953409540643,0.9999296662124416,0.9049565727054976,4D,3D-independent,4D-E,0.5729151621731101,0.0,4D-E
4,4,3D-current-e419eaac8e1a,3D,3D-current,equal_total,32,legacy-independent,raw_minmax,"[48, 48]",,"[1.0, 1.0]",grid,30,30,ridge(alpha_relative=0.0001),129984,12.396806417003972,3.465748642162483e+19,1.137865420839291,0.0063123675883395,1.8657738249844495,1.0095557683516927,0.0243837953622974,0.994543461324108,-0.0953880100356531,0.0058014167928585,2.0232197569204167,0.0015605133466188,0.0023861023298369,0.999906000963996,0.7704518071310547,3D,3D-current,4D-A-current,1.042225900383996,0.0,3D current
4,4,4D-A-current-205a30146a4e,4D,4D-A-current,equal_total,32,legacy-joint,raw_minmax,"[48, 48]",2.0,"[1.0, 1.0]",grid,30,30,ridge(alpha_relative=0.0001),194740,16.29738016599731,3353884.848231607,1.857741094684786,0.0038408379246967,1.1352530988759888,0.6142766605266005,0.0148366210720299,0.9793405221340564,0.405734977395197,0.0163986673941483,5.7189664255547665,0.0044110499640076,0.0067447142435216,0.9905276376139772,0.4407753139880272,4D,3D-current,4D-A-current,1.042225900383996,0.0,4D current
4,4,4D-A-4ea76ef087a9,4D,4D-A,equal_total,32,joint,standardized_anomaly,"[80, 48]",2.0,"[1.0, 1.0]",grid,100,100,ridge(alpha_relative=1e-06),259188,0.8954089159960859,120.61556498906911,0.3112127943838899,0.0018468627934734,0.5458852340547582,0.2953742728717873,0.0071341733173912,0.9976309506299004,0.6256086280029868,0.0013445095370829,0.4688920579094932,0.0003616573592604,0.0005529920454725,0.999951587147502,0.9142436008543964,4D,3D-independent,4D-A,0.2223381305509681,0.0,4D-A
4,4,3D-independent-7db5f3bc9ad5,3D,3D-independent,equal_total,32,independent,raw_minmax,"[80, 48]",,"[1.0, 1.0]",grid,100,100,ridge(alpha_relative=1e-06),149728,0.6210972499975469,5396.457579983152,0.2621450841089666,0.0010553080694905,0.311921976310041,0.1687785658918688,0.004076507847574,0.999345934217736,0.9070150379191824,0.0017987978230081,0.6273231908963119,0.0004838556012952,0.000739839220252,0.999950812459107,0.8743146236217905,3D,3D-independent,4D-B,0.1815594457773182,0.0,3D optimized
4,4,4D-B-934096b5cda8,4D,4D-B,equal_total,32,shared-independent,standardized_anomaly,"[80, 48]",,"[1.0, 1.0]",grid,100,100,ridge(alpha_relative=1e-06),136304,0.8090688749944093,381.0218382965916,0.2332404985807167,0.000993054771745,0.2935214994957557,0.1588222103789286,0.0038360320432723,0.9995994190304996,0.8689825750746405,0.0015160978950991,0.5287327775804586,0.0004078126231156,0.0006235657338411,0.999949981292329,0.909601990432054,4D,3D-independent,4D-B,0.1815594457773182,0.0,4D optimized
4,4,4D-B-934096b5cda8,4D,4D-B,equal_total,32,shared-independent,standardized_anomaly,"[80, 48]",,"[1.0, 1.0]",grid,100,100,ridge(alpha_relative=1e-06),136304,0.8090688749944093,381.0218382965916,0.2332404985807167,0.000993054771745,0.2935214994957557,0.1588222103789286,0.0038360320432723,0.9995994190304996,0.8689825750746405,0.0015160978950991,0.5287327775804586,0.0004078126231156,0.0006235657338411,0.999949981292329,0.909601990432054,4D,3D-independent,4D-B,0.1815594457773182,0.0,4D-B
4,4,4D-C-44adce3e7a5f,4D,4D-C,equal_total,32,joint,standardized_anomaly,"[80, 48]",2.0,"[1.0, 0.5]",grid,100,100,ridge(alpha_relative=1e-06),259188,0.865645375000895,154.3053848088408,0.3492582329873587,0.0022116874831856,0.6537180475351534,0.3537217732005758,0.0085434401974583,0.997545144339731,0.5222426670991582,0.0013253922364301,0.4622249795455729,0.0003565150287082,0.0005451291669281,0.9999525624200314,0.9155775231634248,4D,3D-independent,4D-C,0.220969169109413,0.0,4D-C
4,4,4D-D-2ecf0e4138e3,4D,4D-D,equal_total,32,partial-spatial,standardized_anomaly,"[80, 48]",,"[1.0, 1.0]",grid,100,100,ridge(alpha_relative=1e-06),163152,1.3978067920033936,1051.7622908547592,0.2672581751957059,0.0013359960270241,0.3948861314904122,0.2136698277946703,0.0051607662690582,0.9895825703948934,0.7990189777755761,0.0015148678743478,0.528303813006058,0.0004074817619023,0.0006230598306306,0.999950062571495,0.9092955096517172,4D,3D-independent,4D-D,0.1925059565529056,0.0,4D-D
4,4,4D-E-4f4328240852,4D,4D-E,equal_total,32,joint-property-residual,standardized_anomaly,"[80, 48]",2.0,"[1.0, 1.0]",grid,100,100,ridge(alpha_relative=1e-06),224596,1.131362457999785,615.372120709527,0.3112612688628903,0.0018067909982929,0.5340410400147848,0.2889654711968943,0.006979381562981,0.9942980771309176,0.6270480198216591,0.0013754375166484,0.4796780609726689,0.0003699766244708,0.0005657126147288,0.9999531855638344,0.9103000312501262,4D,3D-independent,4D-E,0.2482603304449786,0.0,4D-E
4,4,3D-current-e419eaac8e1a,3D,3D-current,equal_total,32,legacy-independent,raw_minmax,"[48, 48]",,"[1.0, 1.0]",grid,100,100,ridge(alpha_relative=1e-06),129984,12.396806417003972,6661.990735104419,0.4292103264209547,0.0026082541977312,0.7709329887603941,0.4171458701979343,0.0100753220911621,0.9925715492965757,0.5085657260639059,0.0018186523725006,0.6342473816987182,0.000489196243173,0.0007480053266521,0.9999476632045616,0.8681124034866811,3D,3D-current,4D-A-current,0.7906850707190811,0.0,3D current
4,4,4D-A-current-205a30146a4e,4D,4D-A-current,equal_total,32,legacy-joint,raw_minmax,"[48, 48]",2.0,"[1.0, 1.0]",grid,100,100,ridge(alpha_relative=1e-06),194740,16.29738016599731,26314.918009139394,1.7358412431643204,0.0030930964230154,0.9142399049883798,0.494688132815892,0.0119481999676293,0.9789598685628368,0.5496605981622184,0.0158471293678647,5.526619853792584,0.0042626926778628,0.0065178685924508,0.990360771615432,0.4453289740851456,4D,3D-current,4D-A-current,0.7906850707190811,0.0,4D current
4,4,4D-A-4ea76ef087a9,4D,4D-A,equal_total,32,joint,standardized_anomaly,"[80, 48]",2.0,"[1.0, 1.0]",grid,300,300,ridge(alpha_relative=1e-06),259188,0.8954089159960859,106.88832668629831,0.2399548496189872,0.0013251453513968,0.3916789503043484,0.2119344468909497,0.0051188516228757,0.9984846563778004,0.8286233450928034,0.0012699741094412,0.4428981403580285,0.0003416081999285,0.0005223358861408,0.9999544582670808,0.9208920392800528,4D,3D-independent,4D-A,0.1879799103207317,0.0,4D-A
4,4,4D-B-934096b5cda8,4D,4D-B,equal_total,32,shared-independent,standardized_anomaly,"[80, 48]",,"[1.0, 1.0]",grid,300,300,ridge(alpha_relative=1e-06),136304,0.8090688749944093,285.90697411210607,0.1763159868408854,0.0004762167648041,0.1407574515197208,0.0761627670070901,0.0018395589259614,0.9996437411607222,0.9661400458940752,0.0014426246044496,0.503109275847066,0.000388049166227,0.00059334642772,0.9999526704989762,0.9110655141124152,4D,3D-independent,4D-B,0.1526885555481051,0.0,4D-B
4,4,4D-C-44adce3e7a5f,4D,4D-C,equal_total,32,joint,standardized_anomaly,"[80, 48]",2.0,"[1.0, 0.5]",grid,300,300,ridge(alpha_relative=1e-06),259188,0.865645375000895,137.29543955857417,0.2232379323310356,0.0011391419835022,0.3367011293330816,0.182186373705599,0.0044003465618244,0.998435624166928,0.8463484015543165,0.0012627386376001,0.440374799922022,0.0003396619425261,0.0005193599620116,0.9999545957553564,0.9218999983076056,4D,3D-independent,4D-C,0.1837945713718934,0.0,4D-C
4,4,3D-independent-7db5f3bc9ad5,3D,3D-independent,equal_total,32,independent,raw_minmax,"[80, 48]",,"[1.0, 1.0]",grid,300,300,ridge(alpha_relative=1e-06),149728,0.6210972499975469,5302.142654013948,0.2470273105636724,0.0008401865342051,0.2483375725013291,0.1343735373816079,0.0032455233681352,0.9995028209315298,0.8972936599772973,0.0017884807837847,0.6237251667696452,0.0004810804382652,0.0007355958582928,0.999954259852088,0.8706133340552716,3D,3D-independent,4D-D,0.1524701338717824,0.0,3D optimized
4,4,4D-D-2ecf0e4138e3,4D,4D-D,equal_total,32,partial-spatial,standardized_anomaly,"[80, 48]",,"[1.0, 1.0]",grid,300,300,ridge(alpha_relative=1e-06),163152,1.3978067920033936,470.7652086151096,0.1784213202533774,0.0004837904035651,0.142996024727389,0.0773740416344945,0.0018688148359052,0.999548197157914,0.9546249115000024,0.0014437087512022,0.503487367476682,0.0003883407890387,0.0005937923334676,0.9999524834630252,0.9109713108811204,4D,3D-independent,4D-D,0.1524701338717824,0.0,4D optimized
4,4,4D-D-2ecf0e4138e3,4D,4D-D,equal_total,32,partial-spatial,standardized_anomaly,"[80, 48]",,"[1.0, 1.0]",grid,300,300,ridge(alpha_relative=1e-06),163152,1.3978067920033936,470.7652086151096,0.1784213202533774,0.0004837904035651,0.142996024727389,0.0773740416344945,0.0018688148359052,0.999548197157914,0.9546249115000024,0.0014437087512022,0.503487367476682,0.0003883407890387,0.0005937923334676,0.9999524834630252,0.9109713108811204,4D,3D-independent,4D-D,0.1524701338717824,0.0,4D-D
4,4,4D-E-4f4328240852,4D,4D-E,equal_total,32,joint-property-residual,standardized_anomaly,"[80, 48]",2.0,"[1.0, 1.0]",grid,300,300,ridge(alpha_relative=1e-06),224596,1.131362457999785,460.8532219081299,0.2247489358682161,0.0010351965447588,0.3059775258483439,0.1655620697802154,0.0039988198332722,0.9989869478598448,0.7916707140495044,0.0012858925816916,0.4484496407426665,0.0003458900830083,0.00052888309781,0.9999549534503814,0.9191921321867874,4D,3D-independent,4D-E,0.1947230238709714,0.0,4D-E
4,4,3D-current-e419eaac8e1a,3D,3D-current,equal_total,32,legacy-independent,raw_minmax,"[48, 48]",,"[1.0, 1.0]",grid,300,300,ridge(alpha_relative=1e-06),129984,12.396806417003972,5709.74010526734,0.3365203137783967,0.0017220237063614,0.5089860044378557,0.275408385469659,0.0066519373400414,0.9942158200562444,0.7243643613215344,0.0018126006076846,0.6321368541194777,0.0004875683891326,0.0007455162570605,0.9999520220378868,0.8657188455659584,3D,3D-current,4D-A-current,0.7442725983656792,0.0,3D current
4,4,4D-A-current-205a30146a4e,4D,4D-A-current,equal_total,32,legacy-joint,raw_minmax,"[48, 48]",2.0,"[1.0, 1.0]",grid,300,300,ridge(alpha_relative=1e-06),194740,16.29738016599731,27849.679765219877,1.6443363336637613,0.0023077029871142,0.6820977658445844,0.3690778190083902,0.0089143346941172,0.9798253656789202,0.7172673353612598,0.0157049019792264,5.477018648958912,0.0042244351717829,0.0064593709675579,0.9904801479372112,0.4462748249356407,4D,3D-current,4D-A-current,0.7442725983656792,0.0,4D current
4,4,4D-A-3bf6b15a532d,4D,4D-A,equal_per_property,64,joint,standardized_anomaly,"[80, 48]",2.0,"[1.0, 1.0]",wells,5,10,ridge(alpha_relative=1e-06),504948,0.7476600000009057,37395.26658978694,0.4405071362415788,0.0024203541830815,0.7153945676939129,0.3870944606422887,0.0093494905482946,0.9978148930554612,0.9300003080935908,0.0027190766646388,0.948266574339332,0.000731399859233,0.0011183466722278,0.9999001794997906,0.8732648860402682,4D,3D-independent,4D-A,0.5013630088187271,0.0,4D-A
4,4,4D-B-643a4d560541,4D,4D-B,equal_per_property,64,shared-independent,ensemble_anomaly,"[80, 48]",,"[1.0, 1.0]",wells,5,10,ridge(alpha_relative=1e-06),259184,0.7546276249995572,6428813.479611592,0.4042515935025895,0.0016025133653444,0.4736618153813626,0.2562947403178275,0.0061902855654488,0.99824438135534,0.937102688807129,0.0030024963162741,1.0471079882839152,0.0008076364346873,0.0012349161784769,0.9999128084128716,0.8704241705027109,4D,3D-independent,4D-B,0.5071887433334104,0.0,4D-B
4,4,4D-C-e7705bff9f37,4D,4D-C,equal_per_property,64,joint,standardized_anomaly,"[64, 48]",2.0,"[1.0, 0.5]",wells,5,10,ridge(alpha_relative=1e-08),404420,0.772854125003505,6757.13727103789,0.9027664618103556,0.0033781618695218,0.9984979335419932,0.5402794995813419,0.0130493680183169,0.9942308087333724,0.5406984157869668,0.0065855068844255,2.296667885387388,0.0017714244217114,0.0027085958277344,0.999578137390684,0.8275015275889521,4D,3D-independent,4D-C,0.5289040099080495,0.0,4D-C
4,4,4D-D-ff94f89c821d,4D,4D-D,equal_per_property,64,partial-spatial,standardized_anomaly,"[64, 48]",,"[1.0, 1.0]",wells,5,10,ridge(alpha_relative=1e-08),230208,1.17352141700394,8059.551346339325,0.3700691014388184,0.001544317626745,0.4564606488959074,0.24698732233649,0.0059654835460627,0.9980208985993207,0.9475550226731376,0.0026835490461778,0.9358764665168566,0.0007218433448915,0.0011037342876655,0.9999168986133652,0.8765663966418427,4D,3D-independent,4D-D,0.4983223960657085,0.0,4D-D
4,4,3D-independent-fa9b36e31dc0,3D,3D-independent,equal_per_property,64,independent,raw_minmax,"[80, 48]",,"[1.0, 1.0]",wells,5,10,ridge(alpha_relative=1e-08),272608,0.5989125409978442,38430866.095134,0.8520702577597418,0.0025394633543047,0.7506001812571015,0.4061439455129287,0.0098095926599404,0.9974287948622822,0.8376143992789615,0.0070580211202028,2.461455241887526,0.0018985252313456,0.0029029392716078,0.9996505949788452,0.7699343849323587,3D,3D-independent,4D-E,0.4904437120406387,0.0,3D optimized
4,4,4D-E-6ca320f290f9,4D,4D-E,equal_per_property,64,joint-property-residual,standardized_anomaly,"[80, 48]",2.0,"[1.0, 1.0]",wells,5,10,ridge(alpha_relative=1e-08),408916,1.7564286250053556,21478.439585019645,0.4240045642804512,0.0022826165678021,0.6746828642470322,0.3650656731741376,0.0088174293560933,0.9979117902745068,0.92826208065381,0.0026498785704716,0.9241340294353426,0.0007127863802563,0.0010898857393888,0.9999050179588208,0.8773351924673304,4D,3D-independent,4D-E,0.4904437120406387,0.0,4D optimized
4,4,4D-E-6ca320f290f9,4D,4D-E,equal_per_property,64,joint-property-residual,standardized_anomaly,"[80, 48]",2.0,"[1.0, 1.0]",wells,5,10,ridge(alpha_relative=1e-08),408916,1.7564286250053556,21478.439585019645,0.4240045642804512,0.0022826165678021,0.6746828642470322,0.3650656731741376,0.0088174293560933,0.9979117902745068,0.92826208065381,0.0026498785704716,0.9241340294353426,0.0007127863802563,0.0010898857393888,0.9999050179588208,0.8773351924673304,4D,3D-independent,4D-E,0.4904437120406387,0.0,4D-E
4,4,3D-current-5e7711139fcb,3D,3D-current,equal_per_property,64,legacy-independent,raw_minmax,"[48, 48]",,"[1.0, 1.0]",wells,5,10,ridge(alpha_relative=0.0001),242016,13.87088629200298,592621.0094496602,2.754819236608905,0.0029493557941699,0.8717538648245969,0.4716992654904937,0.0113929499714961,0.9949281165863088,0.7741896213729597,0.0283308467726498,9.880263902305702,0.0076206668281715,0.0116523776698286,0.9980126858218874,0.6912920200164014,3D,3D-current,4D-A-current,1.4362543607451863,0.0,3D current
4,4,4D-A-current-43ce2f360e5a,4D,4D-A-current,equal_per_property,64,legacy-joint,raw_minmax,"[48, 48]",2.0,"[1.0, 1.0]",wells,5,10,ridge(alpha_relative=0.0001),380500,15.693647416999738,286481.8207461075,2.6401932048678636,0.0033807265209873,0.9992559786823492,0.5406896719365701,0.0130592749091363,0.9792431014765418,0.6485729295588135,0.0261113963757452,9.106239891817422,0.0070236605984533,0.0107395255248956,0.9898681541109114,0.4408731724978197,4D,3D-current,4D-A-current,1.4362543607451863,0.0,4D current
4,4,4D-A-3bf6b15a532d,4D,4D-A,equal_per_property,64,joint,standardized_anomaly,"[80, 48]",2.0,"[1.0, 1.0]",wells,10,20,ridge(alpha_relative=1e-08),504948,0.7476600000009057,2934678.968107073,0.3939036197583166,0.0017104048828124,0.5055517784439502,0.2735501523786254,0.0066070554456007,0.9982844512179858,0.9135747129658884,0.0027294432826097,0.9518818888461248,0.000734188358367,0.0011226104257515,0.9998979331273784,0.8500636635477277,4D,3D-independent,4D-A,0.3309719352516049,0.0,4D-A
4,4,4D-B-643a4d560541,4D,4D-B,equal_per_property,64,shared-independent,ensemble_anomaly,"[80, 48]",,"[1.0, 1.0]",wells,10,20,ridge(alpha_relative=1e-06),259184,0.7546276249995572,2415476859.1392245,0.3623511786428939,0.001594718339206,0.4713578057478007,0.2550480585471045,0.0061601744669516,0.9983714359336164,0.9370585611442604,0.0025385641017745,0.8853135756840655,0.0006828440885238,0.0010441024897816,0.9999119042991406,0.8774747725763207,4D,3D-independent,4D-B,0.326331580233663,0.0,4D-B
4,4,4D-C-e7705bff9f37,4D,4D-C,equal_per_property,64,joint,standardized_anomaly,"[64, 48]",2.0,"[1.0, 0.5]",wells,10,20,ridge(alpha_relative=1e-08),404420,0.772854125003505,1236380.8302370647,0.5881637442719282,0.0037733151849523,1.1152951102697677,0.6034775474442439,0.0145757901484204,0.99406058674891,0.8494003146207465,0.003099150809694,1.080815837187841,0.0008336353643243,0.0012746698317952,0.9998458885265538,0.8375116261190448,4D,3D-independent,4D-C,0.3500875179487498,0.0,4D-C
4,4,4D-D-ff94f89c821d,4D,4D-D,equal_per_property,64,partial-spatial,standardized_anomaly,"[64, 48]",,"[1.0, 1.0]",wells,10,20,ridge(alpha_relative=1e-06),230208,1.17352141700394,511343.3841709891,0.3772696556451698,0.0013506241633914,0.3992098331063997,0.2160093492568111,0.0052172727190898,0.9986536098411404,0.9504059775674464,0.0029180513194694,1.017658150079111,0.0007849217170116,0.0012001842481893,0.9998976059801372,0.8651727436422165,4D,3D-independent,4D-D,0.3310941548570484,0.0,4D-D
4,4,3D-independent-fa9b36e31dc0,3D,3D-independent,equal_per_property,64,independent,raw_minmax,"[80, 48]",,"[1.0, 1.0]",wells,10,20,ridge(alpha_relative=1e-06),272608,0.5989125409978442,965570772.1711472,0.4247453645671816,0.0019449006482175,0.5748627073528983,0.3110537592750433,0.0075128798731144,0.99843371947604,0.8431019526126959,0.0027895932337596,0.9728589318494942,0.00075036799257,0.0011473498891796,0.9998959011535008,0.854378409254636,3D,3D-independent,4D-E,0.3253769828255487,0.0,3D optimized
4,4,4D-E-6ca320f290f9,4D,4D-E,equal_per_property,64,joint-property-residual,standardized_anomaly,"[80, 48]",2.0,"[1.0, 1.0]",wells,10,20,ridge(alpha_relative=1e-06),408916,1.7564286250053556,1858241.9811874523,0.3887163705666324,0.0016898726459478,0.4994829762751531,0.2702663705212261,0.0065277422790225,0.9979869566053472,0.912641549385803,0.0026860631077473,0.9367532349372554,0.0007225195980851,0.0011047683123499,0.9999051381301434,0.8500999085059543,4D,3D-independent,4D-E,0.3253769828255487,0.0,4D optimized
4,4,4D-E-6ca320f290f9,4D,4D-E,equal_per_property,64,joint-property-residual,standardized_anomaly,"[80, 48]",2.0,"[1.0, 1.0]",wells,10,20,ridge(alpha_relative=1e-06),408916,1.7564286250053556,1858241.9811874523,0.3887163705666324,0.0016898726459478,0.4994829762751531,0.2702663705212261,0.0065277422790225,0.9979869566053472,0.912641549385803,0.0026860631077473,0.9367532349372554,0.0007225195980851,0.0011047683123499,0.9999051381301434,0.8500999085059543,4D,3D-independent,4D-E,0.3253769828255487,0.0,4D-E
4,4,3D-current-5e7711139fcb,3D,3D-current,equal_per_property,64,legacy-independent,raw_minmax,"[48, 48]",,"[1.0, 1.0]",wells,10,20,ridge(alpha_relative=0.0001),242016,13.87088629200298,37340236.35383372,0.5697068722386162,0.0022399258413915,0.6620645813616266,0.35823801801944,0.0086525210357057,0.995424100008446,0.8022861655115541,0.004087934170126,1.4256498840369904,0.0010996065375674,0.0016813529515005,0.9998381859738844,0.8154877873767511,3D,3D-current,4D-A-current,0.8947929247907954,0.0,3D current
4,4,4D-A-current-43ce2f360e5a,4D,4D-A-current,equal_per_property,64,legacy-joint,raw_minmax,"[48, 48]",2.0,"[1.0, 1.0]",wells,10,20,ridge(alpha_relative=0.0001),380500,15.693647416999738,53046387.10321334,1.8034982211713595,0.0033634277338866,0.994142901263328,0.5379230253402473,0.0129924521079009,0.9799526551858024,0.6431421349585507,0.0165275266675753,5.763905556316893,0.0044457116032586,0.0067977136096288,0.9902648435707142,0.4449690108310165,4D,3D-current,4D-A-current,0.8947929247907954,0.0,4D current
4,4,4D-A-3bf6b15a532d,4D,4D-A,equal_per_property,64,joint,standardized_anomaly,"[80, 48]",2.0,"[1.0, 1.0]",wells,15,30,ridge(alpha_relative=0.0001),504948,0.7476600000009057,10148857.535351649,0.3169857351437345,0.000744257232025,0.2199833332160333,0.1190312780764463,0.0028749618568052,0.9992461509312316,0.9716560496208972,0.002773553991698,0.9672653135000802,0.0007460536238218,0.0011407530053117,0.9999008851084698,0.8669553626614537,4D,3D-independent,4D-A,0.3247720318950035,0.0,4D-A
4,4,3D-independent-fa9b36e31dc0,3D,3D-independent,equal_per_property,64,independent,raw_minmax,"[80, 48]",,"[1.0, 1.0]",wells,15,30,ridge(alpha_relative=1e-08),272608,0.5989125409978442,1560606801.110499,0.3397209407239658,0.0010760160537935,0.3180427249103205,0.1720904555610758,0.0041564999019885,0.9990933292277422,0.9320919952438682,0.0026878856055783,0.9373888234064656,0.0007230098287116,0.0011055178993001,0.9999080843983816,0.8610035755979774,3D,3D-independent,4D-B,0.3052527677136284,0.0,3D optimized
4,4,4D-B-643a4d560541,4D,4D-B,equal_per_property,64,shared-independent,ensemble_anomaly,"[80, 48]",,"[1.0, 1.0]",wells,15,30,ridge(alpha_relative=1e-08),259184,0.7546276249995572,8402667228.930539,0.368217577400303,0.0011393474876759,0.336761871091663,0.18221924060079,0.0044011403957775,0.9987409032880624,0.9704540630492856,0.003029553397533,1.0565440318095194,0.0008149144734721,0.0012460446608693,0.999876189103064,0.8704171235506554,4D,3D-independent,4D-B,0.3052527677136284,0.0,4D optimized
4,4,4D-B-643a4d560541,4D,4D-B,equal_per_property,64,shared-independent,ensemble_anomaly,"[80, 48]",,"[1.0, 1.0]",wells,15,30,ridge(alpha_relative=1e-08),259184,0.7546276249995572,8402667228.930539,0.368217577400303,0.0011393474876759,0.336761871091663,0.18221924060079,0.0044011403957775,0.9987409032880624,0.9704540630492856,0.003029553397533,1.0565440318095194,0.0008149144734721,0.0012460446608693,0.999876189103064,0.8704171235506554,4D,3D-independent,4D-B,0.3052527677136284,0.0,4D-B
4,4,4D-C-e7705bff9f37,4D,4D-C,equal_per_property,64,joint,standardized_anomaly,"[64, 48]",2.0,"[1.0, 0.5]",wells,15,30,ridge(alpha_relative=0.0001),404420,0.772854125003505,3618090.5099476655,0.3850548915200709,0.0011098870807769,0.3280541310406603,0.1775075498909741,0.0042873389539155,0.9985098733301212,0.9580429304929924,0.0032169943167375,1.1219132656588608,0.0008653338911015,0.0013231384519189,0.9998593654814434,0.8614527307454831,4D,3D-independent,4D-C,0.3342491630277459,0.0,4D-C
4,4,4D-D-ff94f89c821d,4D,4D-D,equal_per_property,64,partial-spatial,standardized_anomaly,"[64, 48]",,"[1.0, 1.0]",wells,15,30,ridge(alpha_relative=1e-08),230208,1.17352141700394,876052.3962275839,0.3623334538640507,0.0010309029695872,0.3047084552407462,0.1648753855019876,0.0039822343513764,0.9987271890067518,0.966640996885162,0.003044602477352,1.0617923352327143,0.0008189625001439,0.0012522342944881,0.9998913028885548,0.8676929531493535,4D,3D-independent,4D-D,0.312239239195809,0.0,4D-D
4,4,4D-E-6ca320f290f9,4D,4D-E,equal_per_property,64,joint-property-residual,standardized_anomaly,"[80, 48]",2.0,"[1.0, 1.0]",wells,15,30,ridge(alpha_relative=1e-08),408916,1.7564286250053556,2737089.931533796,0.3411631887553095,0.0009197536926876,0.2718555821146032,0.1470989502624694,0.0035528802010265,0.998608243407407,0.961374471382978,0.0028849984428646,1.0061310980920513,0.0007760308793201,0.0011865897162516,0.9999009378009552,0.8652933789878544,4D,3D-independent,4D-E,0.3122015095559851,0.0,4D-E
4,4,3D-current-5e7711139fcb,3D,3D-current,equal_per_property,64,legacy-independent,raw_minmax,"[48, 48]",,"[1.0, 1.0]",wells,15,30,ridge(alpha_relative=0.0001),242016,13.87088629200298,55728439.924304165,0.4760345105014757,0.0016344630767493,0.4831053299455642,0.2614045529189784,0.0063137028433368,0.995924523062626,0.8517527790168516,0.0036118801806117,1.2596280532780362,0.0009715535755284,0.0014855536193604,0.9998716789162622,0.8254379034185434,3D,3D-current,4D-A-current,0.8547424524855541,0.0,3D current
4,4,4D-A-current-43ce2f360e5a,4D,4D-A-current,equal_per_property,64,legacy-joint,raw_minmax,"[48, 48]",2.0,"[1.0, 1.0]",wells,15,30,ridge(alpha_relative=0.0001),380500,15.693647416999738,176834719.79037747,1.7179749536867892,0.0029120892114454,0.8607388195787561,0.4657391098072688,0.0112489943614515,0.9826010823532256,0.6569574408745621,0.015951260561465,5.562935170503362,0.0042907027525075,0.0065606973862662,0.9904812468161466,0.4465909097953607,4D,3D-current,4D-A-current,0.8547424524855541,0.0,4D current
4,4,4D-A-3bf6b15a532d,4D,4D-A,equal_per_property,64,joint,standardized_anomaly,"[80, 48]",2.0,"[1.0, 1.0]",wells,20,40,ridge(alpha_relative=0.0001),504948,0.7476600000009057,17791478.088334,0.2901878696474039,0.000534470612075,0.1579757934368731,0.0854794784815143,0.0020645854110389,0.9993691624403264,0.9803775904912406,0.0026697636868771,0.9310688803203652,0.0007181352442766,0.0010980644178528,0.9999067007742676,0.8762087998440047,4D,3D-independent,4D-A,0.3123178943387981,0.0,4D-A
4,4,3D-independent-fa9b36e31dc0,3D,3D-independent,equal_per_property,64,independent,raw_minmax,"[80, 48]",,"[1.0, 1.0]",wells,20,40,ridge(alpha_relative=1e-06),272608,0.5989125409978442,3989203717.1668887,0.3328765502680661,0.000626199569762,0.1850885187099594,0.1001499641688173,0.0024189215775776,0.9995154392097167,0.959594896610604,0.003033496760264,1.0579192630109588,0.0008159751919814,0.0012476665520962,0.9998976615890676,0.8634082646867036,3D,3D-independent,4D-B,0.2557691226391106,0.0,3D optimized
4,4,4D-B-643a4d560541,4D,4D-B,equal_per_property,64,shared-independent,ensemble_anomaly,"[80, 48]",,"[1.0, 1.0]",wells,20,40,ridge(alpha_relative=1e-06),259184,0.7546276249995572,18974344066.611347,0.2584024306922287,0.0003549517131947,0.1049146150543576,0.0567684857586674,0.0013711289491484,0.9997151759437616,0.9920809592466352,0.0024751377068736,0.8631938866743553,0.0006657831292263,0.0010180154365582,0.999921050134316,0.8769165986729606,4D,3D-independent,4D-B,0.2557691226391106,0.0,4D optimized
4,4,4D-B-643a4d560541,4D,4D-B,equal_per_property,64,shared-independent,ensemble_anomaly,"[80, 48]",,"[1.0, 1.0]",wells,20,40,ridge(alpha_relative=1e-06),259184,0.7546276249995572,18974344066.611347,0.2584024306922287,0.0003549517131947,0.1049146150543576,0.0567684857586674,0.0013711289491484,0.9997151759437616,0.9920809592466352,0.0024751377068736,0.8631938866743553,0.0006657831292263,0.0010180154365582,0.999921050134316,0.8769165986729606,4D,3D-independent,4D-B,0.2557691226391106,0.0,4D-B
4,4,4D-C-e7705bff9f37,4D,4D-C,equal_per_property,64,joint,standardized_anomaly,"[64, 48]",2.0,"[1.0, 0.5]",wells,20,40,ridge(alpha_relative=0.0001),404420,0.772854125003505,8133397.506577106,0.3331815980461317,0.0006152883488896,0.1818634419036188,0.0984049000835466,0.0023767730535601,0.9991987020724694,0.9785084861752248,0.0030825751291938,1.0750351381844867,0.0008291766999026,0.0012678523126835,0.999872927158288,0.869835889631933,4D,3D-independent,4D-C,0.3148612309859351,0.0,4D-C
4,4,4D-D-ff94f89c821d,4D,4D-D,equal_per_property,64,partial-spatial,standardized_anomaly,"[64, 48]",,"[1.0, 1.0]",wells,20,40,ridge(alpha_relative=1e-06),230208,1.17352141700394,1106665.7034259497,0.3238839477829502,0.000404181245484,0.1194656011108638,0.0646419116326064,0.0015612957644238,0.9995264784319762,0.9912624154023268,0.0031784174186117,1.108459734351665,0.000854957156151,0.0013072719093514,0.9998715425965649,0.8735166732591289,4D,3D-independent,4D-D,0.3005294403946056,0.0,4D-D
4,4,4D-E-6ca320f290f9,4D,4D-E,equal_per_property,64,joint-property-residual,standardized_anomaly,"[80, 48]",2.0,"[1.0, 1.0]",wells,20,40,ridge(alpha_relative=1e-06),408916,1.7564286250053556,3497508.317465983,0.3559538921507479,0.0006765549119584,0.1999722652762627,0.1082034441777468,0.0026134372394639,0.997976363485825,0.9648342682031612,0.0032631523602776,1.1380106896098587,0.0008777498656073,0.001342123092941,0.9998656857494366,0.8635005043630983,4D,3D-independent,4D-E,0.3046890694867317,0.0,4D-E
4,4,3D-current-5e7711139fcb,3D,3D-current,equal_per_property,64,legacy-independent,raw_minmax,"[48, 48]",,"[1.0, 1.0]",wells,20,40,ridge(alpha_relative=0.0001),242016,13.87088629200298,160746792.76792344,0.43069863980202,0.0011561998631097,0.3417430006810084,0.1849144912482648,0.0044662387710218,0.996102827582766,0.9095243443356192,0.0035793656936817,1.2482887624303656,0.0009628075583702,0.001472180525203,0.9998783539737204,0.824950063470968,3D,3D-current,4D-A-current,0.8313761202919437,0.0,3D current
4,4,4D-A-current-43ce2f360e5a,4D,4D-A-current,equal_per_property,64,legacy-joint,raw_minmax,"[48, 48]",2.0,"[1.0, 1.0]",wells,20,40,ridge(alpha_relative=0.0001),380500,15.693647416999738,361488902.2336852,1.664715590334701,0.0024046708635718,0.7107589810268562,0.3845861805942178,0.0092889080729913,0.9826783845336826,0.7013675303891371,0.0158372308673406,5.523167793280609,0.0042600300968536,0.0065137973739872,0.9905732426086692,0.4487612955481854,4D,3D-current,4D-A-current,0.8313761202919437,0.0,4D current
4,4,4D-A-3bf6b15a532d,4D,4D-A,equal_per_property,64,joint,standardized_anomaly,"[80, 48]",2.0,"[1.0, 1.0]",wells,30,60,ridge(alpha_relative=0.0001),504948,0.7476600000009057,136466487.05041066,0.3067118865942826,0.000351321495405,0.1038416158609093,0.0561878942042803,0.0013571059242745,0.9998013985092816,0.9855053886066496,0.0030216102996183,1.0537739097503789,0.0008127778729223,0.0012427776926239,0.9998297429876968,0.8760305698616656,4D,3D-independent,4D-A,0.2983505103324029,0.0,4D-A
4,4,3D-independent-fa9b36e31dc0,3D,3D-independent,equal_per_property,64,independent,raw_minmax,"[80, 48]",,"[1.0, 1.0]",wells,30,60,ridge(alpha_relative=1e-06),272608,0.5989125409978442,18177289397.667328,0.265267911600266,0.0005462889914701,0.161469003016402,0.0873696271339663,0.0021102381618731,0.9997971815367676,0.980985785027904,0.0023344943287579,0.8141450988620533,0.000627951703473,0.000960169309624,0.9999113042529856,0.8480991259268785,3D,3D-independent,4D-B,0.2150866396962805,0.0,3D optimized
4,4,4D-B-643a4d560541,4D,4D-B,equal_per_property,64,shared-independent,ensemble_anomaly,"[80, 48]",,"[1.0, 1.0]",wells,30,60,ridge(alpha_relative=1e-06),259184,0.7546276249995572,52631364107.72357,0.2118725293458622,0.0002503189094108,0.0739878441078339,0.0400342494930178,0.0009669470253384,0.999935128894031,0.9947289507814762,0.002040570518988,0.7116404038558386,0.0005488896321873,0.0008392794800655,0.9999361159860072,0.881547310378971,4D,3D-independent,4D-B,0.2150866396962805,0.0,4D optimized
4,4,4D-B-643a4d560541,4D,4D-B,equal_per_property,64,shared-independent,ensemble_anomaly,"[80, 48]",,"[1.0, 1.0]",wells,30,60,ridge(alpha_relative=1e-06),259184,0.7546276249995572,52631364107.72357,0.2118725293458622,0.0002503189094108,0.0739878441078339,0.0400342494930178,0.0009669470253384,0.999935128894031,0.9947289507814762,0.002040570518988,0.7116404038558386,0.0005488896321873,0.0008392794800655,0.9999361159860072,0.881547310378971,4D,3D-independent,4D-B,0.2150866396962805,0.0,4D-B
4,4,4D-C-e7705bff9f37,4D,4D-C,equal_per_property,64,joint,standardized_anomaly,"[64, 48]",2.0,"[1.0, 0.5]",wells,30,60,ridge(alpha_relative=0.0001),404420,0.772854125003505,72713985.63252069,0.3364956514395733,0.0004485402415074,0.1325769816705048,0.0717363781203385,0.0017326483775875,0.9997223769528036,0.9802884833035916,0.0032591553812853,1.136616759962347,0.0008766747249501,0.0013404791495344,0.9997966606898168,0.8661337884455254,4D,3D-independent,4D-C,0.2952969028851038,0.0,4D-C
4,4,4D-D-ff94f89c821d,4D,4D-D,equal_per_property,64,partial-spatial,standardized_anomaly,"[64, 48]",,"[1.0, 1.0]",wells,30,60,ridge(alpha_relative=0.0001),230208,1.17352141700394,4550220.416736176,0.3407938384842866,0.0004574318419791,0.135205110528669,0.0731584382935502,0.0017669953897522,0.9979826179579242,0.9789040229136632,0.003287086499671,1.1463576202674417,0.0008841878695117,0.001351967120324,0.9997959826536592,0.8578707308042649,4D,3D-independent,4D-D,0.2806547004031702,0.0,4D-D
4,4,4D-E-6ca320f290f9,4D,4D-E,equal_per_property,64,joint-property-residual,standardized_anomaly,"[80, 48]",2.0,"[1.0, 1.0]",wells,30,60,ridge(alpha_relative=0.0001),408916,1.7564286250053556,12593640.853832005,0.3016683508375343,0.0004838930479329,0.1430263637676805,0.077390457854254,0.001869211336778,0.9992757297291612,0.9744252908182898,0.0028142552963279,0.9814597226590692,0.000757001799305,0.0011574933088052,0.9998485622435992,0.8612000753349346,4D,3D-independent,4D-E,0.2972423359795803,0.0,4D-E
4,4,3D-current-5e7711139fcb,3D,3D-current,equal_per_property,64,legacy-independent,raw_minmax,"[48, 48]",,"[1.0, 1.0]",wells,30,60,ridge(alpha_relative=0.0001),242016,13.87088629200298,911401529.553858,0.3555130985334304,0.001175281002434,0.347382895665576,0.1879661947496876,0.0045399465502429,0.996126115318701,0.9089886245493736,0.0027054057308712,0.9434988935672508,0.0007277225377498,0.0011127238652345,0.9999162644061866,0.828670165648837,3D,3D-current,4D-A-current,0.8013314062634205,0.0,3D current
4,4,4D-A-current-43ce2f360e5a,4D,4D-A-current,equal_per_property,64,legacy-joint,raw_minmax,"[48, 48]",2.0,"[1.0, 1.0]",wells,30,60,ridge(alpha_relative=0.0001),380500,15.693647416999738,1228578748.400763,1.6603085016375811,0.0024528889339497,0.7250110049058971,0.3922978403490607,0.009475167752011,0.9828832578168188,0.6535082397696386,0.0156729377544397,5.4658712597241355,0.0042158371687132,0.0064462241942854,0.9906091502659315,0.4457882763897773,4D,3D-current,4D-A-current,0.8013314062634205,0.0,4D current
4,4,4D-A-3bf6b15a532d,4D,4D-A,equal_per_property,64,joint,standardized_anomaly,"[80, 48]",2.0,"[1.0, 1.0]",grid,30,30,ridge(alpha_relative=0.0001),504948,0.7476600000009057,110.71720238793526,0.5785148034920784,0.0043419203947031,1.2833602145679686,0.6944162739023085,0.0167722327482005,0.997230210419864,0.1930677636849355,0.001665220482647,0.5807386540934854,0.0004479248571543,0.0006848993298029,0.9999473191195452,0.9070115457013446,4D,3D-independent,4D-A,0.5054032229217051,0.0,4D-A
4,4,3D-independent-fa9b36e31dc0,3D,3D-independent,equal_per_property,64,independent,raw_minmax,"[80, 48]",,"[1.0, 1.0]",grid,30,30,ridge(alpha_relative=1e-06),272608,0.5989125409978442,18883.111606411745,0.7882861878922972,0.0062979051579822,1.8614991018114744,1.0072427487457822,0.0243279290114651,0.9977656369647832,-0.0600429173055158,0.0020060915320632,0.6996160018803264,0.0005396151874792,0.0008250983939672,0.9999371356407952,0.87598362155074,3D,3D-independent,4D-B,0.4350153170107379,0.0,3D optimized
4,4,4D-B-643a4d560541,4D,4D-B,equal_per_property,64,shared-independent,ensemble_anomaly,"[80, 48]",,"[1.0, 1.0]",grid,30,30,ridge(alpha_relative=1e-06),259184,0.7546276249995572,45616.74573805417,0.3785037407457169,0.002089613022408,0.6176359704966349,0.3341980407306714,0.0080718835859482,0.9988160843591128,0.7285518057749398,0.0020148172245617,0.7026590505158729,0.00054196229683,0.0008286872406134,0.9999361610842246,0.8840083102843403,4D,3D-independent,4D-B,0.4350153170107379,0.0,4D optimized
4,4,4D-B-643a4d560541,4D,4D-B,equal_per_property,64,shared-independent,ensemble_anomaly,"[80, 48]",,"[1.0, 1.0]",grid,30,30,ridge(alpha_relative=1e-06),259184,0.7546276249995572,45616.74573805417,0.3785037407457169,0.002089613022408,0.6176359704966349,0.3341980407306714,0.0080718835859482,0.9988160843591128,0.7285518057749398,0.0020148172245617,0.7026590505158729,0.00054196229683,0.0008286872406134,0.9999361610842246,0.8840083102843403,4D,3D-independent,4D-B,0.4350153170107379,0.0,4D-B
4,4,4D-C-e7705bff9f37,4D,4D-C,equal_per_property,64,joint,standardized_anomaly,"[64, 48]",2.0,"[1.0, 0.5]",grid,30,30,ridge(alpha_relative=0.0001),404420,0.772854125003505,137.52777107760417,0.6023019757598069,0.0045414974711815,1.3423500753688626,0.726335230770675,0.017543171151858,0.9970984912098828,0.1597531268809441,0.001717366574135,0.598924384633427,0.0004619515466073,0.0007063468338927,0.9999458683910764,0.9043799870451792,4D,3D-independent,4D-C,0.4969392318779471,0.0,4D-C
4,4,4D-D-ff94f89c821d,4D,4D-D,equal_per_property,64,partial-spatial,standardized_anomaly,"[64, 48]",,"[1.0, 1.0]",grid,30,30,ridge(alpha_relative=0.0001),230208,1.17352141700394,220.95039606105152,0.3608262068157368,0.0020931313840649,0.6186759078884845,0.3347607428002404,0.008085474526186,0.9985572221785054,0.7310362831873937,0.0018280364411015,0.6375200362366638,0.0004917204480043,0.0007518649610744,0.9999238977360356,0.8947459505370084,4D,3D-independent,4D-D,0.4542807124337594,0.0,4D-D
4,4,4D-E-6ca320f290f9,4D,4D-E,equal_per_property,64,joint-property-residual,standardized_anomaly,"[80, 48]",2.0,"[1.0, 1.0]",grid,30,30,ridge(alpha_relative=0.0001),408916,1.7564286250053556,143.89705002800932,0.5975636234940966,0.0045919037955262,1.357248890949524,0.7343968645065813,0.0177378837506707,0.9964945150218076,0.211235438925923,0.0016951137615437,0.5911638096412574,0.0004559657999719,0.000697194330312,0.9999447605752044,0.905080974302866,4D,3D-independent,4D-E,0.534816628654045,0.0,4D-E
4,4,3D-current-5e7711139fcb,3D,3D-current,equal_per_property,64,legacy-independent,raw_minmax,"[48, 48]",,"[1.0, 1.0]",grid,30,30,ridge(alpha_relative=0.0001),242016,13.87088629200298,21941.778268962214,1.1286791804880707,0.0067302000031402,1.9892743613292252,1.076380952193274,0.0259978236893322,0.993649104818784,-0.1648454800980323,0.0052465644019123,1.8297173143931436,0.0014112645350973,0.0021578934922333,0.9999178646419876,0.7733953876382046,3D,3D-current,4D-A-current,1.032219727178258,0.0,3D current
4,4,4D-A-current-43ce2f360e5a,4D,4D-A-current,equal_per_property,64,legacy-joint,raw_minmax,"[48, 48]",2.0,"[1.0, 1.0]",grid,30,30,ridge(alpha_relative=0.0001),380500,15.693647416999738,53229.35045938882,1.8539502366257603,0.0039940634959644,1.1805426445478315,0.6387824829723715,0.0154285100775061,0.9777391885254704,0.4298397919815067,0.0162604533224703,5.6707648481663595,0.0043738719933075,0.0066878672817841,0.9905143027080002,0.4411733004407934,4D,3D-current,4D-A-current,1.032219727178258,0.0,4D current
4,4,4D-A-3bf6b15a532d,4D,4D-A,equal_per_property,64,joint,standardized_anomaly,"[80, 48]",2.0,"[1.0, 1.0]",grid,100,100,ridge(alpha_relative=1e-08),504948,0.7476600000009057,904.653967982899,0.2120568124628884,0.0012920875385881,0.3819079094094063,0.2066474123285631,0.0049911539038551,0.9991179581865208,0.8794676348657929,0.0010748121029659,0.3748362097298136,0.000289111900019,0.0004420664390431,0.999958005851763,0.9375661037095394,4D,3D-independent,4D-A,0.2145535871726449,0.0,4D-A
4,4,3D-independent-fa9b36e31dc0,3D,3D-independent,equal_per_property,64,independent,raw_minmax,"[80, 48]",,"[1.0, 1.0]",grid,100,100,ridge(alpha_relative=1e-08),272608,0.5989125409978442,4.376729811635757e+18,0.2192616481036831,0.0010115175384121,0.2989786193960498,0.1617750156976412,0.0039073511351871,0.9994987384769096,0.8755145619416695,0.00135163264863,0.4713762131645833,0.0003635733930562,0.0005559217562079,0.9999544256403186,0.9111019183501312,3D,3D-independent,4D-B,0.1406647589018049,0.0,3D optimized
4,4,4D-B-643a4d560541,4D,4D-B,equal_per_property,64,shared-independent,ensemble_anomaly,"[80, 48]",,"[1.0, 1.0]",grid,100,100,ridge(alpha_relative=1e-08),259184,0.7546276249995572,4.1569747985759846e+18,0.1716183978595705,0.0005966801126584,0.1763633249342611,0.0954288293837284,0.0023048920330132,0.9996160245486132,0.967719910936672,0.0012965620778531,0.4521705827471928,0.0003487600528374,0.0005332714240686,0.9999542200860208,0.9164007215496716,4D,3D-independent,4D-B,0.1406647589018049,0.0,4D optimized
4,4,4D-B-643a4d560541,4D,4D-B,equal_per_property,64,shared-independent,ensemble_anomaly,"[80, 48]",,"[1.0, 1.0]",grid,100,100,ridge(alpha_relative=1e-08),259184,0.7546276249995572,4.1569747985759846e+18,0.1716183978595705,0.0005966801126584,0.1763633249342611,0.0954288293837284,0.0023048920330132,0.9996160245486132,0.967719910936672,0.0012965620778531,0.4521705827471928,0.0003487600528374,0.0005332714240686,0.9999542200860208,0.9164007215496716,4D,3D-independent,4D-B,0.1406647589018049,0.0,4D-B
4,4,4D-C-e7705bff9f37,4D,4D-C,equal_per_property,64,joint,standardized_anomaly,"[64, 48]",2.0,"[1.0, 0.5]",grid,100,100,ridge(alpha_relative=1e-06),404420,0.772854125003505,1794.8941943131888,0.4872816200293042,0.0042521847448352,1.2568366599193397,0.6800645838774267,0.0164255964516825,0.9964760458880408,0.4155024316307408,0.0010575509568127,0.3688164574569962,0.0002844688533441,0.0004349669903183,0.9999589833921656,0.9375508428874972,4D,3D-independent,4D-C,0.2134134945598564,0.0,4D-C
4,4,4D-D-ff94f89c821d,4D,4D-D,equal_per_property,64,partial-spatial,standardized_anomaly,"[64, 48]",,"[1.0, 1.0]",grid,100,100,ridge(alpha_relative=1e-08),230208,1.17352141700394,2.614706901614495e+17,0.2507102645758842,0.0006242843660302,0.184522433648803,0.099843659925926,0.0024115234127496,0.9976782108079396,0.9363191254337064,0.0020617792168628,0.7190368482229832,0.0005545945241611,0.0008480025429343,0.9998149710254104,0.8651173217027922,4D,3D-independent,4D-D,0.1633331358738839,0.0,4D-D
4,4,4D-E-6ca320f290f9,4D,4D-E,equal_per_property,64,joint-property-residual,standardized_anomaly,"[80, 48]",2.0,"[1.0, 1.0]",grid,100,100,ridge(alpha_relative=0.0001),408916,1.7564286250053556,5025.155172160213,0.4326238068019881,0.0027145292005428,0.802345151585359,0.4341427482501871,0.0104858476007144,0.9945103948693346,0.3731526906149658,0.0016124158079846,0.5623232454356795,0.0004337210165207,0.000663180952769,0.9998963751363052,0.8951936490112066,4D,3D-independent,4D-E,0.2641007298726978,0.0,4D-E
4,4,3D-current-5e7711139fcb,3D,3D-current,equal_per_property,64,legacy-independent,raw_minmax,"[48, 48]",,"[1.0, 1.0]",grid,100,100,ridge(alpha_relative=1e-06),242016,13.87088629200298,8.479232057742892e+18,0.3020318124571956,0.0017413144973801,0.5146878670816641,0.2784936191916263,0.0067264549745097,0.9933417112319264,0.7348775518767814,0.0014560252465383,0.5077826935306008,0.000391653782406,0.000598858064696,0.9999541520354406,0.8938090696901833,3D,3D-current,4D-A-current,0.7863913158198839,0.0,3D current
4,4,4D-A-current-43ce2f360e5a,4D,4D-A-current,equal_per_property,64,legacy-joint,raw_minmax,"[48, 48]",2.0,"[1.0, 1.0]",grid,100,100,ridge(alpha_relative=1e-06),380500,15.693647416999738,815341.7574287155,1.7365228539687512,0.0031008301300417,0.916525790266414,0.4959250076381921,0.0119780741989509,0.9782828897480074,0.5549841947654779,0.0158559450772146,5.529694295427262,0.0042650640006951,0.0065214944627115,0.9903696744732664,0.4452731448718651,4D,3D-current,4D-A-current,0.7863913158198839,0.0,4D current
4,4,4D-A-3bf6b15a532d,4D,4D-A,equal_per_property,64,joint,standardized_anomaly,"[80, 48]",2.0,"[1.0, 1.0]",grid,300,300,ridge(alpha_relative=1e-08),504948,0.7476600000009057,831.1965421544062,0.1812131895118655,0.0011924852612871,0.3524680329610933,0.1907177231615478,0.0046064042020454,0.9990843268415006,0.8885549372567842,0.0008467882703599,0.2953138551654607,0.0002277761527638,0.0003482810383959,0.9999754714446591,0.9573033229014,4D,3D-independent,4D-A,0.1447975706718846,0.0,4D-A
4,4,3D-independent-fa9b36e31dc0,3D,3D-independent,equal_per_property,64,independent,raw_minmax,"[80, 48]",,"[1.0, 1.0]",grid,300,300,least_squares(rcond=1e-10),272608,0.5989125409978442,173700.27320750905,0.1640127428472131,0.0004287560738646,0.1267292895612502,0.0685722372039057,0.0016562248980508,0.9998798350164596,0.9692023056019282,0.0013332348896185,0.46496007192802,0.0003586246108,0.0005483548226107,0.9999570024131748,0.9020744745989072,3D,3D-independent,4D-B,0.1069620982459227,0.0,3D optimized
4,4,4D-B-643a4d560541,4D,4D-B,equal_per_property,64,shared-independent,ensemble_anomaly,"[80, 48]",,"[1.0, 1.0]",grid,300,300,least_squares(rcond=1e-10),259184,0.7546276249995572,114740.9704574229,0.1362431365226556,0.0002985162690085,0.088233746411896,0.0477425969110444,0.0011531267015038,0.9999502502680222,0.9819151530918449,0.0011874671071534,0.4141241696068746,0.0003194147801386,0.0004884010461843,0.9999588003281382,0.932855586764451,4D,3D-independent,4D-B,0.1069620982459227,0.0,4D optimized
4,4,4D-B-643a4d560541,4D,4D-B,equal_per_property,64,shared-independent,ensemble_anomaly,"[80, 48]",,"[1.0, 1.0]",grid,300,300,least_squares(rcond=1e-10),259184,0.7546276249995572,114740.9704574229,0.1362431365226556,0.0002985162690085,0.088233746411896,0.0477425969110444,0.0011531267015038,0.9999502502680222,0.9819151530918449,0.0011874671071534,0.4141241696068746,0.0003194147801386,0.0004884010461843,0.9999588003281382,0.932855586764451,4D,3D-independent,4D-B,0.1069620982459227,0.0,4D-B
4,4,4D-C-e7705bff9f37,4D,4D-C,equal_per_property,64,joint,standardized_anomaly,"[64, 48]",2.0,"[1.0, 0.5]",grid,300,300,ridge(alpha_relative=1e-08),404420,0.772854125003505,1394.188390197552,0.4766768486812917,0.0045064463204014,1.3319898549371667,0.7207293957234923,0.0174077734463419,0.9963116781512894,0.4241996908320643,0.0007697924247191,0.2684618771636362,0.0002070651697321,0.0003166129177917,0.9999772117738592,0.963288983919208,4D,3D-independent,4D-C,0.158667264345602,0.0,4D-C
4,4,4D-D-ff94f89c821d,4D,4D-D,equal_per_property,64,partial-spatial,standardized_anomaly,"[64, 48]",,"[1.0, 1.0]",grid,300,300,ridge(alpha_relative=1e-08),230208,1.17352141700394,5661.101168703706,0.1690680874952034,0.0004863120839822,0.1437413687288627,0.0777773415018299,0.0018785557355594,0.999921226975424,0.9389267603451,0.0013196587209113,0.46022544007299,0.0003549727800111,0.0005427709921535,0.999943744394631,0.916462157296978,4D,3D-independent,4D-D,0.1146724074366493,0.0,4D-D
4,4,4D-E-6ca320f290f9,4D,4D-E,equal_per_property,64,joint-property-residual,standardized_anomaly,"[80, 48]",2.0,"[1.0, 1.0]",grid,300,300,ridge(alpha_relative=1e-08),408916,1.7564286250053556,1497.7468600377058,0.3564789577327898,0.0023553822355977,0.6961905278028416,0.3767033033712038,0.0090985129793295,0.9868790028979144,0.4732338384297146,0.0012311353754183,0.4293532948807079,0.0003311610341804,0.0005063616513894,0.9999541247950674,0.926022145075066,4D,3D-independent,4D-E,0.1868837311281515,0.0,4D-E
4,4,3D-current-5e7711139fcb,3D,3D-current,equal_per_property,64,legacy-independent,raw_minmax,"[48, 48]",,"[1.0, 1.0]",grid,300,300,ridge(alpha_relative=1e-06),242016,13.87088629200298,340801.2515385991,0.2781437042103442,0.0013819244539103,0.4084613955268791,0.2210152980394503,0.0053381813746952,0.9946263601924636,0.8157161982377322,0.0015834877625111,0.5522347109930033,0.0004259397102183,0.0006512829493731,0.999954855445437,0.8805263811192788,3D,3D-current,4D-A-current,0.738577493612462,0.0,3D current
4,4,4D-A-current-43ce2f360e5a,4D,4D-A-current,equal_per_property,64,legacy-joint,raw_minmax,"[48, 48]",2.0,"[1.0, 1.0]",grid,300,300,ridge(alpha_relative=1e-06),380500,15.693647416999738,434458.4706088759,1.6418628576271386,0.0023090608019736,0.6824991010628665,0.3692949783871068,0.008919579743492,0.9792890755272238,0.7168912368151996,0.0156759596244605,5.46692512421054,0.004216650016448,0.0064474670788004,0.9904316873568288,0.4470543527145046,4D,3D-current,4D-A-current,0.738577493612462,0.0,4D current
5,5,3D-current-5e7711139fcb,3D,3D-current,equal_per_property,64,legacy-independent,raw_minmax,"[48, 48]",,"[1.0, 1.0]",full,9900,9900,projection,242016,14.196827166997537,1.0,0.0784845625654777,0.0009205598870939,0.0741536923052838,0.1454993639577542,0.0035142454011063,0.996583377853444,0.95942975350422,0.0006241092619929,0.2090517326022287,0.0001676506339968,0.0002563461371511,0.9999871995907746,0.9791045957869832,,,,,,3D current
5,5,3D-independent-fa9b36e31dc0,3D,3D-independent,equal_per_property,64,independent,raw_minmax,"[80, 48]",,"[1.0, 1.0]",full,9900,9900,projection,272608,1.1297874999945634,1.0,0.0530215654490529,6.496551126935777e-05,0.0052331549534829,0.0102681430088395,0.0002480064061118,0.9999608740181172,0.9996278226189887,0.0005904683866227,0.1977833799103679,0.0001586138924718,0.000242528511013,0.9999899427889172,0.9822327235162898,,,,,,3D optimized
5,5,4D-A-3bf6b15a532d,4D,4D-A,equal_per_property,64,joint,standardized_anomaly,"[80, 48]",2.0,"[1.0, 1.0]",full,9900,9900,projection,504948,1.2693365839950277,1.0,0.0751161122394596,0.0004169011372663,0.0335825611000346,0.0658934319819336,0.0015915237290855,0.998930441655602,0.9913526202500283,0.0007451445253046,0.2495937226705517,0.0002001635926499,0.0003060600640201,0.9999829442711992,0.9740710493754668,,,,,,4D-A
5,5,4D-A-current-43ce2f360e5a,4D,4D-A-current,equal_per_property,64,legacy-joint,raw_minmax,"[48, 48]",2.0,"[1.0, 1.0]",full,9900,9900,projection,380500,16.181107083000825,1.0,1.4220904878320608,0.0021873133406543,0.1761942516854137,0.3457164539791021,0.0083500877628276,0.9825080859957068,0.87485556461129,0.0154555828933618,5.177004378875938,0.0041517382110127,0.0063482137077742,0.9906602731726932,0.4548177938549266,,,,,,4D current
5,5,4D-B-643a4d560541,4D,4D-B,equal_per_property,64,shared-independent,ensemble_anomaly,"[80, 48]",,"[1.0, 1.0]",full,9900,9900,projection,259184,0.88034454100125,1.0,0.0782101362348873,5.2075310252087386e-05,0.0041948129472877,0.0082307784923156,0.000198797951258,0.9999787459466084,0.9997899260029296,0.0008695906612476,0.2912782191503184,0.0002335927930477,0.0003571749699751,0.9999789780575948,0.965475048313184,,,,,,4D optimized
5,5,4D-B-643a4d560541,4D,4D-B,equal_per_property,64,shared-independent,ensemble_anomaly,"[80, 48]",,"[1.0, 1.0]",full,9900,9900,projection,259184,0.88034454100125,1.0,0.0782101362348873,5.2075310252087386e-05,0.0041948129472877,0.0082307784923156,0.000198797951258,0.9999787459466084,0.9997899260029296,0.0008695906612476,0.2912782191503184,0.0002335927930477,0.0003571749699751,0.9999789780575948,0.965475048313184,,,,,,4D-B
5,5,4D-C-e7705bff9f37,4D,4D-C,equal_per_property,64,joint,standardized_anomaly,"[64, 48]",2.0,"[1.0, 0.5]",full,9900,9900,projection,404420,1.107887790996756,1.0,0.0752023797534781,0.0004842661605997,0.0390090035101736,0.0765408305764382,0.001848690293438,0.9985097364917832,0.9873942860402992,0.00072414831949,0.2425608304016827,0.0001945235109676,0.0002974360993025,0.9999822763261808,0.9741263437555888,,,,,,4D-C
5,5,4D-D-ff94f89c821d,4D,4D-D,equal_per_property,64,partial-spatial,standardized_anomaly,"[64, 48]",,"[1.0, 1.0]",full,9900,9900,projection,230208,1.3418426240095869,1.0,0.0862541302493297,6.297225314909112e-05,0.0050725923964918,0.0099530980098466,0.0002403971258459,0.9999729197295152,0.9997295664340884,0.0009572210418836,0.320630904675369,0.0002571324034424,0.0003931682021559,0.9999718134727332,0.9616443857149956,,,,,,4D-D
5,5,4D-E-6ca320f290f9,4D,4D-E,equal_per_property,64,joint-property-residual,standardized_anomaly,"[80, 48]",2.0,"[1.0, 1.0]",full,9900,9900,projection,408916,1.9135325829993235,1.0,0.0842531315906853,0.0002353206729716,0.0189557431528965,0.0371936782424585,0.0008983387223035,0.9998596135845444,0.9983730061394958,0.0008960834768429,0.3001522566610437,0.000240709395222,0.0003680566077807,0.9999772870421167,0.9658179407629024,,,,,,4D-E
5,5,3D-current-e419eaac8e1a,3D,3D-current,equal_total,32,legacy-independent,raw_minmax,"[48, 48]",,"[1.0, 1.0]",full,9900,9900,projection,129984,13.577119916997615,1.0,0.097842795809401,0.0009435827571437,0.076008249347787,0.1491382504611625,0.0036021354084019,0.9965245775662348,0.9582944758561868,0.0008286676419513,0.2775706384297871,0.0002225998939707,0.0003403662818879,0.9999822386220945,0.9661209332237533,,,,,,3D current
5,5,3D-independent-7db5f3bc9ad5,3D,3D-independent,equal_total,32,independent,raw_minmax,"[80, 48]",,"[1.0, 1.0]",full,9900,9900,projection,149728,0.818058208002185,1.0,0.0775308787319128,0.0002879813155803,0.0231977062705097,0.0455169716127199,0.0010993711849402,0.9997102335485104,0.9962428331228234,0.0008044325160926,0.2694528370140268,0.00021608976111,0.0003304119657519,0.9999844778044964,0.9688112235909474,,,,,,3D optimized
5,5,4D-A-4ea76ef087a9,4D,4D-A,equal_total,32,joint,standardized_anomaly,"[80, 48]",2.0,"[1.0, 1.0]",full,9900,9900,projection,259188,1.156772665999597,1.0,0.0988952124344384,0.000551055199821,0.0443890487774289,0.087097191832556,0.0021036580334173,0.9986922690180664,0.9881143006882116,0.0009702721889205,0.3250025188568273,0.0002606382528318,0.0003985288198106,0.9999723054550872,0.9595071351047936,,,,,,4D-A
5,5,4D-A-current-205a30146a4e,4D,4D-A-current,equal_total,32,legacy-joint,raw_minmax,"[48, 48]",2.0,"[1.0, 1.0]",full,9900,9900,projection,194740,14.70270800000435,1.0,1.423618280890364,0.0021881843097215,0.1762644106974691,0.3458541152514219,0.0083534126948411,0.982518423347948,0.8748083000648049,0.0154728289095809,5.182781107071872,0.0041563709023203,0.0063552973226286,0.990698042702441,0.4543364883509641,,,,,,4D current
5,5,4D-B-934096b5cda8,4D,4D-B,equal_total,32,shared-independent,standardized_anomaly,"[80, 48]",,"[1.0, 1.0]",full,9900,9900,projection,136304,0.8732239589953679,1.0,0.1121433940383656,0.0003893226742579,0.0313610382107053,0.0615345098923322,0.0014862427059217,0.9990621825917374,0.9917791604078616,0.0011586258750887,0.3880934980064361,0.0003112345455401,0.0004758930616314,0.9999689842358372,0.949982759719496,,,,,,4D optimized
5,5,4D-B-934096b5cda8,4D,4D-B,equal_total,32,shared-independent,standardized_anomaly,"[80, 48]",,"[1.0, 1.0]",full,9900,9900,projection,136304,0.8732239589953679,1.0,0.1121433940383656,0.0003893226742579,0.0313610382107053,0.0615345098923322,0.0014862427059217,0.9990621825917374,0.9917791604078616,0.0011586258750887,0.3880934980064361,0.0003112345455401,0.0004758930616314,0.9999689842358372,0.949982759719496,,,,,,4D-B
5,5,4D-C-44adce3e7a5f,4D,4D-C,equal_total,32,joint,standardized_anomaly,"[80, 48]",2.0,"[1.0, 0.5]",full,9900,9900,projection,259188,1.1201287910007522,1.0,0.0985369727454898,0.0005218069037868,0.042033016133618,0.0824743437924757,0.0019920024081076,0.9990922791433458,0.9909935427083462,0.0009763888591389,0.3270513596364696,0.0002622813363471,0.0004010411760248,0.999972226344756,0.9588794268679104,,,,,,4D-C
5,5,4D-D-2ecf0e4138e3,4D,4D-D,equal_total,32,partial-spatial,standardized_anomaly,"[80, 48]",,"[1.0, 1.0]",full,9900,9900,projection,163152,1.5152434170013294,1.0,0.1110416726003444,0.0003490440136656,0.0281164786270179,0.0551682543348067,0.0013324785676688,0.9995917409194855,0.994810527279441,0.0011596187693328,0.3884260780123276,0.0003115012606166,0.000476300882216,0.9999689424684848,0.9499412051964946,,,,,,4D-D
5,5,4D-E-4f4328240852,4D,4D-E,equal_total,32,joint-property-residual,standardized_anomaly,"[80, 48]",2.0,"[1.0, 1.0]",full,9900,9900,projection,224596,1.2357449990013265,1.0,0.1045692401671067,0.0004537209072391,0.036548497299937,0.0717129915643271,0.0017320835222186,0.9994872959088542,0.9929875640056878,0.0010615414880691,0.3555740970761349,0.0002851553635343,0.0004360166984595,0.9999688174342156,0.9547037034096024,,,,,,4D-E
5,5,4D-A-4ea76ef087a9,4D,4D-A,equal_total,32,joint,standardized_anomaly,"[80, 48]",2.0,"[1.0, 1.0]",wells,5,10,ridge(alpha_relative=1e-08),259188,1.156772665999597,51378.78733806644,0.2921223773702572,0.0023969295518967,0.1930794280314446,0.3788474059558112,0.0091502994782014,0.9967351509161833,0.955185612785822,0.0026459073886127,0.8862735382715266,0.0007107538346433,0.0010867778763043,0.9998951102800052,0.8665413008580626,4D,3D-independent,4D-A,0.5440488806947296,0.0,4D-A
5,5,4D-B-934096b5cda8,4D,4D-B,equal_total,32,shared-independent,standardized_anomaly,"[80, 48]",,"[1.0, 1.0]",wells,5,10,ridge(alpha_relative=1e-06),136304,0.8732239589953679,39927.25915736019,0.3384591187094778,0.0021424927976047,0.1725838306744054,0.3386323298527032,0.0081789849486649,0.9971292646715232,0.9594768876571222,0.0032429539859555,1.0862603566375904,0.0008711347914176,0.0013320083163066,0.9998996566776496,0.8505385372910461,4D,3D-independent,4D-B,0.54658204101025,0.0,4D-B
5,5,4D-C-44adce3e7a5f,4D,4D-C,equal_total,32,joint,standardized_anomaly,"[80, 48]",2.0,"[1.0, 0.5]",wells,5,10,ridge(alpha_relative=1e-08),259188,1.1201287910007522,34313.65065135022,0.2970264794055047,0.0021197946028163,0.1707554271388769,0.3350447599933053,0.0080923343920123,0.9970458149839404,0.9607805974955284,0.0027757176000674,0.9297547862943356,0.0007456239536672,0.0011400960183278,0.9998837895134106,0.8640279941268585,4D,3D-independent,4D-C,0.5447142878672964,0.0,4D-C
5,5,4D-D-2ecf0e4138e3,4D,4D-D,equal_total,32,partial-spatial,standardized_anomaly,"[80, 48]",,"[1.0, 1.0]",wells,5,10,ridge(alpha_relative=1e-06),163152,1.5152434170013294,40724.38362843076,0.3283903792409086,0.0021506595514052,0.1732416857003951,0.3399231285288345,0.008210161602555,0.9972134935457456,0.9595471891778132,0.0031215227351252,1.045585726530237,0.000838515461072,0.001282131741842,0.9999065262531872,0.850984601356182,4D,3D-independent,4D-D,0.5452362055869687,0.0,4D-D
5,5,3D-independent-7db5f3bc9ad5,3D,3D-independent,equal_total,32,independent,raw_minmax,"[80, 48]",,"[1.0, 1.0]",wells,5,10,ridge(alpha_relative=1e-08),149728,0.818058208002185,59369167.58030306,0.5852348242171853,0.0022512797349685,0.1813469249534456,0.35582668126346,0.0085942800312455,0.9978861258072492,0.9352062834266808,0.0060005471021291,2.0099441630710735,0.0016118900764066,0.0024646598986727,0.9997693400946034,0.7654972988848753,3D,3D-independent,4D-E,0.5371622672188279,0.0,3D optimized
5,5,4D-E-4f4328240852,4D,4D-E,equal_total,32,joint-property-residual,standardized_anomaly,"[80, 48]",2.0,"[1.0, 1.0]",wells,5,10,ridge(alpha_relative=1e-08),224596,1.2357449990013265,64275.31554810144,0.3161527904128101,0.0029065132256177,0.2341278285479966,0.4593898035218444,0.0110956395988819,0.995746299903994,0.9327722397369824,0.0027742517072305,0.9292637706084178,0.0007452301798868,0.001139493918681,0.9998635094780786,0.864788635273366,4D,3D-independent,4D-E,0.5371622672188279,0.0,4D optimized
5,5,4D-E-4f4328240852,4D,4D-E,equal_total,32,joint-property-residual,standardized_anomaly,"[80, 48]",2.0,"[1.0, 1.0]",wells,5,10,ridge(alpha_relative=1e-08),224596,1.2357449990013265,64275.31554810144,0.3161527904128101,0.0029065132256177,0.2341278285479966,0.4593898035218444,0.0110956395988819,0.995746299903994,0.9327722397369824,0.0027742517072305,0.9292637706084178,0.0007452301798868,0.001139493918681,0.9998635094780786,0.864788635273366,4D,3D-independent,4D-E,0.5371622672188279,0.0,4D-E
5,5,3D-current-e419eaac8e1a,3D,3D-current,equal_total,32,legacy-independent,raw_minmax,"[48, 48]",,"[1.0, 1.0]",wells,5,10,ridge(alpha_relative=0.0001),129984,13.577119916997615,489631.0430542833,1.8019036496049572,0.0026687672138763,0.2149767175245369,0.4218127876461404,0.0101880421246631,0.9956685405110536,0.9259866595504768,0.020323813796489,6.807667737013882,0.0054594611484133,0.0083477869600464,0.9986806293480388,0.7040730526867038,3D,3D-current,4D-A-current,1.5308300787866478,0.0,3D current
5,5,4D-A-current-205a30146a4e,4D,4D-A-current,equal_total,32,legacy-joint,raw_minmax,"[48, 48]",2.0,"[1.0, 1.0]",wells,5,10,ridge(alpha_relative=0.0001),194740,14.70270800000435,242027.9305909062,2.0597248149367786,0.0032567319337806,0.2623389321261097,0.5147437245412201,0.0124326025730432,0.9818455817751202,0.8429905828495581,0.0227482222112588,7.619747945573195,0.006110715075499,0.009343586525684,0.9902195216370387,0.4433846530548223,4D,3D-current,4D-A-current,1.5308300787866478,0.0,4D current
5,5,4D-A-4ea76ef087a9,4D,4D-A,equal_total,32,joint,standardized_anomaly,"[80, 48]",2.0,"[1.0, 1.0]",wells,10,20,ridge(alpha_relative=1e-06),259188,1.156772665999597,7680890.404716801,0.3016565691488078,0.0012004313250478,0.0966981250858413,0.189734526474749,0.0045826570574464,0.998120274788302,0.9732276575163018,0.0030810961335763,1.032044425973312,0.0008276559116425,0.0012655269519818,0.9998885204806254,0.8710048914115421,4D,3D-independent,4D-A,0.374087684499217,0.0,4D-A
5,5,4D-B-934096b5cda8,4D,4D-B,equal_total,32,shared-independent,standardized_anomaly,"[80, 48]",,"[1.0, 1.0]",wells,10,20,ridge(alpha_relative=1e-08),136304,0.8732239589953679,4163016.088108088,0.3242331371608219,0.0013914295111882,0.1120835670592412,0.2199228010130233,0.0053117942995465,0.9977209064732084,0.966528136051226,0.0032973149137581,1.1044691012197696,0.0008857374332398,0.0013543364801439,0.9998705457187362,0.8727121032202199,4D,3D-independent,4D-B,0.3777263120874914,0.0,4D-B
5,5,3D-independent-7db5f3bc9ad5,3D,3D-independent,equal_total,32,independent,raw_minmax,"[80, 48]",,"[1.0, 1.0]",wells,10,20,ridge(alpha_relative=1e-06),149728,0.818058208002185,19756381799.94313,0.2690778043503085,0.002049692687975,0.165108520407408,0.3239647812058034,0.0078247197204482,0.9984398441130322,0.9508988266166906,0.0024769755583246,0.8296881068991087,0.0006653747156736,0.0010173909519732,0.9999301655968744,0.886071993193875,3D,3D-independent,4D-C,0.3694447617459987,0.0,3D optimized
5,5,4D-C-44adce3e7a5f,4D,4D-C,equal_total,32,joint,standardized_anomaly,"[80, 48]",2.0,"[1.0, 0.5]",wells,10,20,ridge(alpha_relative=1e-06),259188,1.1201287910007522,3171758.209994038,0.2901441237028088,0.0012537906599036,0.1009963698323163,0.1981682518538198,0.0047863567838329,0.9983761909011688,0.973915963183962,0.0029117254138004,0.975311984111821,0.000782158896488,0.001195959758535,0.9999053611089394,0.857547755081842,4D,3D-independent,4D-C,0.3694447617459987,0.0,4D optimized
5,5,4D-C-44adce3e7a5f,4D,4D-C,equal_total,32,joint,standardized_anomaly,"[80, 48]",2.0,"[1.0, 0.5]",wells,10,20,ridge(alpha_relative=1e-06),259188,1.1201287910007522,3171758.209994038,0.2901441237028088,0.0012537906599036,0.1009963698323163,0.1981682518538198,0.0047863567838329,0.9983761909011688,0.973915963183962,0.0029117254138004,0.975311984111821,0.000782158896488,0.001195959758535,0.9999053611089394,0.857547755081842,4D,3D-independent,4D-C,0.3694447617459987,0.0,4D-C
5,5,4D-D-2ecf0e4138e3,4D,4D-D,equal_total,32,partial-spatial,standardized_anomaly,"[80, 48]",,"[1.0, 1.0]",wells,10,20,ridge(alpha_relative=1e-08),163152,1.5152434170013294,3671259.104170483,0.3154181075609824,0.0013887948055778,0.1118713340998387,0.2195063718421492,0.0053017362878905,0.9975397089199252,0.9668469486190956,0.0031943673015008,1.069985753478802,0.0008580832490857,0.0013120518605456,0.9998774642541066,0.8735223660503263,4D,3D-independent,4D-D,0.3715536036738683,0.0,4D-D
5,5,4D-E-4f4328240852,4D,4D-E,equal_total,32,joint-property-residual,standardized_anomaly,"[80, 48]",2.0,"[1.0, 1.0]",wells,10,20,ridge(alpha_relative=1e-06),224596,1.2357449990013265,7511146.715940547,0.2888480449456465,0.00158544148523,0.1277117781385376,0.250587420685281,0.0060524367032562,0.9968084174923,0.9607005823757556,0.0028166413597617,0.9434626150187048,0.0007566170516327,0.0011569050105255,0.9998717656065558,0.8708638443735576,4D,3D-independent,4D-E,0.3736189019224615,0.0,4D-E
5,5,3D-current-e419eaac8e1a,3D,3D-current,equal_total,32,legacy-independent,raw_minmax,"[48, 48]",,"[1.0, 1.0]",wells,10,20,ridge(alpha_relative=0.0001),129984,13.577119916997615,43020370.55773321,0.3455486008391999,0.002524514144892,0.2033567264283328,0.3990128263612455,0.0096373547751699,0.9959415595362804,0.9213470472118388,0.0031581135982047,1.0578422075504958,0.0008483446396587,0.0012971610435632,0.9998870939996136,0.8366620140322191,3D,3D-current,4D-A-current,0.9200363830004088,0.0,3D current
5,5,4D-A-current-205a30146a4e,4D,4D-A-current,equal_total,32,legacy-joint,raw_minmax,"[48, 48]",2.0,"[1.0, 1.0]",wells,10,20,ridge(alpha_relative=0.0001),194740,14.70270800000435,80499865.54842517,1.5068378481876084,0.0030310588785819,0.24416033176408,0.4790749033660264,0.011571093715766,0.9813084704182616,0.8462027596047456,0.0162108721925104,5.429996196524567,0.0043546269318898,0.0066584406280575,0.9904708842178994,0.4474075114716817,4D,3D-current,4D-A-current,0.9200363830004088,0.0,4D current
5,5,4D-A-4ea76ef087a9,4D,4D-A,equal_total,32,joint,standardized_anomaly,"[80, 48]",2.0,"[1.0, 1.0]",wells,15,30,ridge(alpha_relative=0.0001),259188,1.156772665999597,44694250.1186698,0.2698323834917123,0.0008928283937178,0.0719198423887184,0.1411162546083335,0.0034083801831785,0.998356613277644,0.9782096799723424,0.0028055425642876,0.9397449608114122,0.0007536356504404,0.0011523463001841,0.999884542680615,0.8864608584942205,4D,3D-independent,4D-A,0.3589423712341514,0.0,4D-A
5,5,4D-B-934096b5cda8,4D,4D-B,equal_total,32,shared-independent,standardized_anomaly,"[80, 48]",,"[1.0, 1.0]",wells,15,30,ridge(alpha_relative=0.0001),136304,0.8732239589953679,29435157.577996947,0.2529842996099292,0.0009596774384142,0.0773047212660344,0.1516821000474716,0.0036635769945822,0.997981317170636,0.9764209739224484,0.0026031159970171,0.8719401272835872,0.0006992590462024,0.001069201774479,0.9999109687242466,0.8981943262973613,4D,3D-independent,4D-B,0.3716382400033165,0.0,4D-B
5,5,3D-independent-7db5f3bc9ad5,3D,3D-independent,equal_total,32,independent,raw_minmax,"[80, 48]",,"[1.0, 1.0]",wells,15,30,ridge(alpha_relative=0.0001),149728,0.818058208002185,64005836926.48276,0.2843464734545028,0.0010956236556732,0.0882555720537213,0.1731691194374848,0.0041825528651349,0.9992672070510568,0.9686707525955373,0.0028630142391442,0.958995681696339,0.0007690739131187,0.0011759521697686,0.9999036091246968,0.8510599672685606,3D,3D-independent,4D-C,0.3559049290576044,0.0,3D optimized
5,5,4D-C-44adce3e7a5f,4D,4D-C,equal_total,32,joint,standardized_anomaly,"[80, 48]",2.0,"[1.0, 0.5]",wells,15,30,ridge(alpha_relative=0.0001),259188,1.1201287910007522,18504769.947495885,0.2574035795072903,0.0008464184679313,0.0681813921206445,0.1337809201255531,0.0032312098865497,0.9988254887645908,0.9815233396082268,0.0026713741776548,0.8948038977731074,0.0007175948216127,0.0010972380847872,0.9999005416028792,0.8852186041209543,4D,3D-independent,4D-C,0.3559049290576044,0.0,4D optimized
5,5,4D-C-44adce3e7a5f,4D,4D-C,equal_total,32,joint,standardized_anomaly,"[80, 48]",2.0,"[1.0, 0.5]",wells,15,30,ridge(alpha_relative=0.0001),259188,1.1201287910007522,18504769.947495885,0.2574035795072903,0.0008464184679313,0.0681813921206445,0.1337809201255531,0.0032312098865497,0.9988254887645908,0.9815233396082268,0.0026713741776548,0.8948038977731074,0.0007175948216127,0.0010972380847872,0.9999005416028792,0.8852186041209543,4D,3D-independent,4D-C,0.3559049290576044,0.0,4D-C
5,5,4D-D-2ecf0e4138e3,4D,4D-D,equal_total,32,partial-spatial,standardized_anomaly,"[80, 48]",,"[1.0, 1.0]",wells,15,30,ridge(alpha_relative=0.0001),163152,1.5152434170013294,21137138.47720211,0.2437763545233195,0.0010058064786187,0.0810205454091738,0.158973039076911,0.0038396750080511,0.9983271014112768,0.978130304005916,0.0024865041074988,0.8328797911687446,0.0006679343112563,0.0010213047006101,0.9999173514609266,0.8994595329633644,4D,3D-independent,4D-D,0.3759388714641057,0.0,4D-D
5,5,4D-E-4f4328240852,4D,4D-E,equal_total,32,joint-property-residual,standardized_anomaly,"[80, 48]",2.0,"[1.0, 1.0]",wells,15,30,ridge(alpha_relative=0.0001),224596,1.2357449990013265,40989010.876082376,0.2606453813568312,0.0010405983139433,0.0838231257600697,0.1644720728514817,0.0039724931429704,0.9980673559286104,0.9759537062133516,0.0026706260166413,0.8945532936470711,0.0007173938477193,0.0010969307857332,0.9998796267581658,0.8956360817462805,4D,3D-independent,4D-E,0.3713957805223146,0.0,4D-E
5,5,3D-current-e419eaac8e1a,3D,3D-current,equal_total,32,legacy-independent,raw_minmax,"[48, 48]",,"[1.0, 1.0]",wells,15,30,ridge(alpha_relative=0.0001),129984,13.577119916997615,96282398.37232478,0.3022229177159941,0.0017266722119155,0.1390883110480348,0.272909684768392,0.006591586234653,0.9966343401052706,0.9361878939780928,0.0028736930084557,0.9625726438768106,0.0007719424852653,0.0011803383589012,0.9999024636793088,0.8493506741436456,3D,3D-current,4D-A-current,0.879675974266145,0.0,3D current
5,5,4D-A-current-205a30146a4e,4D,4D-A-current,equal_total,32,legacy-joint,raw_minmax,"[48, 48]",2.0,"[1.0, 1.0]",wells,15,30,ridge(alpha_relative=0.0001),194740,14.70270800000435,777267519.900128,1.4578640718030864,0.0026263630276539,0.2115609408633199,0.4151105815094216,0.0100261637737717,0.9828107937561972,0.8552410624670461,0.0157374038618827,5.2714031730306825,0.0042274420451382,0.0064639686261003,0.9906287312674734,0.4477745908962669,4D,3D-current,4D-A-current,0.879675974266145,0.0,4D current
5,5,4D-A-4ea76ef087a9,4D,4D-A,equal_total,32,joint,standardized_anomaly,"[80, 48]",2.0,"[1.0, 1.0]",wells,20,40,ridge(alpha_relative=0.0001),259188,1.156772665999597,5164.754617671797,0.2527759194280067,0.0009632405103103,0.0775917367451502,0.152245262424949,0.0036771790526345,0.9983891478506136,0.9748794185470772,0.002598059330664,0.8702463455586601,0.0006979007050085,0.0010671248034013,0.9999034121088872,0.8985893906364891,4D,3D-independent,4D-A,0.3621264161149509,0.0,4D-A
5,5,4D-B-934096b5cda8,4D,4D-B,equal_total,32,shared-independent,standardized_anomaly,"[80, 48]",,"[1.0, 1.0]",wells,20,40,ridge(alpha_relative=0.0001),136304,0.8732239589953679,5541.546688568059,0.2835630484547874,0.000771117386437,0.0621156778681922,0.1218791855221311,0.0029437473509237,0.9983906928887536,0.977187674829369,0.0030129590828159,1.0092212291657827,0.0008093526746064,0.0012375403944622,0.999913973569357,0.896981751600281,4D,3D-independent,4D-B,0.3747781738989189,0.0,4D-B
5,5,4D-C-44adce3e7a5f,4D,4D-C,equal_total,32,joint,standardized_anomaly,"[80, 48]",2.0,"[1.0, 0.5]",wells,20,40,ridge(alpha_relative=0.0001),259188,1.1201287910007522,3307.4296770654196,0.2491718911042408,0.00077302467827,0.0622693155985582,0.1221806430942792,0.0029510284541378,0.999000511017711,0.9812219562625986,0.0026054716858149,0.8727291891588722,0.0006998918404012,0.0010701693482044,0.9999163175546028,0.8953999244183358,4D,3D-independent,4D-C,0.3623758722986404,0.0,4D-C
5,5,4D-D-2ecf0e4138e3,4D,4D-D,equal_total,32,partial-spatial,standardized_anomaly,"[80, 48]",,"[1.0, 1.0]",wells,20,40,ridge(alpha_relative=0.0001),163152,1.5152434170013294,8251.98727882484,0.2691143404967238,0.0008276197742311,0.0666671043834479,0.1308096870586402,0.0031594457093259,0.9984057572775838,0.9774282611491713,0.0028320177977717,0.9486131090155078,0.0007607475296403,0.0011632207163274,0.999918840734204,0.9002174416749493,4D,3D-independent,4D-D,0.3790029711106231,0.0,4D-D
5,5,3D-independent-7db5f3bc9ad5,3D,3D-independent,equal_total,32,independent,raw_minmax,"[80, 48]",,"[1.0, 1.0]",wells,20,40,ridge(alpha_relative=0.0001),149728,0.818058208002185,5429732.192337173,0.2713367603470631,0.0008938458508746,0.0720018014290741,0.1412770690987739,0.003412264334752,0.999386803703794,0.9756227827456104,0.002781872602379,0.931816466797712,0.000747277334097,0.0011426241190352,0.9999058585193475,0.8613196709314572,3D,3D-independent,4D-E,0.3546864089163597,0.0,3D optimized
5,5,4D-E-4f4328240852,4D,4D-E,equal_total,32,joint-property-residual,standardized_anomaly,"[80, 48]",2.0,"[1.0, 1.0]",wells,20,40,ridge(alpha_relative=0.0001),224596,1.2357449990013265,6344.165725207125,0.2499894950727798,0.0011419582956052,0.0919879578341203,0.1804925545923695,0.0043594357573572,0.9958092322280134,0.9640509429960848,0.002500852603722,0.837685965629481,0.0006717886595815,0.0010271981904279,0.999891903749119,0.8953809433488791,4D,3D-independent,4D-E,0.3546864089163597,0.0,4D optimized
5,5,4D-E-4f4328240852,4D,4D-E,equal_total,32,joint-property-residual,standardized_anomaly,"[80, 48]",2.0,"[1.0, 1.0]",wells,20,40,ridge(alpha_relative=0.0001),224596,1.2357449990013265,6344.165725207125,0.2499894950727798,0.0011419582956052,0.0919879578341203,0.1804925545923695,0.0043594357573572,0.9958092322280134,0.9640509429960848,0.002500852603722,0.837685965629481,0.0006717886595815,0.0010271981904279,0.999891903749119,0.8953809433488791,4D,3D-independent,4D-E,0.3546864089163597,0.0,4D-E
5,5,3D-current-e419eaac8e1a,3D,3D-current,equal_total,32,legacy-independent,raw_minmax,"[48, 48]",,"[1.0, 1.0]",wells,20,40,ridge(alpha_relative=0.0001),129984,13.577119916997615,132815.84283096448,0.2867282928332461,0.0014288072566222,0.1150944497544773,0.2258305515712115,0.0054544841688714,0.9965822758945504,0.944490549832244,0.0027885888269196,0.9340661343835924,0.0007490814722036,0.0011453827357103,0.99990497962496,0.8600042757779274,3D,3D-current,4D-A-current,0.8603115071828522,0.0,3D current
5,5,4D-A-current-205a30146a4e,4D,4D-A-current,equal_total,32,legacy-joint,raw_minmax,"[48, 48]",2.0,"[1.0, 1.0]",wells,20,40,ridge(alpha_relative=0.0001),194740,14.70270800000435,245490.88719257983,1.4499797622696244,0.0024062885564846,0.1938333222171784,0.3803266461811545,0.0091860275598757,0.9828617966167208,0.8657294888314855,0.0157102096337863,5.262294190282717,0.004220137026836,0.0064527988906872,0.9906308885553584,0.4466874380113096,4D,3D-current,4D-A-current,0.8603115071828522,0.0,4D current
5,5,4D-A-4ea76ef087a9,4D,4D-A,equal_total,32,joint,standardized_anomaly,"[80, 48]",2.0,"[1.0, 1.0]",wells,30,60,ridge(alpha_relative=0.0001),259188,1.156772665999597,322.4063553770823,0.340979688219641,0.0014987933326295,0.1207320253415322,0.2368922214177149,0.0057216566246762,0.9983459551522292,0.9733519078159502,0.0034532807168469,1.1567114301643766,0.0009276335680386,0.001418397748874,0.9998004855339376,0.8536974974387392,4D,3D-independent,4D-A,0.3943272328644328,0.0,4D-A
5,5,4D-B-934096b5cda8,4D,4D-B,equal_total,32,shared-independent,standardized_anomaly,"[80, 48]",,"[1.0, 1.0]",wells,30,60,ridge(alpha_relative=0.0001),136304,0.8732239589953679,162.33014146483515,0.4427957264980857,0.0009389138978857,0.0756321595814538,0.1484003125366797,0.0035843119974475,0.9989369009517616,0.9852015348481504,0.0048360907776792,1.6198976968665628,0.0012990893331005,0.0019863720429521,0.9996803238826386,0.8634923660631971,4D,3D-independent,4D-B,0.3848672060521474,0.0,4D-B
5,5,4D-C-44adce3e7a5f,4D,4D-C,equal_total,32,joint,standardized_anomaly,"[80, 48]",2.0,"[1.0, 0.5]",wells,30,60,ridge(alpha_relative=0.0001),259188,1.1201287910007522,318.7445494742774,0.2604028143949733,0.000850105803423,0.0684784173824569,0.1343637230222067,0.0032452863219623,0.998919293590404,0.9818894109585444,0.0027259943460288,0.913099477616185,0.0007322671016357,0.0011196727288886,0.999893010661972,0.898043863878953,4D,3D-independent,4D-C,0.414476274650252,0.0,4D-C
5,5,4D-D-2ecf0e4138e3,4D,4D-D,equal_total,32,partial-spatial,standardized_anomaly,"[80, 48]",,"[1.0, 1.0]",wells,30,60,ridge(alpha_relative=0.0001),163152,1.5152434170013294,1059.9140416344255,0.4086659491175682,0.0009928305455652,0.0799752974459353,0.1569221241581606,0.003790139270401,0.9968811333124106,0.9733941762083088,0.0044042080798937,1.4752342032265762,0.0011830753392289,0.0018089808904379,0.9997174929811944,0.8676972321961682,4D,3D-independent,4D-D,0.3979942435832436,0.0,4D-D
5,5,3D-independent-7db5f3bc9ad5,3D,3D-independent,equal_total,32,independent,raw_minmax,"[80, 48]",,"[1.0, 1.0]",wells,30,60,ridge(alpha_relative=0.0001),149728,0.818058208002185,36300.36208591857,0.2296356427052172,0.001168275604844,0.0941078912343866,0.1846521446516441,0.0044599023150017,0.9994780446989836,0.979256016597428,0.0022436214508755,0.7515237798447163,0.0006026902364613,0.0009215432732479,0.9999305446147404,0.87492218391904,3D,3D-independent,4D-E,0.3757215376286766,0.0,3D optimized
5,5,4D-E-4f4328240852,4D,4D-E,equal_total,32,joint-property-residual,standardized_anomaly,"[80, 48]",2.0,"[1.0, 1.0]",wells,30,60,ridge(alpha_relative=0.0001),224596,1.2357449990013265,907.5673314569544,0.3285624022677288,0.0008687045090681,0.0699765955184139,0.1373033469182056,0.003316287043041,0.9973871249678448,0.9772001274664376,0.0034389832467781,1.1519223474320026,0.0009237929265555,0.0014125252174979,0.9998185345931232,0.8380985402925646,4D,3D-independent,4D-E,0.3757215376286766,0.0,4D optimized
5,5,4D-E-4f4328240852,4D,4D-E,equal_total,32,joint-property-residual,standardized_anomaly,"[80, 48]",2.0,"[1.0, 1.0]",wells,30,60,ridge(alpha_relative=0.0001),224596,1.2357449990013265,907.5673314569544,0.3285624022677288,0.0008687045090681,0.0699765955184139,0.1373033469182056,0.003316287043041,0.9973871249678448,0.9772001274664376,0.0034389832467781,1.1519223474320026,0.0009237929265555,0.0014125252174979,0.9998185345931232,0.8380985402925646,4D,3D-independent,4D-E,0.3757215376286766,0.0,4D-E
5,5,3D-current-e419eaac8e1a,3D,3D-current,equal_total,32,legacy-independent,raw_minmax,"[48, 48]",,"[1.0, 1.0]",wells,30,60,ridge(alpha_relative=0.0001),129984,13.577119916997615,51244.11200263562,0.2474530371407118,0.001682701739447,0.1355463656171526,0.2659599187979426,0.0064237285723507,0.9964936144770782,0.9362950473035824,0.0022656239070514,0.75889372588651,0.0006086006209917,0.0009305805444311,0.9999288312000634,0.8729608385780485,3D,3D-current,4D-A-current,0.8336497509799778,0.0,3D current
5,5,4D-A-current-205a30146a4e,4D,4D-A-current,equal_total,32,legacy-joint,raw_minmax,"[48, 48]",2.0,"[1.0, 1.0]",wells,30,60,ridge(alpha_relative=0.0001),194740,14.70270800000435,26267.321826705986,1.45282418970305,0.0026430368641887,0.2129040653696964,0.4177459696515159,0.0100898162902265,0.9833153101581534,0.8619435417672178,0.0156919416835903,5.256175154927637,0.0042152298196871,0.0064452955274917,0.9906082383834228,0.4536213812030473,4D,3D-current,4D-A-current,0.8336497509799778,0.0,4D current
5,5,4D-A-4ea76ef087a9,4D,4D-A,equal_total,32,joint,standardized_anomaly,"[80, 48]",2.0,"[1.0, 1.0]",grid,30,30,ridge(alpha_relative=0.0001),259188,1.156772665999597,816.3689549087251,0.308255283589248,0.0030023145700513,0.2418448967335242,0.4745317132192104,0.0114613620671491,0.9980566949943178,0.9086998111587457,0.0026627028404987,0.891899345370398,0.0007152654936242,0.0010936764267262,0.9998155147734248,0.8927464043351147,4D,3D-independent,4D-A,0.6227425841960902,0.0,4D-A
5,5,3D-independent-7db5f3bc9ad5,3D,3D-independent,equal_total,32,independent,raw_minmax,"[80, 48]",,"[1.0, 1.0]",grid,30,30,ridge(alpha_relative=1e-06),149728,0.818058208002185,8.952148444956299e+18,0.3288197102464795,0.006650947781796,0.535752580863299,1.0512175096206344,0.0253900511882608,0.9983018307804432,0.8169140391397394,0.0018760598840552,0.6284053019416662,0.0005039544325517,0.0007705713304206,0.9999720038786812,0.8808440444983549,3D,3D-independent,4D-B,0.5031252740627419,0.0,3D optimized
5,5,4D-B-934096b5cda8,4D,4D-B,equal_total,32,shared-independent,standardized_anomaly,"[80, 48]",,"[1.0, 1.0]",grid,30,30,ridge(alpha_relative=1e-06),136304,0.8732239589953679,2.6120460742620864e+17,0.2071896844713835,0.0033120872958495,0.2667979624877986,0.5234929325890549,0.0126439221507312,0.9984223850705304,0.8869081498733684,0.0014035889949564,0.4701463816128582,0.0003770374823857,0.0005765090167961,0.9999530859846644,0.9294630625568768,4D,3D-independent,4D-B,0.5031252740627419,0.0,4D optimized
5,5,4D-B-934096b5cda8,4D,4D-B,equal_total,32,shared-independent,standardized_anomaly,"[80, 48]",,"[1.0, 1.0]",grid,30,30,ridge(alpha_relative=1e-06),136304,0.8732239589953679,2.6120460742620864e+17,0.2071896844713835,0.0033120872958495,0.2667979624877986,0.5234929325890549,0.0126439221507312,0.9984223850705304,0.8869081498733684,0.0014035889949564,0.4701463816128582,0.0003770374823857,0.0005765090167961,0.9999530859846644,0.9294630625568768,4D,3D-independent,4D-B,0.5031252740627419,0.0,4D-B
5,5,4D-C-44adce3e7a5f,4D,4D-C,equal_total,32,joint,standardized_anomaly,"[80, 48]",2.0,"[1.0, 0.5]",grid,30,30,ridge(alpha_relative=0.0001),259188,1.1201287910007522,1101.3051367039586,0.3089247341142241,0.0042088844391611,0.3390374988370486,0.6652364690827864,0.0160674530701123,0.996016924352809,0.8487168886657118,0.0023056592792673,0.7723039802070363,0.0006193550768908,0.0009470246410692,0.9998553161797592,0.9025681965086654,4D,3D-independent,4D-C,0.6627810493560158,0.0,4D-C
5,5,4D-D-2ecf0e4138e3,4D,4D-D,equal_total,32,partial-spatial,standardized_anomaly,"[80, 48]",,"[1.0, 1.0]",grid,30,30,ridge(alpha_relative=1e-06),163152,1.5152434170013294,5.1384711759636326e+17,0.2083778675497479,0.0033287795029166,0.2681425667923186,0.526131224291066,0.012707644796854,0.9984240588796064,0.885897275462772,0.0014115662598596,0.4728184474689598,0.0003791803660121,0.0005797855921772,0.9999529598718966,0.9290018126618012,4D,3D-independent,4D-D,0.504498178309754,0.0,4D-D
5,5,4D-E-4f4328240852,4D,4D-E,equal_total,32,joint-property-residual,standardized_anomaly,"[80, 48]",2.0,"[1.0, 1.0]",grid,30,30,ridge(alpha_relative=0.0001),224596,1.2357449990013265,9471.444192709185,0.3146511565839069,0.0065431274479245,0.5270673492186752,1.0341759350094064,0.0249784461229459,0.9939059139787764,0.7892508122697329,0.0017475639754392,0.5853642929960747,0.0004694373666189,0.0007177930240897,0.9999054307111984,0.9184032194885112,4D,3D-independent,4D-E,0.6191031825288563,0.0,4D-E
5,5,3D-current-e419eaac8e1a,3D,3D-current,equal_total,32,legacy-independent,raw_minmax,"[48, 48]",,"[1.0, 1.0]",grid,30,30,ridge(alpha_relative=0.0001),129984,13.577119916997615,1.903318943489645e+19,0.5995682071356134,0.007169031507171,0.5774856844869157,1.133103385353172,0.0273678403302958,0.995806605353034,0.7895994905921486,0.0048312910257252,1.6182899712275591,0.0012978000052422,0.0019844005966884,0.9999132422217448,0.8054061637518943,3D,3D-current,4D-A-current,1.150176281085765,0.0,3D current
5,5,4D-A-current-205a30146a4e,4D,4D-A-current,equal_total,32,legacy-joint,raw_minmax,"[48, 48]",2.0,"[1.0, 1.0]",grid,30,30,ridge(alpha_relative=0.0001),194740,14.70270800000435,1037422.6775933664,1.6578802715283758,0.0042333245744634,0.341006220588367,0.669099361862924,0.0161607534998757,0.9827844727815632,0.7632970575497626,0.0176004108665002,5.895436280505626,0.0047278901629363,0.0072291786273013,0.9903516064996112,0.4465457724112179,4D,3D-current,4D-A-current,1.150176281085765,0.0,4D current
5,5,4D-A-4ea76ef087a9,4D,4D-A,equal_total,32,joint,standardized_anomaly,"[80, 48]",2.0,"[1.0, 1.0]",grid,100,100,ridge(alpha_relative=1e-06),259188,1.156772665999597,116.47055233588192,0.1182543254844105,0.0009043633157261,0.0728490128526504,0.1429394101021134,0.0034524148485903,0.9985745115107212,0.9727120518569912,0.0010808720750074,0.3620490733947946,0.0002903480202582,0.0004439565282173,0.9999706241809332,0.9510495167626148,4D,3D-independent,4D-A,0.2418885676139472,0.0,4D-A
5,5,3D-independent-7db5f3bc9ad5,3D,3D-independent,equal_total,32,independent,raw_minmax,"[80, 48]",,"[1.0, 1.0]",grid,100,100,ridge(alpha_relative=1e-06),149728,0.818058208002185,5019.396591647814,0.1340424026389572,0.0012451355296803,0.1002991747096053,0.1968002626983872,0.0047533157486869,0.9994540556975176,0.9652679855353432,0.0011389191542981,0.3814925318358484,0.000305940850292,0.0004677987389571,0.9999793842835516,0.925976206443906,3D,3D-independent,4D-B,0.212052596416856,0.0,3D optimized
5,5,4D-B-934096b5cda8,4D,4D-B,equal_total,32,shared-independent,standardized_anomaly,"[80, 48]",,"[1.0, 1.0]",grid,100,100,ridge(alpha_relative=1e-06),136304,0.8732239589953679,331.4700668170782,0.1561302705324339,0.0016726343041023,0.1347354053381761,0.2643687073407934,0.0063852960500814,0.998781625461445,0.9760185995775936,0.0013332633906503,0.4465901065792971,0.000358146347666,0.0005476235345504,0.9999606984546324,0.9375902599978816,4D,3D-independent,4D-B,0.212052596416856,0.0,4D optimized
5,5,4D-B-934096b5cda8,4D,4D-B,equal_total,32,shared-independent,standardized_anomaly,"[80, 48]",,"[1.0, 1.0]",grid,100,100,ridge(alpha_relative=1e-06),136304,0.8732239589953679,331.4700668170782,0.1561302705324339,0.0016726343041023,0.1347354053381761,0.2643687073407934,0.0063852960500814,0.998781625461445,0.9760185995775936,0.0013332633906503,0.4465901065792971,0.000358146347666,0.0005476235345504,0.9999606984546324,0.9375902599978816,4D,3D-independent,4D-B,0.212052596416856,0.0,4D-B
5,5,4D-C-44adce3e7a5f,4D,4D-C,equal_total,32,joint,standardized_anomaly,"[80, 48]",2.0,"[1.0, 0.5]",grid,100,100,ridge(alpha_relative=1e-06),259188,1.1201287910007522,132.38724267927668,0.1252502014078944,0.0011551002575137,0.0930465798893608,0.1825697112506656,0.0044096053116098,0.9985973821992948,0.9753183922939136,0.0011057783508753,0.3703916833189456,0.0002970384400197,0.0004541865119691,0.9999690160156894,0.9495565228595444,4D,3D-independent,4D-C,0.2396221305513551,0.0,4D-C
5,5,4D-D-2ecf0e4138e3,4D,4D-D,equal_total,32,partial-spatial,standardized_anomaly,"[80, 48]",,"[1.0, 1.0]",grid,100,100,ridge(alpha_relative=1e-06),163152,1.5152434170013294,854.3869709409688,0.1902034693070113,0.0027256412817219,0.2195580839150339,0.4308020351826011,0.0104051593749047,0.9727421157481848,0.8749512981907922,0.0013359347763414,0.4474849143336293,0.0003588639455804,0.0005487207773642,0.999960828707822,0.9375069438504432,4D,3D-independent,4D-D,0.2280586982457544,0.0,4D-D
5,5,4D-E-4f4328240852,4D,4D-E,equal_total,32,joint-property-residual,standardized_anomaly,"[80, 48]",2.0,"[1.0, 1.0]",grid,100,100,ridge(alpha_relative=1e-06),224596,1.2357449990013265,807.3750281731415,0.1673913577171473,0.0024377227729748,0.1963654369118826,0.3852949905224019,0.0093060279555985,0.9876597456983672,0.9132294735395038,0.0011995179503653,0.4017907137134676,0.0003222191323153,0.0004926890397968,0.999964540140892,0.9439519659740184,4D,3D-independent,4D-E,0.276590551217759,0.0,4D-E
5,5,3D-current-e419eaac8e1a,3D,3D-current,equal_total,32,legacy-independent,raw_minmax,"[48, 48]",,"[1.0, 1.0]",grid,100,100,ridge(alpha_relative=1e-06),129984,13.577119916997615,6171.349444481817,0.168163127966039,0.0025686287653212,0.2069102833835445,0.4059853756800624,0.00980576272357,0.9938336000285344,0.9061263908547836,0.0011389071749567,0.3814885192338318,0.0003059376323551,0.000467793818572,0.999977264643624,0.9253661906516568,3D,3D-current,4D-A-current,0.8336413878142388,0.0,3D current
5,5,4D-A-current-205a30146a4e,4D,4D-A-current,equal_total,32,legacy-joint,raw_minmax,"[48, 48]",2.0,"[1.0, 1.0]",grid,100,100,ridge(alpha_relative=1e-06),194740,14.70270800000435,18055.11554689802,1.4951889434428671,0.0033877380352563,0.2728918426701656,0.5354499324767863,0.0129327195084894,0.9769074257623644,0.8244705766837027,0.0159592007697716,5.345696298775888,0.0042870219848869,0.0065550693099578,0.990366628569635,0.4511941586654659,4D,3D-current,4D-A-current,0.8336413878142388,0.0,4D current
5,5,4D-A-4ea76ef087a9,4D,4D-A,equal_total,32,joint,standardized_anomaly,"[80, 48]",2.0,"[1.0, 1.0]",grid,300,300,ridge(alpha_relative=1e-06),259188,1.156772665999597,112.12790216718489,0.1109616757791105,0.0009123575468677,0.0734929706924412,0.1442029406586153,0.0034829328957251,0.998509725819388,0.9792162056661398,0.0010087030945369,0.337875340802976,0.0002709617107326,0.0004143138991259,0.9999720646356084,0.9558270110918108,4D,3D-independent,4D-A,0.1902959254457623,0.0,4D-A
5,5,3D-independent-7db5f3bc9ad5,3D,3D-independent,equal_total,32,independent,raw_minmax,"[80, 48]",,"[1.0, 1.0]",grid,300,300,ridge(alpha_relative=1e-06),149728,0.818058208002185,5606.6921498150505,0.1081949595581442,0.0007735371164493,0.0623105939375397,0.1222616366615626,0.0029529846913583,0.999620035897336,0.9814820386761224,0.0009849510135018,0.3299193401542536,0.000264581335233,0.000404557988433,0.9999814125803238,0.9374181530423108,3D,3D-independent,4D-B,0.166304986257571,0.0,3D optimized
5,5,4D-B-934096b5cda8,4D,4D-B,equal_total,32,shared-independent,standardized_anomaly,"[80, 48]",,"[1.0, 1.0]",grid,300,300,ridge(alpha_relative=1e-06),136304,0.8732239589953679,276.07084970634384,0.1326175657828039,0.0010608413401067,0.0854537585461523,0.1676715903110696,0.0040497710719749,0.9989182075065002,0.9834681684899418,0.0012197557187639,0.408569559671017,0.0003276554796175,0.0005010014845392,0.9999648476997828,0.9436379416819654,4D,3D-independent,4D-B,0.166304986257571,0.0,4D optimized
5,5,4D-B-934096b5cda8,4D,4D-B,equal_total,32,shared-independent,standardized_anomaly,"[80, 48]",,"[1.0, 1.0]",grid,300,300,ridge(alpha_relative=1e-06),136304,0.8732239589953679,276.07084970634384,0.1326175657828039,0.0010608413401067,0.0854537585461523,0.1676715903110696,0.0040497710719749,0.9989182075065002,0.9834681684899418,0.0012197557187639,0.408569559671017,0.0003276554796175,0.0005010014845392,0.9999648476997828,0.9436379416819654,4D,3D-independent,4D-B,0.166304986257571,0.0,4D-B
5,5,4D-C-44adce3e7a5f,4D,4D-C,equal_total,32,joint,standardized_anomaly,"[80, 48]",2.0,"[1.0, 0.5]",grid,300,300,ridge(alpha_relative=1e-06),259188,1.1201287910007522,132.46929141262413,0.1093163055197415,0.0008015303822115,0.0645655303572707,0.1266861205225322,0.0030598492276542,0.9988507536143127,0.983054869240339,0.0010202522807953,0.3417438579753907,0.0002740640976323,0.0004190576026165,0.9999711865659092,0.9550334632670516,4D,3D-independent,4D-C,0.1954717553226544,0.0,4D-C
5,5,4D-D-2ecf0e4138e3,4D,4D-D,equal_total,32,partial-spatial,standardized_anomaly,"[80, 48]",,"[1.0, 1.0]",grid,300,300,ridge(alpha_relative=1e-06),163152,1.5152434170013294,516.5281935770864,0.1342899513132067,0.0010765183850961,0.0867165886853984,0.1701494302720325,0.0041096183280084,0.997687490025942,0.9735279596323364,0.0012210815970371,0.4090136760575696,0.0003280116421465,0.0005015460747165,0.999964830591303,0.943612959347946,4D,3D-independent,4D-D,0.1671954286159899,0.0,4D-D
5,5,4D-E-4f4328240852,4D,4D-E,equal_total,32,joint-property-residual,standardized_anomaly,"[80, 48]",2.0,"[1.0, 1.0]",grid,300,300,ridge(alpha_relative=1e-06),224596,1.2357449990013265,522.947877655398,0.130155521224079,0.0013665816014641,0.1100819979294784,0.2159954573266292,0.0052169371873705,0.9979422674590266,0.9754978163292904,0.0011140660397014,0.3731677288191004,0.0002992647109159,0.0004575905906231,0.9999665641181208,0.9497574673752353,4D,3D-independent,4D-E,0.2040548124251185,0.0,4D-E
5,5,3D-current-e419eaac8e1a,3D,3D-current,equal_total,32,legacy-independent,raw_minmax,"[48, 48]",,"[1.0, 1.0]",grid,300,300,ridge(alpha_relative=1e-06),129984,13.577119916997615,6132.859471796772,0.1311494783390094,0.0015244495004487,0.1227987019378816,0.2409473145752782,0.0058195992691827,0.9954851823580174,0.9311810339954064,0.0009999050057949,0.3349283316699724,0.0002685983342449,0.0004107001792204,0.9999794039529312,0.9350772065082258,3D,3D-current,4D-A-current,0.7616872522477116,0.0,3D current
5,5,4D-A-current-205a30146a4e,4D,4D-A-current,equal_total,32,legacy-joint,raw_minmax,"[48, 48]",2.0,"[1.0, 1.0]",grid,300,300,ridge(alpha_relative=1e-06),194740,14.70270800000435,18552.922441031595,1.442515104127197,0.0023738215506524,0.1912180134313907,0.37519506401639,0.0090620844818279,0.981318844092988,0.8591866902761623,0.0156302049565762,5.235495811528277,0.0041986458622695,0.0064199378338085,0.990556208469609,0.4541201266255971,4D,3D-current,4D-A-current,0.7616872522477116,0.0,4D current
5,5,4D-A-3bf6b15a532d,4D,4D-A,equal_per_property,64,joint,standardized_anomaly,"[80, 48]",2.0,"[1.0, 1.0]",wells,5,10,ridge(alpha_relative=1e-06),504948,1.2693365839950277,50739.12223348114,0.2875573490581823,0.0024107204345551,0.1941903224812312,0.381027127974274,0.0092029462930789,0.9969076241795384,0.9578362291773272,0.0026064301415765,0.8730502336454362,0.0007001493044798,0.0010705630235543,0.9998990590256472,0.8761860906105485,4D,3D-independent,4D-A,0.5333659407255233,0.0,4D-A
5,5,4D-B-643a4d560541,4D,4D-B,equal_per_property,64,shared-independent,ensemble_anomaly,"[80, 48]",,"[1.0, 1.0]",wells,5,10,ridge(alpha_relative=1e-06),259184,0.88034454100125,9209967.78995023,0.2861181624436309,0.0021296545948521,0.1715496772749166,0.3366031839372052,0.00812997499764,0.9976157474936294,0.9624712348220382,0.0026412816971939,0.8847241159756536,0.0007095112635964,0.001084877923525,0.9999368814828208,0.8611310521300548,4D,3D-independent,4D-B,0.5362853895594419,0.0,4D-B
5,5,4D-C-e7705bff9f37,4D,4D-C,equal_per_property,64,joint,standardized_anomaly,"[64, 48]",2.0,"[1.0, 0.5]",wells,5,10,ridge(alpha_relative=1e-08),404420,1.107887790996756,19262.052482226012,0.3407343196396781,0.0029802695524956,0.2400691084642211,0.4710473814796183,0.0113772050202815,0.996405593713634,0.9349608438196204,0.0030277926024377,1.0141898671373182,0.0008133373117853,0.0012436331024013,0.9999098344828444,0.8476825502660327,4D,3D-independent,4D-C,0.5415502859007242,0.0,4D-C
5,5,3D-independent-fa9b36e31dc0,3D,3D-independent,equal_per_property,64,independent,raw_minmax,"[80, 48]",,"[1.0, 1.0]",wells,5,10,ridge(alpha_relative=1e-08),272608,1.1297874999945634,56980469.07362418,0.5836728378924226,0.0022098679966724,0.1780110927686095,0.3492813367758885,0.0084361903589718,0.998100819997728,0.9400742693664256,0.0059993105076455,2.0095299531962185,0.0016115578976332,0.0024641519808474,0.9997686013297482,0.765625119423849,3D,3D-independent,4D-D,0.5237735142726375,0.0,3D optimized
5,5,4D-D-ff94f89c821d,4D,4D-D,equal_per_property,64,partial-spatial,standardized_anomaly,"[64, 48]",,"[1.0, 1.0]",wells,5,10,ridge(alpha_relative=1e-08),230208,1.3418426240095869,6716.385833115477,0.3016061348577905,0.0024683901324915,0.1988357791169931,0.3901421290589676,0.0094231008681343,0.9958972250606892,0.9461180157508254,0.0027241668290144,0.9124873322411972,0.0007317761869757,0.0011189220960175,0.999932709807384,0.8636791281032318,4D,3D-independent,4D-D,0.5237735142726375,0.0,4D optimized
5,5,4D-D-ff94f89c821d,4D,4D-D,equal_per_property,64,partial-spatial,standardized_anomaly,"[64, 48]",,"[1.0, 1.0]",wells,5,10,ridge(alpha_relative=1e-08),230208,1.3418426240095869,6716.385833115477,0.3016061348577905,0.0024683901324915,0.1988357791169931,0.3901421290589676,0.0094231008681343,0.9958972250606892,0.9461180157508254,0.0027241668290144,0.9124873322411972,0.0007317761869757,0.0011189220960175,0.999932709807384,0.8636791281032318,4D,3D-independent,4D-D,0.5237735142726375,0.0,4D-D
5,5,4D-E-6ca320f290f9,4D,4D-E,equal_per_property,64,joint-property-residual,standardized_anomaly,"[80, 48]",2.0,"[1.0, 1.0]",wells,5,10,ridge(alpha_relative=1e-08),408916,1.9135325829993235,26287.389502882917,0.2604302650911738,0.0022207069308407,0.1788841994512936,0.3509944877067256,0.0084775680847318,0.9971601979504864,0.9612490141923394,0.0023297832330979,0.7803845434234908,0.0006258353462931,0.0009569332944956,0.9999200498868136,0.8738463508278392,4D,3D-independent,4D-E,0.5254750866572315,0.0,4D-E
5,5,3D-current-5e7711139fcb,3D,3D-current,equal_per_property,64,legacy-independent,raw_minmax,"[48, 48]",,"[1.0, 1.0]",wells,5,10,ridge(alpha_relative=0.0001),242016,14.196827166997537,462131.4106586317,1.6851668239618596,0.0026167208577783,0.2107842369159344,0.4135865855111804,0.0099893547061411,0.99549806435637,0.9268313921096928,0.0189467760772767,6.346414974732015,0.0050895559719922,0.0077821835929304,0.9988279920424756,0.7062324394913305,3D,3D-current,4D-A-current,1.5006997656333732,0.0,3D current
5,5,4D-A-current-43ce2f360e5a,4D,4D-A-current,equal_per_property,64,legacy-joint,raw_minmax,"[48, 48]",2.0,"[1.0, 1.0]",wells,5,10,ridge(alpha_relative=0.0001),380500,16.181107083000825,231258.6894052889,2.0767349930512253,0.0032664279879191,0.2631199766026768,0.5162762372325016,0.0124696173443177,0.9817591185843718,0.8439615381098398,0.022950885326134,7.687632013122428,0.0061651552220658,0.0094268282107623,0.9900720651795814,0.4436624969305687,4D,3D-current,4D-A-current,1.5006997656333732,0.0,4D current
5,5,4D-A-3bf6b15a532d,4D,4D-A,equal_per_property,64,joint,standardized_anomaly,"[80, 48]",2.0,"[1.0, 1.0]",wells,10,20,ridge(alpha_relative=1e-06),504948,1.2693365839950277,6692646.271113009,0.2967876771876251,0.0010881520384079,0.0876537122339685,0.1719881907710437,0.0041540299010326,0.9982174869101051,0.9749361326568422,0.0030570314604831,1.0239837194416284,0.0008211915664602,0.001255642647478,0.9998922130941716,0.8740373131933508,4D,3D-independent,4D-A,0.356592999010677,0.0,4D-A
5,5,3D-independent-fa9b36e31dc0,3D,3D-independent,equal_per_property,64,independent,raw_minmax,"[80, 48]",,"[1.0, 1.0]",wells,10,20,ridge(alpha_relative=1e-06),272608,1.1297874999945634,13209038671.7324,0.2448477480588844,0.0019617834625275,0.158027184639876,0.3100702626981421,0.0074891254852713,0.9986395223118538,0.9568620321155504,0.0022292542476733,0.7467113392914876,0.0005988308629953,0.0009156420997406,0.9999407266209108,0.893833031276101,3D,3D-independent,4D-B,0.3436964296839924,0.0,3D optimized
5,5,4D-B-643a4d560541,4D,4D-B,equal_per_property,64,shared-independent,ensemble_anomaly,"[80, 48]",,"[1.0, 1.0]",wells,10,20,ridge(alpha_relative=1e-06),259184,0.88034454100125,76677570926.18973,0.2504240657368187,0.0013416739240855,0.1080756143467613,0.2120586670459944,0.0051218519116516,0.998348445128198,0.9727756113803384,0.002467459478987,0.8265005995277768,0.0006628184697864,0.0010134823251868,0.9999338998859818,0.8929842904741874,4D,3D-independent,4D-B,0.3436964296839924,0.0,4D optimized
5,5,4D-B-643a4d560541,4D,4D-B,equal_per_property,64,shared-independent,ensemble_anomaly,"[80, 48]",,"[1.0, 1.0]",wells,10,20,ridge(alpha_relative=1e-06),259184,0.88034454100125,76677570926.18973,0.2504240657368187,0.0013416739240855,0.1080756143467613,0.2120586670459944,0.0051218519116516,0.998348445128198,0.9727756113803384,0.002467459478987,0.8265005995277768,0.0006628184697864,0.0010134823251868,0.9999338998859818,0.8929842904741874,4D,3D-independent,4D-B,0.3436964296839924,0.0,4D-B
5,5,4D-C-e7705bff9f37,4D,4D-C,equal_per_property,64,joint,standardized_anomaly,"[64, 48]",2.0,"[1.0, 0.5]",wells,10,20,ridge(alpha_relative=1e-06),404420,1.107887790996756,1867723.4551868893,0.2803934466953106,0.0020488986547624,0.1650445587951839,0.3238392800526311,0.007821688491731,0.9969865038844196,0.9578142105952228,0.0025950487432669,0.8692379187497152,0.0006970919894253,0.0010658882371511,0.9999011550714982,0.8676031709320906,4D,3D-independent,4D-C,0.3668930247385443,0.0,4D-C
5,5,4D-D-ff94f89c821d,4D,4D-D,equal_per_property,64,partial-spatial,standardized_anomaly,"[64, 48]",,"[1.0, 1.0]",wells,10,20,ridge(alpha_relative=1e-06),230208,1.3418426240095869,251864.60133482184,0.2586263511026775,0.001298263606302,0.1045787909538173,0.2051974364891757,0.0049561326447466,0.9982012195828376,0.9730850099614886,0.002559580319934,0.8573574103164235,0.0006875643249269,0.0010513199654303,0.99992599529649,0.8817765837575726,4D,3D-independent,4D-D,0.3552674153827073,0.0,4D-D
5,5,4D-E-6ca320f290f9,4D,4D-E,equal_per_property,64,joint-property-residual,standardized_anomaly,"[80, 48]",2.0,"[1.0, 1.0]",wells,10,20,ridge(alpha_relative=1e-06),408916,1.9135325829993235,3115743.013926587,0.2150543119072262,0.0012097570404489,0.0974493377337924,0.1912085051678657,0.0046182580573595,0.9980164017417562,0.9725105136086206,0.0020778077287932,0.6959827904675729,0.0005581487157287,0.0008534370781777,0.999931246391676,0.8939192475363004,4D,3D-independent,4D-E,0.3497138986179726,0.0,4D-E
5,5,3D-current-5e7711139fcb,3D,3D-current,equal_per_property,64,legacy-independent,raw_minmax,"[48, 48]",,"[1.0, 1.0]",wells,10,20,ridge(alpha_relative=0.0001),242016,14.196827166997537,40398414.66739669,0.3390715245382174,0.0025863624823498,0.2083387842495952,0.4087882835456316,0.0098734613430578,0.995609450638382,0.9165491318235748,0.0030759950154611,1.030335754679455,0.0008262856296451,0.0012634317228231,0.9998933666170824,0.8482277497287857,3D,3D-current,4D-A-current,0.9213254686704486,0.0,3D current
5,5,4D-A-current-43ce2f360e5a,4D,4D-A-current,equal_per_property,64,legacy-joint,raw_minmax,"[48, 48]",2.0,"[1.0, 1.0]",wells,10,20,ridge(alpha_relative=0.0001),380500,16.181107083000825,67516653.6993313,1.5210005869844223,0.0031131010880637,0.2507690628670244,0.4920421089380368,0.0118842905663025,0.98109330006804,0.8419925047349632,0.016353184321848,5.477665088848537,0.0043928553642522,0.0067168937977941,0.9903628966609784,0.4468711028207829,4D,3D-current,4D-A-current,0.9213254686704486,0.0,4D current
5,5,4D-A-3bf6b15a532d,4D,4D-A,equal_per_property,64,joint,standardized_anomaly,"[80, 48]",2.0,"[1.0, 1.0]",wells,15,30,ridge(alpha_relative=1e-06),504948,1.2693365839950277,22597279.715885207,0.3116431943032508,0.0010620925654576,0.0855545482731196,0.167869353102258,0.0040545476356693,0.9977900121045438,0.9792842071636334,0.0032616020716757,1.092506722245226,0.0008761441120354,0.001339667816062,0.9998845662426492,0.8836927794470514,4D,3D-independent,4D-A,0.3403124282261939,0.0,4D-A
5,5,3D-independent-fa9b36e31dc0,3D,3D-independent,equal_per_property,64,independent,raw_minmax,"[80, 48]",,"[1.0, 1.0]",wells,15,30,ridge(alpha_relative=1e-06),272608,1.1297874999945634,24270435666.34059,0.2724143251213142,0.0008138102182872,0.0655547057479012,0.1286270136285272,0.0031067276090178,0.9992034270898958,0.968867405894664,0.0028182374183088,0.9439972310305748,0.0007570457910276,0.0011575605743316,0.999917496663454,0.8709218666917742,3D,3D-independent,4D-B,0.2993355038443839,0.0,3D optimized
5,5,4D-B-643a4d560541,4D,4D-B,equal_per_property,64,shared-independent,ensemble_anomaly,"[80, 48]",,"[1.0, 1.0]",wells,15,30,ridge(alpha_relative=1e-06),259184,0.88034454100125,198185470527.77332,0.2168395431582139,0.0008837454489112,0.0711881855960898,0.139680647093005,0.0033737059621283,0.998863109171926,0.9860375194483598,0.0022132466039898,0.7413494165470204,0.0005945308280883,0.0009090671330272,0.999941826495826,0.9043213395721494,4D,3D-independent,4D-B,0.2993355038443839,0.0,4D optimized
5,5,4D-B-643a4d560541,4D,4D-B,equal_per_property,64,shared-independent,ensemble_anomaly,"[80, 48]",,"[1.0, 1.0]",wells,15,30,ridge(alpha_relative=1e-06),259184,0.88034454100125,198185470527.77332,0.2168395431582139,0.0008837454489112,0.0711881855960898,0.139680647093005,0.0033737059621283,0.998863109171926,0.9860375194483598,0.0022132466039898,0.7413494165470204,0.0005945308280883,0.0009090671330272,0.999941826495826,0.9043213395721494,4D,3D-independent,4D-B,0.2993355038443839,0.0,4D-B
5,5,4D-C-e7705bff9f37,4D,4D-C,equal_per_property,64,joint,standardized_anomaly,"[64, 48]",2.0,"[1.0, 0.5]",wells,15,30,ridge(alpha_relative=0.0001),404420,1.107887790996756,3593241.440845882,0.2396337695196178,0.00137587259635,0.1108304137421072,0.217463948258478,0.0052524056414135,0.997936122159366,0.9771070115534496,0.0023375466795834,0.7829849886301071,0.0006279207931925,0.0009601220462715,0.9999120820667088,0.8934536370340368,4D,3D-independent,4D-C,0.3503612116706298,0.0,4D-C
5,5,4D-D-ff94f89c821d,4D,4D-D,equal_per_property,64,partial-spatial,standardized_anomaly,"[64, 48]",,"[1.0, 1.0]",wells,15,30,ridge(alpha_relative=1e-06),230208,1.3418426240095869,341357.7724908146,0.2287986380136508,0.000956668090642,0.0770623098250568,0.1512064566994219,0.0036520887832046,0.9988000145423996,0.9844437642919944,0.0023254856961057,0.7789450397838833,0.0006246809253523,0.000955168127602,0.9999267533508216,0.8971818308166792,4D,3D-independent,4D-D,0.3277520331535263,0.0,4D-D
5,5,4D-E-6ca320f290f9,4D,4D-E,equal_per_property,64,joint-property-residual,standardized_anomaly,"[80, 48]",2.0,"[1.0, 1.0]",wells,15,30,ridge(alpha_relative=1e-08),408916,1.9135325829993235,4598853.103786055,0.2345928494104495,0.0009291795986102,0.0748480343513552,0.1468617549990068,0.0035471512250288,0.9985623815904434,0.9817298273816694,0.0023836609345044,0.7984314264190722,0.0006403081819794,0.0009790629783109,0.9999247878295298,0.8880862988755893,4D,3D-independent,4D-E,0.3184625051804257,0.0,4D-E
5,5,3D-current-5e7711139fcb,3D,3D-current,equal_per_property,64,legacy-independent,raw_minmax,"[48, 48]",,"[1.0, 1.0]",wells,15,30,ridge(alpha_relative=0.0001),242016,14.196827166997537,67250829.75419043,0.2877482627105576,0.0017049135194272,0.1373355870695508,0.2694706082216295,0.0065085222362288,0.9964992549526293,0.9348072213381694,0.0027154386444895,0.9095637382352854,0.0007294315884281,0.0011153370885139,0.9999122473614916,0.8570053275870417,3D,3D-current,4D-A-current,0.8787622042051968,0.0,3D current
5,5,4D-A-current-43ce2f360e5a,4D,4D-A-current,equal_per_property,64,legacy-joint,raw_minmax,"[48, 48]",2.0,"[1.0, 1.0]",wells,15,30,ridge(alpha_relative=0.0001),380500,16.181107083000825,181085189.15392447,1.4604411823885013,0.0026513015246856,0.2135698070559166,0.4190522429993948,0.010121366703785,0.98266300542206,0.853208771162198,0.0157591642202148,5.2786920259421795,0.0042332873964133,0.0064729064582094,0.990594465555492,0.4477854357259849,4D,3D-current,4D-A-current,0.8787622042051968,0.0,4D current
5,5,4D-A-3bf6b15a532d,4D,4D-A,equal_per_property,64,joint,standardized_anomaly,"[80, 48]",2.0,"[1.0, 1.0]",wells,20,40,ridge(alpha_relative=1e-06),504948,1.2693365839950277,34095896.83494413,0.3522494122610748,0.0006072986950518,0.0489196207673547,0.0959867740287489,0.0023183680671999,0.999010644643358,0.989708178908272,0.0038517697178445,1.2901893660877508,0.001034677218448,0.0015820728011825,0.9998314075488958,0.8705144967133402,4D,3D-independent,4D-A,0.3246177590110818,0.0,4D-A
5,5,3D-independent-fa9b36e31dc0,3D,3D-independent,equal_per_property,64,independent,raw_minmax,"[80, 48]",,"[1.0, 1.0]",wells,20,40,ridge(alpha_relative=1e-06),272608,1.1297874999945634,57988263460.1611,0.222835609025268,0.000706360135301,0.0568992988551582,0.1116439591299729,0.002696535979688,0.9993931517996446,0.9867129494958502,0.0023120718674077,0.7744519416984873,0.000621077651018,0.0009496585423731,0.9999372239117604,0.8933046594092968,3D,3D-independent,4D-B,0.2708126652119045,0.0,3D optimized
5,5,4D-B-643a4d560541,4D,4D-B,equal_per_property,64,shared-independent,ensemble_anomaly,"[80, 48]",,"[1.0, 1.0]",wells,20,40,ridge(alpha_relative=1e-06),259184,0.88034454100125,441509959248.7244,0.1982082749911254,0.0007030767633966,0.0566348139983498,0.1111250048170352,0.0026840016787947,0.9993113413532552,0.9890394139926576,0.0020414272715145,0.6837967870061123,0.0005483760571586,0.0008384941983662,0.999947067494403,0.9061575880872637,4D,3D-independent,4D-B,0.2708126652119045,0.0,4D optimized
5,5,4D-B-643a4d560541,4D,4D-B,equal_per_property,64,shared-independent,ensemble_anomaly,"[80, 48]",,"[1.0, 1.0]",wells,20,40,ridge(alpha_relative=1e-06),259184,0.88034454100125,441509959248.7244,0.1982082749911254,0.0007030767633966,0.0566348139983498,0.1111250048170352,0.0026840016787947,0.9993113413532552,0.9890394139926576,0.0020414272715145,0.6837967870061123,0.0005483760571586,0.0008384941983662,0.999947067494403,0.9061575880872637,4D,3D-independent,4D-B,0.2708126652119045,0.0,4D-B
5,5,4D-C-e7705bff9f37,4D,4D-C,equal_per_property,64,joint,standardized_anomaly,"[64, 48]",2.0,"[1.0, 0.5]",wells,20,40,ridge(alpha_relative=1e-06),404420,1.107887790996756,6677836.278765843,0.2642695339007658,0.0009868643692704,0.0794947051374814,0.1559791384074964,0.0037673633403389,0.998523508057031,0.981837868386614,0.0027326418629418,0.915326130884776,0.0007340527832348,0.0011224031246479,0.9998843602510484,0.8936475324517748,4D,3D-independent,4D-C,0.3327403999801222,0.0,4D-C
5,5,4D-D-ff94f89c821d,4D,4D-D,equal_per_property,64,partial-spatial,standardized_anomaly,"[64, 48]",,"[1.0, 1.0]",wells,20,40,ridge(alpha_relative=1e-06),230208,1.3418426240095869,407738.43046657066,0.2430140107540292,0.0006963731731754,0.0560948209206931,0.1100654668911666,0.002658410664635,0.9993115671049853,0.988990098439096,0.0025828042161972,0.8651364901142318,0.0006938028173985,0.0010608589299341,0.999901884911072,0.9093604375985196,4D,3D-independent,4D-D,0.3029822662324243,0.0,4D-D
5,5,4D-E-6ca320f290f9,4D,4D-E,equal_per_property,64,joint-property-residual,standardized_anomaly,"[80, 48]",2.0,"[1.0, 1.0]",wells,20,40,ridge(alpha_relative=1e-06),408916,1.9135325829993235,5813660.624604357,0.2146092962502315,0.000715443592803,0.0576309969468496,0.1130796476795317,0.0027312121579576,0.9987913791454048,0.9855550419942162,0.002220168694859,0.7436680411494054,0.0005963902668012,0.0009119103070728,0.9999202859570891,0.9001686641964418,4D,3D-independent,4D-E,0.3318692398720491,0.0,4D-E
5,5,3D-current-5e7711139fcb,3D,3D-current,equal_per_property,64,legacy-independent,raw_minmax,"[48, 48]",,"[1.0, 1.0]",wells,20,40,ridge(alpha_relative=0.0001),242016,14.196827166997537,161465974.76759735,0.2710681127905341,0.001399977791987,0.1127721551597873,0.2212739020512004,0.0053444274360818,0.99644907847609,0.9431773502255216,0.0026218642364332,0.8782200403883018,0.0007042952704917,0.0010769024112831,0.9999152961199564,0.8702621385463831,3D,3D-current,4D-A-current,0.8541009785801408,0.0,3D current
5,5,4D-A-current-43ce2f360e5a,4D,4D-A-current,equal_per_property,64,legacy-joint,raw_minmax,"[48, 48]",2.0,"[1.0, 1.0]",wells,20,40,ridge(alpha_relative=0.0001),380500,16.181107083000825,386262608.08907294,1.4514525019283115,0.0023844964112136,0.1920779035227963,0.376882282244958,0.0091028358551612,0.982787007089929,0.8647677140695346,0.0157318010394588,5.269526450785845,0.0042259369933969,0.0064616673273165,0.9906043255415796,0.4468209791212551,4D,3D-current,4D-A-current,0.8541009785801408,0.0,4D current
5,5,4D-A-3bf6b15a532d,4D,4D-A,equal_per_property,64,joint,standardized_anomaly,"[80, 48]",2.0,"[1.0, 1.0]",wells,30,60,ridge(alpha_relative=0.0001),504948,1.2693365839950277,226689289.32660997,0.2741173835423995,0.0005362944717229,0.043200030545227,0.0847641806076082,0.0020473088251116,0.9992527175257264,0.9910264209722468,0.0029322814833693,0.9821974482774104,0.0007876807470767,0.0012044029420445,0.9998338562201432,0.8668294683338317,4D,3D-independent,4D-A,0.3585355074497272,0.0,4D-A
5,5,3D-independent-fa9b36e31dc0,3D,3D-independent,equal_per_property,64,independent,raw_minmax,"[80, 48]",,"[1.0, 1.0]",wells,30,60,ridge(alpha_relative=1e-06),272608,1.1297874999945634,284228822652.421,0.2192165076168558,0.0004627921430735,0.0372792109018713,0.0731467484146134,0.0017667130441654,0.9999003910145672,0.9911192040010516,0.002368893466917,0.7934849132469622,0.0006363412879524,0.0009729974005314,0.9999433712069208,0.916676983361769,3D,3D-independent,4D-B,0.2335935499509331,0.0,3D optimized
5,5,4D-B-643a4d560541,4D,4D-B,equal_per_property,64,shared-independent,ensemble_anomaly,"[80, 48]",,"[1.0, 1.0]",wells,30,60,ridge(alpha_relative=1e-06),259184,0.88034454100125,861120927207.1313,0.1480922285189496,0.0002825810532876,0.0227626999292186,0.0446634315662597,0.0010787556365189,0.99993764872103,0.9979624758365828,0.0015742652226848,0.527316116615179,0.0004228851881151,0.0006466124335312,0.999954559417808,0.9174573291006156,4D,3D-independent,4D-B,0.2335935499509331,0.0,4D optimized
5,5,4D-B-643a4d560541,4D,4D-B,equal_per_property,64,shared-independent,ensemble_anomaly,"[80, 48]",,"[1.0, 1.0]",wells,30,60,ridge(alpha_relative=1e-06),259184,0.88034454100125,861120927207.1313,0.1480922285189496,0.0002825810532876,0.0227626999292186,0.0446634315662597,0.0010787556365189,0.99993764872103,0.9979624758365828,0.0015742652226848,0.527316116615179,0.0004228851881151,0.0006466124335312,0.999954559417808,0.9174573291006156,4D,3D-independent,4D-B,0.2335935499509331,0.0,4D-B
5,5,4D-C-e7705bff9f37,4D,4D-C,equal_per_property,64,joint,standardized_anomaly,"[64, 48]",2.0,"[1.0, 0.5]",wells,30,60,ridge(alpha_relative=0.0001),404420,1.107887790996756,29241926.16271944,0.2871162559147257,0.0004542359477576,0.0365899852646796,0.0717943964451131,0.0017340496938921,0.999012510898858,0.9901876866949346,0.0031500142995032,1.0551292652349178,0.0008461689748434,0.0012938343441178,0.99985203200318,0.8963207669864545,4D,3D-independent,4D-C,0.3565123358160406,0.0,4D-C
5,5,4D-D-ff94f89c821d,4D,4D-D,equal_per_property,64,partial-spatial,standardized_anomaly,"[64, 48]",,"[1.0, 1.0]",wells,30,60,ridge(alpha_relative=0.0001),230208,1.3418426240095869,3104755.1222137264,0.3033600159794635,0.0003308375834301,0.0266498993804191,0.0522906316441485,0.0012629753613888,0.9992705548865768,0.9924575175284448,0.0033558009804138,1.124059602934846,0.0009014481857505,0.0013783590002015,0.9998437825251214,0.8820813592663772,4D,3D-independent,4D-D,0.3138519313033484,0.0,4D-D
5,5,4D-E-6ca320f290f9,4D,4D-E,equal_per_property,64,joint-property-residual,standardized_anomaly,"[80, 48]",2.0,"[1.0, 1.0]",wells,30,60,ridge(alpha_relative=0.0001),408916,1.9135325829993235,26956475.05941379,0.2987216055466716,0.0006682821286033,0.0538320081423601,0.1056255285716086,0.0025511728568791,0.9993624085619686,0.9906630694389088,0.0031671054701519,1.0608541263352114,0.0008507600709375,0.0013008543578269,0.9998032998334654,0.848936355142861,4D,3D-independent,4D-E,0.3559239125643134,0.0,4D-E
5,5,3D-current-5e7711139fcb,3D,3D-current,equal_per_property,64,legacy-independent,raw_minmax,"[48, 48]",,"[1.0, 1.0]",wells,30,60,ridge(alpha_relative=0.0001),242016,14.196827166997537,528910965.82197744,0.2310014814093709,0.0017060773863155,0.1374293398262456,0.2696545635452866,0.0065129653082298,0.996375620844278,0.9332319126615564,0.0020804104670651,0.6968546040719963,0.0005588478733089,0.0008545061248057,0.9999398393266636,0.88732412385996,3D,3D-current,4D-A-current,0.8254088251121963,0.0,3D current
5,5,4D-A-current-43ce2f360e5a,4D,4D-A-current,equal_per_property,64,legacy-joint,raw_minmax,"[48, 48]",2.0,"[1.0, 1.0]",wells,30,60,ridge(alpha_relative=0.0001),380500,16.181107083000825,1700946129.7496648,1.4526191164151128,0.0026355535245172,0.2123012612771054,0.4165631881967229,0.0100612485757365,0.983289888412288,0.8616321088246114,0.0156916801980215,5.256087567682058,0.0042151595784264,0.0064451881251191,0.9905910930091406,0.4541926177728135,4D,3D-current,4D-A-current,0.8254088251121963,0.0,4D current
5,5,4D-A-3bf6b15a532d,4D,4D-A,equal_per_property,64,joint,standardized_anomaly,"[80, 48]",2.0,"[1.0, 1.0]",grid,30,30,ridge(alpha_relative=1e-06),504948,1.2693365839950277,133.24224175001297,0.2745944524266618,0.0039656788558292,0.319446603941281,0.6267965390121122,0.0151390136337107,0.998480473517094,0.8821786397596598,0.002022303233066,0.677390996200764,0.0005432388842856,0.0008306392061693,0.999882693877032,0.914740941111136,4D,3D-independent,4D-A,0.5012895039289581,0.0,4D-A
5,5,3D-independent-fa9b36e31dc0,3D,3D-independent,equal_per_property,64,independent,raw_minmax,"[80, 48]",,"[1.0, 1.0]",grid,30,30,ridge(alpha_relative=1e-06),272608,1.1297874999945634,15750.800374045151,0.3121402500238329,0.0066978999070616,0.5395347068269001,1.0586385416017066,0.025569291336132,0.9983436748673562,0.8179756074665178,0.0016895967166554,0.5659475712440727,0.0004538659782771,0.0006939835987608,0.999974208827451,0.8958669484847644,3D,3D-independent,4D-B,0.4610677517139511,0.0,3D optimized
5,5,4D-B-643a4d560541,4D,4D-B,equal_per_property,64,shared-independent,ensemble_anomaly,"[80, 48]",,"[1.0, 1.0]",grid,30,30,ridge(alpha_relative=1e-06),259184,0.88034454100125,106159.69768800725,0.2038690462218896,0.0032772353618169,0.2639905410166581,0.517984399895489,0.0125108745884695,0.9987562548062504,0.8906564586258265,0.0013782306489234,0.4616523461979815,0.0003702256257951,0.0005660933501077,0.999954769551021,0.9296769460283356,4D,3D-independent,4D-B,0.4610677517139511,0.0,4D optimized
5,5,4D-B-643a4d560541,4D,4D-B,equal_per_property,64,shared-independent,ensemble_anomaly,"[80, 48]",,"[1.0, 1.0]",grid,30,30,ridge(alpha_relative=1e-06),259184,0.88034454100125,106159.69768800725,0.2038690462218896,0.0032772353618169,0.2639905410166581,0.517984399895489,0.0125108745884695,0.9987562548062504,0.8906564586258265,0.0013782306489234,0.4616523461979815,0.0003702256257951,0.0005660933501077,0.999954769551021,0.9296769460283356,4D,3D-independent,4D-B,0.4610677517139511,0.0,4D-B
5,5,4D-C-e7705bff9f37,4D,4D-C,equal_per_property,64,joint,standardized_anomaly,"[64, 48]",2.0,"[1.0, 0.5]",grid,30,30,ridge(alpha_relative=1e-06),404420,1.107887790996756,208.8609925007362,0.2783841121813507,0.0035912159663745,0.2892825632594409,0.5676106967814236,0.013709498285931,0.9984089990902896,0.8935968041433541,0.0021739379024427,0.7281825679434056,0.0005839715732634,0.0008929215085161,0.9998693746169912,0.9142605608115334,4D,3D-independent,4D-C,0.5037495002053094,0.0,4D-C
5,5,4D-D-ff94f89c821d,4D,4D-D,equal_per_property,64,partial-spatial,standardized_anomaly,"[64, 48]",,"[1.0, 1.0]",grid,30,30,ridge(alpha_relative=1e-06),230208,1.3418426240095869,192.0771127062096,0.2520705982151778,0.0033021741198134,0.265999428230708,0.521926102632337,0.0126060785147184,0.9977474789406836,0.8834956248122282,0.0019100304547243,0.6397840894206239,0.0005130797380979,0.0007845243753411,0.999870005878804,0.9115066247690128,4D,3D-independent,4D-D,0.4737995807202375,0.0,4D-D
5,5,4D-E-6ca320f290f9,4D,4D-E,equal_per_property,64,joint-property-residual,standardized_anomaly,"[80, 48]",2.0,"[1.0, 1.0]",grid,30,30,ridge(alpha_relative=1e-06),408916,1.9135325829993235,132.7298264907082,0.2771552549280887,0.0042192469215443,0.3398722259861849,0.6668743142864696,0.0161070119370255,0.9987070118138522,0.8690835300169217,0.0019727294092539,0.6607857406938183,0.0005299221727771,0.0008102772935813,0.9998878313099564,0.9149903639183756,4D,3D-independent,4D-E,0.5125042420910706,0.0,4D-E
5,5,3D-current-5e7711139fcb,3D,3D-current,equal_per_property,64,legacy-independent,raw_minmax,"[48, 48]",,"[1.0, 1.0]",grid,30,30,ridge(alpha_relative=0.0001),242016,14.196827166997537,15589.482231500388,0.5159653626795652,0.0068738308422488,0.5537064392885849,1.0864453573549342,0.0262409092162525,0.9956483381043816,0.7862966762405315,0.0039435145073279,1.320920214621338,0.0010593220571957,0.0016197559823497,0.9999364784886582,0.835233730142793,3D,3D-current,4D-A-current,1.149233804916331,0.0,3D current
5,5,4D-A-current-43ce2f360e5a,4D,4D-A-current,equal_per_property,64,legacy-joint,raw_minmax,"[48, 48]",2.0,"[1.0, 1.0]",grid,30,30,ridge(alpha_relative=0.0001),380500,16.181107083000825,203799.4058889784,1.6256110916015978,0.0042224916936971,0.3401336015242672,0.6673871677043213,0.0161193988830307,0.9825420954862838,0.765416727401989,0.0172209387171701,5.768328232087265,0.0046259548924739,0.0070733145413773,0.9903305736098164,0.4466182070082937,4D,3D-current,4D-A-current,1.149233804916331,0.0,4D current
5,5,4D-A-3bf6b15a532d,4D,4D-A,equal_per_property,64,joint,standardized_anomaly,"[80, 48]",2.0,"[1.0, 1.0]",grid,100,100,ridge(alpha_relative=1e-08),504948,1.2693365839950277,864.4274934348904,0.1463498491086289,0.0020017180466107,0.1612440278914302,0.316382135141742,0.0076415761084488,0.9988141789406608,0.9752152346302694,0.001150997482778,0.3855382905666019,0.0003091853774134,0.0004727597818988,0.9999651835327688,0.9475506094167632,4D,3D-independent,4D-A,0.2379714845826717,0.0,4D-A
5,5,3D-independent-fa9b36e31dc0,3D,3D-independent,equal_per_property,64,independent,raw_minmax,"[80, 48]",,"[1.0, 1.0]",grid,100,100,ridge(alpha_relative=1e-08),272608,1.1297874999945634,2.96183358740259e+17,0.1200146285259933,0.0009159649517683,0.0737835573199611,0.1447731101021639,0.0034967041954088,0.9996043064600898,0.9776158498115372,0.0010644424813142,0.3565458142113815,0.0002859346395143,0.0004372082500957,0.9999828202691028,0.9229258650432016,3D,3D-independent,4D-B,0.1648013405761587,0.0,3D optimized
5,5,4D-B-643a4d560541,4D,4D-B,equal_per_property,64,shared-independent,ensemble_anomaly,"[80, 48]",,"[1.0, 1.0]",grid,100,100,ridge(alpha_relative=1e-08),259184,0.88034454100125,1.6246929750352952e+18,0.1346257723002631,0.0013282272422998,0.1069924462469544,0.2099333477977982,0.005070519086609,0.9995122436160032,0.9648952773056496,0.0011513552021092,0.3856581122877919,0.0003092814693581,0.0004729067112497,0.999968581534168,0.9433996613617378,4D,3D-independent,4D-B,0.1648013405761587,0.0,4D optimized
5,5,4D-B-643a4d560541,4D,4D-B,equal_per_property,64,shared-independent,ensemble_anomaly,"[80, 48]",,"[1.0, 1.0]",grid,100,100,ridge(alpha_relative=1e-08),259184,0.88034454100125,1.6246929750352952e+18,0.1346257723002631,0.0013282272422998,0.1069924462469544,0.2099333477977982,0.005070519086609,0.9995122436160032,0.9648952773056496,0.0011513552021092,0.3856581122877919,0.0003092814693581,0.0004729067112497,0.999968581534168,0.9433996613617378,4D,3D-independent,4D-B,0.1648013405761587,0.0,4D-B
5,5,4D-C-e7705bff9f37,4D,4D-C,equal_per_property,64,joint,standardized_anomaly,"[64, 48]",2.0,"[1.0, 0.5]",grid,100,100,ridge(alpha_relative=1e-06),404420,1.107887790996756,1560.581612076608,0.1432089370131186,0.0019589754352835,0.1578009901346014,0.3096264391254372,0.0074784058167665,0.9975834137975648,0.9665668539982184,0.0011128727070723,0.3727680099415424,0.0002989441533085,0.0004571004421372,0.9999672083370752,0.9488996500491204,4D,3D-independent,4D-C,0.2323094752850128,0.0,4D-C
5,5,4D-D-ff94f89c821d,4D,4D-D,equal_per_property,64,partial-spatial,standardized_anomaly,"[64, 48]",,"[1.0, 1.0]",grid,100,100,ridge(alpha_relative=1e-06),230208,1.3418426240095869,1.2960060013741194e+17,0.1898971818550327,0.0002686944499321,0.0216440949076199,0.0424685803848444,0.0010257434070453,0.999512249684638,0.9957043447386676,0.0020247290324032,0.6782035423129142,0.0005438905118477,0.0008316355770413,0.999839804450082,0.884813474862139,4D,3D-independent,4D-D,0.1969221156979144,0.0,4D-D
5,5,4D-E-6ca320f290f9,4D,4D-E,equal_per_property,64,joint-property-residual,standardized_anomaly,"[80, 48]",2.0,"[1.0, 1.0]",grid,100,100,ridge(alpha_relative=0.0001),408916,1.9135325829993235,5776.838242422926,0.1565660928252202,0.0016921356984688,0.1363062975936916,0.2674510059683881,0.0064597427932301,0.993650247124052,0.9506357894422736,0.0012920085613461,0.4327713827284284,0.0003470643165066,0.000530678559087,0.9999485360627592,0.9349908286002048,4D,3D-independent,4D-E,0.2936486790762336,0.0,4D-E
5,5,3D-current-5e7711139fcb,3D,3D-current,equal_per_property,64,legacy-independent,raw_minmax,"[48, 48]",,"[1.0, 1.0]",grid,100,100,ridge(alpha_relative=1e-06),242016,14.196827166997537,2.0988513982327972e+18,0.1439742907649538,0.002064403581213,0.1662935243012333,0.3262899157672655,0.0078808786837406,0.992945407276627,0.9156724492959208,0.0010001708298444,0.3350173721337086,0.000268669740925,0.000410809363577,0.9999803175108604,0.9351550174543322,3D,3D-current,4D-A-current,0.8247893601709287,0.0,3D current
5,5,4D-A-current-43ce2f360e5a,4D,4D-A-current,equal_per_property,64,legacy-joint,raw_minmax,"[48, 48]",2.0,"[1.0, 1.0]",grid,100,100,ridge(alpha_relative=1e-06),380500,16.181107083000825,991940.809400451,1.4907187036655405,0.0033503094019187,0.2698768608109348,0.5295341388160169,0.0127898353741485,0.976059774342427,0.8224438401504617,0.0159151251910895,5.330932736287609,0.0042751822331642,0.0065369657421598,0.9903200070424596,0.4534257247223046,4D,3D-current,4D-A-current,0.8247893601709287,0.0,4D current
5,5,4D-A-3bf6b15a532d,4D,4D-A,equal_per_property,64,joint,standardized_anomaly,"[80, 48]",2.0,"[1.0, 1.0]",grid,300,300,ridge(alpha_relative=1e-08),504948,1.2693365839950277,882.0662403776425,0.0965340825146548,0.0010177735859037,0.0819845296146899,0.1608645037418193,0.0038853595445275,0.9990882608347126,0.9878501906815284,0.0008394078069302,0.281168165712281,0.000225484958458,0.0003447776886277,0.9999797142891578,0.9661825398551744,4D,3D-independent,4D-A,0.1530641454656873,0.0,4D-A
5,5,3D-independent-fa9b36e31dc0,3D,3D-independent,equal_per_property,64,independent,raw_minmax,"[80, 48]",,"[1.0, 1.0]",grid,300,300,least_squares(rcond=1e-10),272608,1.1297874999945634,132390.37532803186,0.0824379809397513,0.0004972047001292,0.0400512393197062,0.0785858352507393,0.0018980832809839,0.9999101527731792,0.9966734133778956,0.0007850628673691,0.2629647765538827,0.0002108866114589,0.0003224560917878,0.9999875090624236,0.9498547708512712,3D,3D-independent,4D-B,0.1149653602664383,0.0,3D optimized
5,5,4D-B-643a4d560541,4D,4D-B,equal_per_property,64,shared-independent,ensemble_anomaly,"[80, 48]",,"[1.0, 1.0]",grid,300,300,least_squares(rcond=1e-10),259184,0.88034454100125,106770.60920360616,0.0906099164572352,0.0003289317444661,0.0264963786827433,0.0519894037056364,0.0012556998045149,0.999947079327178,0.9977994842337008,0.0009366977667312,0.3137564253324891,0.0002516193622162,0.0003847384885987,0.9999771519153584,0.957826792138882,4D,3D-independent,4D-B,0.1149653602664383,0.0,4D optimized
5,5,4D-B-643a4d560541,4D,4D-B,equal_per_property,64,shared-independent,ensemble_anomaly,"[80, 48]",,"[1.0, 1.0]",grid,300,300,least_squares(rcond=1e-10),259184,0.88034454100125,106770.60920360616,0.0906099164572352,0.0003289317444661,0.0264963786827433,0.0519894037056364,0.0012556998045149,0.999947079327178,0.9977994842337008,0.0009366977667312,0.3137564253324891,0.0002516193622162,0.0003847384885987,0.9999771519153584,0.957826792138882,4D,3D-independent,4D-B,0.1149653602664383,0.0,4D-B
5,5,4D-C-e7705bff9f37,4D,4D-C,equal_per_property,64,joint,standardized_anomaly,"[64, 48]",2.0,"[1.0, 0.5]",grid,300,300,ridge(alpha_relative=1e-08),404420,1.107887790996756,1361.1604504372592,0.0994580520653467,0.0013866197187355,0.1116961247270374,0.2191625878509614,0.0052934328748916,0.9976866557597824,0.97268500191265,0.0007686556125342,0.257468999997822,0.0002064792314651,0.0003157169891109,0.9999806568388344,0.9699808310142948,4D,3D-independent,4D-C,0.1595348902065918,0.0,4D-C
5,5,4D-D-ff94f89c821d,4D,4D-D,equal_per_property,64,partial-spatial,standardized_anomaly,"[64, 48]",,"[1.0, 1.0]",grid,300,300,ridge(alpha_relative=1e-08),230208,1.3418426240095869,2591.1736554077147,0.0971375695661945,0.0001736833818722,0.013990685710362,0.0274515780523779,0.0006630378257302,0.9999542922333394,0.998669849866308,0.001047268814055,0.3507933200340051,0.0002813213828629,0.000430154351795,0.999967955789294,0.95379760509287,4D,3D-independent,4D-D,0.1231010133904931,0.0,4D-D
5,5,4D-E-6ca320f290f9,4D,4D-E,equal_per_property,64,joint-property-residual,standardized_anomaly,"[80, 48]",2.0,"[1.0, 1.0]",grid,300,300,ridge(alpha_relative=1e-08),408916,1.9135325829993235,1200.5592135742672,0.161668106359673,0.0030664333030057,0.2470098413081899,0.484666018432187,0.0117061358896549,0.9824583522273412,0.891291257872129,0.0009683411089293,0.324355684011495,0.0002601195186862,0.0003977356495656,0.9999734470521684,0.9580949418898566,4D,3D-independent,4D-E,0.1960439519039103,0.0,4D-E
5,5,3D-current-5e7711139fcb,3D,3D-current,equal_per_property,64,legacy-independent,raw_minmax,"[48, 48]",,"[1.0, 1.0]",grid,300,300,ridge(alpha_relative=1e-06),242016,14.196827166997537,263068.4872359653,0.1202347209128448,0.0014108469098755,0.11364769322617,0.2229918236788251,0.0053859203884572,0.9950072017751485,0.9309568923586532,0.0009090178129708,0.3044847438428002,0.0002441838664152,0.0003733692466164,0.9999814453661684,0.9434302144765288,3D,3D-current,4D-A-current,0.7550968484239811,0.0,3D current
5,5,4D-A-current-43ce2f360e5a,4D,4D-A-current,equal_per_property,64,legacy-joint,raw_minmax,"[48, 48]",2.0,"[1.0, 1.0]",grid,300,300,ridge(alpha_relative=1e-06),380500,16.181107083000825,271235.7160223532,1.4425314626076586,0.0023888527040194,0.1924288151808445,0.3775708173868246,0.0091194660409572,0.9807832281402554,0.8571516097556788,0.0156258098481412,5.2340236253434735,0.004197465231312,0.006418132590499,0.9905014788233028,0.4555015704316872,4D,3D-current,4D-A-current,0.7550968484239811,0.0,4D current
6,6,3D-current-5e7711139fcb,3D,3D-current,equal_per_property,64,legacy-independent,raw_minmax,"[48, 48]",,"[1.0, 1.0]",full,9900,9900,projection,242016,13.31439116600086,1.0,0.1048611123086298,0.0008563409715645,0.1068617044142033,0.1375894248245071,0.0033231966812637,0.9956697623608756,0.9638373580811038,0.0009653674322193,0.2721518727291233,0.0002600187145971,0.0003975815151121,0.99996877574584,0.9553008977365106,,,,,,3D current
6,6,3D-independent-fa9b36e31dc0,3D,3D-independent,equal_per_property,64,independent,raw_minmax,"[80, 48]",,"[1.0, 1.0]",full,9900,9900,projection,272608,0.7945633329945849,1.0,0.0744089589447383,6.457862507736247e-05,0.0080586847688534,0.0103759322225558,0.000250609838445,0.9999555293788036,0.999642104117018,0.0009509818941568,0.2680963691008979,0.0002561440146735,0.0003916569066907,0.9999711905458036,0.9573963320645782,,,,,,3D optimized
6,6,4D-A-3bf6b15a532d,4D,4D-A,equal_per_property,64,joint,standardized_anomaly,"[80, 48]",2.0,"[1.0, 1.0]",full,9900,9900,projection,504948,1.0155335000017658,1.0,0.0865636129517677,0.0003770937681675,0.0470570533566002,0.0605881493352844,0.0014633852641781,0.9991429437524724,0.9929100674553502,0.0009943019450985,0.2803089553111116,0.0002678121356254,0.000409498042525,0.9999641286529396,0.9693130462659316,,,,,,4D-A
6,6,4D-A-current-43ce2f360e5a,4D,4D-A-current,equal_per_property,64,legacy-joint,raw_minmax,"[48, 48]",2.0,"[1.0, 1.0]",full,9900,9900,projection,380500,15.54319037499954,1.0,1.2331533471121892,0.0020506306851663,0.2558956039912066,0.3294775163963256,0.0079578687855976,0.9808203642931832,0.8696906772349638,0.0154130167405236,4.345165612947232,0.0041514481089561,0.0063477701273367,0.9906444069522072,0.467204979744402,,,,,,4D current
6,6,4D-B-643a4d560541,4D,4D-B,equal_per_property,64,shared-independent,ensemble_anomaly,"[80, 48]",,"[1.0, 1.0]",full,9900,9900,projection,259184,0.9283317919980618,1.0,0.0933611599261014,5.242026173090441e-05,0.0065414580177897,0.0084224320687676,0.0002034269591198,0.999973882244755,0.9997845693896988,0.0012232171735823,0.3448436661878157,0.0003294697402591,0.0005037755790724,0.999956692522654,0.9560963996127004,,,,,,4D optimized
6,6,4D-B-643a4d560541,4D,4D-B,equal_per_property,64,shared-independent,ensemble_anomaly,"[80, 48]",,"[1.0, 1.0]",full,9900,9900,projection,259184,0.9283317919980618,1.0,0.0933611599261014,5.242026173090441e-05,0.0065414580177897,0.0084224320687676,0.0002034269591198,0.999973882244755,0.9997845693896988,0.0012232171735823,0.3448436661878157,0.0003294697402591,0.0005037755790724,0.999956692522654,0.9560963996127004,,,,,,4D-B
6,6,4D-C-4e04f7cc08d6,4D,4D-C,equal_per_property,64,joint,standardized_anomaly,"[80, 48]",2.0,"[1.0, 0.5]",full,9900,9900,projection,504948,0.8995250830048462,1.0,0.0872831017976569,0.0003399802141438,0.042425699992073,0.0546250660298337,0.0013193589432886,0.999445228776878,0.995158303173536,0.0010218136715376,0.2880649325924265,0.0002752223335524,0.0004208286028028,0.9999632706907092,0.9675581476142076,,,,,,4D-C
6,6,4D-D-ff94f89c821d,4D,4D-D,equal_per_property,64,partial-spatial,standardized_anomaly,"[64, 48]",,"[1.0, 1.0]",full,9900,9900,projection,230208,1.3175440830018488,1.0,0.0972079588883217,6.781584838494257e-05,0.0084626537621685,0.0108960611288075,0.0002631725092846,0.9999671253262878,0.9996673818554864,0.0012581840860932,0.3547013746683389,0.0003388879693614,0.0005181765186431,0.9999517174041248,0.9489970038989548,,,,,,4D-D
6,6,4D-E-6ca320f290f9,4D,4D-E,equal_per_property,64,joint-property-residual,standardized_anomaly,"[80, 48]",2.0,"[1.0, 1.0]",full,9900,9900,projection,408916,2.2191767079930287,1.0,0.0956388047490948,0.0002887578745986,0.0360337291654496,0.0463951056866852,0.0011205807527833,0.9995913958867928,0.9953409808575092,0.0011466537782023,0.3232592717492634,0.0003088476279033,0.0004722433461409,0.9999579789871936,0.9581345829791584,,,,,,4D-E
6,6,3D-current-e419eaac8e1a,3D,3D-current,equal_total,32,legacy-independent,raw_minmax,"[48, 48]",,"[1.0, 1.0]",full,9900,9900,projection,129984,14.035244124999736,1.0,0.1218146764518049,0.0008992616305805,0.112217719050114,0.1444855432903909,0.0034897585956598,0.9954541411656652,0.96000386613677,0.0011582457932276,0.326527238424491,0.0003119699010875,0.000477017456747,0.9999597179551176,0.9429686371980004,,,,,,3D current
6,6,3D-independent-7db5f3bc9ad5,3D,3D-independent,equal_total,32,independent,raw_minmax,"[80, 48]",,"[1.0, 1.0]",full,9900,9900,projection,149728,0.871928749998915,1.0,0.0994504839349332,0.0003545414563843,0.0442427789546306,0.0569646398808173,0.0013758666586677,0.9995093150320808,0.993002828690054,0.0011443943082224,0.322622292537113,0.0003082390466935,0.000471312795277,0.9999624027972366,0.9451234428139672,,,,,,3D optimized
6,6,4D-A-4ea76ef087a9,4D,4D-A,equal_total,32,joint,standardized_anomaly,"[80, 48]",2.0,"[1.0, 1.0]",full,9900,9900,projection,259188,0.810501915999339,1.0,0.117376649596016,0.00061168180152,0.0763309966941721,0.0982797157223388,0.0023737494763176,0.9986355061099922,0.9843057202508928,0.0012774205865969,0.360124438946359,0.0003440692609271,0.0005260989705101,0.9999427736977768,0.9495919542620412,,,,,,4D-A
6,6,4D-A-current-205a30146a4e,4D,4D-A-current,equal_total,32,legacy-joint,raw_minmax,"[48, 48]",2.0,"[1.0, 1.0]",full,9900,9900,projection,194740,15.257463084002666,1.0,1.2373769229432268,0.0020529941651848,0.2561905396669657,0.3298572598246226,0.0079670407266989,0.9807729259722668,0.8692715652473635,0.0154641117471159,4.359570078301123,0.0041652103900245,0.0063688133378881,0.990618636446906,0.4632342871429987,,,,,,4D current
6,6,4D-B-2828b82824ed,4D,4D-B,equal_total,32,shared-independent,ensemble_anomaly,"[80, 48]",,"[1.0, 1.0]",full,9900,9900,projection,136304,1.214604832995974,1.0,0.121169917931095,0.0003060764504756,0.0381948922975394,0.0491777039423111,0.001187788834365,0.9996277546548296,0.9949666046764408,0.0014642571693599,0.412796534768326,0.0003943931132432,0.0006030466374544,0.9999280200701428,0.9376569060065296,,,,,,4D optimized
6,6,4D-B-2828b82824ed,4D,4D-B,equal_total,32,shared-independent,ensemble_anomaly,"[80, 48]",,"[1.0, 1.0]",full,9900,9900,projection,136304,1.214604832995974,1.0,0.121169917931095,0.0003060764504756,0.0381948922975394,0.0491777039423111,0.001187788834365,0.9996277546548296,0.9949666046764408,0.0014642571693599,0.412796534768326,0.0003943931132432,0.0006030466374544,0.9999280200701428,0.9376569060065296,,,,,,4D-B
6,6,4D-C-44adce3e7a5f,4D,4D-C,equal_total,32,joint,standardized_anomaly,"[80, 48]",2.0,"[1.0, 0.5]",full,9900,9900,projection,259188,0.9812564170060796,1.0,0.120291797016964,0.0006863553327183,0.0856494120023841,0.1102776097252568,0.0026635345494328,0.9988467137841596,0.9827974285101267,0.0012812375978413,0.361200512909211,0.000345097361031,0.0005276709865768,0.9999415721407864,0.9485680451773516,,,,,,4D-C
6,6,4D-D-2ecf0e4138e3,4D,4D-D,equal_total,32,partial-spatial,standardized_anomaly,"[80, 48]",,"[1.0, 1.0]",full,9900,9900,projection,163152,1.213268874998903,1.0,0.1193795645317066,0.0003464041490832,0.043227334690713,0.0556572080652791,0.0013442882646457,0.9995463018538938,0.9939932039864454,0.0014241403703109,0.4014869943542941,0.0003835877782232,0.0005865247441162,0.999927648367836,0.9403989378499158,,,,,,4D-D
6,6,4D-E-4f4328240852,4D,4D-E,equal_total,32,joint-property-residual,standardized_anomaly,"[80, 48]",2.0,"[1.0, 1.0]",full,9900,9900,projection,224596,1.5945352080088924,1.0,0.111183167274522,0.0004216766977329,0.0526205006274174,0.0677513469862051,0.0016363979407783,0.9993481210187092,0.9915899983866108,0.0012815608977218,0.3612916560998752,0.000345184440848,0.0005278041359374,0.999947698972273,0.9467689768717984,,,,,,4D-E
6,6,4D-A-4ea76ef087a9,4D,4D-A,equal_total,32,joint,standardized_anomaly,"[80, 48]",2.0,"[1.0, 1.0]",wells,5,10,ridge(alpha_relative=1e-08),259188,0.810501915999339,53321.48223699105,0.3175009316699548,0.0024547207965615,0.3063214968008481,0.3944032035353626,0.0095260185783918,0.9974776393868464,0.9601676588153496,0.0031059071299189,0.8756028157971818,0.0008365664229245,0.0012791515658155,0.9998622767175248,0.8636735130210715,4D,3D-independent,4D-A,0.5356429449165301,0.0,4D-A
6,6,3D-independent-7db5f3bc9ad5,3D,3D-independent,equal_total,32,independent,raw_minmax,"[80, 48]",,"[1.0, 1.0]",wells,5,10,ridge(alpha_relative=1e-08),149728,0.871928749998915,85994699.07202885,0.6226936803258489,0.0024698959243756,0.3082151817660316,0.3968414111850225,0.009584908595411,0.9968907173731532,0.8628794136683635,0.0070790738729878,1.9956994066934952,0.0019067265245945,0.002915479455882,0.9996583753378258,0.7634003206438986,3D,3D-independent,4D-B,0.5177221629966408,0.0,3D optimized
6,6,4D-B-2828b82824ed,4D,4D-B,equal_total,32,shared-independent,ensemble_anomaly,"[80, 48]",,"[1.0, 1.0]",wells,5,10,ridge(alpha_relative=1e-08),136304,1.214604832995974,7217796.398425169,0.3780588626916061,0.0017567587170164,0.2192236935737029,0.2822607226045774,0.0068174418041724,0.9979143304279958,0.9677910528197424,0.0042702664718936,1.2038535572993423,0.0011501829893477,0.0017586868555579,0.9998285160709672,0.8538925473934996,4D,3D-independent,4D-B,0.5177221629966408,0.0,4D optimized
6,6,4D-B-2828b82824ed,4D,4D-B,equal_total,32,shared-independent,ensemble_anomaly,"[80, 48]",,"[1.0, 1.0]",wells,5,10,ridge(alpha_relative=1e-08),136304,1.214604832995974,7217796.398425169,0.3780588626916061,0.0017567587170164,0.2192236935737029,0.2822607226045774,0.0068174418041724,0.9979143304279958,0.9677910528197424,0.0042702664718936,1.2038535572993423,0.0011501829893477,0.0017586868555579,0.9998285160709672,0.8538925473934996,4D,3D-independent,4D-B,0.5177221629966408,0.0,4D-B
6,6,4D-C-44adce3e7a5f,4D,4D-C,equal_total,32,joint,standardized_anomaly,"[80, 48]",2.0,"[1.0, 0.5]",wells,5,10,ridge(alpha_relative=1e-08),259188,0.9812564170060796,15677.266743170469,0.3306159949844882,0.0031432119637831,0.3922374368836824,0.5050239805859936,0.0121978416464972,0.99691976421862,0.9564191367040036,0.0029835112866507,0.8410975519484388,0.0008035994833153,0.0012287434795409,0.9998618764761044,0.8653228810843336,4D,3D-independent,4D-C,0.5378121965266276,0.0,4D-C
6,6,4D-D-2ecf0e4138e3,4D,4D-D,equal_total,32,partial-spatial,standardized_anomaly,"[80, 48]",,"[1.0, 1.0]",wells,5,10,ridge(alpha_relative=1e-06),163152,1.213268874998903,31683.61982235464,0.3657473785984699,0.0016755620491505,0.2090912643089334,0.269214747694698,0.006502342438217,0.997840942424598,0.9657667075692776,0.0041395260257451,1.166995822023401,0.0011149684569129,0.0017048420883415,0.9998372924340468,0.8604284363076317,4D,3D-independent,4D-D,0.5266870739130977,0.0,4D-D
6,6,4D-E-4f4328240852,4D,4D-E,equal_total,32,joint-property-residual,standardized_anomaly,"[80, 48]",2.0,"[1.0, 1.0]",wells,5,10,ridge(alpha_relative=1e-08),224596,1.5945352080088924,58800.35918675659,0.3642338556972567,0.0035078689117541,0.4377425152118454,0.5636138897408948,0.0136129634257142,0.9956615848167087,0.9325975968595804,0.0032295176478713,0.9104505150534178,0.0008698605313809,0.0013300599094897,0.9998472444153876,0.8499176180928918,4D,3D-independent,4D-E,0.5276890133497142,0.0,4D-E
6,6,3D-current-e419eaac8e1a,3D,3D-current,equal_total,32,legacy-independent,raw_minmax,"[48, 48]",,"[1.0, 1.0]",wells,5,10,ridge(alpha_relative=0.0001),129984,14.035244124999736,417023.3446267544,1.188123069396736,0.0025755420309198,0.3213986254933673,0.4138157094108825,0.0099948887345308,0.994179252640961,0.8652070126025015,0.0149913341027955,4.226286815377645,0.0040378692023444,0.0061741023440565,0.999146187377214,0.7251793139656376,3D,3D-current,4D-A-current,1.6023351905854972,0.0,3D current
6,6,4D-A-current-205a30146a4e,4D,4D-A-current,equal_total,32,legacy-joint,raw_minmax,"[48, 48]",2.0,"[1.0, 1.0]",wells,5,10,ridge(alpha_relative=0.0001),194740,15.257463084002666,240689.89977941144,1.6397002635619513,0.002914137581888,0.3636515351228367,0.4682182997958051,0.0113088742246941,0.9809119699261823,0.8172677366601581,0.0206748322172817,5.82855202951877,0.0055687017380417,0.0085148212414191,0.9899293535591578,0.4495372841274447,4D,3D-current,4D-A-current,1.6023351905854972,0.0,4D current
6,6,4D-A-4ea76ef087a9,4D,4D-A,equal_total,32,joint,standardized_anomaly,"[80, 48]",2.0,"[1.0, 1.0]",wells,10,20,ridge(alpha_relative=1e-06),259188,0.810501915999339,645713.0360015549,0.348988802515318,0.0018465387775107,0.2304272335249715,0.2966858024434551,0.0071658506844963,0.9971793362562452,0.9676611439414496,0.003843223635819,1.0834636376745774,0.001035160329987,0.0015828115026946,0.9997928815467712,0.8682101783351037,4D,3D-independent,4D-A,0.3231021968752258,0.0,4D-A
6,6,3D-independent-7db5f3bc9ad5,3D,3D-independent,equal_total,32,independent,raw_minmax,"[80, 48]",,"[1.0, 1.0]",wells,10,20,ridge(alpha_relative=1e-06),149728,0.871928749998915,1560330948.66796,0.342532702206711,0.0023510694553048,0.2933869773053376,0.3777494068593281,0.0091237795115825,0.9972712855593894,0.866807101587598,0.003366974032522,0.9492015763102198,0.0009068839809579,0.0013866706007636,0.9998812414937682,0.8781083879898283,3D,3D-independent,4D-B,0.3209959110674041,0.0,3D optimized
6,6,4D-B-2828b82824ed,4D,4D-B,equal_total,32,shared-independent,ensemble_anomaly,"[80, 48]",,"[1.0, 1.0]",wells,10,20,ridge(alpha_relative=1e-06),136304,1.214604832995974,5866137947.407047,0.3508146734122402,0.0023974723246841,0.2991775325587135,0.3852050166223762,0.0093038548164466,0.9967300791347364,0.964511917281665,0.0036504122085176,1.0291071416168929,0.0009832271718823,0.001503403127356,0.9998393657416548,0.8855400437716261,4D,3D-independent,4D-B,0.3209959110674041,0.0,4D optimized
6,6,4D-B-2828b82824ed,4D,4D-B,equal_total,32,shared-independent,ensemble_anomaly,"[80, 48]",,"[1.0, 1.0]",wells,10,20,ridge(alpha_relative=1e-06),136304,1.214604832995974,5866137947.407047,0.3508146734122402,0.0023974723246841,0.2991775325587135,0.3852050166223762,0.0093038548164466,0.9967300791347364,0.964511917281665,0.0036504122085176,1.0291071416168929,0.0009832271718823,0.001503403127356,0.9998393657416548,0.8855400437716261,4D,3D-independent,4D-B,0.3209959110674041,0.0,4D-B
6,6,4D-C-44adce3e7a5f,4D,4D-C,equal_total,32,joint,standardized_anomaly,"[80, 48]",2.0,"[1.0, 0.5]",wells,10,20,ridge(alpha_relative=1e-06),259188,0.9812564170060796,35860072.79959895,0.3598750777905272,0.0014773699826889,0.1843591275471513,0.2373709689491817,0.0057332198113802,0.9976865762387664,0.9706262831967226,0.0041681087844465,1.175053739712296,0.0011226671340477,0.0017166137476407,0.9997719593175284,0.8691988289979545,4D,3D-independent,4D-C,0.3250806853682491,0.0,4D-C
6,6,4D-D-2ecf0e4138e3,4D,4D-D,equal_total,32,partial-spatial,standardized_anomaly,"[80, 48]",,"[1.0, 1.0]",wells,10,20,ridge(alpha_relative=1e-06),163152,1.213268874998903,621647.9975442864,0.5732563561621827,0.0019259384393486,0.2403354166852551,0.3094430500426062,0.0074739764211773,0.9968490810251718,0.9645185168208248,0.0069642635866161,1.963332627577276,0.0018758027311366,0.0028681954414408,0.9995998458225638,0.8567667224067749,4D,3D-independent,4D-D,0.3237142578854713,0.0,4D-D
6,6,4D-E-4f4328240852,4D,4D-E,equal_total,32,joint-property-residual,standardized_anomaly,"[80, 48]",2.0,"[1.0, 1.0]",wells,10,20,ridge(alpha_relative=1e-06),224596,1.5945352080088924,706242.059252612,0.3492987258878124,0.0019854814704157,0.2477657160602608,0.3190099067840851,0.0077050446636236,0.9969648752266498,0.9623692239335664,0.0037675095729172,1.0621186830770375,0.0010147669826919,0.0015516290628908,0.99979232321254,0.8630097672385306,4D,3D-independent,4D-E,0.3250371696139925,0.0,4D-E
6,6,3D-current-e419eaac8e1a,3D,3D-current,equal_total,32,legacy-independent,raw_minmax,"[48, 48]",,"[1.0, 1.0]",wells,10,20,ridge(alpha_relative=0.0001),129984,14.035244124999736,43049838.72254337,0.4030889628685514,0.002531999696412,0.3159650327608155,0.4068197055299725,0.0098259142882112,0.9944474426899232,0.8507444055960129,0.0040948449710081,1.154399547986851,0.0011029337538228,0.0016864404302306,0.9998429528636212,0.8652730529509086,3D,3D-current,4D-A-current,0.9190334913514224,0.0,3D current
6,6,4D-A-current-205a30146a4e,4D,4D-A-current,equal_total,32,legacy-joint,raw_minmax,"[48, 48]",2.0,"[1.0, 1.0]",wells,10,20,ridge(alpha_relative=0.0001),194740,15.257463084002666,58090286.07018455,1.352694400638846,0.0029269074018722,0.3652450647726925,0.4702700434879571,0.0113584299797041,0.9808962685443314,0.7976670702720361,0.0165807545670167,4.674368801008075,0.0044659746596738,0.0068286968282132,0.9904522585588124,0.4600054561787326,4D,3D-current,4D-A-current,0.9190334913514224,0.0,4D current
6,6,4D-A-4ea76ef087a9,4D,4D-A,equal_total,32,joint,standardized_anomaly,"[80, 48]",2.0,"[1.0, 1.0]",wells,15,30,ridge(alpha_relative=0.0001),259188,0.810501915999339,4988343.460308059,0.3000922839039529,0.0010909968574185,0.136144114979428,0.1752918931617876,0.0042338242081518,0.998308598224984,0.9761111592534598,0.0035445536395183,0.999263988806831,0.0009547144956498,0.0014598058307768,0.999850888169258,0.8939667770874343,4D,3D-independent,4D-A,0.3431570074432369,0.0,4D-A
6,6,3D-independent-7db5f3bc9ad5,3D,3D-independent,equal_total,32,independent,raw_minmax,"[80, 48]",,"[1.0, 1.0]",wells,15,30,ridge(alpha_relative=1e-06),149728,0.871928749998915,2686111933.1887474,0.3077763747038583,0.0012605271116107,0.1572995805174812,0.202530541012594,0.0048917191318014,0.9981339655248724,0.9330215769877016,0.0035009654196942,0.9869758016791812,0.0009429741442438,0.0014418542509945,0.999887802552356,0.8933181897747572,3D,3D-independent,4D-B,0.3187439962423559,0.0,3D optimized
6,6,4D-B-2828b82824ed,4D,4D-B,equal_total,32,shared-independent,ensemble_anomaly,"[80, 48]",,"[1.0, 1.0]",wells,15,30,ridge(alpha_relative=1e-06),136304,1.214604832995974,37807397762.27856,0.3295081401435378,0.0023763470712421,0.2965413389583254,0.3818107944995704,0.0092218741866972,0.994979755548238,0.9560449401533936,0.0033400940740194,0.9416237040916255,0.0008996439477592,0.0013756002307978,0.9998634591607074,0.8842200247982065,4D,3D-independent,4D-B,0.3187439962423559,0.0,4D optimized
6,6,4D-B-2828b82824ed,4D,4D-B,equal_total,32,shared-independent,ensemble_anomaly,"[80, 48]",,"[1.0, 1.0]",wells,15,30,ridge(alpha_relative=1e-06),136304,1.214604832995974,37807397762.27856,0.3295081401435378,0.0023763470712421,0.2965413389583254,0.3818107944995704,0.0092218741866972,0.994979755548238,0.9560449401533936,0.0033400940740194,0.9416237040916255,0.0008996439477592,0.0013756002307978,0.9998634591607074,0.8842200247982065,4D,3D-independent,4D-B,0.3187439962423559,0.0,4D-B
6,6,4D-C-44adce3e7a5f,4D,4D-C,equal_total,32,joint,standardized_anomaly,"[80, 48]",2.0,"[1.0, 0.5]",wells,15,30,ridge(alpha_relative=0.0001),259188,0.9812564170060796,336234872.80365247,0.295731912318746,0.0011110520137466,0.1386467725173513,0.1785141813805952,0.0043116521191884,0.9984514948447456,0.9767356413142144,0.0034773164473904,0.9803087939826272,0.000936604367126,0.0014321145457532,0.9998435932204314,0.8953201931357748,4D,3D-independent,4D-C,0.347605338577573,0.0,4D-C
6,6,4D-D-2ecf0e4138e3,4D,4D-D,equal_total,32,partial-spatial,standardized_anomaly,"[80, 48]",,"[1.0, 1.0]",wells,15,30,ridge(alpha_relative=0.0001),163152,1.213268874998903,2479003.679041918,0.2974493398046641,0.0014312247198806,0.1786007186912395,0.2299567491710819,0.0055541441986129,0.997303190242248,0.9688447099735816,0.0033450969839055,0.94303410105465,0.0009009914659729,0.0013776606530019,0.999834002320271,0.8948302110808843,4D,3D-independent,4D-D,0.3656327162022696,0.0,4D-D
6,6,4D-E-4f4328240852,4D,4D-E,equal_total,32,joint-property-residual,standardized_anomaly,"[80, 48]",2.0,"[1.0, 1.0]",wells,15,30,ridge(alpha_relative=0.0001),224596,1.5945352080088924,11097228.615623076,0.2999202043668416,0.001212682871489,0.1513291584361047,0.1948433443256304,0.0047060503091363,0.9974058154057568,0.9702157556632685,0.0034666920438084,0.9773136118012382,0.0009337427170738,0.0014277389408464,0.999844018926142,0.8877081498766842,4D,3D-independent,4D-E,0.3580831470624072,0.0,4D-E
6,6,3D-current-e419eaac8e1a,3D,3D-current,equal_total,32,legacy-independent,raw_minmax,"[48, 48]",,"[1.0, 1.0]",wells,15,30,ridge(alpha_relative=0.0001),129984,14.035244124999736,77375237.6461868,0.353035677497332,0.0016659503472815,0.2078918322157096,0.2676704229740007,0.0064650423710559,0.9949787389258252,0.8903243796396582,0.0038424141664168,1.0832354358455372,0.0010349423019218,0.0015824781269657,0.9998574628704352,0.8676447365041797,3D,3D-current,4D-A-current,0.8819269528832842,0.0,3D current
6,6,4D-A-current-205a30146a4e,4D,4D-A-current,equal_total,32,legacy-joint,raw_minmax,"[48, 48]",2.0,"[1.0, 1.0]",wells,15,30,ridge(alpha_relative=0.0001),194740,15.257463084002666,524510918.8570003,1.3111189327267407,0.0027321967755534,0.3409473725135268,0.4389856322872582,0.0106028177543455,0.9795858532781732,0.7828415832631014,0.0160535941402928,4.525754198346606,0.004323985638739,0.0066115885706017,0.9905742387543156,0.4616100966432384,4D,3D-current,4D-A-current,0.8819269528832842,0.0,4D current
6,6,4D-A-4ea76ef087a9,4D,4D-A,equal_total,32,joint,standardized_anomaly,"[80, 48]",2.0,"[1.0, 1.0]",wells,20,40,ridge(alpha_relative=0.0001),259188,0.810501915999339,4451.268817300322,0.6296911053884182,0.0017250681167144,0.2152690637304198,0.2771689523720708,0.0066944603035228,0.9963649267141936,0.942702261373126,0.0077657311686813,2.189278620896379,0.0020916755309894,0.0031982756626661,0.9993690915480566,0.8288642647731259,4D,3D-independent,4D-A,0.3448913947184696,0.0,4D-A
6,6,3D-independent-7db5f3bc9ad5,3D,3D-independent,equal_total,32,independent,raw_minmax,"[80, 48]",,"[1.0, 1.0]",wells,20,40,ridge(alpha_relative=1e-06),149728,0.871928749998915,333883.73386032577,0.2238505565978299,0.0009234928832567,0.1152415063580325,0.148378810375815,0.003583792655865,0.9989601684035768,0.9541009040907832,0.0024735611132708,0.69733478343986,0.0006662459905773,0.0010187231745282,0.999923271534372,0.8802472227223619,3D,3D-independent,4D-B,0.308614365218234,0.0,3D optimized
6,6,4D-B-2828b82824ed,4D,4D-B,equal_total,32,shared-independent,ensemble_anomaly,"[80, 48]",,"[1.0, 1.0]",wells,20,40,ridge(alpha_relative=1e-06),136304,1.214604832995974,2454078.5644424655,0.2406873363783856,0.000807988568736,0.1008278693527528,0.1298205809702762,0.0031355558349809,0.9992575782833468,0.9774266724483642,0.0028167716996632,0.7940911072081184,0.0007586886942893,0.0011600726549293,0.999896800817606,0.8869125896462933,4D,3D-independent,4D-B,0.308614365218234,0.0,4D optimized
6,6,4D-B-2828b82824ed,4D,4D-B,equal_total,32,shared-independent,ensemble_anomaly,"[80, 48]",,"[1.0, 1.0]",wells,20,40,ridge(alpha_relative=1e-06),136304,1.214604832995974,2454078.5644424655,0.2406873363783856,0.000807988568736,0.1008278693527528,0.1298205809702762,0.0031355558349809,0.9992575782833468,0.9774266724483642,0.0028167716996632,0.7940911072081184,0.0007586886942893,0.0011600726549293,0.999896800817606,0.8869125896462933,4D,3D-independent,4D-B,0.308614365218234,0.0,4D-B
6,6,4D-C-44adce3e7a5f,4D,4D-C,equal_total,32,joint,standardized_anomaly,"[80, 48]",2.0,"[1.0, 0.5]",wells,20,40,ridge(alpha_relative=0.0001),259188,0.9812564170060796,3316.0230296529317,0.7436435560824284,0.0017705761436784,0.2209479527330194,0.2844807866329331,0.0068710629994105,0.9957432875810068,0.9523191597724864,0.009366496816315,2.6405589875878652,0.0025228367781759,0.0038575426011235,0.9991767576725952,0.8215462722098563,4D,3D-independent,4D-C,0.3536806233774461,0.0,4D-C
6,6,4D-D-2ecf0e4138e3,4D,4D-D,equal_total,32,partial-spatial,standardized_anomaly,"[80, 48]",,"[1.0, 1.0]",wells,20,40,ridge(alpha_relative=0.0001),163152,1.213268874998903,1763.2039738373408,0.5516594416778051,0.0008606531175081,0.1073998116407804,0.1382822629577235,0.0033399307971879,0.9983265467796044,0.971879668661706,0.0071088902185531,2.0041050914231797,0.0019147574645135,0.0029277591614628,0.9994714342525488,0.8378546040437735,4D,3D-independent,4D-D,0.3554621446574144,0.0,4D-D
6,6,4D-E-4f4328240852,4D,4D-E,equal_total,32,joint-property-residual,standardized_anomaly,"[80, 48]",2.0,"[1.0, 1.0]",wells,20,40,ridge(alpha_relative=0.0001),224596,1.5945352080088924,6484.429358700288,0.4176289192466925,0.0011217626713266,0.1399833419008055,0.1802350767538781,0.0043532168964276,0.998122204480927,0.9646826068076504,0.0050775205576549,1.431430854684544,0.0013676143659691,0.0020911502179894,0.9996373169482085,0.8371144323895087,4D,3D-independent,4D-E,0.3577763270315265,0.0,4D-E
6,6,3D-current-e419eaac8e1a,3D,3D-current,equal_total,32,legacy-independent,raw_minmax,"[48, 48]",,"[1.0, 1.0]",wells,20,40,ridge(alpha_relative=0.0001),129984,14.035244124999736,195715.0607815541,0.3282605326199538,0.0017235895137663,0.2150845507426814,0.2769313833009547,0.0066887222989508,0.9949062809021832,0.8868632609788228,0.003439024605257,0.9695137368892836,0.0009262905785738,0.0014163442513515,0.99987663738624,0.8562490533254763,3D,3D-current,4D-A-current,0.8652450887715317,0.0,3D current
6,6,4D-A-current-205a30146a4e,4D,4D-A-current,equal_total,32,legacy-joint,raw_minmax,"[48, 48]",2.0,"[1.0, 1.0]",wells,20,40,ridge(alpha_relative=0.0001),194740,15.257463084002666,310589.9742057525,1.2871705871448158,0.0025030796587129,0.312356137913004,0.4021730852174435,0.0097136844913254,0.9794938502354236,0.7990276254302782,0.0158389261275143,4.465235995905903,0.0042661654773322,0.0065231786751379,0.990610155645422,0.4587919450490103,4D,3D-current,4D-A-current,0.8652450887715317,0.0,4D current
6,6,4D-A-4ea76ef087a9,4D,4D-A,equal_total,32,joint,standardized_anomaly,"[80, 48]",2.0,"[1.0, 1.0]",wells,30,60,ridge(alpha_relative=0.0001),259188,0.810501915999339,535.3342621347265,0.2793591248477856,0.0011002275841029,0.13729600566227,0.176775006100906,0.0042696458274623,0.9986508647821788,0.9491208627953496,0.0031729999535563,0.8945173109315564,0.0008546376662445,0.0013067833934333,0.9998338497625856,0.8796327716100186,4D,3D-independent,4D-A,0.3611025161303616,0.0,4D-A
6,6,3D-independent-7db5f3bc9ad5,3D,3D-independent,equal_total,32,independent,raw_minmax,"[80, 48]",,"[1.0, 1.0]",wells,30,60,ridge(alpha_relative=1e-06),149728,0.871928749998915,31595.7579520231,0.2376374676657517,0.000819677578899,0.1022865261149652,0.1316986695337085,0.0031809172985459,0.9992149815196892,0.9516920932278956,0.0026874252570897,0.7576263629021162,0.0007238496323807,0.0011068020007759,0.9999038981611648,0.8670339434802532,3D,3D-independent,4D-B,0.2713230922625833,0.0,3D optimized
6,6,4D-B-2828b82824ed,4D,4D-B,equal_total,32,shared-independent,ensemble_anomaly,"[80, 48]",,"[1.0, 1.0]",wells,30,60,ridge(alpha_relative=1e-06),136304,1.214604832995974,214087.57163605472,0.2407623328970302,0.001474394629268,0.1839878369650646,0.2368929150203949,0.0057216733772583,0.9996090225510516,0.9007563688752724,0.0024136193074582,0.680436269814687,0.0006501008516615,0.0009940364561056,0.9999047235680684,0.9019931815079892,4D,3D-independent,4D-B,0.2713230922625833,0.0,4D optimized
6,6,4D-B-2828b82824ed,4D,4D-B,equal_total,32,shared-independent,ensemble_anomaly,"[80, 48]",,"[1.0, 1.0]",wells,30,60,ridge(alpha_relative=1e-06),136304,1.214604832995974,214087.57163605472,0.2407623328970302,0.001474394629268,0.1839878369650646,0.2368929150203949,0.0057216733772583,0.9996090225510516,0.9007563688752724,0.0024136193074582,0.680436269814687,0.0006501008516615,0.0009940364561056,0.9999047235680684,0.9019931815079892,4D,3D-independent,4D-B,0.2713230922625833,0.0,4D-B
6,6,4D-C-44adce3e7a5f,4D,4D-C,equal_total,32,joint,standardized_anomaly,"[80, 48]",2.0,"[1.0, 0.5]",wells,30,60,ridge(alpha_relative=0.0001),259188,0.9812564170060796,351.6096948248488,0.300231144337282,0.0011796729493546,0.1472098920936154,0.1895395969273555,0.004577948925075,0.9988361858784648,0.9536075350636992,0.0034376735718134,0.969132859857887,0.0009259266819188,0.0014157878353119,0.9997687241542416,0.8772288141410491,4D,3D-independent,4D-C,0.3832253425636841,0.0,4D-C
6,6,4D-D-2ecf0e4138e3,4D,4D-D,equal_total,32,partial-spatial,standardized_anomaly,"[80, 48]",,"[1.0, 1.0]",wells,30,60,ridge(alpha_relative=0.0001),163152,1.213268874998903,670.451767764908,0.4005536261291224,0.0008052485764325,0.1004859491861936,0.1293803428203173,0.0031249227651735,0.9974011450276684,0.9610167504113634,0.0050073924104027,1.4116606553089093,0.0013487255676763,0.0020622683082563,0.9995507972623724,0.8588474495458635,4D,3D-independent,4D-D,0.3916961392306397,0.0,4D-D
6,6,4D-E-4f4328240852,4D,4D-E,equal_total,32,joint-property-residual,standardized_anomaly,"[80, 48]",2.0,"[1.0, 1.0]",wells,30,60,ridge(alpha_relative=0.0001),224596,1.5945352080088924,641.776109246502,0.2381551366785438,0.0006664677445023,0.0831676650767847,0.1070822448943753,0.0025863569188485,0.9984098236983908,0.9689938026739576,0.0028175490676828,0.7943102591654636,0.000758898075947,0.0011603928098721,0.9998465660108812,0.8807209523821884,4D,3D-independent,4D-E,0.3487032151626026,0.0,4D-E
6,6,3D-current-e419eaac8e1a,3D,3D-current,equal_total,32,legacy-independent,raw_minmax,"[48, 48]",,"[1.0, 1.0]",wells,30,60,ridge(alpha_relative=0.0001),129984,14.035244124999736,32130.718179113326,0.2888947989724549,0.0014875189616941,0.1856256057731924,0.23900161869063,0.0057726048863305,0.9955462634671044,0.8940321791468137,0.0029791707277665,0.8398738818829232,0.0008024303672834,0.0012269558431239,0.99989122311744,0.8458084043857778,3D,3D-current,4D-A-current,0.8363828631015429,0.0,3D current
6,6,4D-A-current-205a30146a4e,4D,4D-A-current,equal_total,32,legacy-joint,raw_minmax,"[48, 48]",2.0,"[1.0, 1.0]",wells,30,60,ridge(alpha_relative=0.0001),194740,15.257463084002666,24237.042836302186,1.2756204395114488,0.0024323104008006,0.303524931919419,0.3908024959139604,0.00943905070544,0.9802803685174734,0.8138289881038032,0.0157196799239303,4.431618663750216,0.0042340468833734,0.0064740677514524,0.9905906042994816,0.4514946871438768,4D,3D-current,4D-A-current,0.8363828631015429,0.0,4D current
6,6,4D-A-4ea76ef087a9,4D,4D-A,equal_total,32,joint,standardized_anomaly,"[80, 48]",2.0,"[1.0, 1.0]",grid,30,30,ridge(alpha_relative=1e-06),259188,0.810501915999339,176.98679625676735,0.5976462689321267,0.0086539451137291,1.0799148417136135,1.3904406891630667,0.0335833069264907,0.99027384015385,0.0590905197511782,0.0027562048758253,0.7770163914236241,0.0007423752087128,0.0011351285261102,0.9997948579169608,0.8736017950662842,4D,3D-independent,4D-A,0.6363242187521962,0.0,4D-A
6,6,3D-independent-7db5f3bc9ad5,3D,3D-independent,equal_total,32,independent,raw_minmax,"[80, 48]",,"[1.0, 1.0]",grid,30,30,ridge(alpha_relative=1e-06),149728,0.871928749998915,1.919157754244972e+19,0.4147554677590337,0.0074560973936289,0.930436943015505,1.197980928029824,0.0289348272901336,0.9975911413124516,0.6468964805631893,0.0017703444917228,0.4990872415183974,0.0004768367812798,0.0007291070962187,0.9999407614246146,0.8941081464323458,3D,3D-independent,4D-B,0.4739053593858549,0.0,3D optimized
6,6,4D-B-2828b82824ed,4D,4D-B,equal_total,32,shared-independent,ensemble_anomaly,"[80, 48]",,"[1.0, 1.0]",grid,30,30,ridge(alpha_relative=1e-06),136304,1.214604832995974,1.837321247791795e+18,0.2327192542948497,0.0024731733572063,0.3086241684547689,0.3973680006079849,0.009597627307078,0.9988522688266064,0.8182247954639398,0.0017453648934639,0.4920451099741711,0.0004701086042006,0.0007188193796548,0.999917384134392,0.9213597270351424,4D,3D-independent,4D-B,0.4739053593858549,0.0,4D optimized
6,6,4D-B-2828b82824ed,4D,4D-B,equal_total,32,shared-independent,ensemble_anomaly,"[80, 48]",,"[1.0, 1.0]",grid,30,30,ridge(alpha_relative=1e-06),136304,1.214604832995974,1.837321247791795e+18,0.2327192542948497,0.0024731733572063,0.3086241684547689,0.3973680006079849,0.009597627307078,0.9988522688266064,0.8182247954639398,0.0017453648934639,0.4920451099741711,0.0004701086042006,0.0007188193796548,0.999917384134392,0.9213597270351424,4D,3D-independent,4D-B,0.4739053593858549,0.0,4D-B
6,6,4D-C-44adce3e7a5f,4D,4D-C,equal_total,32,joint,standardized_anomaly,"[80, 48]",2.0,"[1.0, 0.5]",grid,30,30,ridge(alpha_relative=0.0001),259188,0.9812564170060796,515.0809644425561,0.4483502819860657,0.0068027876951224,0.8489112538204863,1.0930128036090678,0.026399532712382,0.9928159261561867,0.5313348060760001,0.0023133133178424,0.6521584742222364,0.0006230837454117,0.0009527259602308,0.9998623287290916,0.8840023941209197,4D,3D-independent,4D-C,0.6673191715070304,0.0,4D-C
6,6,4D-D-2ecf0e4138e3,4D,4D-D,equal_total,32,partial-spatial,standardized_anomaly,"[80, 48]",,"[1.0, 1.0]",grid,30,30,ridge(alpha_relative=1e-06),163152,1.213268874998903,2.863658294125654e+18,0.2388351028270113,0.0025510832369429,0.3183464435949428,0.409885882966825,0.0098999716563215,0.9986626666692254,0.8051026597806545,0.0017650345568287,0.4975902895006656,0.0004754065668354,0.0007269202273748,0.9999092261511154,0.9160899837944716,4D,3D-independent,4D-D,0.4857592135003383,0.0,4D-D
6,6,4D-E-4f4328240852,4D,4D-E,equal_total,32,joint-property-residual,standardized_anomaly,"[80, 48]",2.0,"[1.0, 1.0]",grid,30,30,ridge(alpha_relative=0.0001),224596,1.5945352080088924,613.3433851172589,1.0910852947270018,0.024421220886006,3.0474932000348667,3.923789526359672,0.0947712685666613,0.982486616311723,-0.2758878595737777,0.0022143606405521,0.6242621981129423,0.0005964311496267,0.0009119728189414,0.9998639878837056,0.8907162980533819,4D,3D-independent,4D-E,0.733369159934856,0.0,4D-E
6,6,3D-current-e419eaac8e1a,3D,3D-current,equal_total,32,legacy-independent,raw_minmax,"[48, 48]",,"[1.0, 1.0]",grid,30,30,ridge(alpha_relative=0.0001),129984,14.035244124999736,1.0603812444171125e+19,0.5541516108718019,0.0083684394947622,1.044286957406164,1.3445681276458412,0.032475347180387,0.9936702759583684,0.5836984313224163,0.0031233525356824,0.8805209430206516,0.000841265288694,0.0012863363647052,0.9999204060133552,0.8327044825567999,3D,3D-current,4D-A-current,1.2265441260485783,0.0,3D current
6,6,4D-A-current-205a30146a4e,4D,4D-A-current,equal_total,32,legacy-joint,raw_minmax,"[48, 48]",2.0,"[1.0, 1.0]",grid,30,30,ridge(alpha_relative=0.0001),194740,15.257463084002666,834026.0269399214,1.3889160946302532,0.0043825281566926,0.5468901337416494,0.7041465355264358,0.0170072477079503,0.9794869766094074,0.7444690748198435,0.0163325537294636,4.604397181396119,0.004399122536235,0.0067264766146934,0.9904859306307664,0.4467767984136671,4D,3D-current,4D-A-current,1.2265441260485783,0.0,4D current
6,6,4D-A-4ea76ef087a9,4D,4D-A,equal_total,32,joint,standardized_anomaly,"[80, 48]",2.0,"[1.0, 1.0]",grid,100,100,ridge(alpha_relative=1e-06),259188,0.810501915999339,119.54629981783302,0.1449837506071541,0.0010780283010924,0.1345257852733723,0.1732082182414481,0.0041834972183491,0.9988488406876934,0.9472403330313472,0.0013799975868792,0.3890424672473308,0.0003716980568347,0.0005683447702199,0.9999284820194132,0.9400261671528258,4D,3D-independent,4D-A,0.2279250475860925,0.0,4D-A
6,6,3D-independent-7db5f3bc9ad5,3D,3D-independent,equal_total,32,independent,raw_minmax,"[80, 48]",,"[1.0, 1.0]",grid,100,100,ridge(alpha_relative=1e-06),149728,0.871928749998915,5717.4713893801445,0.1491370623024138,0.0011679813790739,0.145750915857558,0.1876610970264585,0.0045325775264783,0.999082358062561,0.933308714742652,0.0013505734325524,0.3807473472378493,0.0003637727524057,0.0005562265865442,0.999944259301828,0.9265913130288522,3D,3D-independent,4D-B,0.205157696978243,0.0,3D optimized
6,6,4D-B-2828b82824ed,4D,4D-B,equal_total,32,shared-independent,ensemble_anomaly,"[80, 48]",,"[1.0, 1.0]",grid,100,100,ridge(alpha_relative=1e-06),136304,1.214604832995974,23121.844034301696,0.1983617555084616,0.0015368355559994,0.1917797610668932,0.2469253804515221,0.0059639874640287,0.999537791782967,0.8927127209847335,0.0017934359192193,0.5055970687897734,0.0004830563854383,0.0007386171795546,0.9999103669032328,0.9151468946609064,4D,3D-independent,4D-B,0.205157696978243,0.0,4D optimized
6,6,4D-B-2828b82824ed,4D,4D-B,equal_total,32,shared-independent,ensemble_anomaly,"[80, 48]",,"[1.0, 1.0]",grid,100,100,ridge(alpha_relative=1e-06),136304,1.214604832995974,23121.844034301696,0.1983617555084616,0.0015368355559994,0.1917797610668932,0.2469253804515221,0.0059639874640287,0.999537791782967,0.8927127209847335,0.0017934359192193,0.5055970687897734,0.0004830563854383,0.0007386171795546,0.9999103669032328,0.9151468946609064,4D,3D-independent,4D-B,0.205157696978243,0.0,4D-B
6,6,4D-C-44adce3e7a5f,4D,4D-C,equal_total,32,joint,standardized_anomaly,"[80, 48]",2.0,"[1.0, 0.5]",grid,100,100,ridge(alpha_relative=1e-06),259188,0.9812564170060796,149.97020430499052,0.1612321489174622,0.0015453644687482,0.1928440732782726,0.2482957320269543,0.0059970855586929,0.9988372201288046,0.931588108953292,0.0013759732271929,0.3879079385812518,0.000370614108073,0.0005666873587846,0.999928115089632,0.940058723426059,4D,3D-independent,4D-C,0.23137531960519,0.0,4D-C
6,6,4D-D-2ecf0e4138e3,4D,4D-D,equal_total,32,partial-spatial,standardized_anomaly,"[80, 48]",,"[1.0, 1.0]",grid,100,100,ridge(alpha_relative=1e-06),163152,1.213268874998903,1895.4517016268,0.2240704018625818,0.0026693823249933,0.3331088368465671,0.4288931522936485,0.0103590541361513,0.9601923568964305,0.816133174321607,0.0015501346411323,0.4370067100736607,0.0004175239430991,0.0006384148239104,0.9999079848904864,0.9315347046181944,4D,3D-independent,4D-D,0.2099920321843746,0.0,4D-D
6,6,4D-E-4f4328240852,4D,4D-E,equal_total,32,joint-property-residual,standardized_anomaly,"[80, 48]",2.0,"[1.0, 1.0]",grid,100,100,ridge(alpha_relative=1e-06),224596,1.5945352080088924,730.9375258011486,0.1752726906766349,0.0017125985300917,0.2137129998211982,0.2751654475671116,0.0066460696621111,0.9965108900731996,0.9020729089819288,0.0014415143028387,0.4063849721773477,0.0003882673928991,0.0005936801071285,0.9999247264114672,0.9359415096020838,4D,3D-independent,4D-E,0.2697765389247599,0.0,4D-E
6,6,3D-current-e419eaac8e1a,3D,3D-current,equal_total,32,legacy-independent,raw_minmax,"[48, 48]",,"[1.0, 1.0]",grid,100,100,ridge(alpha_relative=1e-06),129984,14.035244124999736,7089.6259356706205,0.210673412336335,0.0026251403520794,0.3275879371241173,0.4217847365942198,0.0101873646077481,0.9928998781185044,0.809102931319036,0.0013579078367749,0.3828150281828302,0.0003657482513656,0.0005592472224657,0.9999408072356418,0.9263157006041784,3D,3D-current,4D-A-current,0.8217037099557506,0.0,3D current
6,6,4D-A-current-205a30146a4e,4D,4D-A-current,equal_total,32,legacy-joint,raw_minmax,"[48, 48]",2.0,"[1.0, 1.0]",grid,100,100,ridge(alpha_relative=1e-06),194740,15.257463084002666,19530.590779748105,1.3307239222807687,0.0031320974773834,0.3908504742136739,0.5032382015076449,0.012154709733458,0.9723186051439492,0.7350793154879011,0.0160544091437293,4.525983960304728,0.0043242051573791,0.0066119242254936,0.9901244371078668,0.4527981753027538,4D,3D-current,4D-A-current,0.8217037099557506,0.0,4D current
6,6,4D-A-4ea76ef087a9,4D,4D-A,equal_total,32,joint,standardized_anomaly,"[80, 48]",2.0,"[1.0, 1.0]",grid,300,300,ridge(alpha_relative=1e-06),259188,0.810501915999339,112.74839793403862,0.1332775604715503,0.0009312431428335,0.1162086514270336,0.1496240547268685,0.0036138690363722,0.998693773748617,0.966954528798372,0.0013264717577892,0.3739527157806557,0.0003572810412889,0.0005463004381687,0.9999340299199012,0.9471477218446044,4D,3D-independent,4D-A,0.1929501574560007,0.0,4D-A
6,6,4D-B-2828b82824ed,4D,4D-B,equal_total,32,shared-independent,ensemble_anomaly,"[80, 48]",,"[1.0, 1.0]",grid,300,300,ridge(alpha_relative=1e-08),136304,1.214604832995974,22473.931220418443,0.142643684326865,0.000704221061753,0.0878788536834938,0.1131481197949324,0.0027328659646142,0.9996785887139736,0.964414404227412,0.0015313307592363,0.4317056076107217,0.0004124591760095,0.0006306705437485,0.9999152548311444,0.9336050437460994,4D,3D-independent,4D-B,0.1758408977161492,0.0,4D-B
6,6,4D-C-44adce3e7a5f,4D,4D-C,equal_total,32,joint,standardized_anomaly,"[80, 48]",2.0,"[1.0, 0.5]",grid,300,300,ridge(alpha_relative=1e-06),259188,0.9812564170060796,139.05797714574655,0.1387222709478277,0.0011004291686041,0.1373211611366592,0.1768073949465768,0.0042704281150879,0.9987244612889292,0.9642853400355976,0.0013234674623336,0.3731057588529727,0.0003564718436543,0.0005450631348382,0.99993394234278,0.9467903323610448,4D,3D-independent,4D-C,0.2026455459694115,0.0,4D-C
6,6,3D-independent-7db5f3bc9ad5,3D,3D-independent,equal_total,32,independent,raw_minmax,"[80, 48]",,"[1.0, 1.0]",grid,300,300,ridge(alpha_relative=1e-06),149728,0.871928749998915,5397.556642459235,0.1374193389641195,0.0010360737447477,0.1292903293652537,0.1664673247563508,0.0040206844521281,0.999307974576148,0.9366343669642504,0.0012645752815704,0.3565031506140023,0.0003406094179801,0.0005208086989885,0.9999531652425676,0.9355978812813052,3D,3D-independent,4D-D,0.1695649436437939,0.0,3D optimized
6,6,4D-D-2ecf0e4138e3,4D,4D-D,equal_total,32,partial-spatial,standardized_anomaly,"[80, 48]",,"[1.0, 1.0]",grid,300,300,ridge(alpha_relative=1e-06),163152,1.213268874998903,564.86190514143,0.1383019061366976,0.000672345229288,0.0839011089533781,0.1080265880683376,0.0026091656347486,0.9987713193056076,0.9619718890884772,0.0014859861476025,0.4189222667164224,0.0004002457459336,0.000611995603209,0.9999154166270148,0.9372596131575428,4D,3D-independent,4D-D,0.1695649436437939,0.0,4D optimized
6,6,4D-D-2ecf0e4138e3,4D,4D-D,equal_total,32,partial-spatial,standardized_anomaly,"[80, 48]",,"[1.0, 1.0]",grid,300,300,ridge(alpha_relative=1e-06),163152,1.213268874998903,564.86190514143,0.1383019061366976,0.000672345229288,0.0839011089533781,0.1080265880683376,0.0026091656347486,0.9987713193056076,0.9619718890884772,0.0014859861476025,0.4189222667164224,0.0004002457459336,0.000611995603209,0.9999154166270148,0.9372596131575428,4D,3D-independent,4D-D,0.1695649436437939,0.0,4D-D
6,6,4D-E-4f4328240852,4D,4D-E,equal_total,32,joint-property-residual,standardized_anomaly,"[80, 48]",2.0,"[1.0, 1.0]",grid,300,300,ridge(alpha_relative=1e-06),224596,1.5945352080088924,548.3402761888594,0.1322486692376133,0.0008290781280955,0.1034596087338402,0.1332090680781395,0.0032173979469435,0.9990732605144051,0.9688411244707384,0.0013527239526718,0.381353611814744,0.0003643519883096,0.0005571122669793,0.999934738080051,0.9427959627255228,4D,3D-independent,4D-E,0.2074217024064881,0.0,4D-E
6,6,3D-current-e419eaac8e1a,3D,3D-current,equal_total,32,legacy-independent,raw_minmax,"[48, 48]",,"[1.0, 1.0]",grid,300,300,ridge(alpha_relative=1e-06),129984,14.035244124999736,5751.209701624925,0.1945720704690023,0.0023790023469101,0.2968726874433275,0.3822374211168213,0.0092321784972239,0.9942466548469412,0.826276762886835,0.0012791947063385,0.3606245904886663,0.0003445471145602,0.0005268296324232,0.9999502992244516,0.9321412292251342,3D,3D-current,4D-A-current,0.7725968698912226,0.0,3D current
6,6,4D-A-current-205a30146a4e,4D,4D-A-current,equal_total,32,legacy-joint,raw_minmax,"[48, 48]",2.0,"[1.0, 1.0]",grid,300,300,ridge(alpha_relative=1e-06),194740,15.257463084002666,21133.05120037791,1.2680529085358934,0.0024201074682926,0.3020021434391827,0.3888418347746529,0.0093916948668678,0.979304402910308,0.8202643009184971,0.0156388133120598,4.408821126639156,0.0042122657130432,0.0064407632613728,0.990398994466404,0.4569589709510339,4D,3D-current,4D-A-current,0.7725968698912226,0.0,4D current
6,6,4D-A-3bf6b15a532d,4D,4D-A,equal_per_property,64,joint,standardized_anomaly,"[80, 48]",2.0,"[1.0, 1.0]",wells,5,10,ridge(alpha_relative=1e-06),504948,1.0155335000017658,50547.19285703021,0.3102667329263302,0.0022609953483741,0.2821467436719789,0.3632770821946153,0.0087742295272193,0.9976823321238124,0.9614892518131156,0.0030946433859555,0.8724273937648072,0.0008335325685296,0.0012745126519249,0.9998649411758184,0.8655251596498149,4D,3D-independent,4D-A,0.5258239915571162,0.0,4D-A
6,6,4D-B-643a4d560541,4D,4D-B,equal_per_property,64,shared-independent,ensemble_anomaly,"[80, 48]",,"[1.0, 1.0]",wells,5,10,ridge(alpha_relative=1e-06),259184,0.9283317919980618,7178162.355948189,0.3657796832213979,0.0017243713753499,0.2151821182586715,0.2770570060250187,0.0066917564639692,0.9980115859078768,0.9676831157165514,0.0041162520421952,1.1604345294030192,0.0011086996818494,0.0016952568202523,0.9998346878145998,0.8573127138356467,4D,3D-independent,4D-B,0.5099799271787846,0.0,4D-B
6,6,4D-C-4e04f7cc08d6,4D,4D-C,equal_per_property,64,joint,standardized_anomaly,"[80, 48]",2.0,"[1.0, 0.5]",wells,5,10,ridge(alpha_relative=1e-06),504948,0.8995250830048462,15173.353009449384,0.3201612401988709,0.0028991412713012,0.361780164532791,0.4658088229441177,0.0112506781424929,0.9972088686197974,0.958466619127974,0.0029549131640603,0.8330353029438037,0.0007958966679647,0.0012169654927046,0.9998645958206692,0.8698743942342478,4D,3D-independent,4D-C,0.5302357123658519,0.0,4D-C
6,6,3D-independent-fa9b36e31dc0,3D,3D-independent,equal_per_property,64,independent,raw_minmax,"[80, 48]",,"[1.0, 1.0]",wells,5,10,ridge(alpha_relative=1e-06),272608,0.7945633329945849,81015927.6658799,0.6302250321862348,0.0023243030395913,0.290046830215352,0.3734488118102442,0.009019907261133,0.997206288726786,0.8660178698184151,0.007249449767075,2.0437309821291127,0.0019526167416252,0.0029856478745058,0.9996497740920612,0.7597374973806362,3D,3D-independent,4D-D,0.5021986270607974,0.0,3D optimized
6,6,4D-D-ff94f89c821d,4D,4D-D,equal_per_property,64,partial-spatial,standardized_anomaly,"[64, 48]",,"[1.0, 1.0]",wells,5,10,ridge(alpha_relative=1e-06),230208,1.3175440830018488,2188.8633672589954,0.3557772162795586,0.0016604669201204,0.2072075622906167,0.2667893935543937,0.0064437628719442,0.9975331661028108,0.9652216977444786,0.0040073353956111,1.129729257658882,0.0010793633219331,0.0016504000704546,0.9998426169787358,0.8624342119180499,4D,3D-independent,4D-D,0.5021986270607974,0.0,4D optimized
6,6,4D-D-ff94f89c821d,4D,4D-D,equal_per_property,64,partial-spatial,standardized_anomaly,"[64, 48]",,"[1.0, 1.0]",wells,5,10,ridge(alpha_relative=1e-06),230208,1.3175440830018488,2188.8633672589954,0.3557772162795586,0.0016604669201204,0.2072075622906167,0.2667893935543937,0.0064437628719442,0.9975331661028108,0.9652216977444786,0.0040073353956111,1.129729257658882,0.0010793633219331,0.0016504000704546,0.9998426169787358,0.8624342119180499,4D,3D-independent,4D-D,0.5021986270607974,0.0,4D-D
6,6,4D-E-6ca320f290f9,4D,4D-E,equal_per_property,64,joint-property-residual,standardized_anomaly,"[80, 48]",2.0,"[1.0, 1.0]",wells,5,10,ridge(alpha_relative=1e-06),408916,2.2191767079930287,24737.54022631293,0.3105389025373785,0.0022720936132652,0.2835316820804923,0.365060254941946,0.0088172984895586,0.9975787128864284,0.9610053796535268,0.0030934978940723,0.8721044620490747,0.0008332240338545,0.0012740408870991,0.9998661845947396,0.8659556883065785,4D,3D-independent,4D-E,0.5200160294384599,0.0,4D-E
6,6,3D-current-5e7711139fcb,3D,3D-current,equal_per_property,64,legacy-independent,raw_minmax,"[48, 48]",,"[1.0, 1.0]",wells,5,10,ridge(alpha_relative=0.0001),242016,13.31439116600086,402961.2091350159,1.1120191754995867,0.0024769005242979,0.3090892769118695,0.3979668494233234,0.0096120912994833,0.9941426790675671,0.8660112694725878,0.0139604099483482,3.93565349804118,0.0037601929885631,0.0057495216366376,0.9992313112686984,0.7273208764368168,3D,3D-current,4D-A-current,1.5682007011160888,0.0,3D current
6,6,4D-A-current-43ce2f360e5a,4D,4D-A-current,equal_per_property,64,legacy-joint,raw_minmax,"[48, 48]",2.0,"[1.0, 1.0]",wells,5,10,ridge(alpha_relative=0.0001),380500,15.54319037499954,231624.56504713552,1.6770448142012786,0.0028915220414584,0.3608293704982241,0.4645846313119539,0.0112211102481985,0.9806450070318996,0.8196345665927832,0.0212176826422134,5.981589883113354,0.005714916811182,0.008738391342523,0.9896510044706068,0.4488454270201427,4D,3D-current,4D-A-current,1.5682007011160888,0.0,4D current
6,6,4D-A-3bf6b15a532d,4D,4D-A,equal_per_property,64,joint,standardized_anomaly,"[80, 48]",2.0,"[1.0, 1.0]",wells,10,20,ridge(alpha_relative=1e-06),504948,1.0155335000017658,632836.4043895173,0.3544469260289453,0.0015758869839333,0.1966529392603887,0.2531998244947452,0.0061155340792413,0.9976072996331882,0.9715277139922364,0.0040544302745277,1.1430060257218286,0.0010920481810565,0.0016697958493972,0.9997934551881468,0.8722148077406358,4D,3D-independent,4D-A,0.3085477370714661,0.0,4D-A
6,6,4D-B-643a4d560541,4D,4D-B,equal_per_property,64,shared-independent,ensemble_anomaly,"[80, 48]",,"[1.0, 1.0]",wells,10,20,ridge(alpha_relative=1e-06),259184,0.9283317919980618,5329902915.7489605,0.3559697137309763,0.0021596755959417,0.2695031801905147,0.3469979049469466,0.0083810386415669,0.9971699395957894,0.9673555548362708,0.0038346292355604,1.081040744538452,0.0010328454550147,0.0015792719440124,0.9998255326034836,0.8859745847738523,4D,3D-independent,4D-B,0.3105740763873423,0.0,4D-B
6,6,4D-C-4e04f7cc08d6,4D,4D-C,equal_per_property,64,joint,standardized_anomaly,"[80, 48]",2.0,"[1.0, 0.5]",wells,10,20,ridge(alpha_relative=1e-06),504948,0.8995250830048462,33199369.667208064,0.3514239451693604,0.0015023075326387,0.1874710527965947,0.2413777177420718,0.0058299947946914,0.9978204157575318,0.9722397678082592,0.0040464466012496,1.1407553058804876,0.0010898978034963,0.0016665078154196,0.9997847104045774,0.8728213881910225,4D,3D-independent,4D-C,0.3111957881325185,0.0,4D-C
6,6,4D-D-ff94f89c821d,4D,4D-D,equal_per_property,64,partial-spatial,standardized_anomaly,"[64, 48]",,"[1.0, 1.0]",wells,10,20,ridge(alpha_relative=1e-06),230208,1.3175440830018488,505497.0711163685,0.499098076653931,0.0019113852358065,0.2385193408616786,0.307104767779813,0.0074174999015212,0.996758944664904,0.9656814255449908,0.0059450630087638,1.676004366138624,0.0016012842262389,0.0024484430275707,0.999686212178463,0.8705813752241658,4D,3D-independent,4D-D,0.3112644214196292,0.0,4D-D
6,6,3D-independent-fa9b36e31dc0,3D,3D-independent,equal_per_property,64,independent,raw_minmax,"[80, 48]",,"[1.0, 1.0]",wells,10,20,ridge(alpha_relative=1e-06),272608,0.7945633329945849,1356892486.806386,0.3237006448707698,0.0022059709069318,0.2752803133688518,0.3544362331628339,0.0085606965453099,0.9975939091665008,0.8725717906390109,0.0031724206553364,0.8943539978860167,0.0008544816340712,0.0013065448124989,0.999887284880534,0.8770916729045671,3D,3D-independent,4D-E,0.3037907754755473,0.0,3D optimized
6,6,4D-E-6ca320f290f9,4D,4D-E,equal_per_property,64,joint-property-residual,standardized_anomaly,"[80, 48]",2.0,"[1.0, 1.0]",wells,10,20,ridge(alpha_relative=1e-06),408916,2.2191767079930287,399305.6064717967,0.3714112534134563,0.0015087769700901,0.1882783656960341,0.2424171707256843,0.0058551006973425,0.997393376692327,0.9693702338867632,0.0043232102400302,1.2187792168635794,0.0011644432285865,0.0017804914688575,0.999774451332938,0.8734549039248131,4D,3D-independent,4D-E,0.3037907754755473,0.0,4D optimized
6,6,4D-E-6ca320f290f9,4D,4D-E,equal_per_property,64,joint-property-residual,standardized_anomaly,"[80, 48]",2.0,"[1.0, 1.0]",wells,10,20,ridge(alpha_relative=1e-06),408916,2.2191767079930287,399305.6064717967,0.3714112534134563,0.0015087769700901,0.1882783656960341,0.2424171707256843,0.0058551006973425,0.997393376692327,0.9693702338867632,0.0043232102400302,1.2187792168635794,0.0011644432285865,0.0017804914688575,0.999774451332938,0.8734549039248131,4D,3D-independent,4D-E,0.3037907754755473,0.0,4D-E
6,6,3D-current-5e7711139fcb,3D,3D-current,equal_per_property,64,legacy-independent,raw_minmax,"[48, 48]",,"[1.0, 1.0]",wells,10,20,ridge(alpha_relative=0.0001),242016,13.31439116600086,39596546.20575284,0.39409907673151,0.0024407758381804,0.3045813231199562,0.3921626488187673,0.0094719024716643,0.9944016242938594,0.8494652678423331,0.0040217201468631,1.1337845394731614,0.0010832378099317,0.0016563243548322,0.9998485744845764,0.8744738434918214,3D,3D-current,4D-A-current,0.920064660355668,0.0,3D current
6,6,4D-A-current-43ce2f360e5a,4D,4D-A-current,equal_per_property,64,legacy-joint,raw_minmax,"[48, 48]",2.0,"[1.0, 1.0]",wells,10,20,ridge(alpha_relative=0.0001),380500,15.54319037499954,51372592.798287585,1.356469656884798,0.0029071152362061,0.3627752255061315,0.4670900103230552,0.0112816226547706,0.9803951052233076,0.7908401442655719,0.0166282225476645,4.687750752166565,0.0044787600125878,0.0068482462671474,0.9904139799535628,0.4584545560014352,4D,3D-current,4D-A-current,0.920064660355668,0.0,4D current
6,6,4D-A-3bf6b15a532d,4D,4D-A,equal_per_property,64,joint,standardized_anomaly,"[80, 48]",2.0,"[1.0, 1.0]",wells,15,30,ridge(alpha_relative=1e-06),504948,1.0155335000017658,1940543.8210851797,0.3177502503154527,0.0011241722201561,0.1402840264450926,0.1806222221183364,0.0043625676164555,0.998389270811924,0.9780233956169612,0.0037561733290614,1.0589228222140097,0.0010117136006765,0.0015469602902997,0.9998471327272884,0.8783882991776217,4D,3D-independent,4D-A,0.3255423203083156,0.0,4D-A
6,6,3D-independent-fa9b36e31dc0,3D,3D-independent,equal_per_property,64,independent,raw_minmax,"[80, 48]",,"[1.0, 1.0]",wells,15,30,ridge(alpha_relative=1e-06),272608,0.7945633329945849,2195027982.488418,0.3022999914250283,0.0012726162760916,0.1588081720298141,0.2044729228940626,0.0049386334715515,0.9983209050490692,0.9313928476181776,0.0034214199624239,0.964550718295688,0.000921548822795,0.0014090938715096,0.9998913595713956,0.8969250016326006,3D,3D-independent,4D-B,0.2920489659839687,0.0,3D optimized
6,6,4D-B-643a4d560541,4D,4D-B,equal_per_property,64,shared-independent,ensemble_anomaly,"[80, 48]",,"[1.0, 1.0]",wells,15,30,ridge(alpha_relative=1e-06),259184,0.9283317919980618,16745762773.04435,0.3083060794260157,0.0015523269703963,0.1937129150338392,0.2494144062804414,0.0060241048922743,0.9977954055752856,0.9726353334301636,0.0034397179410369,0.969709198870538,0.0009264773264091,0.001416629798057,0.9998519609260352,0.887760258970465,4D,3D-independent,4D-B,0.2920489659839687,0.0,4D optimized
6,6,4D-B-643a4d560541,4D,4D-B,equal_per_property,64,shared-independent,ensemble_anomaly,"[80, 48]",,"[1.0, 1.0]",wells,15,30,ridge(alpha_relative=1e-06),259184,0.9283317919980618,16745762773.04435,0.3083060794260157,0.0015523269703963,0.1937129150338392,0.2494144062804414,0.0060241048922743,0.9977954055752856,0.9726353334301636,0.0034397179410369,0.969709198870538,0.0009264773264091,0.001416629798057,0.9998519609260352,0.887760258970465,4D,3D-independent,4D-B,0.2920489659839687,0.0,4D-B
6,6,4D-C-4e04f7cc08d6,4D,4D-C,equal_per_property,64,joint,standardized_anomaly,"[80, 48]",2.0,"[1.0, 0.5]",wells,15,30,ridge(alpha_relative=0.0001),504948,0.8995250830048462,92473044.43478169,0.2809065454546547,0.0010829277219616,0.1351371777935406,0.1739954146056939,0.0042025103681497,0.9986692410122096,0.9798473887706832,0.0032914565945925,0.927912053305544,0.0008865435939874,0.0013555691399236,0.9998614106118556,0.8989987097902479,4D,3D-independent,4D-C,0.3367927322486667,0.0,4D-C
6,6,4D-D-ff94f89c821d,4D,4D-D,equal_per_property,64,partial-spatial,standardized_anomaly,"[64, 48]",,"[1.0, 1.0]",wells,15,30,ridge(alpha_relative=1e-08),230208,1.3175440830018488,644681.8726648984,0.3482709119539249,0.0015052029144345,0.1878323638209455,0.2418429225251669,0.0058412308834625,0.9972507534729852,0.9707402554562206,0.0040188972331455,1.1329887168369746,0.001082477466904,0.0016551617526194,0.9998120590638664,0.8847346102282201,4D,3D-independent,4D-D,0.3131924584492002,0.0,4D-D
6,6,4D-E-6ca320f290f9,4D,4D-E,equal_per_property,64,joint-property-residual,standardized_anomaly,"[80, 48]",2.0,"[1.0, 1.0]",wells,15,30,ridge(alpha_relative=1e-08),408916,2.2191767079930287,573520.478997881,0.3148397943744457,0.0014027235616666,0.1750440952834313,0.2253774307737171,0.0054435399445434,0.9979614000465784,0.9742691444084768,0.003607277625494,1.0169468416549734,0.0009716090061372,0.0014856383755113,0.9998430953108558,0.8909943744727671,4D,3D-independent,4D-E,0.3022099019411425,0.0,4D-E
6,6,3D-current-5e7711139fcb,3D,3D-current,equal_per_property,64,legacy-independent,raw_minmax,"[48, 48]",,"[1.0, 1.0]",wells,15,30,ridge(alpha_relative=0.0001),242016,13.31439116600086,58220521.11935258,0.3472313970528537,0.0016755139487755,0.2090852619241122,0.2692070193444937,0.0065021557754137,0.9948874041698946,0.8907625630897952,0.0037701145497214,1.0628530659576203,0.00101546862509,0.0015527019089285,0.999863434748406,0.87526291625084,3D,3D-current,4D-A-current,0.8796415334621863,0.0,3D current
6,6,4D-A-current-43ce2f360e5a,4D,4D-A-current,equal_per_property,64,legacy-joint,raw_minmax,"[48, 48]",2.0,"[1.0, 1.0]",wells,15,30,ridge(alpha_relative=0.0001),380500,15.54319037499954,151789200.14215034,1.3237264803879911,0.0029411747482436,0.3670254688422548,0.472562396704941,0.0114137971753492,0.9787747931728652,0.7646317982977313,0.0161064239923225,4.540647743214622,0.0043382151950288,0.0066333462681498,0.9905487245711476,0.4609027827120924,4D,3D-current,4D-A-current,0.8796415334621863,0.0,4D current
6,6,4D-A-3bf6b15a532d,4D,4D-A,equal_per_property,64,joint,standardized_anomaly,"[80, 48]",2.0,"[1.0, 1.0]",wells,20,40,ridge(alpha_relative=1e-06),504948,1.0155335000017658,4455891.921263027,0.3419694479564599,0.0010130243900178,0.1264140296039806,0.1627639547610296,0.0039312369753788,0.9985964483564488,0.9759904453525046,0.0041251153050687,1.162933219030416,0.0011110869741306,0.0016989071085927,0.999703279872356,0.8669484682646096,4D,3D-independent,4D-A,0.3151764882268769,0.0,4D-A
6,6,3D-independent-fa9b36e31dc0,3D,3D-independent,equal_per_property,64,independent,raw_minmax,"[80, 48]",,"[1.0, 1.0]",wells,20,40,ridge(alpha_relative=1e-06),272608,0.7945633329945849,5596010897.656592,0.2291719618047901,0.0008895637298815,0.1110075303141422,0.1429273688908317,0.0034521240172752,0.9991761696018918,0.9388401121827248,0.0025344085743267,0.7144886151566665,0.0006826350649155,0.0010437828823139,0.9999215575001664,0.8787764843205719,3D,3D-independent,4D-B,0.2754390319441342,0.0,3D optimized
6,6,4D-B-643a4d560541,4D,4D-B,equal_per_property,64,shared-independent,ensemble_anomaly,"[80, 48]",,"[1.0, 1.0]",wells,20,40,ridge(alpha_relative=1e-06),259184,0.9283317919980618,32345674257.51148,0.2239771105098095,0.0005488284105496,0.0684876017027594,0.0881809791220225,0.0021298347423333,0.9996035373111444,0.9926312385256848,0.0027301972826833,0.769684452368584,0.00073537014441,0.001124417435244,0.9998924240385956,0.891895985538526,4D,3D-independent,4D-B,0.2754390319441342,0.0,4D optimized
6,6,4D-B-643a4d560541,4D,4D-B,equal_per_property,64,shared-independent,ensemble_anomaly,"[80, 48]",,"[1.0, 1.0]",wells,20,40,ridge(alpha_relative=1e-06),259184,0.9283317919980618,32345674257.51148,0.2239771105098095,0.0005488284105496,0.0684876017027594,0.0881809791220225,0.0021298347423333,0.9996035373111444,0.9926312385256848,0.0027301972826833,0.769684452368584,0.00073537014441,0.001124417435244,0.9998924240385956,0.891895985538526,4D,3D-independent,4D-B,0.2754390319441342,0.0,4D-B
6,6,4D-C-4e04f7cc08d6,4D,4D-C,equal_per_property,64,joint,standardized_anomaly,"[80, 48]",2.0,"[1.0, 0.5]",wells,20,40,ridge(alpha_relative=0.0001),504948,0.8995250830048462,167715674.85421187,0.4493066593289985,0.0007649951122961,0.0954627704185867,0.1229127660470064,0.0029687114161087,0.9985741000125016,0.9796135187429328,0.0057369503347297,1.6173342141459826,0.0015452297249292,0.0023627329139963,0.9996121940533108,0.8515271757542178,4D,3D-independent,4D-C,0.3290755442710392,0.0,4D-C
6,6,4D-D-ff94f89c821d,4D,4D-D,equal_per_property,64,partial-spatial,standardized_anomaly,"[64, 48]",,"[1.0, 1.0]",wells,20,40,ridge(alpha_relative=0.0001),230208,1.3175440830018488,769276.5976990875,0.4860120367480657,0.0007284239057822,0.0908990959123673,0.1170368224258645,0.0028267897795732,0.9974078358150772,0.9774330564251338,0.0062690959972745,1.7673542311806465,0.0016885615036233,0.0025818943148409,0.9995609500413872,0.8509773037763683,4D,3D-independent,4D-D,0.3063434474011864,0.0,4D-D
6,6,4D-E-6ca320f290f9,4D,4D-E,equal_per_property,64,joint-property-residual,standardized_anomaly,"[80, 48]",2.0,"[1.0, 1.0]",wells,20,40,ridge(alpha_relative=1e-06),408916,2.2191767079930287,785549.6214412377,0.461596089399697,0.001854854816872,0.2314649815361394,0.2980219513730654,0.0071981226828292,0.9954556510685674,0.9382233589734512,0.0053776158267529,1.51603230979517,0.0014484440931002,0.0022147428810354,0.9996606224746644,0.8640025084915915,4D,3D-independent,4D-E,0.3115390080648618,0.0,4D-E
6,6,3D-current-5e7711139fcb,3D,3D-current,equal_per_property,64,legacy-independent,raw_minmax,"[48, 48]",,"[1.0, 1.0]",wells,20,40,ridge(alpha_relative=0.0001),242016,13.31439116600086,149769199.8220527,0.3176533559640091,0.0017839918398757,0.222622080456851,0.2866363041016788,0.0069231252019212,0.9947972544401972,0.882624818276598,0.0032637073645,0.9200891201047589,0.0008790694251902,0.0013441407650114,0.9998874522928678,0.8615707351345485,3D,3D-current,4D-A-current,0.8593094134059457,0.0,3D current
6,6,4D-A-current-43ce2f360e5a,4D,4D-A-current,equal_per_property,64,legacy-joint,raw_minmax,"[48, 48]",2.0,"[1.0, 1.0]",wells,20,40,ridge(alpha_relative=0.0001),380500,15.54319037499954,299006941.15688574,1.289060677671544,0.0025543743748649,0.3187571405246603,0.4104146744047569,0.0099127435532449,0.979189914874168,0.7928012930124834,0.0158317644912131,4.463217020885483,0.0042642365128744,0.0065202291927789,0.9905936819564856,0.4586616084354493,4D,3D-current,4D-A-current,0.8593094134059457,0.0,4D current
6,6,4D-A-3bf6b15a532d,4D,4D-A,equal_per_property,64,joint,standardized_anomaly,"[80, 48]",2.0,"[1.0, 1.0]",wells,30,60,ridge(alpha_relative=0.0001),504948,1.0155335000017658,38511508.906091675,0.2320673191735327,0.0005241223350034,0.065404561850736,0.0842114216245421,0.0020339580401918,0.9995726930609046,0.9919028952899276,0.0028568339821993,0.8053852785817482,0.0007694793454561,0.0011765720959276,0.999858435593352,0.8931382321867787,4D,3D-independent,4D-A,0.3269396227580905,0.0,4D-A
6,6,3D-independent-fa9b36e31dc0,3D,3D-independent,equal_per_property,64,independent,raw_minmax,"[80, 48]",,"[1.0, 1.0]",wells,30,60,ridge(alpha_relative=1e-06),272608,0.7945633329945849,37484148379.06314,0.219860706901869,0.0003816522495725,0.0476259004731796,0.0613205665095404,0.0014810753324801,0.9998681570620416,0.98178855443973,0.0026869933770531,0.75750460930154,0.0007237333068364,0.0011066241332474,0.9999031189673876,0.8695868098947569,3D,3D-independent,4D-B,0.2303817094276067,0.0,3D optimized
6,6,4D-B-643a4d560541,4D,4D-B,equal_per_property,64,shared-independent,ensemble_anomaly,"[80, 48]",,"[1.0, 1.0]",wells,30,60,ridge(alpha_relative=1e-06),259184,0.9283317919980618,314978423884.73004,0.1886954314830944,0.0002748972706895,0.034304081972193,0.0441681043135172,0.001066791999891,0.9999115197976964,0.998652550085475,0.0023828585804995,0.6717643494981951,0.0006418155455522,0.0009813678119997,0.9999008994520988,0.9039208609905458,4D,3D-independent,4D-B,0.2303817094276067,0.0,4D optimized
6,6,4D-B-643a4d560541,4D,4D-B,equal_per_property,64,shared-independent,ensemble_anomaly,"[80, 48]",,"[1.0, 1.0]",wells,30,60,ridge(alpha_relative=1e-06),259184,0.9283317919980618,314978423884.73004,0.1886954314830944,0.0002748972706895,0.034304081972193,0.0441681043135172,0.001066791999891,0.9999115197976964,0.998652550085475,0.0023828585804995,0.6717643494981951,0.0006418155455522,0.0009813678119997,0.9999008994520988,0.9039208609905458,4D,3D-independent,4D-B,0.2303817094276067,0.0,4D-B
6,6,4D-C-4e04f7cc08d6,4D,4D-C,equal_per_property,64,joint,standardized_anomaly,"[80, 48]",2.0,"[1.0, 0.5]",wells,30,60,ridge(alpha_relative=0.0001),504948,0.8995250830048462,1649768209.2789164,0.2393360283893599,0.000498274115187,0.0621789952629326,0.0800583543121511,0.0019336490264198,0.9997242923489555,0.9938450955828688,0.0029729156521551,0.8381104802133834,0.0008007455821271,0.0012243797230315,0.99984395243009,0.8920456282548835,4D,3D-independent,4D-C,0.3315321789169501,0.0,4D-C
6,6,4D-D-ff94f89c821d,4D,4D-D,equal_per_property,64,partial-spatial,standardized_anomaly,"[64, 48]",,"[1.0, 1.0]",wells,30,60,ridge(alpha_relative=0.0001),230208,1.3175440830018488,10275123.421161383,0.319214066700016,0.0004238505526395,0.0528917732258098,0.0681006230995524,0.0016448340049758,0.9994303829464428,0.9932857462994568,0.0040681357403817,1.146869806572856,0.0010957397056464,0.0016754403736454,0.999753958353724,0.8525248796977464,4D,3D-independent,4D-D,0.302572869410707,0.0,4D-D
6,6,4D-E-6ca320f290f9,4D,4D-E,equal_per_property,64,joint-property-residual,standardized_anomaly,"[80, 48]",2.0,"[1.0, 1.0]",wells,30,60,ridge(alpha_relative=0.0001),408916,2.2191767079930287,2490259.994946262,0.2768900730282715,0.0013692422191242,0.1708660009857598,0.2199979396414125,0.0053136091224576,0.9964864092042204,0.9345718463911225,0.0029869064444857,0.842054698970562,0.0008045139585158,0.0012301417574929,0.9998408711304776,0.8761489692953488,4D,3D-independent,4D-E,0.3143188440638741,0.0,4D-E
6,6,3D-current-5e7711139fcb,3D,3D-current,equal_per_property,64,legacy-independent,raw_minmax,"[48, 48]",,"[1.0, 1.0]",wells,30,60,ridge(alpha_relative=0.0001),242016,13.31439116600086,4439037411.164276,0.2801574100809234,0.0014917170836147,0.1861494840864746,0.2396761364348274,0.0057888965099915,0.9955374446431154,0.8985105370204697,0.0028688554032371,0.8087743013922306,0.0007727172778138,0.0011815230551484,0.9998994725602552,0.8500777532895537,3D,3D-current,4D-A-current,0.8271227376513066,0.0,3D current
6,6,4D-A-current-43ce2f360e5a,4D,4D-A-current,equal_per_property,64,legacy-joint,raw_minmax,"[48, 48]",2.0,"[1.0, 1.0]",wells,30,60,ridge(alpha_relative=0.0001),380500,15.54319037499954,2663158328.600965,1.2745913937252071,0.002418564457326,0.3018095930564491,0.38859391718289,0.009385706914529,0.9799759694020512,0.8122028589671267,0.0157085859612393,4.42849110566033,0.004231058759036,0.0064694987610886,0.9905951065616438,0.4516673886647739,4D,3D-current,4D-A-current,0.8271227376513066,0.0,4D current
6,6,4D-A-3bf6b15a532d,4D,4D-A,equal_per_property,64,joint,standardized_anomaly,"[80, 48]",2.0,"[1.0, 1.0]",grid,30,30,ridge(alpha_relative=1e-06),504948,1.0155335000017658,85.64490738615267,0.3729827521123676,0.0047371309982437,0.5911405728734331,0.7611210382423479,0.0183833525836242,0.9986262735525684,0.4059896322562712,0.0019730700866264,0.5562386933508754,0.000531440289585,0.0008125985695,0.9998971519305128,0.9049068832934052,4D,3D-independent,4D-A,0.5201556157261387,0.0,4D-A
6,6,3D-independent-fa9b36e31dc0,3D,3D-independent,equal_per_property,64,independent,raw_minmax,"[80, 48]",,"[1.0, 1.0]",grid,30,30,ridge(alpha_relative=1e-06),272608,0.7945633329945849,13543.779038192308,0.4084038931171838,0.0074016476201115,0.9236422247943168,1.1892324116457484,0.0287235244181969,0.9976624798519708,0.6333663092762452,0.0017024727678353,0.4799531624673886,0.0004585557436005,0.000701154482617,0.999937267925447,0.9065933203096956,3D,3D-independent,4D-B,0.4524514292135906,0.0,3D optimized
6,6,4D-B-643a4d560541,4D,4D-B,equal_per_property,64,shared-independent,ensemble_anomaly,"[80, 48]",,"[1.0, 1.0]",grid,30,30,ridge(alpha_relative=1e-06),259184,0.9283317919980618,78503.70483168108,0.2263370199498932,0.0024780696425006,0.3092351696905104,0.398154693175295,0.0096166282886738,0.998883669091126,0.8181766695973111,0.0016595415576572,0.4678501964271712,0.0004469923556987,0.0006834734888124,0.9999180524869236,0.9252979030389064,4D,3D-independent,4D-B,0.4524514292135906,0.0,4D optimized
6,6,4D-B-643a4d560541,4D,4D-B,equal_per_property,64,shared-independent,ensemble_anomaly,"[80, 48]",,"[1.0, 1.0]",grid,30,30,ridge(alpha_relative=1e-06),259184,0.9283317919980618,78503.70483168108,0.2263370199498932,0.0024780696425006,0.3092351696905104,0.398154693175295,0.0096166282886738,0.998883669091126,0.8181766695973111,0.0016595415576572,0.4678501964271712,0.0004469923556987,0.0006834734888124,0.9999180524869236,0.9252979030389064,4D,3D-independent,4D-B,0.4524514292135906,0.0,4D-B
6,6,4D-C-4e04f7cc08d6,4D,4D-C,equal_per_property,64,joint,standardized_anomaly,"[80, 48]",2.0,"[1.0, 0.5]",grid,30,30,ridge(alpha_relative=1e-06),504948,0.8995250830048462,88.01848730969482,0.3793498350425122,0.0049369072390834,0.6160703967478981,0.793219348358839,0.0191586229053756,0.9985476647633454,0.3766100128604491,0.0019277960943347,0.5434752611313032,0.0005192458806092,0.0007939527131661,0.9999012080131904,0.907682622557856,4D,3D-independent,4D-C,0.5216640584598659,0.0,4D-C
6,6,4D-D-ff94f89c821d,4D,4D-D,equal_per_property,64,partial-spatial,standardized_anomaly,"[64, 48]",,"[1.0, 1.0]",grid,30,30,ridge(alpha_relative=1e-06),230208,1.3175440830018488,93.36278160570726,0.2553964410652505,0.0025500305740545,0.318215083127366,0.4097167502426405,0.0098958865944905,0.9984604840165532,0.8048823867729379,0.0019756808732125,0.556974714097998,0.0005321434968298,0.0008136738082659,0.9998926369406368,0.9023256791557862,4D,3D-independent,4D-D,0.4629245329432251,0.0,4D-D
6,6,4D-E-6ca320f290f9,4D,4D-E,equal_per_property,64,joint-property-residual,standardized_anomaly,"[80, 48]",2.0,"[1.0, 1.0]",grid,30,30,ridge(alpha_relative=1e-06),408916,2.2191767079930287,88.56190486744747,0.4533768213108975,0.0060906530466771,0.7600448736842709,0.9785931974816482,0.0236359565448159,0.998081494824954,0.1163386044499964,0.0019970139684882,0.56298884057109,0.0005378894996747,0.0008224597316964,0.9998947341916068,0.9027142535735444,4D,3D-independent,4D-E,0.5236468834493468,0.0,4D-E
6,6,3D-current-5e7711139fcb,3D,3D-current,equal_per_property,64,legacy-independent,raw_minmax,"[48, 48]",,"[1.0, 1.0]",grid,30,30,ridge(alpha_relative=0.0001),242016,13.31439116600086,15123.28896507729,0.4870175834797324,0.0079881263011948,0.9968281560345909,1.283462709017431,0.0309994683135906,0.993396578171646,0.7745151002415248,0.002693692629674,0.7593932312767581,0.0007255377296884,0.0011093831853121,0.999931004210044,0.8417870065433131,3D,3D-current,4D-A-current,1.219646243852521,0.0,3D current
6,6,4D-A-current-43ce2f360e5a,4D,4D-A-current,equal_per_property,64,legacy-joint,raw_minmax,"[48, 48]",2.0,"[1.0, 1.0]",grid,30,30,ridge(alpha_relative=0.0001),380500,15.54319037499954,207902.5013773268,1.3814150204360047,0.0045541051386704,0.5683010078457947,0.7317140338096445,0.0176730853544289,0.9786418882256094,0.7415404404949274,0.016149014756626,4.552654732345725,0.0043496868848935,0.0066508870511061,0.990467842295946,0.4490508764000747,4D,3D-current,4D-A-current,1.219646243852521,0.0,4D current
6,6,4D-A-3bf6b15a532d,4D,4D-A,equal_per_property,64,joint,standardized_anomaly,"[80, 48]",2.0,"[1.0, 1.0]",grid,100,100,ridge(alpha_relative=1e-06),504948,1.0155335000017658,1048.035757394293,0.2057659911005254,0.003031689088154,0.3783206385911487,0.4871054541787552,0.0117650555688926,0.9986468685485556,0.8940939099286976,0.0012974408002394,0.3657684439680687,0.0003494616431885,0.0005343441905239,0.9999450020584892,0.9479563263855336,4D,3D-independent,4D-A,0.2176509003235313,0.0,4D-A
6,6,3D-independent-fa9b36e31dc0,3D,3D-independent,equal_per_property,64,independent,raw_minmax,"[80, 48]",,"[1.0, 1.0]",grid,100,100,ridge(alpha_relative=1e-08),272608,0.7945633329945849,1.500004515242831e+18,0.1788892475250399,0.001245207515003,0.1553878674746645,0.2000691213727654,0.0048322684757011,0.9995066173157188,0.93236071991965,0.0016863653811815,0.4754122433351557,0.0004542172691157,0.0006945207398817,0.9999509516583606,0.8981255214996704,3D,3D-independent,4D-B,0.1572719518180887,0.0,3D optimized
6,6,4D-B-643a4d560541,4D,4D-B,equal_per_property,64,shared-independent,ensemble_anomaly,"[80, 48]",,"[1.0, 1.0]",grid,100,100,ridge(alpha_relative=1e-08),259184,0.9283317919980618,1.6152782233629268e+18,0.1513979920187471,0.0011712322655888,0.1461565898651971,0.1881834212181163,0.0045451932200352,0.9992297796724914,0.9516948011594354,0.0014319739408611,0.4036953979364069,0.0003856977260806,0.0005897509590724,0.999938478799393,0.936825238293796,4D,3D-independent,4D-B,0.1572719518180887,0.0,4D optimized
6,6,4D-B-643a4d560541,4D,4D-B,equal_per_property,64,shared-independent,ensemble_anomaly,"[80, 48]",,"[1.0, 1.0]",grid,100,100,ridge(alpha_relative=1e-08),259184,0.9283317919980618,1.6152782233629268e+18,0.1513979920187471,0.0011712322655888,0.1461565898651971,0.1881834212181163,0.0045451932200352,0.9992297796724914,0.9516948011594354,0.0014319739408611,0.4036953979364069,0.0003856977260806,0.0005897509590724,0.999938478799393,0.936825238293796,4D,3D-independent,4D-B,0.1572719518180887,0.0,4D-B
6,6,4D-C-4e04f7cc08d6,4D,4D-C,equal_per_property,64,joint,standardized_anomaly,"[80, 48]",2.0,"[1.0, 0.5]",grid,100,100,ridge(alpha_relative=1e-06),504948,0.8995250830048462,1760.9830706310458,0.1945786942760655,0.0027409303057011,0.342037218670763,0.4403888600080149,0.0106367099063813,0.992658205280096,0.9289729770317644,0.0013259074457266,0.3737936275625134,0.0003571290455904,0.0005460680292047,0.9999412908726412,0.946059161226264,4D,3D-independent,4D-C,0.2257354231022771,0.0,4D-C
6,6,4D-D-ff94f89c821d,4D,4D-D,equal_per_property,64,partial-spatial,standardized_anomaly,"[64, 48]",,"[1.0, 1.0]",grid,100,100,ridge(alpha_relative=1e-06),230208,1.3175440830018488,2.506352232381473e+17,0.1761215878865036,0.000320777044278,0.0400293607648706,0.0515396675911451,0.0012448373304183,0.99943759320282,0.9917916138562766,0.0021312916611966,0.6008437798581295,0.000574056778466,0.0008777612953612,0.9998077851856136,0.8809819642976949,4D,3D-independent,4D-D,0.177369709379993,0.0,4D-D
6,6,4D-E-6ca320f290f9,4D,4D-E,equal_per_property,64,joint-property-residual,standardized_anomaly,"[80, 48]",2.0,"[1.0, 1.0]",grid,100,100,ridge(alpha_relative=0.0001),408916,2.2191767079930287,3797.8441207776314,0.1791072793846133,0.0017708579843413,0.2209831232721149,0.2845260703411747,0.0068721567365865,0.9990765970936246,0.9310102862380432,0.0015083776866967,0.4252347847218961,0.0004062768373283,0.0006212174411762,0.9999193242355144,0.9285672946730722,4D,3D-independent,4D-E,0.2866120838200094,0.0,4D-E
6,6,3D-current-5e7711139fcb,3D,3D-current,equal_per_property,64,legacy-independent,raw_minmax,"[48, 48]",,"[1.0, 1.0]",grid,100,100,ridge(alpha_relative=1e-06),242016,13.31439116600086,3.59253339369428e+18,0.1835818812003631,0.0020937175486005,0.2612723590658011,0.3364003391436424,0.008125075688368,0.9930777711739812,0.8536353617427467,0.0012913780073871,0.3640592497549041,0.0003478286487952,0.0005318472610776,0.999944995787196,0.9283728062957584,3D,3D-current,4D-A-current,0.8212440984456153,0.0,3D current
6,6,4D-A-current-43ce2f360e5a,4D,4D-A-current,equal_per_property,64,legacy-joint,raw_minmax,"[48, 48]",2.0,"[1.0, 1.0]",grid,100,100,ridge(alpha_relative=1e-06),380500,15.54319037499954,1247223.5990910337,1.3359308986831469,0.0031534180888871,0.3935110462989759,0.5066638120659601,0.0122374484879314,0.9720032790499212,0.7357785777224465,0.016120382475763,4.544582853600589,0.0043419748691185,0.0066390949963644,0.9901063809863492,0.4529620326115081,4D,3D-current,4D-A-current,0.8212440984456153,0.0,4D current
6,6,4D-A-3bf6b15a532d,4D,4D-A,equal_per_property,64,joint,standardized_anomaly,"[80, 48]",2.0,"[1.0, 1.0]",grid,300,300,ridge(alpha_relative=1e-08),504948,1.0155335000017658,960.7552814038696,0.1248744775440242,0.0012460009185897,0.1554868753025881,0.2001965985655709,0.0048353474316936,0.9992365988290186,0.9648337854593666,0.0010935994813673,0.3083024524511613,0.0002945576181034,0.0004503932121764,0.9999600900620884,0.9637490496959386,4D,3D-independent,4D-A,0.1539773978183559,0.0,4D-A
6,6,3D-independent-fa9b36e31dc0,3D,3D-independent,equal_per_property,64,independent,raw_minmax,"[80, 48]",,"[1.0, 1.0]",grid,300,300,least_squares(rcond=1e-10),272608,0.7945633329945849,169454.81909907344,0.1187545304265976,0.0006313610519017,0.0787867454055104,0.1014416066406877,0.0024501186116619,0.9998380412754286,0.9759790769510291,0.0012282421570201,0.3462602860233238,0.0003308232039153,0.0005058450921531,0.9999614863760458,0.924078742493858,3D,3D-independent,4D-B,0.113476010755599,0.0,3D optimized
6,6,4D-B-643a4d560541,4D,4D-B,equal_per_property,64,shared-independent,ensemble_anomaly,"[80, 48]",,"[1.0, 1.0]",grid,300,300,least_squares(rcond=1e-10),259184,0.9283317919980618,120728.59310288784,0.1058994493101619,0.0001518704783509,0.0189517244949008,0.0244012285503033,0.0005893627496484,0.9999631251460586,0.9981609656805294,0.0013387289980678,0.3774082196489078,0.0003605824908255,0.0005513485183073,0.9999465848806453,0.9473633281257928,4D,3D-independent,4D-B,0.113476010755599,0.0,4D optimized
6,6,4D-B-643a4d560541,4D,4D-B,equal_per_property,64,shared-independent,ensemble_anomaly,"[80, 48]",,"[1.0, 1.0]",grid,300,300,least_squares(rcond=1e-10),259184,0.9283317919980618,120728.59310288784,0.1058994493101619,0.0001518704783509,0.0189517244949008,0.0244012285503033,0.0005893627496484,0.9999631251460586,0.9981609656805294,0.0013387289980678,0.3774082196489078,0.0003605824908255,0.0005513485183073,0.9999465848806453,0.9473633281257928,4D,3D-independent,4D-B,0.113476010755599,0.0,4D-B
6,6,4D-C-4e04f7cc08d6,4D,4D-C,equal_per_property,64,joint,standardized_anomaly,"[80, 48]",2.0,"[1.0, 0.5]",grid,300,300,ridge(alpha_relative=1e-08),504948,0.8995250830048462,1610.330323374449,0.1404151629314015,0.0015887037073256,0.1982523219270877,0.2552591042188682,0.0061652718519933,0.9988763314603322,0.9432935177139562,0.0011205354894884,0.3158961259161365,0.0003018127480926,0.0004614866658837,0.999957916203058,0.9616820745212804,4D,3D-independent,4D-C,0.1609729784979924,0.0,4D-C
6,6,4D-D-ff94f89c821d,4D,4D-D,equal_per_property,64,partial-spatial,standardized_anomaly,"[64, 48]",,"[1.0, 1.0]",grid,300,300,ridge(alpha_relative=1e-08),230208,1.3175440830018488,4574.515739026215,0.111092771135569,0.0001831810463566,0.0228589305896283,0.0294319384963157,0.0007108694615074,0.9999338201364916,0.9968222688405516,0.0013841184612301,0.3902042048763922,0.000372808001521,0.0005700419307137,0.9999340428045786,0.940561833006937,4D,3D-independent,4D-D,0.1215120961913066,0.0,4D-D
6,6,4D-E-6ca320f290f9,4D,4D-E,equal_per_property,64,joint-property-residual,standardized_anomaly,"[80, 48]",2.0,"[1.0, 1.0]",grid,300,300,ridge(alpha_relative=1e-08),408916,2.2191767079930287,1158.2145304324313,0.1853174085536537,0.0023528952778305,0.2936148193840586,0.3780427641544777,0.0091308649688471,0.9874383508564568,0.8719592915360875,0.001273620056576,0.3590530112929945,0.0003430455999895,0.0005245337421489,0.999944501251604,0.9508371013887889,4D,3D-independent,4D-E,0.2002622941548382,0.0,4D-E
6,6,3D-current-5e7711139fcb,3D,3D-current,equal_per_property,64,legacy-independent,raw_minmax,"[48, 48]",,"[1.0, 1.0]",grid,300,300,ridge(alpha_relative=1e-06),242016,13.31439116600086,321029.4076268331,0.1694066305184142,0.0019096883018973,0.2383075826300402,0.306832119187385,0.0074109146214485,0.9945111881986184,0.8750436090951577,0.0012182442694069,0.343441728294465,0.0003281303039903,0.0005017275145629,0.9999529241715444,0.9332019686065388,3D,3D-current,4D-A-current,0.7675832381683066,0.0,3D current
6,6,4D-A-current-43ce2f360e5a,4D,4D-A-current,equal_per_property,64,legacy-joint,raw_minmax,"[48, 48]",2.0,"[1.0, 1.0]",grid,300,300,ridge(alpha_relative=1e-06),380500,15.54319037499954,416656.17855894275,1.265549573985997,0.0024252279017546,0.3026411158406647,0.3896645415214766,0.009411565698759,0.9794444957733944,0.8221859402844717,0.0156097361576646,4.400623831227936,0.0042044338719663,0.0064287879877995,0.9903750192313812,0.4599473619647523,4D,3D-current,4D-A-current,0.7675832381683066,0.0,4D current
7,7,3D-current-5e7711139fcb,3D,3D-current,equal_per_property,64,legacy-independent,raw_minmax,"[48, 48]",,"[1.0, 1.0]",full,9900,9900,projection,242016,12.920262708001246,1.0,0.1279936425392379,0.0007113339576778,0.1550499882789274,0.1138241806999183,0.0027491948602299,0.9974229613367646,0.9655862484065464,0.0009818293326902,0.3161981522165338,0.0002641777434248,0.0004039408765345,0.999974246775365,0.9529608922704724,,,,,,3D current
7,7,3D-independent-fa9b36e31dc0,3D,3D-independent,equal_per_property,64,independent,raw_minmax,"[80, 48]",,"[1.0, 1.0]",full,9900,9900,projection,272608,0.7099222910037497,1.0,0.0869780702720027,6.497602944181756e-05,0.0141628731408419,0.0103971464268231,0.0002511222250133,0.99996123350521,0.9995576549717092,0.000966446679363,0.3112441684677274,0.000260038781073,0.0003976121977494,0.999977448661944,0.9554318660694072,,,,,,3D optimized
7,7,4D-A-3bf6b15a532d,4D,4D-A,equal_per_property,64,joint,standardized_anomaly,"[80, 48]",2.0,"[1.0, 1.0]",full,9900,9900,projection,504948,0.7581595000010566,1.0,0.0981142037618144,0.0003839028401115,0.0836795856813285,0.0614302547662966,0.0014837246323903,0.9994686109746138,0.9854348004373268,0.0008833488321351,0.284482505445676,0.0002376799035846,0.0003634243647628,0.9999769069927382,0.9659757517221664,,,,,,4D-A
7,7,4D-A-current-43ce2f360e5a,4D,4D-A-current,equal_per_property,64,legacy-joint,raw_minmax,"[48, 48]",2.0,"[1.0, 1.0]",full,9900,9900,projection,380500,16.11169408400019,1.0,1.4344105611935385,0.0019479916084261,0.4246051700384291,0.3117080893526399,0.0075286839041661,0.9843138260735774,0.8767305333483065,0.0154743482828199,4.983514110722339,0.0041636344262849,0.0063664036111408,0.9906108639482212,0.4642235386249224,,,,,,4D current
7,7,4D-B-643a4d560541,4D,4D-B,equal_per_property,64,shared-independent,ensemble_anomaly,"[80, 48]",,"[1.0, 1.0]",full,9900,9900,projection,259184,0.7258123339997837,1.0,0.0941031929680287,4.522597947236705e-05,0.0098579401579319,0.0072368400302415,0.0001747913606151,0.9999814336059688,0.999808382423205,0.0010669215103527,0.3436020893868011,0.0002870732291569,0.0004389492101489,0.9999759206603104,0.9542861329220312,,,,,,4D optimized
7,7,4D-B-643a4d560541,4D,4D-B,equal_per_property,64,shared-independent,ensemble_anomaly,"[80, 48]",,"[1.0, 1.0]",full,9900,9900,projection,259184,0.7258123339997837,1.0,0.0941031929680287,4.522597947236705e-05,0.0098579401579319,0.0072368400302415,0.0001747913606151,0.9999814336059688,0.999808382423205,0.0010669215103527,0.3436020893868011,0.0002870732291569,0.0004389492101489,0.9999759206603104,0.9542861329220312,,,,,,4D-B
7,7,4D-C-4e04f7cc08d6,4D,4D-C,equal_per_property,64,joint,standardized_anomaly,"[80, 48]",2.0,"[1.0, 0.5]",full,9900,9900,projection,504948,0.9183248749977792,1.0,0.1033012923927394,0.0005068507242811,0.1104786268259974,0.0811037738403379,0.0019588990389918,0.9993735094143872,0.9803967396486613,0.0008605852831665,0.2771515041380965,0.0002315549867598,0.0003540590630578,0.9999785127723866,0.9684531831376112,,,,,,4D-C
7,7,4D-D-ff94f89c821d,4D,4D-D,equal_per_property,64,partial-spatial,standardized_anomaly,"[64, 48]",,"[1.0, 1.0]",full,9900,9900,projection,230208,1.674058374999731,1.0,0.0997190816115859,5.686350153578254e-05,0.0123945794397379,0.0090990193905094,0.0002197685692767,0.9999775186761396,0.9996775422461672,0.0011154769551623,0.3592393711603808,0.0003001378906146,0.000458925725704,0.9999730352439042,0.9458377060613826,,,,,,4D-D
7,7,4D-E-6ca320f290f9,4D,4D-E,equal_per_property,64,joint-property-residual,standardized_anomaly,"[80, 48]",2.0,"[1.0, 1.0]",full,9900,9900,projection,408916,1.7904952919998325,1.0,0.1026433429467005,0.0002327350458356,0.0507294298822814,0.0372411237035185,0.0008994846722843,0.9997894519959092,0.9931858827104704,0.0010362002631123,0.3337083112241747,0.0002788071593819,0.0004263099793525,0.9999744932725916,0.9545428559288376,,,,,,4D-E
7,7,3D-current-e419eaac8e1a,3D,3D-current,equal_total,32,legacy-independent,raw_minmax,"[48, 48]",,"[1.0, 1.0]",full,9900,9900,projection,129984,13.992329417000292,1.0,0.1652600051614857,0.0007458326735122,0.1625696988565211,0.1193444964709543,0.0028825270191021,0.997291536724046,0.9600864515658312,0.0013745099528122,0.4426609521754876,0.0003698350879923,0.000565496198431,0.9999592917268456,0.9282948092063,,,,,,3D current
7,7,3D-independent-7db5f3bc9ad5,3D,3D-independent,equal_total,32,independent,raw_minmax,"[80, 48]",,"[1.0, 1.0]",full,9900,9900,projection,149728,0.7776046250000945,1.0,0.1354341650237752,0.0002907877201757,0.0633832141967215,0.0465304287098084,0.0011238492090757,0.9996731425732308,0.9916800043993128,0.0013666997878069,0.4401456884112422,0.000367733631356,0.0005622829669731,0.9999623174529308,0.9319044806264132,,,,,,3D optimized
7,7,4D-A-4ea76ef087a9,4D,4D-A,equal_total,32,joint,standardized_anomaly,"[80, 48]",2.0,"[1.0, 1.0]",full,9900,9900,projection,259188,0.9990275420059334,1.0,0.1426012009687726,0.0006405317192154,0.1396171720535446,0.1024947528022101,0.0024755552455698,0.9987812090913724,0.9708032509971284,0.0012014408861596,0.3869240565060141,0.0003232679362861,0.0004942927131032,0.9999734355990528,0.941469598371808,,,,,,4D-A
7,7,4D-A-current-205a30146a4e,4D,4D-A-current,equal_total,32,legacy-joint,raw_minmax,"[48, 48]",2.0,"[1.0, 1.0]",full,9900,9900,projection,194740,14.96619500000088,1.0,1.437845742615343,0.0019491850836503,0.4248653127147586,0.3118990634205967,0.0075332964998627,0.9842963659467928,0.8764917338049473,0.0155116406627558,4.99552412227413,0.0041736685701533,0.0063817463149466,0.9905869947470246,0.4615211952500856,,,,,,4D current
7,7,4D-B-2828b82824ed,4D,4D-B,equal_total,32,shared-independent,ensemble_anomaly,"[80, 48]",,"[1.0, 1.0]",full,9900,9900,projection,136304,0.8873229169985279,1.0,0.1212593122820828,0.0002480161502637,0.0540602635039475,0.0396863312926468,0.0009585437588061,0.9997457913723226,0.994104449746691,0.0012330286940828,0.3970969105503225,0.00033176716883,0.0005072884613411,0.9999723167279628,0.9381354001051864,,,,,,4D optimized
7,7,4D-B-2828b82824ed,4D,4D-B,equal_total,32,shared-independent,ensemble_anomaly,"[80, 48]",,"[1.0, 1.0]",full,9900,9900,projection,136304,0.8873229169985279,1.0,0.1212593122820828,0.0002480161502637,0.0540602635039475,0.0396863312926468,0.0009585437588061,0.9997457913723226,0.994104449746691,0.0012330286940828,0.3970969105503225,0.00033176716883,0.0005072884613411,0.9999723167279628,0.9381354001051864,,,,,,4D-B
7,7,4D-C-44adce3e7a5f,4D,4D-C,equal_total,32,joint,standardized_anomaly,"[80, 48]",2.0,"[1.0, 0.5]",full,9900,9900,projection,259188,1.0808327080012532,1.0,0.1410160549598397,0.0006121780587831,0.1334369037418082,0.0979577387405027,0.0023659727679053,0.9988792797227188,0.9732500571207092,0.0012030241607151,0.3874339501017945,0.0003236939430119,0.0004949440985227,0.999972815377986,0.9403632108877782,,,,,,4D-C
7,7,4D-D-2ecf0e4138e3,4D,4D-D,equal_total,32,partial-spatial,standardized_anomaly,"[80, 48]",,"[1.0, 1.0]",full,9900,9900,projection,163152,1.1687541249993956,1.0,0.1210827184658145,0.000280093209122,0.0610521237213976,0.0448191453589589,0.0010825165909657,0.9997072341946578,0.9928327090689804,0.0012099531298977,0.3896654247373181,0.0003255582990481,0.0004977947913996,0.9999717277120732,0.9399406401219343,,,,,,4D-D
7,7,4D-E-4f4328240852,4D,4D-E,equal_total,32,joint-property-residual,standardized_anomaly,"[80, 48]",2.0,"[1.0, 1.0]",full,9900,9900,projection,224596,1.4949844170041615,1.0,0.1353057235061145,0.0005095572533581,0.1110685709684647,0.0815368593853316,0.0019693593519677,0.9991134401878146,0.9794252552574956,0.0012135404248887,0.3908207131462396,0.0003265235212758,0.000499270664074,0.9999724306407708,0.9419075249229968,,,,,,4D-E
7,7,4D-A-4ea76ef087a9,4D,4D-A,equal_total,32,joint,standardized_anomaly,"[80, 48]",2.0,"[1.0, 1.0]",wells,5,10,ridge(alpha_relative=1e-08),259188,0.9990275420059334,51251.32322376642,0.3748491047868592,0.0016978256789378,0.3700763175686665,0.2716777609032634,0.0065618315837749,0.998294486679164,0.924758247794154,0.0031510174743616,1.0147852277596596,0.0008478344027349,0.0012963808659919,0.9998701669800886,0.8461720045676244,4D,3D-independent,4D-A,0.5650278847505634,0.0,4D-A
7,7,3D-independent-7db5f3bc9ad5,3D,3D-independent,equal_total,32,independent,raw_minmax,"[80, 48]",,"[1.0, 1.0]",wells,5,10,ridge(alpha_relative=1e-08),149728,0.7776046250000945,24298046.76298996,0.7058367020424459,0.0027319525381154,0.5954857130624911,0.4371536828878085,0.0105585706897745,0.9976655907668158,0.7268389174498254,0.0061042690133281,1.965879932878316,0.0016424565446426,0.0025113975451213,0.9997290437547086,0.7491987580922217,3D,3D-independent,4D-B,0.5502282753666834,0.0,3D optimized
7,7,4D-B-2828b82824ed,4D,4D-B,equal_total,32,shared-independent,ensemble_anomaly,"[80, 48]",,"[1.0, 1.0]",wells,5,10,ridge(alpha_relative=1e-08),136304,0.8873229169985279,10335541.673902506,0.4022589170990429,0.0021766806626565,0.4744526921414,0.3483017932688551,0.0084125314496052,0.9982096935844392,0.9104969029013104,0.0031258429159169,1.0066777608119573,0.0008410607631418,0.0012860236349886,0.9999053955684608,0.833692666213061,4D,3D-independent,4D-B,0.5502282753666834,0.0,4D optimized
7,7,4D-B-2828b82824ed,4D,4D-B,equal_total,32,shared-independent,ensemble_anomaly,"[80, 48]",,"[1.0, 1.0]",wells,5,10,ridge(alpha_relative=1e-08),136304,0.8873229169985279,10335541.673902506,0.4022589170990429,0.0021766806626565,0.4744526921414,0.3483017932688551,0.0084125314496052,0.9982096935844392,0.9104969029013104,0.0031258429159169,1.0066777608119573,0.0008410607631418,0.0012860236349886,0.9999053955684608,0.833692666213061,4D,3D-independent,4D-B,0.5502282753666834,0.0,4D-B
7,7,4D-C-44adce3e7a5f,4D,4D-C,equal_total,32,joint,standardized_anomaly,"[80, 48]",2.0,"[1.0, 0.5]",wells,5,10,ridge(alpha_relative=1e-08),259188,1.0808327080012532,55053.89189374538,0.3726201567782035,0.0016859478255091,0.3674872930816161,0.2697771248934083,0.0065159255318505,0.998550639514106,0.9055219626012372,0.0030874606241327,0.9943167431320866,0.000830733360106,0.0012702325233662,0.9998948185201696,0.8371248556005398,4D,3D-independent,4D-C,0.5651419684788606,0.0,4D-C
7,7,4D-D-2ecf0e4138e3,4D,4D-D,equal_total,32,partial-spatial,standardized_anomaly,"[80, 48]",,"[1.0, 1.0]",wells,5,10,ridge(alpha_relative=1e-08),163152,1.1687541249993956,30545.115361932443,0.4135619812856601,0.0021444351433744,0.467424112480925,0.3431420229894891,0.0082879075441681,0.998145882073099,0.91466962647325,0.0033131213869463,1.0669907953870923,0.0008914511947792,0.0013630731050186,0.9998923721466184,0.845664338977504,4D,3D-independent,4D-D,0.5628619753771437,0.0,4D-D
7,7,4D-E-4f4328240852,4D,4D-E,equal_total,32,joint-property-residual,standardized_anomaly,"[80, 48]",2.0,"[1.0, 1.0]",wells,5,10,ridge(alpha_relative=1e-08),224596,1.4949844170041615,69744.4277720661,0.3685932175431374,0.0017060209907635,0.3718626557418913,0.2729891346174911,0.0065935051864561,0.9982522242700308,0.9290679208181112,0.0030823828255945,0.9926814380320604,0.0008293670927572,0.0012681434328042,0.9998692230334556,0.8512745263846934,4D,3D-independent,4D-E,0.5549295070962605,0.0,4D-E
7,7,3D-current-e419eaac8e1a,3D,3D-current,equal_total,32,legacy-independent,raw_minmax,"[48, 48]",,"[1.0, 1.0]",wells,5,10,ridge(alpha_relative=0.0001),129984,13.992329417000292,436970.1356922964,1.352217783838418,0.0028251148689483,0.6157923751412188,0.4520610634011381,0.0109186285758469,0.9963538043350152,0.8076564005300987,0.0141664000747011,4.562289369484565,0.0038117088984636,0.005828292018771,0.9991581450433108,0.7307648180141246,3D,3D-current,4D-A-current,1.6390542265385326,0.0,3D current
7,7,4D-A-current-205a30146a4e,4D,4D-A-current,equal_total,32,legacy-joint,raw_minmax,"[48, 48]",2.0,"[1.0, 1.0]",wells,5,10,ridge(alpha_relative=0.0001),194740,14.96619500000088,253703.62712965696,1.865036543113728,0.0037383857442123,0.8148587025346292,0.598198201958898,0.0144482781436386,0.98237152790673,0.679204402111086,0.0192724740810684,6.206700584487079,0.0051855842389633,0.0079290155774478,0.9903633138602208,0.4436218270225051,4D,3D-current,4D-A-current,1.6390542265385326,0.0,4D current
7,7,4D-A-4ea76ef087a9,4D,4D-A,equal_total,32,joint,standardized_anomaly,"[80, 48]",2.0,"[1.0, 1.0]",wells,10,20,ridge(alpha_relative=0.0001),259188,0.9990275420059334,5097110.907468137,0.3167548631658194,0.0011290257219432,0.2460945707208543,0.1806611738441927,0.0043635084172929,0.998648132790782,0.9635384098689308,0.0028925672465785,0.9315513277894456,0.00077829400942,0.0011900501544566,0.9998799256444064,0.8577144818251133,4D,3D-independent,4D-A,0.4011465480884597,0.0,4D-A
7,7,3D-independent-7db5f3bc9ad5,3D,3D-independent,equal_total,32,independent,raw_minmax,"[80, 48]",,"[1.0, 1.0]",wells,10,20,ridge(alpha_relative=1e-06),149728,0.7776046250000945,1436958978.1512935,0.3969811822991379,0.0018888436484396,0.4117126455024454,0.3022435220943566,0.0073000862590895,0.9979974056734012,0.8800661461618852,0.0032185736221665,1.036541686235252,0.0008660115238367,0.001324174585991,0.9998844512180391,0.8405930589204057,3D,3D-independent,4D-B,0.3651318871855685,0.0,3D optimized
7,7,4D-B-2828b82824ed,4D,4D-B,equal_total,32,shared-independent,ensemble_anomaly,"[80, 48]",,"[1.0, 1.0]",wells,10,20,ridge(alpha_relative=1e-06),136304,0.8873229169985279,9771826178.319267,0.3207362951464313,0.0011279828189198,0.2458672483783567,0.180494293603331,0.0043594777596802,0.9985190159974254,0.9558131247096748,0.0029324054673397,0.9443812274195408,0.0007890131547056,0.0012064402594148,0.9999038627615376,0.8587934657146697,4D,3D-independent,4D-B,0.3651318871855685,0.0,4D optimized
7,7,4D-B-2828b82824ed,4D,4D-B,equal_total,32,shared-independent,ensemble_anomaly,"[80, 48]",,"[1.0, 1.0]",wells,10,20,ridge(alpha_relative=1e-06),136304,0.8873229169985279,9771826178.319267,0.3207362951464313,0.0011279828189198,0.2458672483783567,0.180494293603331,0.0043594777596802,0.9985190159974254,0.9558131247096748,0.0029324054673397,0.9443812274195408,0.0007890131547056,0.0012064402594148,0.9999038627615376,0.8587934657146697,4D,3D-independent,4D-B,0.3651318871855685,0.0,4D-B
7,7,4D-C-44adce3e7a5f,4D,4D-C,equal_total,32,joint,standardized_anomaly,"[80, 48]",2.0,"[1.0, 0.5]",wells,10,20,ridge(alpha_relative=1e-06),259188,1.0808327080012532,9745002.376840431,0.3266307065871039,0.0011738062453261,0.2558554144858627,0.1878267341697652,0.004536578159562,0.9985967483899832,0.9578044716842008,0.0029679800366533,0.9558380180330844,0.0007985850926501,0.0012210762274313,0.9998707562610648,0.8525367406568614,4D,3D-independent,4D-C,0.3845784958569364,0.0,4D-C
7,7,4D-D-2ecf0e4138e3,4D,4D-D,equal_total,32,partial-spatial,standardized_anomaly,"[80, 48]",,"[1.0, 1.0]",wells,10,20,ridge(alpha_relative=0.0001),163152,1.1687541249993956,2553175.7727347016,0.3460077770040417,0.0011950616099623,0.2604884620187969,0.1912279136566759,0.0046187268304915,0.99837037795314,0.9544248100043548,0.0032016168062907,1.0310807434126168,0.0008614490064983,0.0013171982706171,0.9998815060423232,0.8606513848261386,4D,3D-independent,4D-D,0.4061350185735068,0.0,4D-D
7,7,4D-E-4f4328240852,4D,4D-E,equal_total,32,joint-property-residual,standardized_anomaly,"[80, 48]",2.0,"[1.0, 1.0]",wells,10,20,ridge(alpha_relative=1e-06),224596,1.4949844170041615,5877816.733780457,0.3213159976342308,0.0011943385008454,0.2603308453903701,0.191112205272596,0.0046159321264766,0.9984970876070608,0.9575731992227609,0.0028962294380293,0.9327307366044644,0.0007792793838036,0.0011915568407771,0.9998727738299792,0.858021983693062,4D,3D-independent,4D-E,0.3996125598549312,0.0,4D-E
7,7,3D-current-e419eaac8e1a,3D,3D-current,equal_total,32,legacy-independent,raw_minmax,"[48, 48]",,"[1.0, 1.0]",wells,10,20,ridge(alpha_relative=0.0001),129984,13.992329417000292,147767944.15016147,0.4608199032394067,0.0021009149359392,0.4579379807141341,0.3361781322575271,0.0081197087265725,0.9966867709287132,0.8568746666047746,0.0037588004042936,1.2105217300158069,0.0010113686520954,0.0015464328468049,0.9998484271460044,0.7934855289398529,3D,3D-current,4D-A-current,0.925613145808144,0.0,3D current
7,7,4D-A-current-205a30146a4e,4D,4D-A-current,equal_total,32,legacy-joint,raw_minmax,"[48, 48]",2.0,"[1.0, 1.0]",wells,10,20,ridge(alpha_relative=0.0001),194740,14.96619500000088,196069705.0762163,1.580647629128492,0.0028201794543397,0.6147165991727608,0.4512713224950885,0.010899553967741,0.9829782588498164,0.795565257879929,0.0165470319979315,5.32897191824341,0.0044522580738289,0.0068077234879255,0.9903448808511272,0.4466307439244767,4D,3D-current,4D-A-current,0.925613145808144,0.0,4D current
7,7,4D-A-4ea76ef087a9,4D,4D-A,equal_total,32,joint,standardized_anomaly,"[80, 48]",2.0,"[1.0, 1.0]",wells,15,30,ridge(alpha_relative=0.0001),259188,0.9990275420059334,16996088.192276083,0.2986478163370628,0.0007845630056846,0.1710117779735786,0.1255419347911322,0.0030322137154759,0.998663821014043,0.97053156220369,0.0029474979856034,0.9492417731665198,0.0007930740513245,0.0012126495718213,0.999882164175218,0.8807930093800042,4D,3D-independent,4D-A,0.3751952513610546,0.0,4D-A
7,7,3D-independent-7db5f3bc9ad5,3D,3D-independent,equal_total,32,independent,raw_minmax,"[80, 48]",,"[1.0, 1.0]",wells,15,30,ridge(alpha_relative=1e-06),149728,0.7776046250000945,11214121155.725304,0.2999041307710364,0.001395396000592,0.3041554971486798,0.2232844429890872,0.0053929880211766,0.9985480929698408,0.9182512092267968,0.0024550742874362,0.7906567133359341,0.0006605791491461,0.0010100582928268,0.999905146132479,0.8721401655741396,3D,3D-independent,4D-B,0.3351290069186246,0.0,3D optimized
7,7,4D-B-2828b82824ed,4D,4D-B,equal_total,32,shared-independent,ensemble_anomaly,"[80, 48]",,"[1.0, 1.0]",wells,15,30,ridge(alpha_relative=1e-06),136304,0.8873229169985279,212421985103.04745,0.3233576624997024,0.0016404843625215,0.3575775884664092,0.2625022839126081,0.0063402163344689,0.9961544642028108,0.9419094683263728,0.002617583059613,0.842992666001458,0.0007043048754928,0.0010769170978065,0.9999134676946678,0.8723697406117418,4D,3D-independent,4D-B,0.3351290069186246,0.0,4D optimized
7,7,4D-B-2828b82824ed,4D,4D-B,equal_total,32,shared-independent,ensemble_anomaly,"[80, 48]",,"[1.0, 1.0]",wells,15,30,ridge(alpha_relative=1e-06),136304,0.8873229169985279,212421985103.04745,0.3233576624997024,0.0016404843625215,0.3575775884664092,0.2625022839126081,0.0063402163344689,0.9961544642028108,0.9419094683263728,0.002617583059613,0.842992666001458,0.0007043048754928,0.0010769170978065,0.9999134676946678,0.8723697406117418,4D,3D-independent,4D-B,0.3351290069186246,0.0,4D-B
7,7,4D-C-44adce3e7a5f,4D,4D-C,equal_total,32,joint,standardized_anomaly,"[80, 48]",2.0,"[1.0, 0.5]",wells,15,30,ridge(alpha_relative=0.0001),259188,1.0808327080012532,160565351.58804864,0.2965285337161459,0.0007571766784952,0.1650423600034636,0.1211597086636371,0.0029263698300028,0.9987930021936364,0.9748204663028468,0.0029235075648912,0.9415156577944206,0.0007866190239623,0.0012027795147266,0.9998875853763484,0.8660672995637546,4D,3D-independent,4D-C,0.3704473029016537,0.0,4D-C
7,7,4D-D-2ecf0e4138e3,4D,4D-D,equal_total,32,partial-spatial,standardized_anomaly,"[80, 48]",,"[1.0, 1.0]",wells,15,30,ridge(alpha_relative=0.0001),163152,1.1687541249993956,6301630.471091048,0.3330586848268054,0.000954202003236,0.2079881155968633,0.1526867374574988,0.0036878419968608,0.998776749449341,0.965968878257417,0.0032442378183747,1.0448068410324791,0.0008729169087293,0.0013347332620935,0.9998558853748492,0.8751515563868244,4D,3D-independent,4D-D,0.376940324670303,0.0,4D-D
7,7,4D-E-4f4328240852,4D,4D-E,equal_total,32,joint-property-residual,standardized_anomaly,"[80, 48]",2.0,"[1.0, 1.0]",wells,15,30,ridge(alpha_relative=0.0001),224596,1.4949844170041615,23972251.935504563,0.3427173523886981,0.0013581900847584,0.2960456961872066,0.2173309343153651,0.0052491929563188,0.9977009708133908,0.9515847344256748,0.0030627061288048,0.9863445575178134,0.00082407274558,0.0012600481132981,0.999851273021521,0.8714569538747802,4D,3D-independent,4D-E,0.3746959897592773,0.0,4D-E
7,7,3D-current-e419eaac8e1a,3D,3D-current,equal_total,32,legacy-independent,raw_minmax,"[48, 48]",,"[1.0, 1.0]",wells,15,30,ridge(alpha_relative=0.0001),129984,13.992329417000292,949520476.8181454,0.4429345738485596,0.0018171618794008,0.3960881173475499,0.2907733560156954,0.0070230473958574,0.9968712200146936,0.8471012028407895,0.0037103712108076,1.1949251074830034,0.000998337960686,0.001526508273139,0.9998542756871543,0.7914486560318399,3D,3D-current,4D-A-current,0.8753746634472386,0.0,3D current
7,7,4D-A-current-205a30146a4e,4D,4D-A-current,equal_total,32,legacy-joint,raw_minmax,"[48, 48]",2.0,"[1.0, 1.0]",wells,15,30,ridge(alpha_relative=0.0001),194740,14.96619500000088,800355420.1560048,1.5418775693237343,0.0026545928907434,0.5786235735725616,0.4247749704893515,0.0102595877118797,0.9834013664447117,0.7529962353090777,0.0161139011693181,5.189482127996152,0.004335716918354,0.0066295262791654,0.9904064948006132,0.4481946132384727,4D,3D-current,4D-A-current,0.8753746634472386,0.0,4D current
7,7,4D-A-4ea76ef087a9,4D,4D-A,equal_total,32,joint,standardized_anomaly,"[80, 48]",2.0,"[1.0, 1.0]",wells,20,40,ridge(alpha_relative=0.0001),259188,0.9990275420059334,5148.17301785642,0.3072204034444694,0.0009547672868816,0.2081113308907054,0.1527771913815974,0.0036900267300316,0.9985213792978443,0.9599829066250408,0.0029332515958812,0.9446537231297848,0.0007892408198622,0.0012067883707345,0.9998934101344116,0.887783973860185,4D,3D-independent,4D-A,0.3649439993932283,0.0,4D-A
7,7,3D-independent-7db5f3bc9ad5,3D,3D-independent,equal_total,32,independent,raw_minmax,"[80, 48]",,"[1.0, 1.0]",wells,20,40,ridge(alpha_relative=1e-06),149728,0.7776046250000945,1502781.1638265136,0.3223263597646504,0.0008931988991542,0.1946912239318899,0.1429253191147999,0.0034520745090451,0.9989764507523144,0.94877143435077,0.0031099241204984,1.00155111249413,0.0008367775427167,0.0012794743784523,0.9998919207920536,0.8651023603840668,3D,3D-independent,4D-B,0.2809114731823929,0.0,3D optimized
7,7,4D-B-2828b82824ed,4D,4D-B,equal_total,32,shared-independent,ensemble_anomaly,"[80, 48]",,"[1.0, 1.0]",wells,20,40,ridge(alpha_relative=1e-06),136304,0.8873229169985279,4069339.8091166946,0.2930792486770496,0.0006634235840454,0.1446069287427375,0.1061577970458356,0.0025640287346426,0.9992152395231054,0.971323938732342,0.0029289027451386,0.9432531756789312,0.0007880706882136,0.0012049991813892,0.9999158438271012,0.8597622806945983,4D,3D-independent,4D-B,0.2809114731823929,0.0,4D optimized
7,7,4D-B-2828b82824ed,4D,4D-B,equal_total,32,shared-independent,ensemble_anomaly,"[80, 48]",,"[1.0, 1.0]",wells,20,40,ridge(alpha_relative=1e-06),136304,0.8873229169985279,4069339.8091166946,0.2930792486770496,0.0006634235840454,0.1446069287427375,0.1061577970458356,0.0025640287346426,0.9992152395231054,0.971323938732342,0.0029289027451386,0.9432531756789312,0.0007880706882136,0.0012049991813892,0.9999158438271012,0.8597622806945983,4D,3D-independent,4D-B,0.2809114731823929,0.0,4D-B
7,7,4D-C-44adce3e7a5f,4D,4D-C,equal_total,32,joint,standardized_anomaly,"[80, 48]",2.0,"[1.0, 0.5]",wells,20,40,ridge(alpha_relative=0.0001),259188,1.0808327080012532,8345.219308149215,0.3056382041305049,0.0008512603813497,0.1855498542224204,0.1362145226213258,0.0032899886753104,0.998770804588526,0.9635426915745192,0.0029869885708873,0.9619597167856015,0.0008036996594211,0.0012288966537767,0.9998926567667414,0.8863708173974855,4D,3D-independent,4D-C,0.3670442229145153,0.0,4D-C
7,7,4D-D-2ecf0e4138e3,4D,4D-D,equal_total,32,partial-spatial,standardized_anomaly,"[80, 48]",,"[1.0, 1.0]",wells,20,40,ridge(alpha_relative=0.0001),163152,1.1687541249993956,1785.2497732028792,0.3189223698472809,0.0006587858529431,0.1435960390680584,0.1054156899984531,0.0025461046268839,0.999082191894982,0.9715897111525305,0.0033064963170664,1.064857191526843,0.0008896686079766,0.0013603474413566,0.9998776794815112,0.8939377912590252,4D,3D-independent,4D-D,0.3848282008386169,0.0,4D-D
7,7,4D-E-4f4328240852,4D,4D-E,equal_total,32,joint-property-residual,standardized_anomaly,"[80, 48]",2.0,"[1.0, 1.0]",wells,20,40,ridge(alpha_relative=0.0001),224596,1.4949844170041615,9497.31045227025,0.3252956177572921,0.0012313865294292,0.2684062315513529,0.197040449600843,0.004759116981726,0.9979053194065934,0.9188885752377944,0.0028841891296763,0.9288531551077877,0.0007760397357457,0.0011866032581656,0.9998625573216616,0.8732652560221492,4D,3D-independent,4D-E,0.3674131656279772,0.0,4D-E
7,7,3D-current-e419eaac8e1a,3D,3D-current,equal_total,32,legacy-independent,raw_minmax,"[48, 48]",,"[1.0, 1.0]",wells,20,40,ridge(alpha_relative=0.0001),129984,13.992329417000292,222606.40112294164,0.4089887836643127,0.0014477914073179,0.3155761626617447,0.231668499702035,0.0055954881005216,0.9971587529353568,0.8840407508670732,0.0036172123038751,1.1649232800229696,0.0009732719853744,0.0014881811532716,0.9998647543863513,0.8050478651878538,3D,3D-current,4D-A-current,0.8573994420240235,0.0,3D current
7,7,4D-A-current-205a30146a4e,4D,4D-A-current,equal_total,32,legacy-joint,raw_minmax,"[48, 48]",2.0,"[1.0, 1.0]",wells,20,40,ridge(alpha_relative=0.0001),194740,14.96619500000088,216296.4799924113,1.4946778675814811,0.0022487825533662,0.4901687945272836,0.3598391851624369,0.0086911940176048,0.9848624961845016,0.8282268188826722,0.0159222495860887,5.127760732567407,0.0042841498271136,0.0065506776382241,0.9905310825547772,0.4502092946548603,4D,3D-current,4D-A-current,0.8573994420240235,0.0,4D current
7,7,4D-A-4ea76ef087a9,4D,4D-A,equal_total,32,joint,standardized_anomaly,"[80, 48]",2.0,"[1.0, 1.0]",wells,30,60,ridge(alpha_relative=0.0001),259188,0.9990275420059334,515.3586135152702,0.3350767567154062,0.0013837705947822,0.3016214988556261,0.2214242024124614,0.0053480576399465,0.9994512059387278,0.904252723857952,0.0028673201819187,0.9234205102140084,0.0007715008608067,0.0011796630931934,0.9998629655234896,0.8652172405580677,4D,3D-independent,4D-A,0.3608648055335199,0.0,4D-A
7,7,3D-independent-7db5f3bc9ad5,3D,3D-independent,equal_total,32,independent,raw_minmax,"[80, 48]",,"[1.0, 1.0]",wells,30,60,ridge(alpha_relative=1e-06),149728,0.7776046250000945,30762.627823859308,0.2867840932715855,0.0020516746156222,0.4472050317165449,0.3282989370398733,0.0079294025643676,0.999357872069125,0.8394891621657747,0.0017804899986027,0.5734068323825947,0.0004790708673701,0.000732523124692,0.9999510944906386,0.9074618198598202,3D,3D-independent,4D-B,0.2740707579885476,0.0,3D optimized
7,7,4D-B-2828b82824ed,4D,4D-B,equal_total,32,shared-independent,ensemble_anomaly,"[80, 48]",,"[1.0, 1.0]",wells,30,60,ridge(alpha_relative=1e-06),136304,0.8873229169985279,144817.51298372852,0.2157628176230758,0.0005628316731273,0.1226808356039706,0.0900615714661176,0.0021752566797,0.9997746302530168,0.9739451944586665,0.0020895228684603,0.672930873037795,0.0005622213737614,0.0008596643743695,0.9999417090885604,0.8911756818402579,4D,3D-independent,4D-B,0.2740707579885476,0.0,4D optimized
7,7,4D-B-2828b82824ed,4D,4D-B,equal_total,32,shared-independent,ensemble_anomaly,"[80, 48]",,"[1.0, 1.0]",wells,30,60,ridge(alpha_relative=1e-06),136304,0.8873229169985279,144817.51298372852,0.2157628176230758,0.0005628316731273,0.1226808356039706,0.0900615714661176,0.0021752566797,0.9997746302530168,0.9739451944586665,0.0020895228684603,0.672930873037795,0.0005622213737614,0.0008596643743695,0.9999417090885604,0.8911756818402579,4D,3D-independent,4D-B,0.2740707579885476,0.0,4D-B
7,7,4D-C-44adce3e7a5f,4D,4D-C,equal_total,32,joint,standardized_anomaly,"[80, 48]",2.0,"[1.0, 0.5]",wells,30,60,ridge(alpha_relative=0.0001),259188,1.0808327080012532,292.22743675101674,0.3446677269109415,0.0013613382045672,0.2967318941877242,0.2178346810493947,0.0052613599486357,0.9996166744513127,0.9020288672160048,0.0029847162495674,0.9612279156683984,0.0008030882530405,0.0012279617830867,0.999851484488006,0.8565489372087084,4D,3D-independent,4D-C,0.3860731808949654,0.0,4D-C
7,7,4D-D-2ecf0e4138e3,4D,4D-D,equal_total,32,partial-spatial,standardized_anomaly,"[80, 48]",,"[1.0, 1.0]",wells,30,60,ridge(alpha_relative=0.0001),163152,1.1687541249993956,973.9178359898676,0.4004762451208244,0.0006235575476551,0.1359172993382495,0.0997786288915469,0.0024099527185055,0.9982909639015536,0.9680125678850342,0.004271097840805,1.3755071275963886,0.0011492109188049,0.00175720051147,0.9997673407565716,0.8510263250176462,4D,3D-independent,4D-D,0.4114168788459991,0.0,4D-D
7,7,4D-E-4f4328240852,4D,4D-E,equal_total,32,joint-property-residual,standardized_anomaly,"[80, 48]",2.0,"[1.0, 1.0]",wells,30,60,ridge(alpha_relative=0.0001),224596,1.4949844170041615,993.6474214432826,0.2635190055247898,0.0005502636255471,0.1199413689878108,0.0880504939639496,0.0021266831349709,0.999067987200454,0.976887867008031,0.0026695999946587,0.8597447207606471,0.0007183009092868,0.0010983177278726,0.999875386058812,0.8743322682905668,4D,3D-independent,4D-E,0.3565137799910006,0.0,4D-E
7,7,3D-current-e419eaac8e1a,3D,3D-current,equal_total,32,legacy-independent,raw_minmax,"[48, 48]",,"[1.0, 1.0]",wells,30,60,ridge(alpha_relative=0.0001),129984,13.992329417000292,38057.81554667801,0.3520005115692023,0.001333638485235,0.2906941659006927,0.213402307444027,0.0051543048513834,0.9971474353472444,0.9057931771739468,0.0030543259434106,0.9836457186782656,0.000821817915343,0.0012566003659953,0.9998931088541506,0.8268824994303513,3D,3D-current,4D-A-current,0.8331917426457501,0.0,3D current
7,7,4D-A-current-205a30146a4e,4D,4D-A-current,equal_total,32,legacy-joint,raw_minmax,"[48, 48]",2.0,"[1.0, 1.0]",wells,30,60,ridge(alpha_relative=0.0001),194740,14.96619500000088,26330.52341402025,1.4778201728342697,0.0022208464976832,0.4840795518312725,0.3553689941701644,0.008583225517198,0.984532975348782,0.8125290052673461,0.0157105530225748,5.059583850919075,0.0042271892958096,0.006463582159837,0.9905921193789088,0.4522364175591903,4D,3D-current,4D-A-current,0.8331917426457501,0.0,4D current
7,7,4D-A-4ea76ef087a9,4D,4D-A,equal_total,32,joint,standardized_anomaly,"[80, 48]",2.0,"[1.0, 1.0]",grid,30,30,ridge(alpha_relative=0.0001),259188,0.9990275420059334,250.3485553956702,0.3492868015738266,0.0026244349481382,0.5720500245426281,0.4199492440192734,0.0101430319648773,0.9967604041830648,0.6703719960679965,0.0019392438536242,0.6245335139184999,0.0005217862699184,0.000797837094458,0.9999444187246002,0.9285006682636466,4D,3D-independent,4D-A,0.5217605840817192,0.0,4D-A
7,7,4D-B-2828b82824ed,4D,4D-B,equal_total,32,shared-independent,ensemble_anomaly,"[80, 48]",,"[1.0, 1.0]",grid,30,30,ridge(alpha_relative=1e-06),136304,0.8873229169985279,3.36007756769659e+18,0.3019317576853544,0.0019405508118405,0.4229832941094868,0.3105174494767008,0.00749992638527,0.9992299077066744,0.7993385074068237,0.001994479821091,0.6423222581201289,0.0005366484386838,0.0008205620878676,0.9999359317086522,0.9158185355695728,4D,3D-independent,4D-B,0.4125099008638662,0.0,4D-B
7,7,4D-C-44adce3e7a5f,4D,4D-C,equal_total,32,joint,standardized_anomaly,"[80, 48]",2.0,"[1.0, 0.5]",grid,30,30,ridge(alpha_relative=0.0001),259188,1.0808327080012532,258.26677251173464,0.4378339247468782,0.0034854229569201,0.7597202169030716,0.5577203340034623,0.0134706164038231,0.9964791557749556,0.317199951585791,0.0019132212345293,0.6161529290248767,0.0005147844453022,0.0007871309572333,0.9999496391480552,0.93187494229508,4D,3D-independent,4D-C,0.5559206206975463,0.0,4D-C
7,7,3D-independent-7db5f3bc9ad5,3D,3D-independent,equal_total,32,independent,raw_minmax,"[80, 48]",,"[1.0, 1.0]",grid,30,30,ridge(alpha_relative=1e-06),149728,0.7776046250000945,9.618481502790035e+18,0.9008420342035696,0.008119958947062,1.769913450606613,1.2993161151527983,0.031382375551723,0.9978427228175076,-0.3798949959616502,0.0033156451095127,1.0678035602797669,0.0008921302449058,0.0013641114063523,0.9999083687837664,0.8485927441058528,3D,3D-independent,4D-D,0.4123188769287208,0.0,3D optimized
7,7,4D-D-2ecf0e4138e3,4D,4D-D,equal_total,32,partial-spatial,standardized_anomaly,"[80, 48]",,"[1.0, 1.0]",grid,30,30,ridge(alpha_relative=1e-06),163152,1.1687541249993956,8.024660569007027e+17,0.3060664098135541,0.0019388515254509,0.4226128993997356,0.3102455379800217,0.0074933589082672,0.9991942349452986,0.7968237136780407,0.0020574290840823,0.6625950692681625,0.0005535859997177,0.0008464604590236,0.9999420118381382,0.9250609451493228,4D,3D-independent,4D-D,0.4123188769287208,0.0,4D optimized
7,7,4D-D-2ecf0e4138e3,4D,4D-D,equal_total,32,partial-spatial,standardized_anomaly,"[80, 48]",,"[1.0, 1.0]",grid,30,30,ridge(alpha_relative=1e-06),163152,1.1687541249993956,8.024660569007027e+17,0.3060664098135541,0.0019388515254509,0.4226128993997356,0.3102455379800217,0.0074933589082672,0.9991942349452986,0.7968237136780407,0.0020574290840823,0.6625950692681625,0.0005535859997177,0.0008464604590236,0.9999420118381382,0.9250609451493228,4D,3D-independent,4D-D,0.4123188769287208,0.0,4D-D
7,7,4D-E-4f4328240852,4D,4D-E,equal_total,32,joint-property-residual,standardized_anomaly,"[80, 48]",2.0,"[1.0, 1.0]",grid,30,30,ridge(alpha_relative=0.0001),224596,1.4949844170041615,2979.061450713364,0.4522603517154875,0.0040879971962195,0.8910637690168316,0.6541413165234434,0.0157994719065137,0.998495096338544,0.6246523340501587,0.002144440485658,0.6906170925302111,0.000576997885017,0.0008822583931968,0.999933244510974,0.9206265753200265,4D,3D-independent,4D-E,0.5628201938160158,0.0,4D-E
7,7,3D-current-e419eaac8e1a,3D,3D-current,equal_total,32,legacy-independent,raw_minmax,"[48, 48]",,"[1.0, 1.0]",grid,30,30,ridge(alpha_relative=0.0001),129984,13.992329417000292,2.371106358891798e+19,0.7182938861113388,0.0070846456412794,1.544245444469754,1.1336503437855456,0.027381051014544,0.99614649980747,0.8315760837543145,0.0035508527359379,1.143552180112803,0.0009554168242699,0.001460879726082,0.9998971845777692,0.7976680765200886,3D,3D-current,4D-A-current,1.0798501960984488,0.0,3D current
7,7,4D-A-current-205a30146a4e,4D,4D-A-current,equal_total,32,legacy-joint,raw_minmax,"[48, 48]",2.0,"[1.0, 1.0]",grid,30,30,ridge(alpha_relative=0.0001),194740,14.96619500000088,1579835.3255310578,1.806858947843656,0.0039158062069917,0.8535311718824868,0.6265881566310897,0.0151339805751168,0.9839208267438614,0.2172903627075439,0.0177212661518497,5.70713404619814,0.0047682055798832,0.0072908229000106,0.9900337175915483,0.449168490704464,4D,3D-current,4D-A-current,1.0798501960984488,0.0,4D current
7,7,4D-A-4ea76ef087a9,4D,4D-A,equal_total,32,joint,standardized_anomaly,"[80, 48]",2.0,"[1.0, 1.0]",grid,100,100,ridge(alpha_relative=1e-06),259188,0.9990275420059334,123.69606698686958,0.2479532151764704,0.0021031540823788,0.4584260491178254,0.3365364295188964,0.0081283626785126,0.9981616242616056,0.8176895339661105,0.0012768944240585,0.4112238695870135,0.0003435699834056,0.0005253355504087,0.9999690602398916,0.9379845820318043,4D,3D-independent,4D-A,0.2430021609154859,0.0,4D-A
7,7,3D-independent-7db5f3bc9ad5,3D,3D-independent,equal_total,32,independent,raw_minmax,"[80, 48]",,"[1.0, 1.0]",grid,100,100,ridge(alpha_relative=1e-06),149728,0.7776046250000945,5215.612014907324,0.2686739645642712,0.001864048252079,0.4063079746392362,0.2982758840455823,0.007204255917383,0.9992266045242368,0.8435917513149868,0.0016717251349125,0.5383791063004055,0.0004498058461521,0.0006877754553035,0.99994695406253,0.8963906940501271,3D,3D-independent,4D-B,0.2093917582876836,0.0,3D optimized
7,7,4D-B-2828b82824ed,4D,4D-B,equal_total,32,shared-independent,ensemble_anomaly,"[80, 48]",,"[1.0, 1.0]",grid,100,100,ridge(alpha_relative=1e-06),136304,0.8873229169985279,18226.82043937779,0.2045125700333818,0.0007970537916056,0.1737344038088215,0.1275406492605035,0.0030804886559365,0.9997842853841724,0.954734181867149,0.0017965144173062,0.5785674966810509,0.0004833825075216,0.0007391158364002,0.9999437425278744,0.9137690588455412,4D,3D-independent,4D-B,0.2093917582876836,0.0,4D optimized
7,7,4D-B-2828b82824ed,4D,4D-B,equal_total,32,shared-independent,ensemble_anomaly,"[80, 48]",,"[1.0, 1.0]",grid,100,100,ridge(alpha_relative=1e-06),136304,0.8873229169985279,18226.82043937779,0.2045125700333818,0.0007970537916056,0.1737344038088215,0.1275406492605035,0.0030804886559365,0.9997842853841724,0.954734181867149,0.0017965144173062,0.5785674966810509,0.0004833825075216,0.0007391158364002,0.9999437425278744,0.9137690588455412,4D,3D-independent,4D-B,0.2093917582876836,0.0,4D-B
7,7,4D-C-44adce3e7a5f,4D,4D-C,equal_total,32,joint,standardized_anomaly,"[80, 48]",2.0,"[1.0, 0.5]",grid,100,100,ridge(alpha_relative=1e-06),259188,1.0808327080012532,132.72376248458363,0.2973523883347605,0.0028676552630141,0.6250649362639951,0.458868169190087,0.0110830405675076,0.9983101453023152,0.7529232297341085,0.0012719911698632,0.4096447764954125,0.0003422506801564,0.0005233182702852,0.999969580848464,0.9376770891066224,4D,3D-independent,4D-C,0.242274615326124,0.0,4D-C
7,7,4D-D-2ecf0e4138e3,4D,4D-D,equal_total,32,partial-spatial,standardized_anomaly,"[80, 48]",,"[1.0, 1.0]",grid,100,100,ridge(alpha_relative=1e-06),163152,1.1687541249993956,1133.045985164403,0.2258849846253534,0.0017744913379414,0.3867871879012237,0.2839454246773754,0.0068581324048081,0.987610840083076,0.8809187029062778,0.0013217697110039,0.4256759564618895,0.0003556444363131,0.0005437979879627,0.9999670220003676,0.9369277088171212,4D,3D-independent,4D-D,0.2161441377005912,0.0,4D-D
7,7,4D-E-4f4328240852,4D,4D-E,equal_total,32,joint-property-residual,standardized_anomaly,"[80, 48]",2.0,"[1.0, 1.0]",grid,100,100,ridge(alpha_relative=1e-06),224596,1.4949844170041615,575.3473039481476,0.3259032539128708,0.003258438838421,0.7102443209010398,0.5213994455639563,0.0125933581692119,0.9925308287906256,0.7241322084284337,0.0013148805577412,0.4234573045440128,0.0003537907934218,0.0005409636760158,0.9999684226036604,0.9360450111587054,4D,3D-independent,4D-E,0.2815169751450024,0.0,4D-E
7,7,3D-current-e419eaac8e1a,3D,3D-current,equal_total,32,legacy-independent,raw_minmax,"[48, 48]",,"[1.0, 1.0]",grid,100,100,ridge(alpha_relative=1e-06),129984,13.992329417000292,6157.465820038552,0.2645113820316289,0.0018545930206599,0.4042470108614087,0.2967629041604021,0.0071677129218754,0.9959252785625682,0.8431052969811832,0.0016375953559386,0.5273876104387623,0.0004406226534192,0.0006737338980026,0.9999438971228214,0.9040728893661272,3D,3D-current,4D-A-current,0.8223151920103021,0.0,3D current
7,7,4D-A-current-205a30146a4e,4D,4D-A-current,equal_total,32,legacy-joint,raw_minmax,"[48, 48]",2.0,"[1.0, 1.0]",grid,100,100,ridge(alpha_relative=1e-06),194740,14.96619500000088,17824.06201836295,1.6074072483612265,0.0037923054253416,0.8266116152655234,0.6068261656064998,0.0146566693059415,0.9727753964538316,0.5966734562283592,0.0159263025044795,5.129065974999682,0.0042852403331712,0.0065523450760902,0.9904016543987532,0.4554237374122398,4D,3D-current,4D-A-current,0.8223151920103021,0.0,4D current
7,7,4D-A-4ea76ef087a9,4D,4D-A,equal_total,32,joint,standardized_anomaly,"[80, 48]",2.0,"[1.0, 1.0]",grid,300,300,ridge(alpha_relative=1e-06),259188,0.9990275420059334,106.01305005819852,0.1828587355242154,0.0012077886901416,0.2632625930880632,0.1932644387774993,0.0046679150114252,0.9982662822866998,0.9104384993289988,0.0012191174455137,0.3926167927272604,0.0003280241127479,0.0005015651428849,0.999970452215323,0.9384503881079252,4D,3D-independent,4D-A,0.2002144004897456,0.0,4D-A
7,7,4D-B-2828b82824ed,4D,4D-B,equal_total,32,shared-independent,ensemble_anomaly,"[80, 48]",,"[1.0, 1.0]",grid,300,300,least_squares(rcond=1e-10),136304,0.8873229169985279,19495.29153048806,0.1387699844481477,0.0004763730185736,0.1038353787964146,0.0762268804426208,0.0018411074574452,0.9997880495448797,0.9787591539720244,0.0012677891969142,0.4082915310403062,0.0003411200684557,0.000521589508901,0.9999692264353544,0.9353347901162358,4D,3D-independent,4D-B,0.1689945653994885,0.0,4D-B
7,7,4D-C-44adce3e7a5f,4D,4D-C,equal_total,32,joint,standardized_anomaly,"[80, 48]",2.0,"[1.0, 0.5]",grid,300,300,ridge(alpha_relative=1e-06),259188,1.0808327080012532,118.86445573278688,0.1921975042184897,0.0013397855458094,0.2920340452354783,0.2143859300112495,0.0051780622822701,0.9985392840674832,0.8987739826258532,0.0012255962037973,0.3947032769355989,0.0003297673319476,0.0005042306115287,0.9999696372324264,0.937120627968384,4D,3D-independent,4D-C,0.2040757808442345,0.0,4D-C
7,7,3D-independent-7db5f3bc9ad5,3D,3D-independent,equal_total,32,independent,raw_minmax,"[80, 48]",,"[1.0, 1.0]",grid,300,300,ridge(alpha_relative=1e-06),149728,0.7776046250000945,5110.6306696615475,0.200549025884948,0.0010989086515098,0.2395299306283971,0.175841987539131,0.004247110634863,0.999543295297302,0.9180195522484986,0.0014817445842328,0.4771958669308968,0.0003986883744062,0.0006096143048765,0.999958180137087,0.9110398357905046,3D,3D-independent,4D-D,0.1664282303312514,0.0,3D optimized
7,7,4D-D-2ecf0e4138e3,4D,4D-D,equal_total,32,partial-spatial,standardized_anomaly,"[80, 48]",,"[1.0, 1.0]",grid,300,300,ridge(alpha_relative=1e-06),163152,1.1687541249993956,515.7769853045106,0.1458239204416971,0.0006074098556319,0.1323975749782623,0.0971947541940244,0.0023475444060166,0.9991460148950444,0.9670075939204626,0.0012508508737264,0.4028365437881527,0.000336562526887,0.0005146208017259,0.999967804699288,0.9368692800787902,4D,3D-independent,4D-D,0.1664282303312514,0.0,4D optimized
7,7,4D-D-2ecf0e4138e3,4D,4D-D,equal_total,32,partial-spatial,standardized_anomaly,"[80, 48]",,"[1.0, 1.0]",grid,300,300,ridge(alpha_relative=1e-06),163152,1.1687541249993956,515.7769853045106,0.1458239204416971,0.0006074098556319,0.1323975749782623,0.0971947541940244,0.0023475444060166,0.9991460148950444,0.9670075939204626,0.0012508508737264,0.4028365437881527,0.000336562526887,0.0005146208017259,0.999967804699288,0.9368692800787902,4D,3D-independent,4D-D,0.1664282303312514,0.0,4D-D
7,7,4D-E-4f4328240852,4D,4D-E,equal_total,32,joint-property-residual,standardized_anomaly,"[80, 48]",2.0,"[1.0, 1.0]",grid,300,300,ridge(alpha_relative=1e-06),224596,1.4949844170041615,488.91317534135,0.2549748736149711,0.0022851290845675,0.4980912747855488,0.3656551793106343,0.0088316676948238,0.9983959128225908,0.8186032504000745,0.0012406330488898,0.3995458931369243,0.0003338132487608,0.000510417019069,0.9999692333974508,0.9368720965251026,4D,3D-independent,4D-E,0.1998911403257037,0.0,4D-E
7,7,3D-current-e419eaac8e1a,3D,3D-current,equal_total,32,legacy-independent,raw_minmax,"[48, 48]",,"[1.0, 1.0]",grid,300,300,ridge(alpha_relative=1e-06),129984,13.992329417000292,5533.927937345711,0.2133415227434942,0.0012681755749626,0.2764251669855159,0.2029272527280845,0.0049013009078574,0.9964917388193352,0.896388199553907,0.0014909842924214,0.4801715151000588,0.0004011744737494,0.0006134156741169,0.999954937635713,0.9100729826692888,3D,3D-current,4D-A-current,0.7681274430407005,0.0,3D current
7,7,4D-A-current-205a30146a4e,4D,4D-A-current,equal_total,32,legacy-joint,raw_minmax,"[48, 48]",2.0,"[1.0, 1.0]",grid,300,300,ridge(alpha_relative=1e-06),194740,14.96619500000088,18539.780973538345,1.4624963807774791,0.0021057286789661,0.4589872358380354,0.3369484038721783,0.0081383130929818,0.98337192671741,0.8417003481005024,0.0156529245762826,5.0410246088736335,0.00421168339026,0.0064398728609461,0.9904775861377524,0.4583522951030006,4D,3D-current,4D-A-current,0.7681274430407005,0.0,4D current
7,7,4D-A-3bf6b15a532d,4D,4D-A,equal_per_property,64,joint,standardized_anomaly,"[80, 48]",2.0,"[1.0, 1.0]",wells,5,10,ridge(alpha_relative=1e-06),504948,0.7581595000010566,49732.400868646146,0.377655134986667,0.0016864604212037,0.3675990239438706,0.2698591479493026,0.0065179066343043,0.998417904334534,0.9161122793096388,0.0031734357720956,1.0220050409016472,0.0008538664238914,0.0013056041256111,0.9998759013496994,0.8418547704880609,4D,3D-independent,4D-A,0.5539054660961577,0.0,4D-A
7,7,4D-B-643a4d560541,4D,4D-B,equal_per_property,64,shared-independent,ensemble_anomaly,"[80, 48]",,"[1.0, 1.0]",wells,5,10,ridge(alpha_relative=1e-06),259184,0.7258123339997837,10222547.204033364,0.3936956468888446,0.0020510251965454,0.4470634773606028,0.3281950201755867,0.0079268926608705,0.9983536904769328,0.9133948153193836,0.0031167594201401,1.003752420852501,0.0008386166953829,0.0012822865341261,0.9999054332409504,0.8386718059960675,4D,3D-independent,4D-B,0.5410094996545818,0.0,4D-B
7,7,4D-C-4e04f7cc08d6,4D,4D-C,equal_per_property,64,joint,standardized_anomaly,"[80, 48]",2.0,"[1.0, 0.5]",wells,5,10,ridge(alpha_relative=1e-08),504948,0.9183248749977792,51283.269777188834,0.3830146659912624,0.0017638155356043,0.3844601753786782,0.2822371350038495,0.0068168720929714,0.9986288643134674,0.879882450991236,0.003114509562907,1.0030278542947668,0.0008380113333438,0.001281360905534,0.9999003818433166,0.8309762804255545,4D,3D-independent,4D-C,0.5606909807694982,0.0,4D-C
7,7,3D-independent-fa9b36e31dc0,3D,3D-independent,equal_per_property,64,independent,raw_minmax,"[80, 48]",,"[1.0, 1.0]",wells,5,10,ridge(alpha_relative=1e-08),272608,0.7099222910037497,22756894.04428541,0.7067073271317681,0.0027421420188273,0.5977067217011108,0.4387841537535241,0.0105979514443402,0.9981388191439862,0.7254869104221031,0.0061063210600509,1.9665407945580449,0.0016430086824272,0.0025122417911876,0.9997286471597304,0.7493495050420624,3D,3D-independent,4D-D,0.5350973047587098,0.0,3D optimized
7,7,4D-D-ff94f89c821d,4D,4D-D,equal_per_property,64,partial-spatial,standardized_anomaly,"[64, 48]",,"[1.0, 1.0]",wells,5,10,ridge(alpha_relative=1e-08),230208,1.674058374999731,6049.243727931614,0.394514046844573,0.0020968149826021,0.4570443108562625,0.335522077777823,0.0081038630460454,0.9979425241515828,0.8955759228743366,0.0030728358996095,0.9896068503666584,0.0008267983312837,0.0012642156690654,0.9999081643161124,0.8416140248149216,4D,3D-independent,4D-D,0.5350973047587098,0.0,4D optimized
7,7,4D-D-ff94f89c821d,4D,4D-D,equal_per_property,64,partial-spatial,standardized_anomaly,"[64, 48]",,"[1.0, 1.0]",wells,5,10,ridge(alpha_relative=1e-08),230208,1.674058374999731,6049.243727931614,0.394514046844573,0.0020968149826021,0.4570443108562625,0.335522077777823,0.0081038630460454,0.9979425241515828,0.8955759228743366,0.0030728358996095,0.9896068503666584,0.0008267983312837,0.0012642156690654,0.9999081643161124,0.8416140248149216,4D,3D-independent,4D-D,0.5350973047587098,0.0,4D-D
7,7,4D-E-6ca320f290f9,4D,4D-E,equal_per_property,64,joint-property-residual,standardized_anomaly,"[80, 48]",2.0,"[1.0, 1.0]",wells,5,10,ridge(alpha_relative=1e-08),408916,1.7904952919998325,23619.130763331144,0.3584797863621567,0.00168881893662,0.3681131112915806,0.2702365460504621,0.0065270219287311,0.9984451842944156,0.919994953048224,0.0029514565840454,0.9505166398577736,0.0007941391790089,0.0012142782048956,0.9998909432400376,0.8494262583532312,4D,3D-independent,4D-E,0.5405420687226148,0.0,4D-E
7,7,3D-current-5e7711139fcb,3D,3D-current,equal_per_property,64,legacy-independent,raw_minmax,"[48, 48]",,"[1.0, 1.0]",wells,5,10,ridge(alpha_relative=0.0001),242016,12.920262708001246,417180.3737138231,1.2728855309188625,0.0027661127213788,0.6029316334454996,0.4426198283326448,0.0106905944730322,0.996373492012922,0.8130717428618502,0.0132439586020425,4.265217078536228,0.0035635104605328,0.0054487842931294,0.999230968725112,0.7401414337507044,3D,3D-current,4D-A-current,1.6074746539646707,0.0,3D current
7,7,4D-A-current-43ce2f360e5a,4D,4D-A-current,equal_per_property,64,legacy-joint,raw_minmax,"[48, 48]",2.0,"[1.0, 1.0]",wells,5,10,ridge(alpha_relative=0.0001),380500,16.11169408400019,242616.75596608067,1.7792553717541546,0.0036098009580118,0.7868309816898094,0.5776226933925345,0.0139513179893951,0.9824880007320724,0.6788137778346717,0.0182946531216765,5.891793328955055,0.0049224850159875,0.0075267238121892,0.9904294976313308,0.4443918694218214,4D,3D-current,4D-A-current,1.6074746539646707,0.0,4D current
7,7,4D-A-3bf6b15a532d,4D,4D-A,equal_per_property,64,joint,standardized_anomaly,"[80, 48]",2.0,"[1.0, 1.0]",wells,10,20,ridge(alpha_relative=1e-06),504948,0.7581595000010566,3872654.6276645022,0.3128372845967007,0.0010997469868764,0.2397126632076112,0.1759761338641137,0.0042503506703712,0.9987031930785992,0.9601843929737474,0.0028611863757831,0.9214451178504376,0.000769850456801,0.0011771395435862,0.9998827353661296,0.8594328923687452,4D,3D-independent,4D-A,0.3854883458519339,0.0,4D-A
7,7,3D-independent-fa9b36e31dc0,3D,3D-independent,equal_per_property,64,independent,raw_minmax,"[80, 48]",,"[1.0, 1.0]",wells,10,20,ridge(alpha_relative=1e-06),272608,0.7099222910037497,1253871447.998326,0.3771098656649851,0.001772680245852,0.386392422820483,0.2836556225794648,0.0068511328162044,0.9983202879346372,0.8830292669239753,0.0030609720901073,0.985786110327716,0.0008236061732188,0.0012593347010094,0.9998945470627578,0.8444488740525413,3D,3D-independent,4D-B,0.3496244773730724,0.0,3D optimized
7,7,4D-B-643a4d560541,4D,4D-B,equal_per_property,64,shared-independent,ensemble_anomaly,"[80, 48]",,"[1.0, 1.0]",wells,10,20,ridge(alpha_relative=1e-06),259184,0.7258123339997837,8938544467.241354,0.3257016250543662,0.0011653812969375,0.2540190222613626,0.1864786151359128,0.004504017047362,0.9985747082450752,0.9572168215138348,0.0029728638341913,0.957410845107902,0.0007998991607574,0.0012230855027632,0.9999009071580804,0.8600299127897656,4D,3D-independent,4D-B,0.3496244773730724,0.0,4D optimized
7,7,4D-B-643a4d560541,4D,4D-B,equal_per_property,64,shared-independent,ensemble_anomaly,"[80, 48]",,"[1.0, 1.0]",wells,10,20,ridge(alpha_relative=1e-06),259184,0.7258123339997837,8938544467.241354,0.3257016250543662,0.0011653812969375,0.2540190222613626,0.1864786151359128,0.004504017047362,0.9985747082450752,0.9572168215138348,0.0029728638341913,0.957410845107902,0.0007998991607574,0.0012230855027632,0.9999009071580804,0.8600299127897656,4D,3D-independent,4D-B,0.3496244773730724,0.0,4D-B
7,7,4D-C-4e04f7cc08d6,4D,4D-C,equal_per_property,64,joint,standardized_anomaly,"[80, 48]",2.0,"[1.0, 0.5]",wells,10,20,ridge(alpha_relative=1e-06),504948,0.9183248749977792,8231030.545800581,0.324060849908981,0.0011706584571756,0.2551692887771624,0.1873230405060839,0.004524412449053,0.998640772181708,0.9592904923798898,0.002942258671843,0.9475544520866276,0.0007916643255808,0.0012104940312173,0.999873992128217,0.8536701900758424,4D,3D-independent,4D-C,0.3660452075847699,0.0,4D-C
7,7,4D-D-ff94f89c821d,4D,4D-D,equal_per_property,64,partial-spatial,standardized_anomaly,"[64, 48]",,"[1.0, 1.0]",wells,10,20,ridge(alpha_relative=1e-06),230208,1.674058374999731,3395456.2190461108,0.3478927066092139,0.0011582238772649,0.2524589142075383,0.185333319847593,0.0044763547360611,0.9984652866337131,0.956825983495244,0.0032545726084532,1.0481351603417266,0.0008756976583268,0.0013389851661915,0.9998842554835584,0.8612205127295743,4D,3D-independent,4D-D,0.3728323977188073,0.0,4D-D
7,7,4D-E-6ca320f290f9,4D,4D-E,equal_per_property,64,joint-property-residual,standardized_anomaly,"[80, 48]",2.0,"[1.0, 1.0]",wells,10,20,ridge(alpha_relative=1e-06),408916,1.7904952919998325,1379089.5938000511,0.3033833606605247,0.0010763720283424,0.2346176062268444,0.1722357873288279,0.0041600100994393,0.9986849901529048,0.9612189653558056,0.0027661826308919,0.8908491602964408,0.000744288096718,0.0011380534267757,0.9998863715358804,0.8626476824065672,4D,3D-independent,4D-E,0.3596049239285494,0.0,4D-E
7,7,3D-current-5e7711139fcb,3D,3D-current,equal_per_property,64,legacy-independent,raw_minmax,"[48, 48]",,"[1.0, 1.0]",wells,10,20,ridge(alpha_relative=0.0001),242016,12.920262708001246,113159928.65552635,0.4467013741325917,0.0019939867185975,0.4346307581830411,0.3190680019154348,0.007706447835037,0.99670313280191,0.8538075262562093,0.0036635822252077,1.1798567139259994,0.0009857485948752,0.0015072585082092,0.9998540768612666,0.8015564249011378,3D,3D-current,4D-A-current,0.929782049420583,0.0,3D current
7,7,4D-A-current-43ce2f360e5a,4D,4D-A-current,equal_per_property,64,legacy-joint,raw_minmax,"[48, 48]",2.0,"[1.0, 1.0]",wells,10,20,ridge(alpha_relative=0.0001),380500,16.11169408400019,164712999.70880938,1.5925854718825718,0.0028383548311994,0.6186782994945954,0.454179657402539,0.0109697989660377,0.9828321130339512,0.787784796390696,0.0166713485801767,5.369008075533703,0.0044857075472499,0.0068588693923388,0.9902842122636366,0.4469041786053259,4D,3D-current,4D-A-current,0.929782049420583,0.0,4D current
7,7,4D-A-3bf6b15a532d,4D,4D-A,equal_per_property,64,joint,standardized_anomaly,"[80, 48]",2.0,"[1.0, 1.0]",wells,15,30,ridge(alpha_relative=0.0001),504948,0.7581595000010566,7466225.667848097,0.3050253173552611,0.0007930207313368,0.1728553146824559,0.1268952986823999,0.0030649015066905,0.9987158180619709,0.9694244656035428,0.0029938698414225,0.9641758300709868,0.0008055511813316,0.0012317277226388,0.999880165427298,0.8644352850612536,4D,3D-independent,4D-A,0.3637038129328092,0.0,4D-A
7,7,3D-independent-fa9b36e31dc0,3D,3D-independent,equal_per_property,64,independent,raw_minmax,"[80, 48]",,"[1.0, 1.0]",wells,15,30,ridge(alpha_relative=1e-06),272608,0.7099222910037497,2493898037.6174936,0.2936092938375428,0.001382499081206,0.301344346102056,0.2212207410291099,0.0053431434381844,0.9988500244259704,0.9182525734178444,0.0023888310342876,0.7693230726053094,0.0006427552844975,0.000982804719471,0.9999084149431676,0.8742079132965436,3D,3D-independent,4D-B,0.3098463838202636,0.0,3D optimized
7,7,4D-B-643a4d560541,4D,4D-B,equal_per_property,64,shared-independent,ensemble_anomaly,"[80, 48]",,"[1.0, 1.0]",wells,15,30,ridge(alpha_relative=1e-06),259184,0.7258123339997837,21455650627.240677,0.2997479117645309,0.0011606663944725,0.2529913114877676,0.1857241595045425,0.0044857946843168,0.9986924970552552,0.9559981017749504,0.0026734710197441,0.8609913844509958,0.0007193424738824,0.0010999103318151,0.9999046647649772,0.8739839959863296,4D,3D-independent,4D-B,0.3098463838202636,0.0,4D optimized
7,7,4D-B-643a4d560541,4D,4D-B,equal_per_property,64,shared-independent,ensemble_anomaly,"[80, 48]",,"[1.0, 1.0]",wells,15,30,ridge(alpha_relative=1e-06),259184,0.7258123339997837,21455650627.240677,0.2997479117645309,0.0011606663944725,0.2529913114877676,0.1857241595045425,0.0044857946843168,0.9986924970552552,0.9559981017749504,0.0026734710197441,0.8609913844509958,0.0007193424738824,0.0010999103318151,0.9999046647649772,0.8739839959863296,4D,3D-independent,4D-B,0.3098463838202636,0.0,4D-B
7,7,4D-C-4e04f7cc08d6,4D,4D-C,equal_per_property,64,joint,standardized_anomaly,"[80, 48]",2.0,"[1.0, 0.5]",wells,15,30,ridge(alpha_relative=0.0001),504948,0.9183248749977792,17527048.675346345,0.2947564636937126,0.0007384743725425,0.1609658045579411,0.1181670571399901,0.0028540883329019,0.9989501819157508,0.9750182628222904,0.0029033688248815,0.9350299762538128,0.0007812003562631,0.0011944941029743,0.9998907470338808,0.8589215892515163,4D,3D-independent,4D-C,0.3586448775130617,0.0,4D-C
7,7,4D-D-ff94f89c821d,4D,4D-D,equal_per_property,64,partial-spatial,standardized_anomaly,"[64, 48]",,"[1.0, 1.0]",wells,15,30,ridge(alpha_relative=0.0001),230208,1.674058374999731,6800503.374711115,0.2926746661329171,0.0010680234296492,0.2327978560018575,0.1708998853997996,0.0041277440669103,0.9987629986537708,0.9608580668531448,0.0026627095881735,0.8575256652424641,0.0007164469291948,0.0010954829003291,0.9998914712934708,0.8783916465721612,4D,3D-independent,4D-D,0.3398893825572886,0.0,4D-D
7,7,4D-E-6ca320f290f9,4D,4D-E,equal_per_property,64,joint-property-residual,standardized_anomaly,"[80, 48]",2.0,"[1.0, 1.0]",wells,15,30,ridge(alpha_relative=1e-08),408916,1.7904952919998325,2009709.0675671925,0.3213756190614749,0.0011254354574328,0.2453119981130812,0.1800866772775903,0.004349632604628,0.9945150186809631,0.9305125171645252,0.0029144300196023,0.938592234189673,0.0007841765572826,0.0011990448619935,0.9998905434821236,0.8662909949491834,4D,3D-independent,4D-E,0.3405225671465655,0.0,4D-E
7,7,3D-current-5e7711139fcb,3D,3D-current,equal_per_property,64,legacy-independent,raw_minmax,"[48, 48]",,"[1.0, 1.0]",wells,15,30,ridge(alpha_relative=0.0001),242016,12.920262708001246,228545168.6917362,0.4242371842714704,0.001796778331084,0.3916451002618426,0.2875116803120727,0.0069442681590994,0.9968195630614484,0.8483960932950044,0.0035102573116386,1.1304784230712297,0.0009444939405999,0.0014441780950258,0.9998656726350214,0.8019534791993772,3D,3D-current,4D-A-current,0.874763437356333,0.0,3D current
7,7,4D-A-current-43ce2f360e5a,4D,4D-A-current,equal_per_property,64,legacy-joint,raw_minmax,"[48, 48]",2.0,"[1.0, 1.0]",wells,15,30,ridge(alpha_relative=0.0001),380500,16.11169408400019,354596850.21176165,1.55472753020366,0.0027613694774843,0.6018977450695794,0.4418608376443478,0.01067226257478,0.9827946296922528,0.727002307608583,0.0161613703576426,5.204769580851435,0.0043484893041814,0.006649055890781,0.9903782730065184,0.4485121026041654,4D,3D-current,4D-A-current,0.874763437356333,0.0,4D current
7,7,4D-A-3bf6b15a532d,4D,4D-A,equal_per_property,64,joint,standardized_anomaly,"[80, 48]",2.0,"[1.0, 1.0]",wells,20,40,ridge(alpha_relative=0.0001),504948,0.7581595000010566,11652547.287205216,0.2964251318488071,0.0007949960490161,0.1732858761363436,0.1272113793559538,0.0030725358015988,0.998912303492964,0.9669195274034156,0.002924613302492,0.9418717606063592,0.0007869165413154,0.0012032344335203,0.999902452749795,0.8919946912915331,4D,3D-independent,4D-A,0.3445153702701338,0.0,4D-A
7,7,3D-independent-fa9b36e31dc0,3D,3D-independent,equal_per_property,64,independent,raw_minmax,"[80, 48]",,"[1.0, 1.0]",wells,20,40,ridge(alpha_relative=1e-06),272608,0.7099222910037497,3607211628.356466,0.3010994524629312,0.0008305789652313,0.1810419106719574,0.1329051835690077,0.0032100582259328,0.999489424781348,0.9565695133758284,0.002914381773254,0.938576696452444,0.0007841635757888,0.0011990250126454,0.9999041147204498,0.873872081169525,3D,3D-independent,4D-B,0.2587754048148336,0.0,3D optimized
7,7,4D-B-643a4d560541,4D,4D-B,equal_per_property,64,shared-independent,ensemble_anomaly,"[80, 48]",,"[1.0, 1.0]",wells,20,40,ridge(alpha_relative=1e-06),259184,0.7258123339997837,36794161886.38367,0.2716487729274933,0.0003374283682911,0.0735495107239119,0.0539936370970169,0.0013041080434708,0.9998039743158984,0.9925376057624318,0.0029213299521159,0.9408143575654598,0.0007860331005132,0.0012018836087031,0.9999117743442794,0.8629999473963655,4D,3D-independent,4D-B,0.2587754048148336,0.0,4D optimized
7,7,4D-B-643a4d560541,4D,4D-B,equal_per_property,64,shared-independent,ensemble_anomaly,"[80, 48]",,"[1.0, 1.0]",wells,20,40,ridge(alpha_relative=1e-06),259184,0.7258123339997837,36794161886.38367,0.2716487729274933,0.0003374283682911,0.0735495107239119,0.0539936370970169,0.0013041080434708,0.9998039743158984,0.9925376057624318,0.0029213299521159,0.9408143575654598,0.0007860331005132,0.0012018836087031,0.9999117743442794,0.8629999473963655,4D,3D-independent,4D-B,0.2587754048148336,0.0,4D-B
7,7,4D-C-4e04f7cc08d6,4D,4D-C,equal_per_property,64,joint,standardized_anomaly,"[80, 48]",2.0,"[1.0, 0.5]",wells,20,40,ridge(alpha_relative=1e-06),504948,0.9183248749977792,28264386.777677473,0.2562398597181546,0.000745488314235,0.1624946386104751,0.1192893937837232,0.0028811961241764,0.9994056277996636,0.9693325925504416,0.0024459900840087,0.7877311454775578,0.0006581348909819,0.001006320900825,0.9998907342307886,0.8812000978803869,4D,3D-independent,4D-C,0.3321029993576793,0.0,4D-C
7,7,4D-D-ff94f89c821d,4D,4D-D,equal_per_property,64,partial-spatial,standardized_anomaly,"[64, 48]",,"[1.0, 1.0]",wells,20,40,ridge(alpha_relative=1e-06),230208,1.674058374999731,10312162.808827242,0.3109238362972862,0.0004795985921833,0.1045384594591324,0.0767430209550331,0.0018535737966286,0.9987670940684608,0.9807948545975148,0.0033353480832028,1.0741489032702,0.0008974316623262,0.0013722175366111,0.9998758295573836,0.8891891804828603,4D,3D-independent,4D-D,0.3331677772684858,0.0,4D-D
7,7,4D-E-6ca320f290f9,4D,4D-E,equal_per_property,64,joint-property-residual,standardized_anomaly,"[80, 48]",2.0,"[1.0, 1.0]",wells,20,40,ridge(alpha_relative=1e-06),408916,1.7904952919998325,2393995.0351795177,0.2951501236437016,0.0009719440792872,0.2118553690213413,0.1555257376888841,0.0037564123550775,0.9961145382914884,0.9455633833913304,0.0027620300248914,0.8895118134679246,0.0007431707680276,0.0011363449757732,0.999906531413144,0.8959699924375882,4D,3D-independent,4D-E,0.3377202400607487,0.0,4D-E
7,7,3D-current-5e7711139fcb,3D,3D-current,equal_per_property,64,legacy-independent,raw_minmax,"[48, 48]",,"[1.0, 1.0]",wells,20,40,ridge(alpha_relative=0.0001),242016,12.920262708001246,292232641.84500134,0.3967079974939624,0.0014714500995863,0.3207330652941969,0.2354542479217135,0.0056869252581068,0.99705324009284,0.8809113590998227,0.0034613069260033,1.114713950598456,0.0009313230136513,0.0014240390942628,0.9998735438327908,0.8163186927337838,3D,3D-current,4D-A-current,0.850940916157139,0.0,3D current
7,7,4D-A-current-43ce2f360e5a,4D,4D-A-current,equal_per_property,64,legacy-joint,raw_minmax,"[48, 48]",2.0,"[1.0, 1.0]",wells,20,40,ridge(alpha_relative=0.0001),380500,16.11169408400019,547020607.1947012,1.4984696346216575,0.0022507815713373,0.4906045219512908,0.3601590582407687,0.0086989199104465,0.9847398069576894,0.8245165371584703,0.0159615948274395,5.140431868170526,0.0042947363279733,0.0065668649232741,0.9905060331527528,0.449799166111903,4D,3D-current,4D-A-current,0.850940916157139,0.0,4D current
7,7,4D-A-3bf6b15a532d,4D,4D-A,equal_per_property,64,joint,standardized_anomaly,"[80, 48]",2.0,"[1.0, 1.0]",wells,30,60,ridge(alpha_relative=0.0001),504948,0.7581595000010566,60181118.278241456,0.2308988048756357,0.0006319073934622,0.1377373213975659,0.1011147303776353,0.0024422235709352,0.9996899146484708,0.9748000774768568,0.0022459802805297,0.723317985084426,0.0006043188795972,0.0009240335494057,0.999912458273005,0.900120096482041,4D,3D-independent,4D-A,0.3360209706089443,0.0,4D-A
7,7,3D-independent-fa9b36e31dc0,3D,3D-independent,equal_per_property,64,independent,raw_minmax,"[80, 48]",,"[1.0, 1.0]",wells,30,60,ridge(alpha_relative=1e-06),272608,0.7099222910037497,37652193168.92814,0.1863275672788419,0.000524581677146,0.114343455721347,0.0839409941938612,0.0020274264078276,0.9998981102190552,0.9807747196564272,0.0017901582513012,0.5765204933180059,0.0004816722738424,0.0007365008042536,0.9999499172327164,0.9103326401915433,3D,3D-independent,4D-B,0.2416338547824257,0.0,3D optimized
7,7,4D-B-643a4d560541,4D,4D-B,equal_per_property,64,shared-independent,ensemble_anomaly,"[80, 48]",,"[1.0, 1.0]",wells,30,60,ridge(alpha_relative=1e-06),259184,0.7258123339997837,748965197704.4271,0.1821407572796171,0.0001575700989014,0.0343456708682006,0.025213596534617,0.0006089838694611,0.9999648734665856,0.998676725504719,0.0019961265331384,0.6428525817611891,0.0005370915143368,0.0008212395725237,0.9999450545446036,0.8985937215171232,4D,3D-independent,4D-B,0.2416338547824257,0.0,4D optimized
7,7,4D-B-643a4d560541,4D,4D-B,equal_per_property,64,shared-independent,ensemble_anomaly,"[80, 48]",,"[1.0, 1.0]",wells,30,60,ridge(alpha_relative=1e-06),259184,0.7258123339997837,748965197704.4271,0.1821407572796171,0.0001575700989014,0.0343456708682006,0.025213596534617,0.0006089838694611,0.9999648734665856,0.998676725504719,0.0019961265331384,0.6428525817611891,0.0005370915143368,0.0008212395725237,0.9999450545446036,0.8985937215171232,4D,3D-independent,4D-B,0.2416338547824257,0.0,4D-B
7,7,4D-C-4e04f7cc08d6,4D,4D-C,equal_per_property,64,joint,standardized_anomaly,"[80, 48]",2.0,"[1.0, 0.5]",wells,30,60,ridge(alpha_relative=0.0001),504948,0.9183248749977792,174109887.7533828,0.2323686616568095,0.000655483674322,0.1428762607544135,0.1048872915268014,0.0025333422212731,0.9997192891681076,0.9728475612356088,0.0022468150567338,0.7235868247742617,0.0006045434902159,0.0009243769901855,0.999909488034906,0.9011293165672648,4D,3D-independent,4D-C,0.3396374090861293,0.0,4D-C
7,7,4D-D-ff94f89c821d,4D,4D-D,equal_per_property,64,partial-spatial,standardized_anomaly,"[64, 48]",,"[1.0, 1.0]",wells,30,60,ridge(alpha_relative=0.0001),230208,1.674058374999731,32309749.597822264,0.2159544069361,0.0003071050047585,0.0669399047722331,0.0491414407792349,0.0011869129703708,0.9997595088922048,0.9923200018081836,0.0023028175912505,0.7416224419065045,0.0006196119167765,0.0009474173619972,0.999894654074441,0.8971694360604917,4D,3D-independent,4D-D,0.3188156617053854,0.0,4D-D
7,7,4D-E-6ca320f290f9,4D,4D-E,equal_per_property,64,joint-property-residual,standardized_anomaly,"[80, 48]",2.0,"[1.0, 1.0]",wells,30,60,ridge(alpha_relative=0.0001),408916,1.7904952919998325,7044314.733870678,0.229074667240815,0.0007743963527533,0.1687957451231595,0.123915116715214,0.0029929211867237,0.9989962745142528,0.9585682568095176,0.0020977286502999,0.6755735452098252,0.0005644292777803,0.0008630403691566,0.999921927495212,0.8975729859299317,4D,3D-independent,4D-E,0.335424826728148,0.0,4D-E
7,7,3D-current-5e7711139fcb,3D,3D-current,equal_per_property,64,legacy-independent,raw_minmax,"[48, 48]",,"[1.0, 1.0]",wells,30,60,ridge(alpha_relative=0.0001),242016,12.920262708001246,1373768533.7435968,0.3320956986503802,0.0013377127207523,0.2915822300264081,0.214054246684014,0.0051700511365464,0.997027327824944,0.9055723537364276,0.0028285087818936,0.9109212982183436,0.0007610579989605,0.0011636954393215,0.9999052949215028,0.8426691135500339,3D,3D-current,4D-A-current,0.8253209825483837,0.0,3D current
7,7,4D-A-current-43ce2f360e5a,4D,4D-A-current,equal_per_property,64,legacy-joint,raw_minmax,"[48, 48]",2.0,"[1.0, 1.0]",wells,30,60,ridge(alpha_relative=0.0001),380500,16.11169408400019,1693914696.0621288,1.4755713488396909,0.0021960565141194,0.4786760607993665,0.3514022222506489,0.0084874160951071,0.984457158555893,0.8187768761597407,0.0157108564935933,5.059681583765416,0.0042272709498061,0.0064637070128487,0.9905804528519978,0.4533676222522995,4D,3D-current,4D-A-current,0.8253209825483837,0.0,4D current
7,7,4D-A-3bf6b15a532d,4D,4D-A,equal_per_property,64,joint,standardized_anomaly,"[80, 48]",2.0,"[1.0, 1.0]",grid,30,30,ridge(alpha_relative=1e-06),504948,0.7581595000010566,138.1971583888348,0.2864716196805213,0.0018488600776787,0.4029973970443725,0.2958455466649628,0.007145555990932,0.9985043250375466,0.8326640690935687,0.0019389806752784,0.6244487573280367,0.0005217154573452,0.0007977288185202,0.9999469991079658,0.9304552822070792,4D,3D-independent,4D-A,0.4521038043122104,0.0,4D-A
7,7,3D-independent-fa9b36e31dc0,3D,3D-independent,equal_per_property,64,independent,raw_minmax,"[80, 48]",,"[1.0, 1.0]",grid,30,30,ridge(alpha_relative=1e-06),272608,0.7099222910037497,26620.382996588003,0.8892272613835936,0.0079866544507695,1.7408569710661903,1.2779853816621085,0.0308671744537055,0.9978699427264728,-0.3770547804995836,0.0032709892181304,1.0534221297494977,0.0008801148240753,0.0013457392317728,0.9999096193892392,0.8517948910622102,3D,3D-independent,4D-B,0.4135052969872971,0.0,3D optimized
7,7,4D-B-643a4d560541,4D,4D-B,equal_per_property,64,shared-independent,ensemble_anomaly,"[80, 48]",,"[1.0, 1.0]",grid,30,30,ridge(alpha_relative=1e-06),259184,0.7258123339997837,100845.35611267062,0.3003099047526923,0.0019367699277423,0.4221591720093511,0.3099124508960116,0.0074853138576133,0.9992256422901836,0.8034313008646764,0.0019842681707783,0.6390335959744274,0.0005339008219174,0.0008163608455123,0.9999385850609952,0.916474997081342,4D,3D-independent,4D-B,0.4135052969872971,0.0,4D optimized
7,7,4D-B-643a4d560541,4D,4D-B,equal_per_property,64,shared-independent,ensemble_anomaly,"[80, 48]",,"[1.0, 1.0]",grid,30,30,ridge(alpha_relative=1e-06),259184,0.7258123339997837,100845.35611267062,0.3003099047526923,0.0019367699277423,0.4221591720093511,0.3099124508960116,0.0074853138576133,0.9992256422901836,0.8034313008646764,0.0019842681707783,0.6390335959744274,0.0005339008219174,0.0008163608455123,0.9999385850609952,0.916474997081342,4D,3D-independent,4D-B,0.4135052969872971,0.0,4D-B
7,7,4D-C-4e04f7cc08d6,4D,4D-C,equal_per_property,64,joint,standardized_anomaly,"[80, 48]",2.0,"[1.0, 0.5]",grid,30,30,ridge(alpha_relative=1e-06),504948,0.9183248749977792,146.7622892937156,0.293991136534142,0.0019161193371617,0.4176579475241225,0.3066080443954714,0.0074055025441337,0.9985070499509792,0.8098488056561045,0.0019505865926346,0.628186443197284,0.0005248382251781,0.0008025036854688,0.9999471653031128,0.929910883513572,4D,3D-independent,4D-C,0.4507037525711077,0.0,4D-C
7,7,4D-D-ff94f89c821d,4D,4D-D,equal_per_property,64,partial-spatial,standardized_anomaly,"[64, 48]",,"[1.0, 1.0]",grid,30,30,ridge(alpha_relative=1e-06),230208,1.674058374999731,147.20471413195637,0.294613660124604,0.0019064001410907,0.4155394471761098,0.3050528261777749,0.0073679393663947,0.9991265960019,0.8188380220524023,0.0019756669758997,0.6362635810269132,0.0005315865253506,0.0008128221712409,0.9999442880273192,0.9278587533568112,4D,3D-independent,4D-D,0.426000462553591,0.0,4D-D
7,7,4D-E-6ca320f290f9,4D,4D-E,equal_per_property,64,joint-property-residual,standardized_anomaly,"[80, 48]",2.0,"[1.0, 1.0]",grid,30,30,ridge(alpha_relative=1e-06),408916,1.7904952919998325,147.02009142362954,0.3056303127022764,0.0019979926747065,0.4355039393956641,0.3197090154184515,0.0077219302309304,0.9982139690905664,0.7810209354103658,0.0019914775739704,0.6413553843871672,0.0005358406334542,0.0008193269135933,0.9999443852738666,0.9276552105370856,4D,3D-independent,4D-E,0.4665935393198432,0.0,4D-E
7,7,3D-current-5e7711139fcb,3D,3D-current,equal_per_property,64,legacy-independent,raw_minmax,"[48, 48]",,"[1.0, 1.0]",grid,30,30,ridge(alpha_relative=0.0001),242016,12.920262708001246,23308.814808445997,0.7198212237492007,0.0070297145277573,1.532272069072982,1.1248605356734775,0.0271687508237101,0.9960404476043117,0.8045354598855696,0.0035807737928331,1.1531882569620302,0.000963467589335,0.0014731897452948,0.9998954433446188,0.8078154021908497,3D,3D-current,4D-A-current,1.070123460659038,0.0,3D current
7,7,4D-A-current-43ce2f360e5a,4D,4D-A-current,equal_per_property,64,legacy-joint,raw_minmax,"[48, 48]",2.0,"[1.0, 1.0]",grid,30,30,ridge(alpha_relative=0.0001),380500,16.11169408400019,265189.74624330236,1.805476112120731,0.0038473987880648,0.8386203562405243,0.6156419360421487,0.0148695965646455,0.983711957141123,0.2827864279392802,0.0178534118156587,5.749691559330643,0.0048037615997597,0.0073451898184678,0.98995352682787,0.4500285062372053,4D,3D-current,4D-A-current,1.070123460659038,0.0,4D current
7,7,4D-A-3bf6b15a532d,4D,4D-A,equal_per_property,64,joint,standardized_anomaly,"[80, 48]",2.0,"[1.0, 1.0]",grid,100,100,ridge(alpha_relative=1e-06),504948,0.7581595000010566,1001.8240842303892,0.3928261394130178,0.0031913736223712,0.6956260662118061,0.5106679977145604,0.0123341615636316,0.9985098243697724,-0.004859344979896,0.0010818584211992,0.3484125217626003,0.0002910922569755,0.0004450945030824,0.9999609430810614,0.9503274056245666,4D,3D-independent,4D-A,0.2414872603954781,0.0,4D-A
7,7,3D-independent-fa9b36e31dc0,3D,3D-independent,equal_per_property,64,independent,raw_minmax,"[80, 48]",,"[1.0, 1.0]",grid,100,100,ridge(alpha_relative=1e-08),272608,0.7099222910037497,2.40151793461518e+18,0.1782425636994062,0.0008863996390729,0.1932091841887624,0.1418373347724681,0.0034257964287325,0.999541994204638,0.9422995290937302,0.0013693675408014,0.4410048383055766,0.0003684514352987,0.0005633805248144,0.9999586295221816,0.9001880062996982,3D,3D-independent,4D-B,0.1631589970152973,0.0,3D optimized
7,7,4D-B-643a4d560541,4D,4D-B,equal_per_property,64,shared-independent,ensemble_anomaly,"[80, 48]",,"[1.0, 1.0]",grid,100,100,ridge(alpha_relative=1e-08),259184,0.7258123339997837,1.5718554584080005e+18,0.1624999004990141,0.0010083521751126,0.2197912685662139,0.1613515831071178,0.0038971239699718,0.9993927828582432,0.9483657420430728,0.0011686069506241,0.3763498870443139,0.0003144334120886,0.0004807842872916,0.9999737478405089,0.9439173651858696,4D,3D-independent,4D-B,0.1631589970152973,0.0,4D optimized
7,7,4D-B-643a4d560541,4D,4D-B,equal_per_property,64,shared-independent,ensemble_anomaly,"[80, 48]",,"[1.0, 1.0]",grid,100,100,ridge(alpha_relative=1e-08),259184,0.7258123339997837,1.5718554584080005e+18,0.1624999004990141,0.0010083521751126,0.2197912685662139,0.1613515831071178,0.0038971239699718,0.9993927828582432,0.9483657420430728,0.0011686069506241,0.3763498870443139,0.0003144334120886,0.0004807842872916,0.9999737478405089,0.9439173651858696,4D,3D-independent,4D-B,0.1631589970152973,0.0,4D-B
7,7,4D-C-4e04f7cc08d6,4D,4D-C,equal_per_property,64,joint,standardized_anomaly,"[80, 48]",2.0,"[1.0, 0.5]",grid,100,100,ridge(alpha_relative=0.0001),504948,0.9183248749977792,1713.0835375743216,0.1581283981156413,0.0010308067488321,0.2246857085889791,0.1649446541660716,0.0039839073970694,0.9990900481300408,0.9118804017960596,0.001055612713454,0.3399600911656358,0.0002840304065949,0.0004342965834859,0.9999683365791864,0.9523840127880394,4D,3D-independent,4D-C,0.2412310216314242,0.0,4D-C
7,7,4D-D-ff94f89c821d,4D,4D-D,equal_per_property,64,partial-spatial,standardized_anomaly,"[64, 48]",,"[1.0, 1.0]",grid,100,100,ridge(alpha_relative=1e-06),230208,1.674058374999731,2.3068996373085885e+17,0.1883351054905091,0.000260098023708,0.0566937583845352,0.0416196135875224,0.0010052383162873,0.9997068118098884,0.9923008051175328,0.0019837622347294,0.6388706592618107,0.0005337646912893,0.000816152695028,0.9998587141695529,0.892147186251086,4D,3D-independent,4D-D,0.1897000459698575,0.0,4D-D
7,7,4D-E-6ca320f290f9,4D,4D-E,equal_per_property,64,joint-property-residual,standardized_anomaly,"[80, 48]",2.0,"[1.0, 1.0]",grid,100,100,ridge(alpha_relative=0.0001),408916,1.7904952919998325,4388.65338462115,0.3236860029388045,0.00307546389275,0.6703611368137267,0.4921206897070016,0.0118861885272175,0.9965685266438296,0.7362967547634713,0.0014131779707327,0.4551139879620905,0.0003802393704646,0.0005814048625263,0.9999349973789192,0.9251654712777264,4D,3D-independent,4D-E,0.288587773497341,0.0,4D-E
7,7,3D-current-5e7711139fcb,3D,3D-current,equal_per_property,64,legacy-independent,raw_minmax,"[48, 48]",,"[1.0, 1.0]",grid,100,100,ridge(alpha_relative=1e-06),242016,12.920262708001246,6.762982515004259e+18,0.2350252063324339,0.0017315915992556,0.3774363001661389,0.2770808183199199,0.0066923316022074,0.995543989552886,0.8399047133536804,0.0013656363704115,0.439803214822132,0.0003674475009681,0.000561845459414,0.9999587337858084,0.9143726659633904,3D,3D-current,4D-A-current,0.8174462413258894,0.0,3D current
7,7,4D-A-current-43ce2f360e5a,4D,4D-A-current,equal_per_property,64,legacy-joint,raw_minmax,"[48, 48]",2.0,"[1.0, 1.0]",grid,100,100,ridge(alpha_relative=1e-06),380500,16.11169408400019,835661.4157154803,1.650748146688638,0.0044986434045592,0.9805726264284876,0.7198509142690386,0.0173865554882197,0.9702962783442712,0.5650254671455495,0.0159368323521487,5.13245711260909,0.0042880735663037,0.006556677230117,0.9903566637798772,0.4550488374204999,4D,3D-current,4D-A-current,0.8174462413258894,0.0,4D current
7,7,4D-A-3bf6b15a532d,4D,4D-A,equal_per_property,64,joint,standardized_anomaly,"[80, 48]",2.0,"[1.0, 1.0]",grid,300,300,ridge(alpha_relative=1e-08),504948,0.7581595000010566,955.444125291664,0.2817266912648445,0.0021299971896389,0.4642770610386315,0.3408317322502524,0.0082321071036388,0.9987525792042092,0.3095234275708295,0.0009239250401914,0.2975500738959026,0.0002485976168003,0.0003801180899378,0.9999707784562998,0.9603173121794828,4D,3D-independent,4D-A,0.1597429604159071,0.0,4D-A
7,7,3D-independent-fa9b36e31dc0,3D,3D-independent,equal_per_property,64,independent,raw_minmax,"[80, 48]",,"[1.0, 1.0]",grid,300,300,least_squares(rcond=1e-10),272608,0.7099222910037497,151804.70607639386,0.1236673804460519,0.0004371217635771,0.0952797537465465,0.0699460866000244,0.0016894074755604,0.9999092048083448,0.9843753996636966,0.0011019300148089,0.3548765788040061,0.0002964928578031,0.0004533522896917,0.9999726218846672,0.9265982218689932,3D,3D-independent,4D-B,0.1135541836727651,0.0,3D optimized
7,7,4D-B-643a4d560541,4D,4D-B,equal_per_property,64,shared-independent,ensemble_anomaly,"[80, 48]",,"[1.0, 1.0]",grid,300,300,least_squares(rcond=1e-10),259184,0.7258123339997837,109743.19410454728,0.1324873951663133,0.0005507492602966,0.1200472231529403,0.0881282028612754,0.0021285600375746,0.9999191833478022,0.9566614259368684,0.0011185460937251,0.3602277872833676,0.000300963694115,0.0004601884202273,0.9999706533929312,0.9439894336052408,4D,3D-independent,4D-B,0.1135541836727651,0.0,4D optimized
7,7,4D-B-643a4d560541,4D,4D-B,equal_per_property,64,shared-independent,ensemble_anomaly,"[80, 48]",,"[1.0, 1.0]",grid,300,300,least_squares(rcond=1e-10),259184,0.7258123339997837,109743.19410454728,0.1324873951663133,0.0005507492602966,0.1200472231529403,0.0881282028612754,0.0021285600375746,0.9999191833478022,0.9566614259368684,0.0011185460937251,0.3602277872833676,0.000300963694115,0.0004601884202273,0.9999706533929312,0.9439894336052408,4D,3D-independent,4D-B,0.1135541836727651,0.0,4D-B
7,7,4D-C-4e04f7cc08d6,4D,4D-C,equal_per_property,64,joint,standardized_anomaly,"[80, 48]",2.0,"[1.0, 0.5]",grid,300,300,ridge(alpha_relative=1e-08),504948,0.9183248749977792,1523.9495624900835,0.4005912291105467,0.0038282902643821,0.8344552572162918,0.612584283544204,0.0147957450993414,0.996467111099085,0.0776922713515443,0.0008957356107561,0.288471667697673,0.0002410127753124,0.0003685204909906,0.9999723531894452,0.9634317455920122,4D,3D-independent,4D-C,0.1593282700572479,0.0,4D-C
7,7,4D-D-ff94f89c821d,4D,4D-D,equal_per_property,64,partial-spatial,standardized_anomaly,"[64, 48]",,"[1.0, 1.0]",grid,300,300,ridge(alpha_relative=1e-08),230208,1.674058374999731,4627.312334382824,0.1232664599386415,0.0002677078078822,0.0583524686629953,0.0428372940308424,0.0010346489458705,0.9999449759398744,0.9904956547153668,0.0012334357229332,0.3972279941980736,0.0003318766868079,0.000507455919763,0.9999592964269636,0.9345335914976384,4D,3D-independent,4D-D,0.1214214279068356,0.0,4D-D
7,7,4D-E-6ca320f290f9,4D,4D-E,equal_per_property,64,joint-property-residual,standardized_anomaly,"[80, 48]",2.0,"[1.0, 1.0]",grid,300,300,ridge(alpha_relative=1e-08),408916,1.7904952919998325,1239.3135015785122,0.3803610728946272,0.0042756116707551,0.9319582346384048,0.6841624670969145,0.0165245726043379,0.9766837742961836,0.5781956546650592,0.0010905367501429,0.3512073777370187,0.0002934273077635,0.0004486649115878,0.9999670966792742,0.9452469869287704,4D,3D-independent,4D-E,0.2036380918830125,0.0,4D-E
7,7,3D-current-5e7711139fcb,3D,3D-current,equal_per_property,64,legacy-independent,raw_minmax,"[48, 48]",,"[1.0, 1.0]",grid,300,300,ridge(alpha_relative=1e-06),242016,12.920262708001246,385435.4075633856,0.1786603435619941,0.0010621996851605,0.2315284501131528,0.1699679982912528,0.0041052362022951,0.9964590065022596,0.9243367872720905,0.0012641643740339,0.4071241567740272,0.0003401447487164,0.0005200981966303,0.9999655095964656,0.9236856780063166,3D,3D-current,4D-A-current,0.7613292907307225,0.0,3D current
7,7,4D-A-current-43ce2f360e5a,4D,4D-A-current,equal_per_property,64,legacy-joint,raw_minmax,"[48, 48]",2.0,"[1.0, 1.0]",grid,300,300,ridge(alpha_relative=1e-06),380500,16.11169408400019,276457.1378128677,1.465259433807139,0.0021297224488944,0.46421717559557,0.340787769580097,0.0082310452734891,0.9833145342292192,0.8295231880540624,0.0156526345016881,5.040931190345884,0.0042116053407974,0.0064397535194455,0.9904394244279422,0.458698073371734,4D,3D-current,4D-A-current,0.7613292907307225,0.0,4D current
8,8,3D-current-5e7711139fcb,3D,3D-current,equal_per_property,64,legacy-independent,raw_minmax,"[48, 48]",,"[1.0, 1.0]",full,9900,9900,projection,242016,13.838619959002244,1.0,0.0697922810062724,0.0010407636302164,0.0771560547764351,0.1645389801326777,0.0040442209223957,0.9950687587564888,0.9626102977926948,0.0006861386946386,0.1741281456878819,0.000184225945354,0.0002816906105789,0.9999806115401338,0.98161985508576,,,,,,3D current
8,8,3D-independent-fa9b36e31dc0,3D,3D-independent,equal_per_property,64,independent,raw_minmax,"[80, 48]",,"[1.0, 1.0]",full,9900,9900,projection,272608,1.1558692079997854,1.0,0.0446051991411775,6.0030442700668184e-05,0.0044503016734964,0.0094904813466887,0.0002332675405848,0.9999640571811778,0.999712320633504,0.0006543419711656,0.1660587793329771,0.0001756886314162,0.0002686366340002,0.9999832041659732,0.9844642482500228,,,,,,3D optimized
8,8,4D-A-3bf6b15a532d,4D,4D-A,equal_per_property,64,joint,standardized_anomaly,"[80, 48]",2.0,"[1.0, 1.0]",full,9900,9900,projection,504948,1.1892916249998962,1.0,0.0580998639957322,0.0003767087640798,0.0279269578531122,0.0595555744351354,0.0014638227366041,0.9992441104096594,0.9936068766059454,0.0007491214412815,0.1901118949924193,0.00020113660224,0.0003075478439581,0.9999796508140384,0.9776719171192604,,,,,,4D-A
8,8,4D-A-current-43ce2f360e5a,4D,4D-A-current,equal_per_property,64,legacy-joint,raw_minmax,"[48, 48]",2.0,"[1.0, 1.0]",full,9900,9900,projection,380500,15.375035124998249,1.0,1.1071745287081496,0.002523485830533,0.1870763017801429,0.3989491685531202,0.0098058136323313,0.9757745493177992,0.8599069849882724,0.0153840069559379,3.90415032036277,0.0041305544300819,0.0063158226557251,0.990652862467362,0.4651500296323569,,,,,,4D current
8,8,4D-B-643a4d560541,4D,4D-B,equal_per_property,64,shared-independent,ensemble_anomaly,"[80, 48]",,"[1.0, 1.0]",full,9900,9900,projection,259184,0.8011031670030206,1.0,0.0614571721518506,4.272648854976983e-05,0.0031674889429651,0.0067548217928865,0.0001660274762844,0.9999829078449944,0.9998697602766398,0.0008939555381374,0.2268678641790563,0.0002400240729821,0.0003670087160744,0.9999727359501762,0.9685435687525982,,,,,,4D optimized
8,8,4D-B-643a4d560541,4D,4D-B,equal_per_property,64,shared-independent,ensemble_anomaly,"[80, 48]",,"[1.0, 1.0]",full,9900,9900,projection,259184,0.8011031670030206,1.0,0.0614571721518506,4.272648854976983e-05,0.0031674889429651,0.0067548217928865,0.0001660274762844,0.9999829078449944,0.9998697602766398,0.0008939555381374,0.2268678641790563,0.0002400240729821,0.0003670087160744,0.9999727359501762,0.9685435687525982,,,,,,4D-B
8,8,4D-C-e7705bff9f37,4D,4D-C,equal_per_property,64,joint,standardized_anomaly,"[64, 48]",2.0,"[1.0, 0.5]",full,9900,9900,projection,404420,0.9407131669941008,1.0,0.059018382985637,0.0003972773388606,0.0294517902323246,0.0628073524747963,0.0015437485315275,0.9990468209204868,0.9920898234314992,0.000752869201087,0.1910630007535776,0.0002021428632169,0.000309086466916,0.999978723414729,0.976792694655209,,,,,,4D-C
8,8,4D-D-ff94f89c821d,4D,4D-D,equal_per_property,64,partial-spatial,standardized_anomaly,"[64, 48]",,"[1.0, 1.0]",full,9900,9900,projection,230208,1.2414705839910312,1.0,0.0593607660112941,5.952702962399902e-05,0.0044129816079301,0.0094108945204241,0.0002313113675997,0.9999755533196416,0.9997791739677192,0.0008620526893161,0.2187715653537245,0.0002314582647432,0.0003539111702955,0.999974036053616,0.9717037918652373,,,,,,4D-D
8,8,4D-E-6ca320f290f9,4D,4D-E,equal_per_property,64,joint-property-residual,standardized_anomaly,"[80, 48]",2.0,"[1.0, 1.0]",full,9900,9900,projection,408916,2.117574373995012,1.0,0.0598941375657545,0.0001250826151265,0.009272884662847,0.0197748704198753,0.0004860486227958,0.9999491971462684,0.9994546448004074,0.0008508196806994,0.2159208545918823,0.000228442239488,0.0003492995180442,0.9999745411019928,0.9717797331830148,,,,,,4D-E
8,8,3D-current-e419eaac8e1a,3D,3D-current,equal_total,32,legacy-independent,raw_minmax,"[48, 48]",,"[1.0, 1.0]",full,9900,9900,projection,129984,13.769510167003318,1.0,0.0792162486073814,0.0010596989061852,0.0785598040499903,0.1675325426534938,0.0041178000108854,0.9949487093142176,0.9610474907572216,0.0008157384519588,0.2070179471231964,0.0002190230468679,0.0003348971052069,0.9999769594286492,0.9763780227301,,,,,,3D current
8,8,3D-independent-7db5f3bc9ad5,3D,3D-independent,equal_total,32,independent,raw_minmax,"[80, 48]",,"[1.0, 1.0]",full,9900,9900,projection,149728,0.741674167002202,1.0,0.0575335806463409,0.0002622160949648,0.0194391491007099,0.041454915974459,0.0010189247458862,0.9997683220545674,0.9971178991850516,0.0007837355169974,0.1988962484565319,0.000210430365835,0.0003217584695928,0.9999796819019482,0.9792842507587048,,,,,,3D optimized
8,8,4D-A-4ea76ef087a9,4D,4D-A,equal_total,32,joint,standardized_anomaly,"[80, 48]",2.0,"[1.0, 1.0]",full,9900,9900,projection,259188,1.1225588329980385,1.0,0.0665671487136285,0.0003757751041643,0.0278577418337527,0.0594079679606045,0.0014601947015203,0.999357083481763,0.9942463433453148,0.0008709028744623,0.2210175636344592,0.0002338345098637,0.0003575445669791,0.9999732910573635,0.9709670778820808,,,,,,4D-A
8,8,4D-A-current-205a30146a4e,4D,4D-A-current,equal_total,32,legacy-joint,raw_minmax,"[48, 48]",2.0,"[1.0, 1.0]",full,9900,9900,projection,194740,15.203882750000048,1.0,1.108081642976368,0.0025238994557562,0.1871069655057509,0.3990145604157965,0.0098074209058113,0.9758037022491066,0.8599244019075971,0.0153970625390338,3.9074635637246624,0.0041340598104908,0.0063211825562853,0.9906820414073976,0.4645635127422858,,,,,,4D current
8,8,4D-B-2828b82824ed,4D,4D-B,equal_total,32,shared-independent,ensemble_anomaly,"[80, 48]",,"[1.0, 1.0]",full,9900,9900,projection,136304,0.8223747090014513,1.0,0.0685318606053515,0.0002360265509274,0.017497611333966,0.0373144937489477,0.0009171568719242,0.999822015019296,0.9978610764336302,0.000938557303044,0.2381868914810816,0.0002519994977302,0.0003853197346594,0.999970572776364,0.9652530443536532,,,,,,4D optimized
8,8,4D-B-2828b82824ed,4D,4D-B,equal_total,32,shared-independent,ensemble_anomaly,"[80, 48]",,"[1.0, 1.0]",full,9900,9900,projection,136304,0.8223747090014513,1.0,0.0685318606053515,0.0002360265509274,0.017497611333966,0.0373144937489477,0.0009171568719242,0.999822015019296,0.9978610764336302,0.000938557303044,0.2381868914810816,0.0002519994977302,0.0003853197346594,0.999970572776364,0.9652530443536532,,,,,,4D-B
8,8,4D-C-44adce3e7a5f,4D,4D-C,equal_total,32,joint,standardized_anomaly,"[80, 48]",2.0,"[1.0, 0.5]",full,9900,9900,projection,259188,0.898049458002788,1.0,0.0653305657535988,0.0003113968171188,0.0230851167174539,0.0492301164430947,0.001210032217111,0.999655977011206,0.996352863690554,0.0008733559010664,0.2216400922532845,0.000234493139305,0.000358551644072,0.9999731055601055,0.9704530282221322,,,,,,4D-C
8,8,4D-D-2ecf0e4138e3,4D,4D-D,equal_total,32,partial-spatial,standardized_anomaly,"[80, 48]",,"[1.0, 1.0]",full,9900,9900,projection,163152,1.3547131680024904,1.0,0.0660984554672073,0.0002566209096885,0.0190243551848457,0.040570348093438,0.0009971828587733,0.9997770164530352,0.997425484928974,0.0009010708903327,0.2286735968878512,0.0002419345212558,0.0003699298862694,0.999972100837048,0.9691827754787612,,,,,,4D-D
8,8,4D-E-4f4328240852,4D,4D-E,equal_total,32,joint-property-residual,standardized_anomaly,"[80, 48]",2.0,"[1.0, 1.0]",full,9900,9900,projection,224596,1.8167057919999936,1.0,0.0670970293905287,0.0003788066879586,0.0280824855108928,0.0598872446101826,0.001471974892769,0.9996263579365277,0.9956320795633856,0.0008795965863174,0.2232238521535477,0.0002361687424287,0.000361113724381,0.9999727843836128,0.970204360641266,,,,,,4D-E
8,8,4D-A-4ea76ef087a9,4D,4D-A,equal_total,32,joint,standardized_anomaly,"[80, 48]",2.0,"[1.0, 1.0]",wells,5,10,ridge(alpha_relative=1e-08),259188,1.1225588329980385,17017.76234842758,0.1527369087007595,0.0019405649187793,0.1438619959648618,0.3067925928107371,0.0075406874509659,0.9979885192027772,0.9655639865565308,0.0016379577208911,0.4156805947288968,0.0004397861714241,0.000672454875531,0.9999505293475696,0.9316259252249104,4D,3D-independent,4D-A,0.6163650380512523,0.0,4D-A
8,8,3D-independent-7db5f3bc9ad5,3D,3D-independent,equal_total,32,independent,raw_minmax,"[80, 48]",,"[1.0, 1.0]",wells,5,10,ridge(alpha_relative=1e-08),149728,0.741674167002202,67545887.51523387,0.4913475339887415,0.003169700885822,0.234982860729429,0.5011121987135089,0.0123168895107452,0.9978380620855364,0.955168733729059,0.0062998046475644,1.598763209315765,0.0016914764839991,0.0025863514644585,0.9997610032587044,0.7815431344513979,3D,3D-independent,4D-B,0.5963078990235935,0.0,3D optimized
8,8,4D-B-2828b82824ed,4D,4D-B,equal_total,32,shared-independent,ensemble_anomaly,"[80, 48]",,"[1.0, 1.0]",wells,5,10,ridge(alpha_relative=1e-08),136304,0.8223747090014513,13676195.265345195,0.2164297354172258,0.0026231727040782,0.1944664964914468,0.414709112530339,0.0101931789552296,0.9981551326650672,0.9650649263634732,0.0023873743763004,0.6058674091057727,0.0006410020376704,0.0009801239180873,0.999936987015763,0.9041650014931591,4D,3D-independent,4D-B,0.5963078990235935,0.0,4D optimized
8,8,4D-B-2828b82824ed,4D,4D-B,equal_total,32,shared-independent,ensemble_anomaly,"[80, 48]",,"[1.0, 1.0]",wells,5,10,ridge(alpha_relative=1e-08),136304,0.8223747090014513,13676195.265345195,0.2164297354172258,0.0026231727040782,0.1944664964914468,0.414709112530339,0.0101931789552296,0.9981551326650672,0.9650649263634732,0.0023873743763004,0.6058674091057727,0.0006410020376704,0.0009801239180873,0.999936987015763,0.9041650014931591,4D,3D-independent,4D-B,0.5963078990235935,0.0,4D-B
8,8,4D-C-44adce3e7a5f,4D,4D-C,equal_total,32,joint,standardized_anomaly,"[80, 48]",2.0,"[1.0, 0.5]",wells,5,10,ridge(alpha_relative=1e-08),259188,0.898049458002788,19707.78153302772,0.1709688815835705,0.0017407111653114,0.1290460217108029,0.2751968184998477,0.0067640915864215,0.998012976662338,0.9637435443701358,0.0019458102318983,0.4938073456407773,0.0005224435413014,0.0007988420950122,0.9999366362650478,0.9142121376644612,4D,3D-independent,4D-C,0.6100672082381724,0.0,4D-C
8,8,4D-D-2ecf0e4138e3,4D,4D-D,equal_total,32,partial-spatial,standardized_anomaly,"[80, 48]",,"[1.0, 1.0]",wells,5,10,ridge(alpha_relative=1e-08),163152,1.3547131680024904,9386.87418629384,0.2056080952153278,0.0026310003769189,0.1950467938201967,0.4159466243616904,0.0102235958888707,0.9977813250990574,0.9626772758109,0.0022021342820027,0.5588572136756925,0.0005912656917157,0.0009040745775179,0.9999366804157296,0.9002659774582557,4D,3D-independent,4D-D,0.6077979958538097,0.0,4D-D
8,8,4D-E-4f4328240852,4D,4D-E,equal_total,32,joint-property-residual,standardized_anomaly,"[80, 48]",2.0,"[1.0, 1.0]",wells,5,10,ridge(alpha_relative=1e-08),224596,1.8167057919999936,18293.031026694036,0.1703259325778811,0.0020266501825848,0.1502438478443676,0.320402197431584,0.0078751993563441,0.9980745512101628,0.9643684281244772,0.0018719114753679,0.4750533334507844,0.0005026019722591,0.0007685033515326,0.9999460617086215,0.9236184738427776,4D,3D-independent,4D-E,0.6208676917939902,0.0,4D-E
8,8,3D-current-e419eaac8e1a,3D,3D-current,equal_total,32,legacy-independent,raw_minmax,"[48, 48]",,"[1.0, 1.0]",wells,5,10,ridge(alpha_relative=0.0001),129984,13.769510167003318,443750.413679515,0.8334235605190594,0.0033169361386312,0.2458980108182234,0.5243892787665166,0.0128890193129766,0.9943503078570962,0.923181201887962,0.0115216749186151,2.923968440307066,0.0030935311920592,0.0047301626742181,0.9994604942063028,0.7491632162101413,3D,3D-current,4D-A-current,1.747006452717247,0.0,3D current
8,8,4D-A-current-205a30146a4e,4D,4D-A-current,equal_total,32,legacy-joint,raw_minmax,"[48, 48]",2.0,"[1.0, 1.0]",wells,5,10,ridge(alpha_relative=0.0001),194740,15.203882750000048,240378.33674767963,1.309242576963744,0.0035512496438288,0.26326862708209,0.561432949449451,0.0137995195962374,0.976447474675747,0.8337275688061356,0.018181098510387,4.613995675975484,0.0048815641601649,0.007464153793401,0.990346299747072,0.4468604215990607,4D,3D-current,4D-A-current,1.747006452717247,0.0,4D current
8,8,4D-A-4ea76ef087a9,4D,4D-A,equal_total,32,joint,standardized_anomaly,"[80, 48]",2.0,"[1.0, 1.0]",wells,10,20,ridge(alpha_relative=0.0001),259188,1.1225588329980385,870266.9271387827,0.1703455905542662,0.0015771768281148,0.1169225539874469,0.2493429432511395,0.0061286264636796,0.9981931531439564,0.979214323452119,0.0020354376001475,0.5165529618814525,0.0005465081900005,0.0008356381368096,0.999913613426322,0.92497198385155,4D,3D-independent,4D-A,0.4350130048747415,0.0,4D-A
8,8,3D-independent-7db5f3bc9ad5,3D,3D-independent,equal_total,32,independent,raw_minmax,"[80, 48]",,"[1.0, 1.0]",wells,10,20,ridge(alpha_relative=0.0001),149728,0.741674167002202,2754691431.0942216,0.2561879737013998,0.0018629100471299,0.13810512345636,0.2945157866151974,0.0072389345384575,0.9986425780035668,0.9654836738014646,0.0031531218958621,0.8001986670398238,0.0008466026863381,0.0012944975105112,0.9998849063151016,0.8616201175797042,3D,3D-independent,4D-B,0.3984009601768999,0.0,3D optimized
8,8,4D-B-2828b82824ed,4D,4D-B,equal_total,32,shared-independent,ensemble_anomaly,"[80, 48]",,"[1.0, 1.0]",wells,10,20,ridge(alpha_relative=0.0001),136304,0.8223747090014513,2376503727.165741,0.2716576371045898,0.001690756847705,0.1253427043064834,0.2672993168639757,0.006569978061926,0.9983471077140104,0.9804435693003588,0.0034490792918554,0.875306677955999,0.0009260662576064,0.0014160012534631,0.9999066416305956,0.8475940983878876,4D,3D-independent,4D-B,0.3984009601768999,0.0,4D optimized
8,8,4D-B-2828b82824ed,4D,4D-B,equal_total,32,shared-independent,ensemble_anomaly,"[80, 48]",,"[1.0, 1.0]",wells,10,20,ridge(alpha_relative=0.0001),136304,0.8223747090014513,2376503727.165741,0.2716576371045898,0.001690756847705,0.1253427043064834,0.2672993168639757,0.006569978061926,0.9983471077140104,0.9804435693003588,0.0034490792918554,0.875306677955999,0.0009260662576064,0.0014160012534631,0.9999066416305956,0.8475940983878876,4D,3D-independent,4D-B,0.3984009601768999,0.0,4D-B
8,8,4D-C-44adce3e7a5f,4D,4D-C,equal_total,32,joint,standardized_anomaly,"[80, 48]",2.0,"[1.0, 0.5]",wells,10,20,ridge(alpha_relative=1e-06),259188,0.898049458002788,4549982.441624073,0.1910838743145814,0.0015595835303251,0.1156182910322976,0.2465615400665558,0.0060602620618604,0.9983540798736458,0.9801654207486652,0.0023662286400954,0.6005010482470095,0.0006353244782017,0.0009714426479748,0.9998860327143388,0.923402263293298,4D,3D-independent,4D-C,0.4259874057160308,0.0,4D-C
8,8,4D-D-2ecf0e4138e3,4D,4D-D,equal_total,32,partial-spatial,standardized_anomaly,"[80, 48]",,"[1.0, 1.0]",wells,10,20,ridge(alpha_relative=0.0001),163152,1.3547131680024904,917169.4834942406,0.185501804351581,0.0016406317468368,0.1216267260420873,0.2593748153379376,0.0063752009042864,0.9981465182483517,0.9792305038736616,0.0022464088296938,0.5700931998558283,0.0006031532597354,0.0009222512588064,0.9999141185990172,0.9201949131095214,4D,3D-independent,4D-D,0.4557349213255363,0.0,4D-D
8,8,4D-E-4f4328240852,4D,4D-E,equal_total,32,joint-property-residual,standardized_anomaly,"[80, 48]",2.0,"[1.0, 1.0]",wells,10,20,ridge(alpha_relative=1e-06),224596,1.8167057919999936,913758.0526188208,0.19236802805799,0.0017020747448899,0.1261817462078338,0.2690886138820359,0.0066139573817868,0.9979094855289224,0.9769299652939252,0.002299457060036,0.5835557695282482,0.0006173965322116,0.000944029929084,0.9998961577833256,0.9036008417143182,4D,3D-independent,4D-E,0.4457380015744682,0.0,4D-E
8,8,3D-current-e419eaac8e1a,3D,3D-current,equal_total,32,legacy-independent,raw_minmax,"[48, 48]",,"[1.0, 1.0]",wells,10,20,ridge(alpha_relative=0.0001),129984,13.769510167003318,47199655.94356244,0.2672906342090175,0.0022328942699002,0.165533563622499,0.3530082482197148,0.0086766269128278,0.994344105064779,0.925776770293134,0.003141745938119,0.7973116786762557,0.0008435482797205,0.0012898271712524,0.9998850145985808,0.8615886406322355,3D,3D-current,4D-A-current,0.9798855707655044,0.0,3D current
8,8,4D-A-current-205a30146a4e,4D,4D-A-current,equal_total,32,legacy-joint,raw_minmax,"[48, 48]",2.0,"[1.0, 1.0]",wells,10,20,ridge(alpha_relative=0.0001),194740,15.203882750000048,67573298.17020439,1.1950971136478037,0.0031496319861301,0.2334950713034977,0.4979394165448996,0.0122389053636565,0.9748902511081088,0.8235922997584058,0.016484227074484,4.183363970005149,0.0044259598532426,0.0067675122038968,0.9901861718501604,0.4493488736764603,4D,3D-current,4D-A-current,0.9798855707655044,0.0,4D current
8,8,4D-A-4ea76ef087a9,4D,4D-A,equal_total,32,joint,standardized_anomaly,"[80, 48]",2.0,"[1.0, 1.0]",wells,15,30,ridge(alpha_relative=0.0001),259188,1.1225588329980385,3406658.926962186,0.1738598158680789,0.0012889002813044,0.0955514372509428,0.2037680138135245,0.0050084354729509,0.998485451728545,0.983416088698495,0.0021617889057015,0.5486183718536145,0.0005804330930766,0.0008875109967533,0.999927357978796,0.914045002565988,4D,3D-independent,4D-A,0.3869374341620523,0.0,4D-A
8,8,3D-independent-7db5f3bc9ad5,3D,3D-independent,equal_total,32,independent,raw_minmax,"[80, 48]",,"[1.0, 1.0]",wells,15,30,ridge(alpha_relative=0.0001),149728,0.741674167002202,5737205701.0202,0.2306918212958787,0.0015149795233044,0.1123116139838088,0.2395098929759551,0.005886938885321,0.9990910445616976,0.9788842974419056,0.0029193768948023,0.7408789057198629,0.0007838429350976,0.0011985347371203,0.9999003958962266,0.8819621715984082,3D,3D-independent,4D-B,0.3558466029074206,0.0,3D optimized
8,8,4D-B-2828b82824ed,4D,4D-B,equal_total,32,shared-independent,ensemble_anomaly,"[80, 48]",,"[1.0, 1.0]",wells,15,30,ridge(alpha_relative=0.0001),136304,0.8223747090014513,18139409118.957016,0.2711750728668594,0.0014572947352386,0.1080352052599128,0.2303902466682328,0.0056627861382163,0.9987897333136768,0.9849127990979584,0.0035144962223824,0.8919081739775313,0.0009436304847265,0.0014428578281561,0.9999032574927288,0.8455733764420549,4D,3D-independent,4D-B,0.3558466029074206,0.0,4D optimized
8,8,4D-B-2828b82824ed,4D,4D-B,equal_total,32,shared-independent,ensemble_anomaly,"[80, 48]",,"[1.0, 1.0]",wells,15,30,ridge(alpha_relative=0.0001),136304,0.8223747090014513,18139409118.957016,0.2711750728668594,0.0014572947352386,0.1080352052599128,0.2303902466682328,0.0056627861382163,0.9987897333136768,0.9849127990979584,0.0035144962223824,0.8919081739775313,0.0009436304847265,0.0014428578281561,0.9999032574927288,0.8455733764420549,4D,3D-independent,4D-B,0.3558466029074206,0.0,4D-B
8,8,4D-C-44adce3e7a5f,4D,4D-C,equal_total,32,joint,standardized_anomaly,"[80, 48]",2.0,"[1.0, 0.5]",wells,15,30,ridge(alpha_relative=0.0001),259188,0.898049458002788,17940494.513630815,0.1780499900642893,0.0012816234906219,0.0950119790644786,0.2026175934079941,0.0049801591686378,0.9987643699491032,0.9853406286838504,0.0022355104980119,0.5673274233420033,0.0006002270941182,0.0009177770063998,0.9999238778776808,0.9149382556147984,4D,3D-independent,4D-C,0.3925100621483627,0.0,4D-C
8,8,4D-D-2ecf0e4138e3,4D,4D-D,equal_total,32,partial-spatial,standardized_anomaly,"[80, 48]",,"[1.0, 1.0]",wells,15,30,ridge(alpha_relative=0.0001),163152,1.3547131680024904,5493186.357247985,0.2047114395761904,0.0013655059857826,0.1012305307158777,0.2158789524755145,0.0053061115098826,0.9985073822925248,0.9830821800882226,0.002602882887368,0.6605591175101603,0.000698865352323,0.0010685997970049,0.9998998935451768,0.90280559975433,4D,3D-independent,4D-D,0.3906736699315749,0.0,4D-D
8,8,4D-E-4f4328240852,4D,4D-E,equal_total,32,joint-property-residual,standardized_anomaly,"[80, 48]",2.0,"[1.0, 1.0]",wells,15,30,ridge(alpha_relative=0.0001),224596,1.8167057919999936,7440726.721024552,0.2012421749330904,0.0017910862681978,0.1327805336449513,0.2831608439638058,0.006959840207094,0.9973927796238212,0.9730111320577736,0.0024135481670285,0.6125097886723515,0.0006480296129668,0.0009908694293796,0.9999179277014336,0.9076321131121088,4D,3D-independent,4D-E,0.4074121893385409,0.0,4D-E
8,8,3D-current-e419eaac8e1a,3D,3D-current,equal_total,32,legacy-independent,raw_minmax,"[48, 48]",,"[1.0, 1.0]",wells,15,30,ridge(alpha_relative=0.0001),129984,13.769510167003318,161473743.32611224,0.2430984877024088,0.0018938577700131,0.1403994044368426,0.2994084506291913,0.0073591918425668,0.9945512700732952,0.9393893200357176,0.0029235572980088,0.7419398076399364,0.000784965359381,0.0012002509795374,0.9998992978090332,0.8805012024985697,3D,3D-current,4D-A-current,0.928636112675898,0.0,3D current
8,8,4D-A-current-205a30146a4e,4D,4D-A-current,equal_total,32,legacy-joint,raw_minmax,"[48, 48]",2.0,"[1.0, 1.0]",wells,15,30,ridge(alpha_relative=0.0001),194740,15.203882750000048,1593288361.7588663,1.1544083723359306,0.0030718687020697,0.227730161740593,0.4856454709461261,0.0119367311799508,0.9754374597887416,0.8176331861707113,0.0158581709384521,4.024483564460972,0.0042578658739839,0.0065104881698444,0.9904515649699068,0.4515272875449732,4D,3D-current,4D-A-current,0.928636112675898,0.0,4D current
8,8,4D-A-4ea76ef087a9,4D,4D-A,equal_total,32,joint,standardized_anomaly,"[80, 48]",2.0,"[1.0, 1.0]",wells,20,40,ridge(alpha_relative=0.0001),259188,1.1225588329980385,3279.7998493507534,0.171613951444894,0.000756389024606,0.05607420486308,0.1195809260421119,0.0029391921757932,0.9990067526129124,0.9876526045910822,0.0022898245448972,0.5811112316927628,0.0006148102341038,0.0009400753509615,0.9999052708871808,0.9138066569614512,4D,3D-independent,4D-A,0.4021042002836709,0.0,4D-A
8,8,3D-independent-7db5f3bc9ad5,3D,3D-independent,equal_total,32,independent,raw_minmax,"[80, 48]",,"[1.0, 1.0]",wells,20,40,ridge(alpha_relative=1e-06),149728,0.741674167002202,414055.4813159107,0.1412597925456479,0.0011979555541556,0.0888093335246016,0.1893901548846913,0.004655040564022,0.999501428690329,0.981973329936952,0.0017067369214563,0.4331353669927251,0.0004582531568074,0.0007006918123978,0.9999530862234832,0.931837730732518,3D,3D-independent,4D-B,0.3223469728853135,0.0,3D optimized
8,8,4D-B-2828b82824ed,4D,4D-B,equal_total,32,shared-independent,ensemble_anomaly,"[80, 48]",,"[1.0, 1.0]",wells,20,40,ridge(alpha_relative=1e-06),136304,0.8223747090014513,1319593.8131151404,0.1288589182322124,0.0007626341424312,0.0565371809308628,0.1205682446684927,0.0029634595842982,0.9994109318451384,0.99170117986267,0.0016650767275083,0.4225628510016481,0.0004470675340263,0.0006835884402053,0.9999502668223934,0.9356275381446522,4D,3D-independent,4D-B,0.3223469728853135,0.0,4D optimized
8,8,4D-B-2828b82824ed,4D,4D-B,equal_total,32,shared-independent,ensemble_anomaly,"[80, 48]",,"[1.0, 1.0]",wells,20,40,ridge(alpha_relative=1e-06),136304,0.8223747090014513,1319593.8131151404,0.1288589182322124,0.0007626341424312,0.0565371809308628,0.1205682446684927,0.0029634595842982,0.9994109318451384,0.99170117986267,0.0016650767275083,0.4225628510016481,0.0004470675340263,0.0006835884402053,0.9999502668223934,0.9356275381446522,4D,3D-independent,4D-B,0.3223469728853135,0.0,4D-B
8,8,4D-C-44adce3e7a5f,4D,4D-C,equal_total,32,joint,standardized_anomaly,"[80, 48]",2.0,"[1.0, 0.5]",wells,20,40,ridge(alpha_relative=0.0001),259188,0.898049458002788,2253.3113918675085,0.1876157163379465,0.0007218584967446,0.0535143159298144,0.1141218403546322,0.0028050127337142,0.9992886975155458,0.9900272056811076,0.0025535446235375,0.6480380624240817,0.0006856181934508,0.0010483442338485,0.9998949992584404,0.9121518203231128,4D,3D-independent,4D-C,0.4027205847966072,0.0,4D-C
8,8,4D-D-2ecf0e4138e3,4D,4D-D,equal_total,32,partial-spatial,standardized_anomaly,"[80, 48]",,"[1.0, 1.0]",wells,20,40,ridge(alpha_relative=0.0001),163152,1.3547131680024904,2245.699534672411,0.1859269253764944,0.0007217463169399,0.0535059995831388,0.1141041053472578,0.0028045768231,0.9989737400062368,0.9887342687073636,0.0025294505238306,0.6419234664440464,0.0006791490082399,0.0010384525287008,0.999889678149258,0.9147092603350516,4D,3D-independent,4D-D,0.397414448713024,0.0,4D-D
8,8,4D-E-4f4328240852,4D,4D-E,equal_total,32,joint-property-residual,standardized_anomaly,"[80, 48]",2.0,"[1.0, 1.0]",wells,20,40,ridge(alpha_relative=0.0001),224596,1.8167057919999936,3687.558063698066,0.2052711828255107,0.0011934584622275,0.0884759457494515,0.188679189495509,0.0046375656708404,0.994424851681225,0.9571521087800868,0.0026141323502208,0.6634140040248827,0.0007018857954856,0.0010732182044559,0.9998866988194682,0.9044583281644956,4D,3D-independent,4D-E,0.4159602477238202,0.0,4D-E
8,8,3D-current-e419eaac8e1a,3D,3D-current,equal_total,32,legacy-independent,raw_minmax,"[48, 48]",,"[1.0, 1.0]",wells,20,40,ridge(alpha_relative=0.0001),129984,13.769510167003318,294196.00948925485,0.2363508771786991,0.0016042904151692,0.1189325948336333,0.2536294515726816,0.0062339850031821,0.9947809376717626,0.9412885166630404,0.0029059402617819,0.7374689595815482,0.000780235244058,0.0011930183985299,0.999898165863619,0.8807075747377294,3D,3D-current,4D-A-current,0.9037687408111764,0.0,3D current
8,8,4D-A-current-205a30146a4e,4D,4D-A-current,equal_total,32,legacy-joint,raw_minmax,"[48, 48]",2.0,"[1.0, 1.0]",wells,20,40,ridge(alpha_relative=0.0001),194740,15.203882750000048,202308.95196181175,1.1524958298220398,0.0029271650391724,0.2170026887421996,0.4627686212721641,0.0113744386823595,0.975868682163965,0.827130510815314,0.0158879281193097,4.03203533608398,0.0042658555775488,0.0065227048229939,0.9904194865574616,0.4509789002607261,4D,3D-current,4D-A-current,0.9037687408111764,0.0,4D current
8,8,4D-A-4ea76ef087a9,4D,4D-A,equal_total,32,joint,standardized_anomaly,"[80, 48]",2.0,"[1.0, 1.0]",wells,30,60,ridge(alpha_relative=0.0001),259188,1.1225588329980385,385.09646335973946,0.1578975560063457,0.0005894112595605,0.0436954617822753,0.0931826638740712,0.0022903465096247,0.9994474747216426,0.9857955851543986,0.0021273878495502,0.539888078453548,0.0005711965245225,0.0008733878251737,0.9999290042074602,0.9181910472664824,4D,3D-independent,4D-A,0.3451636163793772,0.0,4D-A
8,8,3D-independent-7db5f3bc9ad5,3D,3D-independent,equal_total,32,independent,raw_minmax,"[80, 48]",,"[1.0, 1.0]",wells,30,60,ridge(alpha_relative=1e-06),149728,0.741674167002202,31633.640802342885,0.1311629101695191,0.0009319452677525,0.0690889055302597,0.1473353982052463,0.003621372270271,0.9996313546834305,0.9658974186649352,0.0016036804069967,0.4069817046149441,0.0004305828272522,0.0006583825056802,0.9999639643817148,0.9369405202693196,3D,3D-independent,4D-B,0.2906492609281441,0.0,3D optimized
8,8,4D-B-2828b82824ed,4D,4D-B,equal_total,32,shared-independent,ensemble_anomaly,"[80, 48]",,"[1.0, 1.0]",wells,30,60,ridge(alpha_relative=1e-06),136304,0.8223747090014513,109357.92544016936,0.1123601421591203,0.0006934012490095,0.0514046640345287,0.1096229067026836,0.0026944329696424,0.9998121199607044,0.9640472336829924,0.0014025903532541,0.3559491095316467,0.0003765908201821,0.0005758260481262,0.999958549233941,0.9517791761763954,4D,3D-independent,4D-B,0.2906492609281441,0.0,4D optimized
8,8,4D-B-2828b82824ed,4D,4D-B,equal_total,32,shared-independent,ensemble_anomaly,"[80, 48]",,"[1.0, 1.0]",wells,30,60,ridge(alpha_relative=1e-06),136304,0.8223747090014513,109357.92544016936,0.1123601421591203,0.0006934012490095,0.0514046640345287,0.1096229067026836,0.0026944329696424,0.9998121199607044,0.9640472336829924,0.0014025903532541,0.3559491095316467,0.0003765908201821,0.0005758260481262,0.999958549233941,0.9517791761763954,4D,3D-independent,4D-B,0.2906492609281441,0.0,4D-B
8,8,4D-C-44adce3e7a5f,4D,4D-C,equal_total,32,joint,standardized_anomaly,"[80, 48]",2.0,"[1.0, 0.5]",wells,30,60,ridge(alpha_relative=0.0001),259188,0.898049458002788,242.1925927347692,0.1623895725604206,0.0007002756520834,0.0519142915856071,0.1107097118503151,0.0027211456678314,0.9996741708658908,0.9889691499859152,0.0021775699062456,0.5526232711302627,0.0005846702389577,0.0008939898030261,0.9999224847770316,0.9209893949624592,4D,3D-independent,4D-C,0.3629609980729578,0.0,4D-C
8,8,4D-D-2ecf0e4138e3,4D,4D-D,equal_total,32,partial-spatial,standardized_anomaly,"[80, 48]",,"[1.0, 1.0]",wells,30,60,ridge(alpha_relative=0.0001),163152,1.3547131680024904,783.2667501661216,0.2405776885547579,0.0007337364323385,0.0543948757636797,0.1159996763511694,0.0028511682624521,0.9970791494990984,0.9745409968002522,0.0033500866374923,0.8501843412103032,0.0008994870608993,0.0013753603430054,0.9998559620830832,0.90999592870965,4D,3D-independent,4D-D,0.4191933364384718,0.0,4D-D
8,8,4D-E-4f4328240852,4D,4D-E,equal_total,32,joint-property-residual,standardized_anomaly,"[80, 48]",2.0,"[1.0, 1.0]",wells,30,60,ridge(alpha_relative=0.0001),224596,1.8167057919999936,794.4983114414782,0.171067009986751,0.0008691098862715,0.0644306622993363,0.1374014715335551,0.0033772052403381,0.9965899953055506,0.971429493590832,0.0022163825947736,0.5624731477446594,0.0005950913160543,0.0009099241469351,0.9999236280777032,0.913842046603151,4D,3D-independent,4D-E,0.3770990108624295,0.0,4D-E
8,8,3D-current-e419eaac8e1a,3D,3D-current,equal_total,32,legacy-independent,raw_minmax,"[48, 48]",,"[1.0, 1.0]",wells,30,60,ridge(alpha_relative=0.0001),129984,13.769510167003318,36583.10292283152,0.203759079408856,0.001587661526871,0.1176998274893876,0.2510005162007163,0.0061693681237876,0.994964931141934,0.9452911882937338,0.0024252595862768,0.6154819103920842,0.000651174089877,0.0009956774905844,0.9999136915688824,0.8909996521983616,3D,3D-current,4D-A-current,0.8782098422743652,0.0,3D current
8,8,4D-A-current-205a30146a4e,4D,4D-A-current,equal_total,32,legacy-joint,raw_minmax,"[48, 48]",2.0,"[1.0, 1.0]",wells,30,60,ridge(alpha_relative=0.0001),194740,15.203882750000048,18056.351085507096,1.1430158946691895,0.0028826463133696,0.2137023339383887,0.4557304566709735,0.0112014468933472,0.9760624252897036,0.8449760198804972,0.0158042358433387,4.010795926417837,0.004243384481282,0.0064883454019276,0.9904813965084353,0.4598933434784371,4D,3D-current,4D-A-current,0.8782098422743652,0.0,4D current
8,8,4D-A-4ea76ef087a9,4D,4D-A,equal_total,32,joint,standardized_anomaly,"[80, 48]",2.0,"[1.0, 1.0]",grid,30,30,ridge(alpha_relative=0.0001),259188,1.1225588329980385,277.46601106286556,0.2015629203913982,0.0043934685017354,0.3257057477190553,0.694583097960737,0.0170722311202497,0.9982962395044344,0.906487860893812,0.0015995072252143,0.4059226353465014,0.000429462341897,0.0006566692279806,0.999921056916232,0.9442655421061152,4D,3D-independent,4D-A,0.8241147582463502,0.0,4D-A
8,8,4D-B-2828b82824ed,4D,4D-B,equal_total,32,shared-independent,ensemble_anomaly,"[80, 48]",,"[1.0, 1.0]",grid,30,30,ridge(alpha_relative=0.0001),136304,0.8223747090014513,1.4362041481143813e+18,0.2835039781598649,0.0034589227201567,0.2564240554873855,0.5468365728863801,0.0134407537193617,0.9992770894073408,0.9120346012149712,0.0030662989701715,0.7781647616911934,0.0008232910210892,0.0012588528177674,0.9999171609413404,0.8891112078632675,4D,3D-independent,4D-B,0.6287163344712269,0.0,4D-B
8,8,4D-C-44adce3e7a5f,4D,4D-C,equal_total,32,joint,standardized_anomaly,"[80, 48]",2.0,"[1.0, 0.5]",grid,30,30,ridge(alpha_relative=0.0001),259188,0.898049458002788,855.8987621169948,0.1963523403038991,0.004310300636738,0.3195401745177287,0.6814347179739793,0.0167490557037303,0.998559740201945,0.9090686609698648,0.001555898903932,0.3948557239759887,0.0004177536534404,0.000638766062419,0.9999227058469472,0.948904413586377,4D,3D-independent,4D-C,0.7846423163271061,0.0,4D-C
8,8,3D-independent-7db5f3bc9ad5,3D,3D-independent,equal_total,32,independent,raw_minmax,"[80, 48]",,"[1.0, 1.0]",grid,30,30,ridge(alpha_relative=0.0001),149728,0.741674167002202,1.3753305132452049e+19,0.5228857780314624,0.0100559450895439,0.7454882430858324,1.5897893635653837,0.0390756002082233,0.9976264943297872,0.3015041117137159,0.0036506071361854,0.9264503754501894,0.0009801758099855,0.0014987374436263,0.9999128071855532,0.8592869011066288,3D,3D-independent,4D-D,0.6083717856930808,0.0,3D optimized
8,8,4D-D-2ecf0e4138e3,4D,4D-D,equal_total,32,partial-spatial,standardized_anomaly,"[80, 48]",,"[1.0, 1.0]",grid,30,30,ridge(alpha_relative=0.0001),163152,1.3547131680024904,2.545366623204063e+18,0.1633746499277082,0.0032836293889526,0.2434288455553117,0.5191236656488457,0.0127595952535679,0.9986873552340442,0.915492064801197,0.0013688333560048,0.3473822652756246,0.0003675271792897,0.0005619672915209,0.9999445249530624,0.9591329574390092,4D,3D-independent,4D-D,0.6083717856930808,0.0,4D optimized
8,8,4D-D-2ecf0e4138e3,4D,4D-D,equal_total,32,partial-spatial,standardized_anomaly,"[80, 48]",,"[1.0, 1.0]",grid,30,30,ridge(alpha_relative=0.0001),163152,1.3547131680024904,2.545366623204063e+18,0.1633746499277082,0.0032836293889526,0.2434288455553117,0.5191236656488457,0.0127595952535679,0.9986873552340442,0.915492064801197,0.0013688333560048,0.3473822652756246,0.0003675271792897,0.0005619672915209,0.9999445249530624,0.9591329574390092,4D,3D-independent,4D-D,0.6083717856930808,0.0,4D-D
8,8,4D-E-4f4328240852,4D,4D-E,equal_total,32,joint-property-residual,standardized_anomaly,"[80, 48]",2.0,"[1.0, 1.0]",grid,30,30,ridge(alpha_relative=0.0001),224596,1.8167057919999936,1584.070377538124,0.2250147936872585,0.0057842008969619,0.4288064151041615,0.9144502064034692,0.0224763679356946,0.9981585110442096,0.8570261874407435,0.0014795221109784,0.3754728361801012,0.0003972467399039,0.0006074099741977,0.9999301277015208,0.9514139656297136,4D,3D-independent,4D-E,0.8161290880476775,0.0,4D-E
8,8,3D-current-e419eaac8e1a,3D,3D-current,equal_total,32,legacy-independent,raw_minmax,"[48, 48]",,"[1.0, 1.0]",grid,30,30,ridge(alpha_relative=0.0001),129984,13.769510167003318,1.1637001869925947e+19,0.5388513540298269,0.0111360527627839,0.8255610323162006,1.7605484195399197,0.0432727050298522,0.99279973193286,0.3163981630329175,0.0036138532177782,0.9171229731202823,0.0009703075057826,0.0014836483168969,0.9999128369900456,0.8581590156014332,3D,3D-current,4D-A-current,1.2281697518141703,0.0,3D current
8,8,4D-A-current-205a30146a4e,4D,4D-A-current,equal_total,32,legacy-joint,raw_minmax,"[48, 48]",2.0,"[1.0, 1.0]",grid,30,30,ridge(alpha_relative=0.0001),194740,15.203882750000048,1656711.6141913468,1.293845532313714,0.0051683469783614,0.3831506511071634,0.8170871042203508,0.0200832699925761,0.9758505526426176,0.7871931980570336,0.0173752286958939,4.409482189766375,0.00466519080946,0.0071333082050885,0.9902874614914192,0.4473082251803317,4D,3D-current,4D-A-current,1.2281697518141703,0.0,4D current
8,8,4D-A-4ea76ef087a9,4D,4D-A,equal_total,32,joint,standardized_anomaly,"[80, 48]",2.0,"[1.0, 1.0]",grid,100,100,ridge(alpha_relative=1e-06),259188,1.1225588329980385,103.56274817541812,0.0812658211549678,0.0006984695693564,0.0517803993032814,0.110424180149072,0.0027141275540736,0.9993179058988132,0.987477062846883,0.0009906567049527,0.2514086676564979,0.0002659880129444,0.0004067088684441,0.9999631812432574,0.968774501832933,4D,3D-independent,4D-A,0.3098799472246171,0.0,4D-A
8,8,3D-independent-7db5f3bc9ad5,3D,3D-independent,equal_total,32,independent,raw_minmax,"[80, 48]",,"[1.0, 1.0]",grid,100,100,ridge(alpha_relative=1e-06),149728,0.741674167002202,5155.965925602532,0.1150901720902491,0.0009271605455755,0.0687341945510706,0.1465789600627471,0.0036027796974963,0.9997007247426924,0.958773780029986,0.0013317908716756,0.3379816307416398,0.0003575813961016,0.0005467596955791,0.9999661909157236,0.9339364938334416,3D,3D-independent,4D-B,0.2172515724938228,0.0,3D optimized
8,8,4D-B-2828b82824ed,4D,4D-B,equal_total,32,shared-independent,ensemble_anomaly,"[80, 48]",,"[1.0, 1.0]",grid,100,100,ridge(alpha_relative=1e-06),136304,0.8223747090014513,15010.252609090472,0.1081995241053743,0.000976007664812,0.0723554308222666,0.1543014197531568,0.0037925908475784,0.9998101001580304,0.9521582120700112,0.0012456362416119,0.3161173253284127,0.0003344491659941,0.0005113893680689,0.9999566384646744,0.959191107388353,4D,3D-independent,4D-B,0.2172515724938228,0.0,4D optimized
8,8,4D-B-2828b82824ed,4D,4D-B,equal_total,32,shared-independent,ensemble_anomaly,"[80, 48]",,"[1.0, 1.0]",grid,100,100,ridge(alpha_relative=1e-06),136304,0.8223747090014513,15010.252609090472,0.1081995241053743,0.000976007664812,0.0723554308222666,0.1543014197531568,0.0037925908475784,0.9998101001580304,0.9521582120700112,0.0012456362416119,0.3161173253284127,0.0003344491659941,0.0005113893680689,0.9999566384646744,0.959191107388353,4D,3D-independent,4D-B,0.2172515724938228,0.0,4D-B
8,8,4D-C-44adce3e7a5f,4D,4D-C,equal_total,32,joint,standardized_anomaly,"[80, 48]",2.0,"[1.0, 0.5]",grid,100,100,ridge(alpha_relative=1e-06),259188,0.898049458002788,137.80739446843572,0.0812505082674659,0.0006574890224816,0.0487423441410494,0.1039453820893617,0.0025548844941985,0.9995747275825784,0.9882723518558408,0.0010011493755701,0.2540714955835803,0.0002688052599221,0.0004110165788472,0.999962795663034,0.9673512614536908,4D,3D-independent,4D-C,0.3060395941484932,0.0,4D-C
8,8,4D-D-2ecf0e4138e3,4D,4D-D,equal_total,32,partial-spatial,standardized_anomaly,"[80, 48]",,"[1.0, 1.0]",grid,100,100,ridge(alpha_relative=1e-06),163152,1.3547131680024904,826.9622657495845,0.0964349493063049,0.0011320961985062,0.0839269107491551,0.1789781546032323,0.0043991229124825,0.9923208971623954,0.9561995404179914,0.0010372345957523,0.26322919580681,0.0002784940208874,0.0004258311750584,0.999962417564171,0.9666330782434996,4D,3D-independent,4D-D,0.2301377920644347,0.0,4D-D
8,8,4D-E-4f4328240852,4D,4D-E,equal_total,32,joint-property-residual,standardized_anomaly,"[80, 48]",2.0,"[1.0, 1.0]",grid,100,100,ridge(alpha_relative=1e-06),224596,1.8167057919999936,810.3927129355769,0.1004439807311664,0.0015220131983388,0.1128330490152401,0.2406218781406418,0.0059142704858012,0.993737917961974,0.9642268640688147,0.0010038816483421,0.254764891241071,0.0002695388660258,0.0004121382989767,0.999962225246887,0.9674171705944762,4D,3D-independent,4D-E,0.3099525303453972,0.0,4D-E
8,8,3D-current-e419eaac8e1a,3D,3D-current,equal_total,32,legacy-independent,raw_minmax,"[48, 48]",,"[1.0, 1.0]",grid,100,100,ridge(alpha_relative=1e-06),129984,13.769510167003318,6450.819715971755,0.1299365700941037,0.0015530930276872,0.1151371235870514,0.2455354274569458,0.0060350411319557,0.99370088245791,0.9180458472448756,0.0012955393967399,0.3287817384191093,0.000347847996291,0.0005318768443585,0.9999641890077456,0.930299316014616,3D,3D-current,4D-A-current,0.8645359226591058,0.0,3D current
8,8,4D-A-current-205a30146a4e,4D,4D-A-current,equal_total,32,legacy-joint,raw_minmax,"[48, 48]",2.0,"[1.0, 1.0]",grid,100,100,ridge(alpha_relative=1e-06),194740,15.203882750000048,18450.136234850143,1.2077794253567693,0.0049224132363267,0.3649185792698156,0.7782063382906346,0.0191276155517564,0.9543812651711724,0.7398286547521006,0.0160089913814743,4.0627587474239535,0.0042983606586559,0.0065724067047043,0.9904145909075446,0.4532905957812826,4D,3D-current,4D-A-current,0.8645359226591058,0.0,4D current
8,8,4D-A-4ea76ef087a9,4D,4D-A,equal_total,32,joint,standardized_anomaly,"[80, 48]",2.0,"[1.0, 1.0]",grid,300,300,ridge(alpha_relative=1e-06),259188,1.1225588329980385,94.16075817639876,0.0745086849093609,0.000540606784517,0.0400773868991124,0.0854669459949723,0.0021007010672329,0.9993292991511862,0.9906904242651744,0.0009382208823482,0.2381015147017295,0.0002519091698982,0.0003851816189228,0.9999684924315884,0.9695978996616224,4D,3D-independent,4D-A,0.239919003809944,0.0,4D-A
8,8,3D-independent-7db5f3bc9ad5,3D,3D-independent,equal_total,32,independent,raw_minmax,"[80, 48]",,"[1.0, 1.0]",grid,300,300,least_squares(rcond=1e-10),149728,0.741674167002202,5690.746556151413,0.089367304789607,0.0006897150975456,0.0511313945850496,0.1090401465207511,0.0026801092457527,0.99970560686802,0.97271457937618,0.0010585994771582,0.2686511712924003,0.0002842304201098,0.0004346024140735,0.999972751869293,0.9519121140618632,3D,3D-independent,4D-B,0.1775836152442305,0.0,3D optimized
8,8,4D-B-2828b82824ed,4D,4D-B,equal_total,32,shared-independent,ensemble_anomaly,"[80, 48]",,"[1.0, 1.0]",grid,300,300,least_squares(rcond=1e-10),136304,0.8223747090014513,15368.998673275812,0.0824745567339459,0.0005931912884239,0.0439756907464437,0.0937802655542182,0.0023050350242621,0.9998315604571144,0.976487612963872,0.0010090994348669,0.2560890600997076,0.0002709398242617,0.000414280433626,0.999965009553015,0.9638454348568636,4D,3D-independent,4D-B,0.1775836152442305,0.0,4D optimized
8,8,4D-B-2828b82824ed,4D,4D-B,equal_total,32,shared-independent,ensemble_anomaly,"[80, 48]",,"[1.0, 1.0]",grid,300,300,least_squares(rcond=1e-10),136304,0.8223747090014513,15368.998673275812,0.0824745567339459,0.0005931912884239,0.0439756907464437,0.0937802655542182,0.0023050350242621,0.9998315604571144,0.976487612963872,0.0010090994348669,0.2560890600997076,0.0002709398242617,0.000414280433626,0.999965009553015,0.9638454348568636,4D,3D-independent,4D-B,0.1775836152442305,0.0,4D-B
8,8,4D-C-44adce3e7a5f,4D,4D-C,equal_total,32,joint,standardized_anomaly,"[80, 48]",2.0,"[1.0, 0.5]",grid,300,300,ridge(alpha_relative=1e-06),259188,0.898049458002788,123.40055585467476,0.0744845705006729,0.0005364404958019,0.039768522915992,0.0848082787662033,0.0020845116160443,0.9996000109501316,0.992076950067608,0.0009400113083492,0.2385558886672236,0.000252389893293,0.0003859166688441,0.9999682510243332,0.96869530909344,4D,3D-independent,4D-C,0.2413694089052963,0.0,4D-C
8,8,4D-D-2ecf0e4138e3,4D,4D-D,equal_total,32,partial-spatial,standardized_anomaly,"[80, 48]",,"[1.0, 1.0]",grid,300,300,ridge(alpha_relative=1e-06),163152,1.3547131680024904,547.3866671158862,0.0776743566649804,0.0005419404930496,0.0401762601548748,0.085677797945771,0.0021058836195391,0.9990194020792156,0.9859512796813013,0.0009753155004138,0.2475153797252914,0.0002618689508201,0.0004004106180942,0.999967094100327,0.968037146759188,4D,3D-independent,4D-D,0.1789410947907911,0.0,4D-D
8,8,4D-E-4f4328240852,4D,4D-E,equal_total,32,joint-property-residual,standardized_anomaly,"[80, 48]",2.0,"[1.0, 1.0]",grid,300,300,ridge(alpha_relative=1e-06),224596,1.8167057919999936,549.8471424478835,0.0833621078529765,0.0009467235206737,0.0701844777224319,0.149671758348129,0.0036787979122951,0.998857166964194,0.987312735049727,0.0009501369823917,0.2411255802742376,0.0002551086029175,0.0003900737107451,0.9999676362984712,0.9684105181198,4D,3D-independent,4D-E,0.2248669666928403,0.0,4D-E
8,8,3D-current-e419eaac8e1a,3D,3D-current,equal_total,32,legacy-independent,raw_minmax,"[48, 48]",,"[1.0, 1.0]",grid,300,300,ridge(alpha_relative=1e-06),129984,13.769510167003318,6066.107511719659,0.1165783581365994,0.0014634315996647,0.1084901560614832,0.2313604510302604,0.0056866328934153,0.994075477916988,0.9237992716886092,0.0011570059551511,0.2936247483118503,0.0003106522304214,0.000475002672924,0.9999683597937734,0.9478036719652628,3D,3D-current,4D-A-current,0.8079198485942817,0.0,3D current
8,8,4D-A-current-205a30146a4e,4D,4D-A-current,equal_total,32,legacy-joint,raw_minmax,"[48, 48]",2.0,"[1.0, 1.0]",grid,300,300,ridge(alpha_relative=1e-06),194740,15.203882750000048,19323.923706009053,1.1276310695648792,0.002799286559276,0.2075225352153466,0.4425517400782073,0.0108775258301936,0.9736569226509946,0.842610964500536,0.0155852656903366,3.9552257231904577,0.0041845917273442,0.00639844836423,0.9905797876784104,0.4618369957920384,4D,3D-current,4D-A-current,0.8079198485942817,0.0,4D current
8,8,4D-A-3bf6b15a532d,4D,4D-A,equal_per_property,64,joint,standardized_anomaly,"[80, 48]",2.0,"[1.0, 1.0]",wells,5,10,ridge(alpha_relative=1e-06),504948,1.1892916249998962,16332.629534239712,0.1678520238772843,0.0023273610168115,0.1725367690455409,0.3679429190152322,0.0090437077592729,0.9979438305961708,0.9651794892702514,0.0017534545253193,0.4449913514973286,0.0004707966772408,0.000719871477471,0.9999411810370308,0.9270605607972132,4D,3D-independent,4D-A,0.6060430651910048,0.0,4D-A
8,8,3D-independent-fa9b36e31dc0,3D,3D-independent,equal_per_property,64,independent,raw_minmax,"[80, 48]",,"[1.0, 1.0]",wells,5,10,ridge(alpha_relative=1e-06),272608,1.1558692079997854,62046395.38736379,0.4875158566857069,0.0031752798293483,0.2353964505780846,0.501994198863571,0.0123385682853284,0.9978411789229538,0.9552112919771948,0.0062421008235298,1.5841191439733675,0.0016759832001829,0.0025626614648242,0.999758675068274,0.7836930436400545,3D,3D-independent,4D-B,0.5826840083469579,0.0,3D optimized
8,8,4D-B-643a4d560541,4D,4D-B,equal_per_property,64,shared-independent,ensemble_anomaly,"[80, 48]",,"[1.0, 1.0]",wells,5,10,ridge(alpha_relative=1e-06),259184,0.8011031670030206,12909376.917627132,0.2188078896085163,0.0026197488787228,0.1942126743468303,0.4141678246569335,0.0101798745835792,0.9981726493218672,0.9652852866282412,0.002418575916323,0.6137857299193299,0.0006493795468417,0.0009929335452496,0.9999356766187868,0.9002484050359486,4D,3D-independent,4D-B,0.5826840083469579,0.0,4D optimized
8,8,4D-B-643a4d560541,4D,4D-B,equal_per_property,64,shared-independent,ensemble_anomaly,"[80, 48]",,"[1.0, 1.0]",wells,5,10,ridge(alpha_relative=1e-06),259184,0.8011031670030206,12909376.917627132,0.2188078896085163,0.0026197488787228,0.1942126743468303,0.4141678246569335,0.0101798745835792,0.9981726493218672,0.9652852866282412,0.002418575916323,0.6137857299193299,0.0006493795468417,0.0009929335452496,0.9999356766187868,0.9002484050359486,4D,3D-independent,4D-B,0.5826840083469579,0.0,4D-B
8,8,4D-C-e7705bff9f37,4D,4D-C,equal_per_property,64,joint,standardized_anomaly,"[64, 48]",2.0,"[1.0, 0.5]",wells,5,10,ridge(alpha_relative=1e-06),404420,0.9407131669941008,21363.00725269666,0.1978940989045453,0.0025426338379117,0.1884958217011662,0.4019763627345744,0.00988021935695,0.99746485556343,0.9601844327293492,0.0021082463005675,0.5350303398418148,0.0005660570826218,0.0008655293635208,0.9999270149397604,0.9037150991202498,4D,3D-independent,4D-C,0.6407014469388423,0.0,4D-C
8,8,4D-D-ff94f89c821d,4D,4D-D,equal_per_property,64,partial-spatial,standardized_anomaly,"[64, 48]",,"[1.0, 1.0]",wells,5,10,ridge(alpha_relative=1e-08),230208,1.2414705839910312,3956.348128134513,0.1823653745436663,0.0026077404060863,0.1933224372693359,0.4122693514751249,0.0101332118112909,0.9969791483762516,0.9574925447610302,0.0018635122458744,0.4729217786086945,0.0005003468072235,0.0007650550923062,0.9999450602743634,0.9160728906457,4D,3D-independent,4D-D,0.5882478218351391,0.0,4D-D
8,8,4D-E-6ca320f290f9,4D,4D-E,equal_per_property,64,joint-property-residual,standardized_anomaly,"[80, 48]",2.0,"[1.0, 1.0]",wells,5,10,ridge(alpha_relative=1e-08),408916,2.117574373995012,6116.92770576015,0.1758151301985908,0.0024966401953235,0.1850861252976105,0.3947050219379417,0.0097014963056712,0.9979080989756552,0.9641107218071392,0.001821362042406,0.4622249080959603,0.0004890296185246,0.0007477505492979,0.9999385237499172,0.923990303391276,4D,3D-independent,4D-E,0.597379778651713,0.0,4D-E
8,8,3D-current-5e7711139fcb,3D,3D-current,equal_per_property,64,legacy-independent,raw_minmax,"[48, 48]",,"[1.0, 1.0]",wells,5,10,ridge(alpha_relative=0.0001),242016,13.838619959002244,422797.7327987283,0.7592190974116104,0.0032945540290234,0.2442387337020944,0.5208507908897525,0.0128020464467699,0.9942889191009476,0.922134773557019,0.0103778476460151,2.6336881755131656,0.0027864173938388,0.0042605704396842,0.9995303238675014,0.759966265580618,3D,3D-current,4D-A-current,1.7217714199586005,0.0,3D current
8,8,4D-A-current-43ce2f360e5a,4D,4D-A-current,equal_per_property,64,legacy-joint,raw_minmax,"[48, 48]",2.0,"[1.0, 1.0]",wells,5,10,ridge(alpha_relative=0.0001),380500,15.375035124998249,230493.4704735879,1.2905796808675396,0.0035753514863084,0.2650553950134235,0.5652433175923955,0.0138931750361417,0.97628620613246,0.8314845061631186,0.0178747143959888,4.536241574472025,0.0047993010498674,0.007338369416378,0.9903228924019514,0.4464719858674621,4D,3D-current,4D-A-current,1.7217714199586005,0.0,4D current
8,8,4D-A-3bf6b15a532d,4D,4D-A,equal_per_property,64,joint,standardized_anomaly,"[80, 48]",2.0,"[1.0, 1.0]",wells,10,20,ridge(alpha_relative=1e-06),504948,1.1892916249998962,804101.2757008,0.1870354893276521,0.0016241225828808,0.1204028343518703,0.25676480772305,0.0063110492522266,0.9981490567835316,0.97896103394956,0.0022759482232716,0.5775897014649565,0.0006110844881439,0.0009343785005406,0.9998916065690236,0.920740123062876,4D,3D-independent,4D-A,0.4248737831632322,0.0,4D-A
8,8,3D-independent-fa9b36e31dc0,3D,3D-independent,equal_per_property,64,independent,raw_minmax,"[80, 48]",,"[1.0, 1.0]",wells,10,20,ridge(alpha_relative=0.0001),272608,1.1558692079997854,2429126807.8490105,0.2461042323808236,0.001775637848294,0.1316352792397236,0.280718534123384,0.0068998104162952,0.9986516669414528,0.9671941195122176,0.0030422474743438,0.7720609777154214,0.0008168332748774,0.0012489786034169,0.9998922704826184,0.8713645353514827,3D,3D-independent,4D-B,0.3885672400391891,0.0,3D optimized
8,8,4D-B-643a4d560541,4D,4D-B,equal_per_property,64,shared-independent,ensemble_anomaly,"[80, 48]",,"[1.0, 1.0]",wells,10,20,ridge(alpha_relative=0.0001),259184,0.8011031670030206,1995655739.1720052,0.2508110415349996,0.0016547557926242,0.1226737991899162,0.2616077489471961,0.0064300844146473,0.9984579165570912,0.9813120245625157,0.0031606583179521,0.8021112587853615,0.0008486261904707,0.0012975915487234,0.999916946894184,0.8617697591080429,4D,3D-independent,4D-B,0.3885672400391891,0.0,4D optimized
8,8,4D-B-643a4d560541,4D,4D-B,equal_per_property,64,shared-independent,ensemble_anomaly,"[80, 48]",,"[1.0, 1.0]",wells,10,20,ridge(alpha_relative=0.0001),259184,0.8011031670030206,1995655739.1720052,0.2508110415349996,0.0016547557926242,0.1226737991899162,0.2616077489471961,0.0064300844146473,0.9984579165570912,0.9813120245625157,0.0031606583179521,0.8021112587853615,0.0008486261904707,0.0012975915487234,0.999916946894184,0.8617697591080429,4D,3D-independent,4D-B,0.3885672400391891,0.0,4D-B
8,8,4D-C-e7705bff9f37,4D,4D-C,equal_per_property,64,joint,standardized_anomaly,"[64, 48]",2.0,"[1.0, 0.5]",wells,10,20,ridge(alpha_relative=1e-08),404420,0.9407131669941008,1146692.857342092,0.1884872909405385,0.00197364930576,0.1463146765736161,0.3120230516143262,0.0076692474487862,0.9977481454404172,0.9757983520579944,0.002162808903819,0.5488772267792836,0.0005807069591607,0.0008879297515834,0.999908422437724,0.9066871271234967,4D,3D-independent,4D-C,0.4393419140775629,0.0,4D-C
8,8,4D-D-ff94f89c821d,4D,4D-D,equal_per_property,64,partial-spatial,standardized_anomaly,"[64, 48]",,"[1.0, 1.0]",wells,10,20,ridge(alpha_relative=1e-06),230208,1.2414705839910312,282062.4242863359,0.1748181893534409,0.0016088650861018,0.1192717338569522,0.2543526817738858,0.0062517613544701,0.9980805112010372,0.978897968000936,0.0020951122324365,0.531697178562816,0.0005625306292434,0.0008601372413447,0.9999229681689878,0.924494342011073,4D,3D-independent,4D-D,0.4263109897984001,0.0,4D-D
8,8,4D-E-6ca320f290f9,4D,4D-E,equal_per_property,64,joint-property-residual,standardized_anomaly,"[80, 48]",2.0,"[1.0, 1.0]",wells,10,20,ridge(alpha_relative=1e-06),408916,2.117574373995012,457441.89759710967,0.1679051249301684,0.0015500649622439,0.114912640739627,0.2450567070392221,0.0060232746123883,0.9982414210001866,0.9801190189707554,0.0020051985656378,0.5088789055314529,0.0005383891103411,0.0008232236611928,0.9999163962207188,0.9242230741300572,4D,3D-independent,4D-E,0.4062398568883174,0.0,4D-E
8,8,3D-current-5e7711139fcb,3D,3D-current,equal_per_property,64,legacy-independent,raw_minmax,"[48, 48]",,"[1.0, 1.0]",wells,10,20,ridge(alpha_relative=0.0001),242016,13.838619959002244,45023593.324380726,0.2576945389361542,0.0021534040858093,0.1596406319136564,0.3404412892665385,0.0083677423051297,0.9941812291347528,0.9224268133132544,0.0030264014209443,0.7680395693376622,0.0008125786625221,0.0012424730900385,0.999892780406216,0.8713772777001488,3D,3D-current,4D-A-current,0.9829487620285888,0.0,3D current
8,8,4D-A-current-43ce2f360e5a,4D,4D-A-current,equal_per_property,64,legacy-joint,raw_minmax,"[48, 48]",2.0,"[1.0, 1.0]",wells,10,20,ridge(alpha_relative=0.0001),380500,15.375035124998249,62247227.41308332,1.1999714959711836,0.003148670804462,0.2334238149843084,0.4977874590333163,0.0122351703839747,0.9745921433544282,0.8198655134818832,0.016552400245656,4.200664944246367,0.0044442641217601,0.0067955003386028,0.990159449182079,0.4485400372099997,4D,3D-current,4D-A-current,0.9829487620285888,0.0,4D current
8,8,4D-A-3bf6b15a532d,4D,4D-A,equal_per_property,64,joint,standardized_anomaly,"[80, 48]",2.0,"[1.0, 1.0]",wells,15,30,ridge(alpha_relative=0.0001),504948,1.1892916249998962,1578976.533527511,0.1752848470847093,0.0012928696874702,0.0958457055273006,0.2043955549989521,0.005023859873842,0.9985191586247244,0.9843346263854548,0.0021853208504922,0.5545903042673452,0.000586751341572,0.0008971719121746,0.9999255661861272,0.9142586165261624,4D,3D-independent,4D-A,0.3749809408319361,0.0,4D-A
8,8,3D-independent-fa9b36e31dc0,3D,3D-independent,equal_per_property,64,independent,raw_minmax,"[80, 48]",,"[1.0, 1.0]",wells,15,30,ridge(alpha_relative=0.0001),272608,1.1558692079997854,4143759712.294847,0.2163569052103924,0.0014133305526773,0.1047759610094208,0.2234397522898832,0.0054919492048449,0.9991083784083123,0.981866334259511,0.0027467604357392,0.6970723340067068,0.0007374959929953,0.0011276679632022,0.9999107225359652,0.8909750140896044,3D,3D-independent,4D-B,0.3386853500882246,0.0,3D optimized
8,8,4D-B-643a4d560541,4D,4D-B,equal_per_property,64,shared-independent,ensemble_anomaly,"[80, 48]",,"[1.0, 1.0]",wells,15,30,ridge(alpha_relative=0.0001),259184,0.8011031670030206,7500543146.145641,0.2490286973930091,0.0013770697425418,0.1020877991907092,0.2177071185339966,0.0053510461959817,0.9989049528088002,0.9864950924480216,0.0032172583581864,0.8164752060876611,0.0008638231120271,0.0013208283957588,0.999913536137262,0.858401338964646,4D,3D-independent,4D-B,0.3386853500882246,0.0,4D optimized
8,8,4D-B-643a4d560541,4D,4D-B,equal_per_property,64,shared-independent,ensemble_anomaly,"[80, 48]",,"[1.0, 1.0]",wells,15,30,ridge(alpha_relative=0.0001),259184,0.8011031670030206,7500543146.145641,0.2490286973930091,0.0013770697425418,0.1020877991907092,0.2177071185339966,0.0053510461959817,0.9989049528088002,0.9864950924480216,0.0032172583581864,0.8164752060876611,0.0008638231120271,0.0013208283957588,0.999913536137262,0.858401338964646,4D,3D-independent,4D-B,0.3386853500882246,0.0,4D-B
8,8,4D-C-e7705bff9f37,4D,4D-C,equal_per_property,64,joint,standardized_anomaly,"[64, 48]",2.0,"[1.0, 0.5]",wells,15,30,ridge(alpha_relative=0.0001),404420,0.9407131669941008,2706514.841711854,0.1816639551354074,0.0013766991487487,0.1020603255606106,0.2176485297026981,0.0053496061349264,0.9982540789154152,0.9816548733543916,0.0022615941718157,0.5739469330528911,0.0006072304733218,0.0009284855206657,0.9999172230579922,0.917048002789353,4D,3D-independent,4D-C,0.3830813315997396,0.0,4D-C
8,8,4D-D-ff94f89c821d,4D,4D-D,equal_per_property,64,partial-spatial,standardized_anomaly,"[64, 48]",,"[1.0, 1.0]",wells,15,30,ridge(alpha_relative=0.0001),230208,1.2414705839910312,406269.0011710356,0.1814593815269097,0.0013784006538303,0.1021864650753548,0.2179175282559624,0.0053562178786988,0.9982178886246736,0.9815715222433518,0.0022600306746097,0.5735501490332753,0.0006068106795497,0.0009278436351606,0.9999184776784096,0.9182266537586308,4D,3D-independent,4D-D,0.3705568826825359,0.0,4D-D
8,8,4D-E-6ca320f290f9,4D,4D-E,equal_per_property,64,joint-property-residual,standardized_anomaly,"[80, 48]",2.0,"[1.0, 1.0]",wells,15,30,ridge(alpha_relative=1e-08),408916,2.117574373995012,641352.9038141607,0.1490195463409515,0.0011176178718384,0.0828535733140094,0.1766892111440465,0.0043428627301211,0.9984935791858466,0.9852430917891616,0.0018484124873814,0.4690897648084705,0.0004962925725553,0.0007588559663529,0.9999402149061096,0.9264872137281864,4D,3D-independent,4D-E,0.3718635065952425,0.0,4D-E
8,8,3D-current-5e7711139fcb,3D,3D-current,equal_per_property,64,legacy-independent,raw_minmax,"[48, 48]",,"[1.0, 1.0]",wells,15,30,ridge(alpha_relative=0.0001),242016,13.838619959002244,82183136.70533665,0.2297157468939733,0.0018308269326032,0.1357266712603446,0.2894436234549546,0.0071142653059272,0.994312477629088,0.938809114175543,0.0027479298508966,0.6973691079599685,0.000737809977055,0.0011281480604074,0.9999096732668662,0.8896564691132969,3D,3D-current,4D-A-current,0.9291245265634124,0.0,3D current
8,8,4D-A-current-43ce2f360e5a,4D,4D-A-current,equal_per_property,64,legacy-joint,raw_minmax,"[48, 48]",2.0,"[1.0, 1.0]",wells,15,30,ridge(alpha_relative=0.0001),380500,15.375035124998249,172981793.3745964,1.156233211925178,0.0031266913528138,0.231794388545787,0.4943126291554486,0.0121497621744276,0.9749568832502582,0.813541535083734,0.0158633025732025,4.025785869738903,0.0042592437007564,0.0065125949353385,0.9904634017144852,0.4517532860842224,4D,3D-current,4D-A-current,0.9291245265634124,0.0,4D current
8,8,4D-A-3bf6b15a532d,4D,4D-A,equal_per_property,64,joint,standardized_anomaly,"[80, 48]",2.0,"[1.0, 1.0]",wells,20,40,ridge(alpha_relative=0.0001),504948,1.1892916249998962,2648252.3590435884,0.1570922341431493,0.0005297994291717,0.0392761935476125,0.0837583628212103,0.0020587056214521,0.9992762271757504,0.9923048843726784,0.0021483580394563,0.5452098892063902,0.0005768269503969,0.0008819970256819,0.9999173212527932,0.9199294079901328,4D,3D-independent,4D-A,0.3739874990136346,0.0,4D-A
8,8,3D-independent-fa9b36e31dc0,3D,3D-independent,equal_per_property,64,independent,raw_minmax,"[80, 48]",,"[1.0, 1.0]",wells,20,40,ridge(alpha_relative=1e-06),272608,1.1558692079997854,11399221834.184353,0.1307920386861875,0.0007562061276903,0.0560606459684042,0.1195520110501758,0.002938481471161,0.9996125070838318,0.989587261351506,0.0016899162803802,0.4288666279422235,0.0004537368709195,0.0006937861872055,0.9999549682787136,0.9339309769802496,3D,3D-independent,4D-B,0.2933945250609093,0.0,3D optimized
8,8,4D-B-643a4d560541,4D,4D-B,equal_per_property,64,shared-independent,ensemble_anomaly,"[80, 48]",,"[1.0, 1.0]",wells,20,40,ridge(alpha_relative=1e-06),259184,0.8011031670030206,12440422735.134413,0.1170369472837181,0.0004539020422418,0.0336496105528454,0.0717594052504351,0.0017637819795556,0.9997641377923716,0.9964060531777872,0.0015925599548557,0.4041595584138233,0.0004275970230344,0.0006538170628944,0.9999511293839622,0.9429167064858052,4D,3D-independent,4D-B,0.2933945250609093,0.0,4D optimized
8,8,4D-B-643a4d560541,4D,4D-B,equal_per_property,64,shared-independent,ensemble_anomaly,"[80, 48]",,"[1.0, 1.0]",wells,20,40,ridge(alpha_relative=1e-06),259184,0.8011031670030206,12440422735.134413,0.1170369472837181,0.0004539020422418,0.0336496105528454,0.0717594052504351,0.0017637819795556,0.9997641377923716,0.9964060531777872,0.0015925599548557,0.4041595584138233,0.0004275970230344,0.0006538170628944,0.9999511293839622,0.9429167064858052,4D,3D-independent,4D-B,0.2933945250609093,0.0,4D-B
8,8,4D-C-e7705bff9f37,4D,4D-C,equal_per_property,64,joint,standardized_anomaly,"[64, 48]",2.0,"[1.0, 0.5]",wells,20,40,ridge(alpha_relative=0.0001),404420,0.9407131669941008,4504619.293792826,0.1798433623654923,0.0006060501740425,0.0449289724084309,0.0958131843302889,0.002355002348972,0.999004900612112,0.9900431677004956,0.0024652433583438,0.6256289843612703,0.0006619095989882,0.0010120926166439,0.9999021770317126,0.912325846914968,4D,3D-independent,4D-C,0.3755621909115059,0.0,4D-C
8,8,4D-D-ff94f89c821d,4D,4D-D,equal_per_property,64,partial-spatial,standardized_anomaly,"[64, 48]",,"[1.0, 1.0]",wells,20,40,ridge(alpha_relative=0.0001),230208,1.2414705839910312,487700.96296844736,0.1508530327200973,0.0006563187590181,0.0486555877352087,0.1037603699010329,0.0025503370601355,0.998815962471927,0.9888829773543376,0.0020149859032554,0.511362734185758,0.0005410169777667,0.0008272418008648,0.9999253560448752,0.9243294047268168,4D,3D-independent,4D-D,0.3635177722968377,0.0,4D-D
8,8,4D-E-6ca320f290f9,4D,4D-E,equal_per_property,64,joint-property-residual,standardized_anomaly,"[80, 48]",2.0,"[1.0, 1.0]",wells,20,40,ridge(alpha_relative=1e-06),408916,2.117574373995012,898759.8428636981,0.1491721154676258,0.0005949400019721,0.0441053300174511,0.0940567275052409,0.0023118302116741,0.9984556923077532,0.9865226582304132,0.002009894840446,0.5100707252471772,0.0005396500444247,0.0008251516919663,0.9999303290515484,0.9284525285578374,4D,3D-independent,4D-E,0.3609150360373971,0.0,4D-E
8,8,3D-current-5e7711139fcb,3D,3D-current,equal_per_property,64,legacy-independent,raw_minmax,"[48, 48]",,"[1.0, 1.0]",wells,20,40,ridge(alpha_relative=0.0001),242016,13.838619959002244,186845049.843059,0.2213170733537914,0.0015320096596763,0.113574127485062,0.2422022634516339,0.0059531149428108,0.994617964718002,0.9412481184983396,0.0027118161300181,0.6882041748355264,0.0007281135637481,0.0011133217633861,0.999909748643288,0.8917718993125056,3D,3D-current,4D-A-current,0.8986121229795485,0.0,3D current
8,8,4D-A-current-43ce2f360e5a,4D,4D-A-current,equal_per_property,64,legacy-joint,raw_minmax,"[48, 48]",2.0,"[1.0, 1.0]",wells,20,40,ridge(alpha_relative=0.0001),380500,15.375035124998249,337870798.7983516,1.1519407123248004,0.002932678295945,0.2174114089637693,0.4636402367093654,0.0113958622099915,0.9756521304433412,0.822777814055872,0.015869594728165,4.027382691612619,0.0042609331233255,0.0065151781462653,0.9904337716105804,0.4512846884985015,4D,3D-current,4D-A-current,0.8986121229795485,0.0,4D current
8,8,4D-A-3bf6b15a532d,4D,4D-A,equal_per_property,64,joint,standardized_anomaly,"[80, 48]",2.0,"[1.0, 1.0]",wells,30,60,ridge(alpha_relative=0.0001),504948,1.1892916249998962,48077877.95732462,0.1617449280132851,0.0003387414718414,0.0251122875527567,0.0535531552864094,0.0013162886441557,0.9995867586983758,0.995233937266324,0.0022922551560684,0.5817280717273438,0.0006154628450764,0.0009410732255169,0.9999204502171086,0.9244873571875962,4D,3D-independent,4D-A,0.3365652602950099,0.0,4D-A
8,8,3D-independent-fa9b36e31dc0,3D,3D-independent,equal_per_property,64,independent,raw_minmax,"[80, 48]",,"[1.0, 1.0]",wells,30,60,ridge(alpha_relative=1e-06),272608,1.1558692079997854,26953875645.57004,0.1231225819055949,0.00060027585767,0.0445008987734592,0.0949002968125947,0.0023325643905266,0.9998285917823064,0.993765831649966,0.001634989313958,0.4149272729895067,0.0004389891640876,0.0006712362117711,0.999964413782245,0.9401098566312062,3D,3D-independent,4D-B,0.2558697026853445,0.0,3D optimized
8,8,4D-B-643a4d560541,4D,4D-B,equal_per_property,64,shared-independent,ensemble_anomaly,"[80, 48]",,"[1.0, 1.0]",wells,30,60,ridge(alpha_relative=1e-06),259184,0.8011031670030206,33675741985.038185,0.0950283227606213,0.0002607486549501,0.0193303617844853,0.0412229218151563,0.0010132225370104,0.9999420189366102,0.9986136001017886,0.0013275477143152,0.3369048030844835,0.0003564421225377,0.0005450176897763,0.9999613246299792,0.9536301475511788,4D,3D-independent,4D-B,0.2558697026853445,0.0,4D optimized
8,8,4D-B-643a4d560541,4D,4D-B,equal_per_property,64,shared-independent,ensemble_anomaly,"[80, 48]",,"[1.0, 1.0]",wells,30,60,ridge(alpha_relative=1e-06),259184,0.8011031670030206,33675741985.038185,0.0950283227606213,0.0002607486549501,0.0193303617844853,0.0412229218151563,0.0010132225370104,0.9999420189366102,0.9986136001017886,0.0013275477143152,0.3369048030844835,0.0003564421225377,0.0005450176897763,0.9999613246299792,0.9536301475511788,4D,3D-independent,4D-B,0.2558697026853445,0.0,4D-B
8,8,4D-C-e7705bff9f37,4D,4D-C,equal_per_property,64,joint,standardized_anomaly,"[64, 48]",2.0,"[1.0, 0.5]",wells,30,60,ridge(alpha_relative=0.0001),404420,0.9407131669941008,111781706.7621634,0.1555816961699785,0.0004853003657914,0.035977296399413,0.0767233067403862,0.0018857902370894,0.9993529461700086,0.9934608993582424,0.0021541814566941,0.5466877549106836,0.0005783905184542,0.000884387798816,0.9999226479433232,0.9272156339021222,4D,3D-independent,4D-C,0.3433205025269545,0.0,4D-C
8,8,4D-D-ff94f89c821d,4D,4D-D,equal_per_property,64,partial-spatial,standardized_anomaly,"[64, 48]",,"[1.0, 1.0]",wells,30,60,ridge(alpha_relative=0.0001),230208,1.2414705839910312,2040035.0956816564,0.1710675294114306,0.0003932143236598,0.0291505823362306,0.0621650122180943,0.0015279603827049,0.9991064442613194,0.9928648369728458,0.0024056350347789,0.6105015954951135,0.0006459049634159,0.0009876207348046,0.999913886916766,0.917899283398398,4D,3D-independent,4D-D,0.325853800007934,0.0,4D-D
8,8,4D-E-6ca320f290f9,4D,4D-E,equal_per_property,64,joint-property-residual,standardized_anomaly,"[80, 48]",2.0,"[1.0, 1.0]",wells,30,60,ridge(alpha_relative=0.0001),408916,2.117574373995012,1878181.2386637512,0.1649963126560932,0.0003848390159541,0.0285296866003021,0.0608409223400618,0.0014954154381358,0.9995529296214352,0.99356215710821,0.0023235757275373,0.589676600318404,0.0006238723137931,0.0009539317204097,0.999920065977963,0.9228799154804564,4D,3D-independent,4D-E,0.3326644225186687,0.0,4D-E
8,8,3D-current-5e7711139fcb,3D,3D-current,equal_per_property,64,legacy-independent,raw_minmax,"[48, 48]",,"[1.0, 1.0]",wells,30,60,ridge(alpha_relative=0.0001),242016,13.838619959002244,836599414.8631806,0.180947805902738,0.001456372792186,0.107966857859406,0.2302444925649847,0.0056592036327613,0.9948134916673318,0.9445995128932428,0.0021239262754597,0.5390096008480024,0.0005702671034532,0.0008719666942467,0.9999305379559608,0.9017709572996696,3D,3D-current,4D-A-current,0.8708848240237875,0.0,3D current
8,8,4D-A-current-43ce2f360e5a,4D,4D-A-current,equal_per_property,64,legacy-joint,raw_minmax,"[48, 48]",2.0,"[1.0, 1.0]",wells,30,60,ridge(alpha_relative=0.0001),380500,15.375035124998249,2423378949.8922596,1.140096606348125,0.0028382045445873,0.2104076842725264,0.448704458549553,0.0110287541455227,0.9759318171544844,0.8456973834049918,0.0157754263952701,4.003484670239347,0.0042356492408022,0.0064765178354599,0.9904931952564556,0.4613144748337549,4D,3D-current,4D-A-current,0.8708848240237875,0.0,4D current
8,8,4D-A-3bf6b15a532d,4D,4D-A,equal_per_property,64,joint,standardized_anomaly,"[80, 48]",2.0,"[1.0, 1.0]",grid,30,30,ridge(alpha_relative=1e-08),504948,1.1892916249998962,99.52778616140388,0.188034312811972,0.0041352280934788,0.3065613324969495,0.6537567160907833,0.0160687551803172,0.9985394377443104,0.9097211853866156,0.0014942029149987,0.3791985277949879,0.000401188486697,0.000613437100609,0.9999320689673762,0.9575240327014826,4D,3D-independent,4D-A,0.6799248909206999,0.0,4D-A
8,8,3D-independent-fa9b36e31dc0,3D,3D-independent,equal_per_property,64,independent,raw_minmax,"[80, 48]",,"[1.0, 1.0]",grid,30,30,ridge(alpha_relative=1e-08),272608,1.1558692079997854,14951.55832386264,0.3756220074260253,0.0106566974454992,0.790024466621546,1.6847649921244192,0.0414100161856799,0.9974317574848568,0.1864158399276434,0.0010964963279211,0.2782686267752592,0.0002944055978286,0.0004501607656339,0.9999682022991266,0.945194287457764,3D,3D-independent,4D-B,0.5710232190293081,0.0,3D optimized
8,8,4D-B-643a4d560541,4D,4D-B,equal_per_property,64,shared-independent,ensemble_anomaly,"[80, 48]",,"[1.0, 1.0]",grid,30,30,ridge(alpha_relative=1e-08),259184,0.8011031670030206,52287.632264787906,0.1678945537292961,0.003460945533034,0.2565740148601322,0.5471563684270485,0.0134486140076376,0.9992763157523976,0.91102346920632,0.0013641889619668,0.3462036118517504,0.0003662801750194,0.0005600605601231,0.9999402362766684,0.9513753543830764,4D,3D-independent,4D-B,0.5710232190293081,0.0,4D optimized
8,8,4D-B-643a4d560541,4D,4D-B,equal_per_property,64,shared-independent,ensemble_anomaly,"[80, 48]",,"[1.0, 1.0]",grid,30,30,ridge(alpha_relative=1e-08),259184,0.8011031670030206,52287.632264787906,0.1678945537292961,0.003460945533034,0.2565740148601322,0.5471563684270485,0.0134486140076376,0.9992763157523976,0.91102346920632,0.0013641889619668,0.3462036118517504,0.0003662801750194,0.0005600605601231,0.9999402362766684,0.9513753543830764,4D,3D-independent,4D-B,0.5710232190293081,0.0,4D-B
8,8,4D-C-e7705bff9f37,4D,4D-C,equal_per_property,64,joint,standardized_anomaly,"[64, 48]",2.0,"[1.0, 0.5]",grid,30,30,ridge(alpha_relative=0.0001),404420,0.9407131669941008,174.52329188813263,0.1961014945664685,0.004134154615401,0.3064817511866808,0.6535870051372206,0.0160645838369151,0.9980346708117186,0.9075339275789084,0.0015900051437472,0.4035111989430961,0.000426911064794,0.0006527681987118,0.9999212606121924,0.943640016148897,4D,3D-independent,4D-C,0.679882996963771,0.0,4D-C
8,8,4D-D-ff94f89c821d,4D,4D-D,equal_per_property,64,partial-spatial,standardized_anomaly,"[64, 48]",,"[1.0, 1.0]",grid,30,30,ridge(alpha_relative=1e-08),230208,1.2414705839910312,132.24948276168894,0.1731514482443687,0.0033179499287565,0.2459731672170125,0.5245495533845365,0.0128929587196934,0.997222282099307,0.9044407247407716,0.0014804304242332,0.3757033477428343,0.0003974906189758,0.0006077828773984,0.9999328545771108,0.9537007192239724,4D,3D-independent,4D-D,0.5748835887322574,0.0,4D-D
8,8,4D-E-6ca320f290f9,4D,4D-E,equal_per_property,64,joint-property-residual,standardized_anomaly,"[80, 48]",2.0,"[1.0, 1.0]",grid,30,30,ridge(alpha_relative=1e-08),408916,2.117574373995012,110.35391851744528,0.1970916163693605,0.0044744363666699,0.3317082259385548,0.707383670091684,0.017386857730849,0.9985190792276782,0.8985349115480247,0.0015141623780712,0.3842638364867832,0.000406547535796,0.0006216313525636,0.9999302732418048,0.9566762823477672,4D,3D-independent,4D-E,0.6906317613367392,0.0,4D-E
8,8,3D-current-5e7711139fcb,3D,3D-current,equal_per_property,64,legacy-independent,raw_minmax,"[48, 48]",,"[1.0, 1.0]",grid,30,30,ridge(alpha_relative=0.0001),242016,13.838619959002244,14714.65044049864,0.4906761715160126,0.0114228498852214,0.8468224732871016,1.805889460157404,0.0443871472426371,0.9923178414133896,0.3693713896991579,0.002905335003611,0.7373153572795971,0.0007800727342628,0.0011927699129904,0.9999316456769036,0.8734948993061381,3D,3D-current,4D-A-current,1.2245206991480486,0.0,3D current
8,8,4D-A-current-43ce2f360e5a,4D,4D-A-current,equal_per_property,64,legacy-joint,raw_minmax,"[48, 48]",2.0,"[1.0, 1.0]",grid,30,30,ridge(alpha_relative=0.0001),380500,15.375035124998249,187026.4882700157,1.2879909586299032,0.0056732385172181,0.4205803211083,0.8969076671889316,0.0220451880167102,0.9756301969150492,0.7793936870958432,0.0171212534288179,4.345028395435767,0.0045969992994356,0.0070290400030274,0.9902656678513566,0.4478960769530656,4D,3D-current,4D-A-current,1.2245206991480486,0.0,4D current
8,8,4D-A-3bf6b15a532d,4D,4D-A,equal_per_property,64,joint,standardized_anomaly,"[80, 48]",2.0,"[1.0, 1.0]",grid,100,100,ridge(alpha_relative=1e-06),504948,1.1892916249998962,1011.0515705824564,0.088123435438412,0.0010809710386102,0.0801367940282563,0.1708955492698272,0.0042004597047097,0.9994084596913498,0.9872924609170756,0.0009769647710536,0.2479339313104044,0.0002623117744725,0.0004010877174288,0.9999670866761192,0.9638615062529496,4D,3D-independent,4D-A,0.2486522369650045,0.0,4D-A
8,8,3D-independent-fa9b36e31dc0,3D,3D-independent,equal_per_property,64,independent,raw_minmax,"[80, 48]",,"[1.0, 1.0]",grid,100,100,ridge(alpha_relative=1e-06),272608,1.1558692079997854,2.6128595600555475e+17,0.0894175693471409,0.0003928479589751,0.029123422227191,0.0621070919854616,0.0015265367552067,0.9998829728720536,0.993560674889068,0.001163412720445,0.2952506559733862,0.0003123724254813,0.0004776329365159,0.9999692408975194,0.9398469267349588,3D,3D-independent,4D-B,0.1764664121858495,0.0,3D optimized
8,8,4D-B-643a4d560541,4D,4D-B,equal_per_property,64,shared-independent,ensemble_anomaly,"[80, 48]",,"[1.0, 1.0]",grid,100,100,ridge(alpha_relative=1e-06),259184,0.8011031670030206,1.1100440495197536e+18,0.0868081721695522,0.0003315140734375,0.0245764910174521,0.0524105435272532,0.0012882042693842,0.999758303774266,0.9897725431896578,0.0011738694580317,0.297904364822836,0.0003151800245604,0.0004819258948033,0.9999589013819012,0.9607237911345,4D,3D-independent,4D-B,0.1764664121858495,0.0,4D optimized
8,8,4D-B-643a4d560541,4D,4D-B,equal_per_property,64,shared-independent,ensemble_anomaly,"[80, 48]",,"[1.0, 1.0]",grid,100,100,ridge(alpha_relative=1e-06),259184,0.8011031670030206,1.1100440495197536e+18,0.0868081721695522,0.0003315140734375,0.0245764910174521,0.0524105435272532,0.0012882042693842,0.999758303774266,0.9897725431896578,0.0011738694580317,0.297904364822836,0.0003151800245604,0.0004819258948033,0.9999589013819012,0.9607237911345,4D,3D-independent,4D-B,0.1764664121858495,0.0,4D-B
8,8,4D-C-e7705bff9f37,4D,4D-C,equal_per_property,64,joint,standardized_anomaly,"[64, 48]",2.0,"[1.0, 0.5]",grid,100,100,ridge(alpha_relative=1e-06),404420,0.9407131669941008,2105.5072062153827,0.0930147954398398,0.0012437340217526,0.0922030781280325,0.1966274777039739,0.0048329274838527,0.998948037233394,0.9824488743942518,0.0010009902660864,0.2540311168094669,0.0002687625395577,0.0004109512572905,0.9999655030572272,0.9659011519620286,4D,3D-independent,4D-C,0.2515056054916618,0.0,4D-C
8,8,4D-D-ff94f89c821d,4D,4D-D,equal_per_property,64,partial-spatial,standardized_anomaly,"[64, 48]",,"[1.0, 1.0]",grid,100,100,ridge(alpha_relative=1e-06),230208,1.2414705839910312,7.74395867570429e+16,0.087235263367305,0.0003515657357701,0.0260630025676027,0.0555806005645906,0.0013661214351844,0.9993663334494586,0.9828611346514524,0.001145908082376,0.2908083322978315,0.0003076724886878,0.0004704464999773,0.999947424323526,0.9529994281409756,4D,3D-independent,4D-D,0.1951089920782596,0.0,4D-D
8,8,4D-E-6ca320f290f9,4D,4D-E,equal_per_property,64,joint-property-residual,standardized_anomaly,"[80, 48]",2.0,"[1.0, 1.0]",grid,100,100,ridge(alpha_relative=0.0001),408916,2.117574373995012,3918.7273379682424,0.0885561227465824,0.0006020990320149,0.0446360581271659,0.0951885306042101,0.0023396489192484,0.9994095432823884,0.9916178116513984,0.0011165132966802,0.2833485292491409,0.0002997800870122,0.000458378626244,0.9999470029913042,0.9559023811285556,4D,3D-independent,4D-E,0.3486449733615202,0.0,4D-E
8,8,3D-current-5e7711139fcb,3D,3D-current,equal_per_property,64,legacy-independent,raw_minmax,"[48, 48]",,"[1.0, 1.0]",grid,100,100,ridge(alpha_relative=1e-06),242016,13.838619959002244,2.8677835215624453e+18,0.1195091632994504,0.0016002776542069,0.1186351124893005,0.2529950562334458,0.0062183921333227,0.9927593285807824,0.9357493571164522,0.0011623258690815,0.2949748350438104,0.0003120806095241,0.0004771867354393,0.9999663357138784,0.9353972315541668,3D,3D-current,4D-A-current,0.8622442119410713,0.0,3D current
8,8,4D-A-current-43ce2f360e5a,4D,4D-A-current,equal_per_property,64,legacy-joint,raw_minmax,"[48, 48]",2.0,"[1.0, 1.0]",grid,100,100,ridge(alpha_relative=1e-06),380500,15.375035124998249,916942.3904291728,1.199638131306708,0.0051253947945258,0.3799664304517055,0.810296601249656,0.0199163655048642,0.951470311927551,0.7289990567205852,0.0158059216646058,4.0112237538141065,0.0042438371186556,0.0064890375069287,0.9903811675567896,0.4562762613573764,4D,3D-current,4D-A-current,0.8622442119410713,0.0,4D current
8,8,4D-A-3bf6b15a532d,4D,4D-A,equal_per_property,64,joint,standardized_anomaly,"[80, 48]",2.0,"[1.0, 1.0]",grid,300,300,ridge(alpha_relative=1e-08),504948,1.1892916249998962,1005.2107299607088,0.0840862282335067,0.0011993157254533,0.0889101685731264,0.1896051904524634,0.0046603259458905,0.9992800465496842,0.9859688662771536,0.0008875252142275,0.2252359778165034,0.0002382975525126,0.0003643687806174,0.9999729810344932,0.9696336006340524,4D,3D-independent,4D-A,0.1712375087388668,0.0,4D-A
8,8,3D-independent-fa9b36e31dc0,3D,3D-independent,equal_per_property,64,independent,raw_minmax,"[80, 48]",,"[1.0, 1.0]",grid,300,300,least_squares(rcond=1e-10),272608,1.1558692079997854,140808.78293819726,0.065336552185521,0.0003469466321301,0.0257205695663755,0.0548503457978201,0.0013481724263594,0.9999303093325708,0.9925053536728732,0.000839719834853,0.2131039378522236,0.0002254619679914,0.0003447425350636,0.999978718584118,0.9624512436801562,3D,3D-independent,4D-B,0.1242592868783734,0.0,3D optimized
8,8,4D-B-643a4d560541,4D,4D-B,equal_per_property,64,shared-independent,ensemble_anomaly,"[80, 48]",,"[1.0, 1.0]",grid,300,300,least_squares(rcond=1e-10),259184,0.8011031670030206,92997.87910293088,0.0712086612104684,0.0001587712342445,0.0117703594655302,0.0251008549862356,0.0006169565584003,0.999975087619284,0.9974768864789932,0.0009992900105,0.2535996262744274,0.0002683060266177,0.0004102532263559,0.9999646980480902,0.9635937953171742,4D,3D-independent,4D-B,0.1242592868783734,0.0,4D optimized
8,8,4D-B-643a4d560541,4D,4D-B,equal_per_property,64,shared-independent,ensemble_anomaly,"[80, 48]",,"[1.0, 1.0]",grid,300,300,least_squares(rcond=1e-10),259184,0.8011031670030206,92997.87910293088,0.0712086612104684,0.0001587712342445,0.0117703594655302,0.0251008549862356,0.0006169565584003,0.999975087619284,0.9974768864789932,0.0009992900105,0.2535996262744274,0.0002683060266177,0.0004102532263559,0.9999646980480902,0.9635937953171742,4D,3D-independent,4D-B,0.1242592868783734,0.0,4D-B
8,8,4D-C-e7705bff9f37,4D,4D-C,equal_per_property,64,joint,standardized_anomaly,"[64, 48]",2.0,"[1.0, 0.5]",grid,300,300,ridge(alpha_relative=1e-08),404420,0.9407131669941008,1822.1061482451812,0.0812361457874095,0.0010643211650996,0.078902470964587,0.1682632962517216,0.0041357612805413,0.9989476221499952,0.9859133802030682,0.0008843218256455,0.2244230224795434,0.0002374374533891,0.0003630536463849,0.9999718548399954,0.970848440385916,4D,3D-independent,4D-C,0.1723079520444161,0.0,4D-C
8,8,4D-D-ff94f89c821d,4D,4D-D,equal_per_property,64,partial-spatial,standardized_anomaly,"[64, 48]",,"[1.0, 1.0]",grid,300,300,ridge(alpha_relative=1e-08),230208,1.2414705839910312,4578.8210580201285,0.069839060080639,0.0001986957212242,0.014730124598446,0.0314126958108258,0.000772095958809,0.9999375020704848,0.9985466044355348,0.0009751754970759,0.2474798497051754,0.000261831360392,0.0004003531404646,0.9999658469358768,0.9671608635265958,4D,3D-independent,4D-D,0.1280203908248999,0.0,4D-D
8,8,4D-E-6ca320f290f9,4D,4D-E,equal_per_property,64,joint-property-residual,standardized_anomaly,"[80, 48]",2.0,"[1.0, 1.0]",grid,300,300,ridge(alpha_relative=1e-08),408916,2.117574373995012,1318.3800141879046,0.0916628257581373,0.0011547220409117,0.085604256772136,0.182555175288784,0.0044870428806547,0.996741335421858,0.9708021466178524,0.0009822945316411,0.2492865169251121,0.0002637427973698,0.0004032758224371,0.9999626681583909,0.9656767947115454,4D,3D-independent,4D-E,0.236198187632148,0.0,4D-E
8,8,3D-current-5e7711139fcb,3D,3D-current,equal_per_property,64,legacy-independent,raw_minmax,"[48, 48]",,"[1.0, 1.0]",grid,300,300,ridge(alpha_relative=1e-06),242016,13.838619959002244,303375.5292957082,0.1017101565926719,0.0013276057836325,0.0984208340775352,0.2098871398991116,0.0051588381174924,0.993737517880971,0.946915039605258,0.0010174210145409,0.258200908985597,0.0002731741405803,0.0004176968141299,0.9999717436379164,0.9526471937796308,3D,3D-current,4D-A-current,0.8008139112452076,0.0,3D current
8,8,4D-A-current-43ce2f360e5a,4D,4D-A-current,equal_per_property,64,legacy-joint,raw_minmax,"[48, 48]",2.0,"[1.0, 1.0]",grid,300,300,ridge(alpha_relative=1e-06),380500,15.375035124998249,289557.73872809863,1.1264287299943905,0.002804901807758,0.2079388164985161,0.4434394798412048,0.0108993456793276,0.9736204920525536,0.8430153065968218,0.015565727279533,3.950267269062296,0.0041793457293716,0.0063904269730564,0.9904928244856166,0.4619670245696815,4D,3D-current,4D-A-current,0.8008139112452076,0.0,4D current
9,9,3D-current-5e7711139fcb,3D,3D-current,equal_per_property,64,legacy-independent,raw_minmax,"[48, 48]",,"[1.0, 1.0]",full,9900,9900,projection,242016,8.616830749997462,1.0,0.0900461929765165,0.0011874028465775,0.1376674585553834,0.1889310603269951,0.0045632509436471,0.993653760955293,0.938959257891478,0.0010329205961806,0.1785848156236793,0.0002776367485656,0.0004245203631459,0.9999640661595462,0.9731757466545152,,,,,,3D current
9,9,3D-independent-fa9b36e31dc0,3D,3D-independent,equal_per_property,64,independent,raw_minmax,"[80, 48]",,"[1.0, 1.0]",full,9900,9900,projection,272608,0.3569664169990574,1.0,0.0477559130570274,8.354854188117465e-05,0.0096866160123678,0.0132936472671271,0.0003210813951461,0.9999236193376398,0.9993498877956888,0.0009872364237516,0.1706863386833246,0.000265357387363,0.0004057446106425,0.9999707867395856,0.9793487171394762,,,,,,3D optimized
9,9,4D-A-4f7fd7861b3e,4D,4D-A,equal_per_property,64,joint,raw_minmax,"[80, 48]",2.0,"[1.0, 1.0]",full,9900,9900,projection,504948,0.5802328749996377,1.0,0.0727477723893643,0.0002417127897565,0.0280241752510706,0.0384596127547766,0.000928914832171,0.9993094631992184,0.9943628978579994,0.0013139603350819,0.227174639604533,0.0003531768816743,0.0005400249744955,0.99990126561046,0.9340525527382936,,,,,,4D-A
9,9,4D-A-current-43ce2f360e5a,4D,4D-A-current,equal_per_property,64,legacy-joint,raw_minmax,"[48, 48]",2.0,"[1.0, 1.0]",full,9900,9900,projection,380500,9.819802375001018,1.0,0.8481468348880803,0.0031394194151674,0.3639842143475169,0.4995219951075031,0.012064952219088,0.9690293469649556,0.7337764443779029,0.0152639111030374,2.6390244904705953,0.0041027574285107,0.0062733196612103,0.991378842242777,0.4870662861536795,,,,,,4D current
9,9,4D-B-643a4d560541,4D,4D-B,equal_per_property,64,shared-independent,ensemble_anomaly,"[80, 48]",,"[1.0, 1.0]",full,9900,9900,projection,259184,0.354462750001403,1.0,0.0513687994650994,6.375239785938722e-05,0.0073914515325698,0.0101438262175967,0.0002450037832822,0.9999547995226956,0.9996286163696704,0.0010816141830867,0.1870035994797039,0.0002907250045211,0.0004445329558589,0.9999635360140884,0.9782110899340816,,,,,,4D optimized
9,9,4D-B-643a4d560541,4D,4D-B,equal_per_property,64,shared-independent,ensemble_anomaly,"[80, 48]",,"[1.0, 1.0]",full,9900,9900,projection,259184,0.354462750001403,1.0,0.0513687994650994,6.375239785938722e-05,0.0073914515325698,0.0101438262175967,0.0002450037832822,0.9999547995226956,0.9996286163696704,0.0010816141830867,0.1870035994797039,0.0002907250045211,0.0004445329558589,0.9999635360140884,0.9782110899340816,,,,,,4D-B
9,9,4D-C-e7705bff9f37,4D,4D-C,equal_per_property,64,joint,standardized_anomaly,"[64, 48]",2.0,"[1.0, 0.5]",full,9900,9900,projection,404420,0.4702987909986404,1.0,0.0518358022774398,0.0004894167826176,0.0567429704514569,0.0778725029574383,0.0018808541697149,0.9984890360036746,0.9841272621837835,0.0007882012399139,0.1362745341944625,0.0002118591015362,0.0003239430773649,0.9999764017985822,0.9872213288885366,,,,,,4D-C
9,9,4D-D-ff94f89c821d,4D,4D-D,equal_per_property,64,partial-spatial,standardized_anomaly,"[64, 48]",,"[1.0, 1.0]",full,9900,9900,projection,230208,0.6749939579894999,1.0,0.0495041319870919,7.109998915999579e-05,0.0082433310979372,0.0113129224676812,0.0002732409590921,0.999968438783492,0.9996040577201648,0.0010408380826567,0.1799536941877853,0.0002797648745901,0.0004277743734217,0.999967437322406,0.9807569369545448,,,,,,4D-D
9,9,4D-E-6ca320f290f9,4D,4D-E,equal_per_property,64,joint-property-residual,standardized_anomaly,"[80, 48]",2.0,"[1.0, 1.0]",full,9900,9900,projection,408916,1.1808607909988496,1.0,0.0502958200808145,0.0002450834788284,0.0284149728640732,0.0389959327259057,0.0009418685657186,0.9997760002883698,0.9972179671418632,0.0009442063442407,0.1632467360225315,0.0002537914147121,0.0003880596646285,0.9999693287669328,0.98373888998483,,,,,,4D-E
9,9,3D-current-e419eaac8e1a,3D,3D-current,equal_total,32,legacy-independent,raw_minmax,"[48, 48]",,"[1.0, 1.0]",full,9900,9900,projection,129984,8.934379625003203,1.0,0.1027776982415466,0.0012123458651845,0.1405593515554902,0.1928998153007246,0.0046591082624365,0.993738384279102,0.9367828739179912,0.0012797609554014,0.2212618037706283,0.0003439844959164,0.0005259693606032,0.9999496100935892,0.9646378508018728,,,,,,3D current
9,9,3D-independent-7db5f3bc9ad5,3D,3D-independent,equal_total,32,independent,raw_minmax,"[80, 48]",,"[1.0, 1.0]",full,9900,9900,projection,149728,0.4672510409945971,1.0,0.0665929869558559,0.0002865064507536,0.0332175512705436,0.0455868601691763,0.0011010592028905,0.9996992780533192,0.9942023675442232,0.0012449959277163,0.2152511713151847,0.0003346400707147,0.0005116812708582,0.999955483915814,0.9699911819803864,,,,,,3D optimized
9,9,4D-A-9e409054ed54,4D,4D-A,equal_total,32,joint,raw_minmax,"[80, 48]",2.0,"[1.0, 1.0]",full,9900,9900,projection,259188,0.6934817080036737,1.0,0.0925259955552764,0.0002559197142719,0.0296713257506393,0.0407201171155545,0.0009835127825534,0.9992863311402908,0.9939782936719276,0.0016985020932048,0.2936592457087388,0.0004565371242794,0.0006980679135237,0.9998825980863986,0.9124748848046176,,,,,,4D-A
9,9,4D-A-current-205a30146a4e,4D,4D-A-current,equal_total,32,legacy-joint,raw_minmax,"[48, 48]",2.0,"[1.0, 1.0]",full,9900,9900,projection,194740,10.890864041000896,1.0,0.8499058582151195,0.0031405106403594,0.3641107309710238,0.4996956230663466,0.012069145854299,0.9691337478977649,0.7339459270321417,0.0152976723852801,2.644861582292395,0.0041118320588975,0.0062871952212979,0.9913573091115232,0.4847518337737396,,,,,,4D current
9,9,4D-B-2828b82824ed,4D,4D-B,equal_total,32,shared-independent,ensemble_anomaly,"[80, 48]",,"[1.0, 1.0]",full,9900,9900,projection,136304,0.4690681669962941,1.0,0.0635103896344164,0.0002570862822328,0.0298065776130293,0.0409057330776758,0.0009879959639469,0.9997681140814588,0.9967660399099336,0.0012057425449881,0.2084645333654192,0.0003240892291581,0.0004955485106518,0.9999589483572666,0.9716930649716328,,,,,,4D optimized
9,9,4D-B-2828b82824ed,4D,4D-B,equal_total,32,shared-independent,ensemble_anomaly,"[80, 48]",,"[1.0, 1.0]",full,9900,9900,projection,136304,0.4690681669962941,1.0,0.0635103896344164,0.0002570862822328,0.0298065776130293,0.0409057330776758,0.0009879959639469,0.9997681140814588,0.9967660399099336,0.0012057425449881,0.2084645333654192,0.0003240892291581,0.0004955485106518,0.9999589483572666,0.9716930649716328,,,,,,4D-B
9,9,4D-C-44adce3e7a5f,4D,4D-C,equal_total,32,joint,standardized_anomaly,"[80, 48]",2.0,"[1.0, 0.5]",full,9900,9900,projection,259188,0.5880953330051852,1.0,0.0702724327937104,0.0006209909590102,0.0719976774177571,0.0988076461812905,0.0023865005780201,0.9988122327425936,0.978177360544334,0.0010828423410704,0.1872159394871519,0.0002910551187532,0.0004450377168979,0.9999654660356816,0.9780704109158008,,,,,,4D-C
9,9,4D-D-2ecf0e4138e3,4D,4D-D,equal_total,32,partial-spatial,standardized_anomaly,"[80, 48]",,"[1.0, 1.0]",full,9900,9900,projection,163152,0.806275333990925,1.0,0.0596076166822952,0.0002780224169653,0.0322339125894519,0.0442369413071051,0.0010684546194486,0.999752346005188,0.9961506188661392,0.0011139587551571,0.1925957519268302,0.0002994188400943,0.0004578262617838,0.999964071754519,0.9766477767080636,,,,,,4D-D
9,9,4D-E-4f4328240852,4D,4D-E,equal_total,32,joint-property-residual,standardized_anomaly,"[80, 48]",2.0,"[1.0, 1.0]",full,9900,9900,projection,224596,0.8523515410051914,1.0,0.0680298716831672,0.0005401528512831,0.0626253090784817,0.0859452638383922,0.0020758355224056,0.9984703013553934,0.9801240427995812,0.0010898425613527,0.1884262290806099,0.0002929366945544,0.00044791473965,0.999964644193502,0.9777400600532644,,,,,,4D-E
9,9,4D-A-9e409054ed54,4D,4D-A,equal_total,32,joint,raw_minmax,"[80, 48]",2.0,"[1.0, 1.0]",wells,5,10,ridge(alpha_relative=1e-06),259188,0.6934817080036737,774009.7135570704,0.5581791971918322,0.0043976288150524,0.5098609830548794,0.6997192884850821,0.0169003164325726,0.9963441617271428,0.6558647531428013,0.0083215742160974,1.438742535075412,0.0022367399941947,0.0034200864240933,0.9995013727396654,0.7759087055831243,4D,3D-independent,4D-A,0.7635699939881719,0.0,4D-A
9,9,3D-independent-7db5f3bc9ad5,3D,3D-independent,equal_total,32,independent,raw_minmax,"[80, 48]",,"[1.0, 1.0]",wells,5,10,ridge(alpha_relative=1e-08),149728,0.4672510409945971,68892356.3227408,0.5247460102959952,0.0038065080776248,0.4413264584362136,0.6056643786241437,0.014628608670838,0.9972300606777612,0.7588350130582092,0.0082243455098089,1.4219323653004332,0.0022106060764657,0.003380126367285,0.9995461983249142,0.7697145520471232,3D,3D-independent,4D-B,0.5920339317282529,0.0,3D optimized
9,9,4D-B-2828b82824ed,4D,4D-B,equal_total,32,shared-independent,ensemble_anomaly,"[80, 48]",,"[1.0, 1.0]",wells,5,10,ridge(alpha_relative=1e-08),136304,0.4690681669962941,14153096.378337376,0.3041067533128458,0.0025355048999664,0.2939663794298536,0.4034314307024603,0.0097440773034548,0.9981261626904832,0.9243106195622268,0.0047592133832542,0.8228350249815127,0.0012792198493693,0.0019559906165283,0.9998312373558816,0.8764381627577393,4D,3D-independent,4D-B,0.5920339317282529,0.0,4D optimized
9,9,4D-B-2828b82824ed,4D,4D-B,equal_total,32,shared-independent,ensemble_anomaly,"[80, 48]",,"[1.0, 1.0]",wells,5,10,ridge(alpha_relative=1e-08),136304,0.4690681669962941,14153096.378337376,0.3041067533128458,0.0025355048999664,0.2939663794298536,0.4034314307024603,0.0097440773034548,0.9981261626904832,0.9243106195622268,0.0047592133832542,0.8228350249815127,0.0012792198493693,0.0019559906165283,0.9998312373558816,0.8764381627577393,4D,3D-independent,4D-B,0.5920339317282529,0.0,4D-B
9,9,4D-C-44adce3e7a5f,4D,4D-C,equal_total,32,joint,standardized_anomaly,"[80, 48]",2.0,"[1.0, 0.5]",wells,5,10,ridge(alpha_relative=1e-08),259188,0.5880953330051852,19191.34406742587,0.255356825424674,0.0023466605821409,0.2720717735910678,0.373383871606283,0.0090183387607154,0.996956526956384,0.8920701401770175,0.0037062071092187,0.6407775347982861,0.0009961843099256,0.0015232152342759,0.9998632760760392,0.8907738732042983,4D,3D-independent,4D-C,0.6230792654147556,0.0,4D-C
9,9,4D-D-2ecf0e4138e3,4D,4D-D,equal_total,32,partial-spatial,standardized_anomaly,"[80, 48]",,"[1.0, 1.0]",wells,5,10,ridge(alpha_relative=1e-08),163152,0.806275333990925,31729.02203512743,0.2773567802935812,0.0025188247637218,0.2920324848196316,0.4007774065554036,0.0096799746716665,0.997054826678042,0.9088968595264152,0.004101186705519,0.7090667708162643,0.0011023501190615,0.0016855480237242,0.999846726265963,0.8744474093967265,4D,3D-independent,4D-D,0.6196056809070792,0.0,4D-D
9,9,4D-E-4f4328240852,4D,4D-E,equal_total,32,joint-property-residual,standardized_anomaly,"[80, 48]",2.0,"[1.0, 1.0]",wells,5,10,ridge(alpha_relative=1e-08),224596,0.8523515410051914,48918.16304638781,0.2455821885055313,0.0023486126476498,0.2722980960209977,0.3736944703280953,0.009025840650071,0.9967287429099516,0.902244521359584,0.0034867013884661,0.6028265162844705,0.0009371837876913,0.0014330005085447,0.9998445828338436,0.8833471952071015,4D,3D-independent,4D-E,0.621114969884502,0.0,4D-E
9,9,3D-current-e419eaac8e1a,3D,3D-current,equal_total,32,legacy-independent,raw_minmax,"[48, 48]",,"[1.0, 1.0]",wells,5,10,ridge(alpha_relative=0.0001),129984,8.934379625003203,289366.6897554363,0.9102811104632508,0.0047633963644365,0.552268064266513,0.7579176085729313,0.0183059801630355,0.991438148555132,0.6561611281907852,0.0159875071933883,2.7641292418514336,0.0042972514356422,0.0065707106476836,0.9988943112331394,0.6943846003391002,3D,3D-current,4D-A-current,1.8238982486889224,0.0,3D current
9,9,4D-A-current-205a30146a4e,4D,4D-A-current,equal_total,32,legacy-joint,raw_minmax,"[48, 48]",2.0,"[1.0, 1.0]",wells,5,10,ridge(alpha_relative=0.0001),194740,10.890864041000896,234245.83056190287,1.0690911636043792,0.0057482434100626,0.6664512079467818,0.9146194365383554,0.0220907986206086,0.9664183320872446,0.5213657026619707,0.0179565913571302,3.104570253125319,0.0048265177963816,0.007379985172122,0.9908600742583346,0.4679479106471991,4D,3D-current,4D-A-current,1.8238982486889224,0.0,4D current
9,9,4D-A-9e409054ed54,4D,4D-A,equal_total,32,joint,raw_minmax,"[80, 48]",2.0,"[1.0, 1.0]",wells,10,20,ridge(alpha_relative=0.0001),259188,0.6934817080036737,1178555396.428609,0.3290454509465231,0.0021352723242143,0.2475634238586379,0.3397492817736393,0.0082059626827569,0.9979814028140576,0.8932430356957851,0.0052825250045739,0.9133119791178512,0.0014198797776997,0.0021710666256065,0.999710886267287,0.7961441626850078,4D,3D-independent,4D-A,0.446130964674618,0.0,4D-A
9,9,3D-independent-7db5f3bc9ad5,3D,3D-independent,equal_total,32,independent,raw_minmax,"[80, 48]",,"[1.0, 1.0]",wells,10,20,ridge(alpha_relative=0.0001),149728,0.4672510409945971,7517542011.531706,0.3560611715103677,0.0024299863332998,0.2817325592522555,0.3866420700048953,0.0093385639595198,0.9982728944171774,0.8797470565087435,0.0056557627936463,0.9778422072803402,0.0015202016481155,0.0023244637428124,0.999733779743789,0.7909131044735066,3D,3D-independent,4D-B,0.4094966836371979,0.0,3D optimized
9,9,4D-B-2828b82824ed,4D,4D-B,equal_total,32,shared-independent,ensemble_anomaly,"[80, 48]",,"[1.0, 1.0]",wells,10,20,ridge(alpha_relative=0.0001),136304,0.4690681669962941,7366882158.45283,0.3005054525483767,0.0015006129960865,0.1739810360416853,0.2387668223200403,0.0057669338507803,0.998631539142113,0.9754452892741808,0.0053721423033151,0.9288061892551716,0.0014439678397732,0.0022078984676149,0.9998027317474982,0.8260855409325191,4D,3D-independent,4D-B,0.4094966836371979,0.0,4D optimized
9,9,4D-B-2828b82824ed,4D,4D-B,equal_total,32,shared-independent,ensemble_anomaly,"[80, 48]",,"[1.0, 1.0]",wells,10,20,ridge(alpha_relative=0.0001),136304,0.4690681669962941,7366882158.45283,0.3005054525483767,0.0015006129960865,0.1739810360416853,0.2387668223200403,0.0057669338507803,0.998631539142113,0.9754452892741808,0.0053721423033151,0.9288061892551716,0.0014439678397732,0.0022078984676149,0.9998027317474982,0.8260855409325191,4D,3D-independent,4D-B,0.4094966836371979,0.0,4D-B
9,9,4D-C-44adce3e7a5f,4D,4D-C,equal_total,32,joint,standardized_anomaly,"[80, 48]",2.0,"[1.0, 0.5]",wells,10,20,ridge(alpha_relative=0.0001),259188,0.5880953330051852,1830339.4422901168,0.2264153555874239,0.0013562757520433,0.1572465793073207,0.2158009109274959,0.0052122383091771,0.9980446665360913,0.9722873378846416,0.0039233066979899,0.678312549760749,0.0010545380925535,0.0016124410630615,0.9998355883907172,0.8875080755521064,4D,3D-independent,4D-C,0.4385936889039623,0.0,4D-C
9,9,4D-D-2ecf0e4138e3,4D,4D-D,equal_total,32,partial-spatial,standardized_anomaly,"[80, 48]",,"[1.0, 1.0]",wells,10,20,ridge(alpha_relative=0.0001),163152,0.806275333990925,1956136.9813849945,0.3356558356465473,0.0015157091905572,0.1757312884792963,0.2411688209648016,0.0058249493118875,0.9980289872908944,0.9714411570391496,0.0062741965369528,1.0847651173590376,0.0016864292694155,0.0025786340229491,0.9996718171782444,0.8643049694651396,4D,3D-independent,4D-D,0.4657985148097888,0.0,4D-D
9,9,4D-E-4f4328240852,4D,4D-E,equal_total,32,joint-property-residual,standardized_anomaly,"[80, 48]",2.0,"[1.0, 1.0]",wells,10,20,ridge(alpha_relative=0.0001),224596,0.8523515410051914,2715739.491679508,0.2152015520601554,0.001324829282704,0.1536006763797989,0.2107973733219196,0.0050913878907191,0.9978656141755176,0.9722190112557304,0.0036868744206461,0.637435046869382,0.0009909879135945,0.0015152696864731,0.99984799135323,0.8882400187613879,4D,3D-independent,4D-E,0.4464035322455481,0.0,4D-E
9,9,3D-current-e419eaac8e1a,3D,3D-current,equal_total,32,legacy-independent,raw_minmax,"[48, 48]",,"[1.0, 1.0]",wells,10,20,ridge(alpha_relative=0.0001),129984,8.934379625003203,47084808.03790963,0.3672650202758289,0.0025519877309166,0.2958773984687957,0.4060540610402403,0.0098074216807266,0.9923844897579976,0.8315963432588089,0.0056885656079096,0.9835135866281992,0.00152901865373,0.0023379453818414,0.9997296912349464,0.7890654647285495,3D,3D-current,4D-A-current,1.0243842061454964,0.0,3D current
9,9,4D-A-current-205a30146a4e,4D,4D-A-current,equal_total,32,legacy-joint,raw_minmax,"[48, 48]",2.0,"[1.0, 1.0]",wells,10,20,ridge(alpha_relative=0.0001),194740,10.890864041000896,67527212.48532867,0.958191227719808,0.0038296712006098,0.4440119903790926,0.6093499293187986,0.0147176257581086,0.9680070058355312,0.6451730874672157,0.01702162903029,2.942921743674314,0.0045752110634003,0.0069957247091342,0.9907669557115762,0.4631645588811318,4D,3D-current,4D-A-current,1.0243842061454964,0.0,4D current
9,9,4D-A-9e409054ed54,4D,4D-A,equal_total,32,joint,raw_minmax,"[80, 48]",2.0,"[1.0, 1.0]",wells,15,30,ridge(alpha_relative=0.0001),259188,0.6934817080036737,13717219956.602364,0.2723238828424358,0.0016239556445754,0.1882813798533106,0.2583922236147407,0.006240946068901,0.998373870193237,0.8967051210434711,0.0043904226153553,0.7590736559736068,0.0011800932852567,0.0018044211819636,0.999770702454851,0.8194138878708771,4D,3D-independent,4D-A,0.4040409282336064,0.0,4D-A
9,9,3D-independent-7db5f3bc9ad5,3D,3D-independent,equal_total,32,independent,raw_minmax,"[80, 48]",,"[1.0, 1.0]",wells,15,30,ridge(alpha_relative=0.0001),149728,0.4672510409945971,23554099877.103424,0.3131616400352934,0.0017780761371605,0.2061501061972387,0.2829147756417554,0.0068332391438683,0.99888913511539,0.9101668493520622,0.0052249566658088,0.903358812144362,0.0014044060941908,0.0021474065958146,0.9997716234290364,0.8035578670487918,3D,3D-independent,4D-B,0.3671249483887231,0.0,3D optimized
9,9,4D-B-2828b82824ed,4D,4D-B,equal_total,32,shared-independent,ensemble_anomaly,"[80, 48]",,"[1.0, 1.0]",wells,15,30,ridge(alpha_relative=0.0001),136304,0.4690681669962941,22761887203.46069,0.3122568035112767,0.0016462331844776,0.190864237314066,0.2619368666542409,0.0063265598142899,0.9982542730889332,0.9773594121795752,0.0055270278315267,0.9555848241286692,0.0014855992242296,0.0022715549199362,0.9997927391695408,0.817484282615681,4D,3D-independent,4D-B,0.3671249483887231,0.0,4D optimized
9,9,4D-B-2828b82824ed,4D,4D-B,equal_total,32,shared-independent,ensemble_anomaly,"[80, 48]",,"[1.0, 1.0]",wells,15,30,ridge(alpha_relative=0.0001),136304,0.4690681669962941,22761887203.46069,0.3122568035112767,0.0016462331844776,0.190864237314066,0.2619368666542409,0.0063265598142899,0.9982542730889332,0.9773594121795752,0.0055270278315267,0.9555848241286692,0.0014855992242296,0.0022715549199362,0.9997927391695408,0.817484282615681,4D,3D-independent,4D-B,0.3671249483887231,0.0,4D-B
9,9,4D-C-44adce3e7a5f,4D,4D-C,equal_total,32,joint,standardized_anomaly,"[80, 48]",2.0,"[1.0, 0.5]",wells,15,30,ridge(alpha_relative=0.0001),259188,0.5880953330051852,9160771.090161815,0.1946406580957327,0.0016423075380415,0.1904090979571061,0.2613122458309228,0.0063114733507063,0.9973403073398196,0.9607533111342362,0.003025553375895,0.5230972194684905,0.0008132326966867,0.0012434731407251,0.9998460358816726,0.9091340589510952,4D,3D-independent,4D-C,0.4040440169646915,0.0,4D-C
9,9,4D-D-2ecf0e4138e3,4D,4D-D,equal_total,32,partial-spatial,standardized_anomaly,"[80, 48]",,"[1.0, 1.0]",wells,15,30,ridge(alpha_relative=0.0001),163152,0.806275333990925,11911197.317152124,0.2360623760799454,0.0016703019290008,0.1936547669971259,0.2657665133799584,0.0064190572522692,0.9976644777089136,0.974069365272459,0.003952413962939,0.6833449942327376,0.0010623617785464,0.0016244038671067,0.9997430459047736,0.8914311485477047,4D,3D-independent,4D-D,0.413558504132401,0.0,4D-D
9,9,4D-E-4f4328240852,4D,4D-E,equal_total,32,joint-property-residual,standardized_anomaly,"[80, 48]",2.0,"[1.0, 1.0]",wells,15,30,ridge(alpha_relative=0.0001),224596,0.8523515410051914,17141044.73941468,0.2266999149348792,0.0023522536516283,0.2727202339380178,0.3742738008765323,0.0090398332178746,0.996200850000162,0.9609763014816868,0.0032668978840986,0.5648240130465174,0.0008781032247694,0.0013426633966313,0.9998015492448656,0.90051287300835,4D,3D-independent,4D-E,0.4132782585366493,0.0,4D-E
9,9,3D-current-e419eaac8e1a,3D,3D-current,equal_total,32,legacy-independent,raw_minmax,"[48, 48]",,"[1.0, 1.0]",wells,15,30,ridge(alpha_relative=0.0001),129984,8.934379625003203,63606841.311101,0.3292721275835387,0.0021391412406032,0.2480119859352439,0.3403648761170298,0.0082208311298164,0.9925396208737348,0.8670580049597582,0.0052261883353529,0.9035717592762744,0.0014047371522884,0.0021479128000708,0.999770271192802,0.801932464794969,3D,3D-current,4D-A-current,0.9759128737181416,0.0,3D current
9,9,4D-A-current-205a30146a4e,4D,4D-A-current,equal_total,32,legacy-joint,raw_minmax,"[48, 48]",2.0,"[1.0, 1.0]",wells,15,30,ridge(alpha_relative=0.0001),194740,10.890864041000896,589085610.3909822,0.9213686773713998,0.003927616741351,0.4553677941061447,0.6249343242188762,0.0150940355692369,0.9654847653818835,0.6250893369771515,0.01605005395658,2.7749431439207206,0.0043140632603168,0.0065964167617082,0.99116568102304,0.4645831201053803,4D,3D-current,4D-A-current,0.9759128737181416,0.0,4D current
9,9,4D-A-9e409054ed54,4D,4D-A,equal_total,32,joint,raw_minmax,"[80, 48]",2.0,"[1.0, 1.0]",wells,20,40,ridge(alpha_relative=1e-06),259188,0.6934817080036737,221560.25823555188,0.1708861896034557,0.0008218618501967,0.0952866438937035,0.1307687877349445,0.0031584578681678,0.998733367390285,0.9750134463836028,0.0029605285950771,0.5118548853178558,0.0007957548104007,0.0012167485854511,0.999786531387284,0.8721800952118699,4D,3D-independent,4D-A,0.3586608583611944,0.0,4D-A
9,9,3D-independent-7db5f3bc9ad5,3D,3D-independent,equal_total,32,independent,raw_minmax,"[80, 48]",,"[1.0, 1.0]",wells,20,40,ridge(alpha_relative=1e-06),149728,0.4672510409945971,743116.4969763134,0.2336784184192304,0.0016070520656193,0.1863215793002936,0.2557026468593018,0.0061759847351424,0.9987164962072692,0.8420108889786695,0.0036014157472455,0.6226598342449827,0.0009680176404608,0.0014801469992112,0.9998061015363444,0.9065245907580392,3D,3D-independent,4D-B,0.3402209064385885,0.0,3D optimized
9,9,4D-B-2828b82824ed,4D,4D-B,equal_total,32,shared-independent,ensemble_anomaly,"[80, 48]",,"[1.0, 1.0]",wells,20,40,ridge(alpha_relative=1e-06),136304,0.4690681669962941,1822723.286282156,0.1537218257540241,0.0009016159143672,0.104533328248108,0.1434586848095233,0.0034649568879697,0.9990563950122736,0.9804300816060808,0.0026957765249424,0.4660810864355114,0.0007245926085819,0.0011079380482493,0.999900858176154,0.931024141728965,4D,3D-independent,4D-B,0.3402209064385885,0.0,4D optimized
9,9,4D-B-2828b82824ed,4D,4D-B,equal_total,32,shared-independent,ensemble_anomaly,"[80, 48]",,"[1.0, 1.0]",wells,20,40,ridge(alpha_relative=1e-06),136304,0.4690681669962941,1822723.286282156,0.1537218257540241,0.0009016159143672,0.104533328248108,0.1434586848095233,0.0034649568879697,0.9990563950122736,0.9804300816060808,0.0026957765249424,0.4660810864355114,0.0007245926085819,0.0011079380482493,0.999900858176154,0.931024141728965,4D,3D-independent,4D-B,0.3402209064385885,0.0,4D-B
9,9,4D-C-44adce3e7a5f,4D,4D-C,equal_total,32,joint,standardized_anomaly,"[80, 48]",2.0,"[1.0, 0.5]",wells,20,40,ridge(alpha_relative=0.0001),259188,0.5880953330051852,4782.264874282834,0.1734811654592484,0.0011499431014578,0.1333243765730355,0.1829707332270221,0.0044192911933746,0.9981712327645302,0.96265138951918,0.0028902333351246,0.4997013218355767,0.0007768602821233,0.0011878579142874,0.9998427849552852,0.9155506836240568,4D,3D-independent,4D-C,0.410726880927634,0.0,4D-C
9,9,4D-D-2ecf0e4138e3,4D,4D-D,equal_total,32,partial-spatial,standardized_anomaly,"[80, 48]",,"[1.0, 1.0]",wells,20,40,ridge(alpha_relative=0.0001),163152,0.806275333990925,2770.631332506087,0.2091557558670563,0.0008819748137222,0.1022561394938302,0.1403335331547674,0.0033894751158729,0.9985348132429198,0.9792350111013496,0.0039633508459333,0.6852359055382724,0.0010653014823777,0.0016288988201143,0.9997856186737796,0.9225030320264052,4D,3D-independent,4D-D,0.4210982901230685,0.0,4D-D
9,9,4D-E-4f4328240852,4D,4D-E,equal_total,32,joint-property-residual,standardized_anomaly,"[80, 48]",2.0,"[1.0, 1.0]",wells,20,40,ridge(alpha_relative=0.0001),224596,0.8523515410051914,11824.563211565655,0.1969238294487795,0.0012422018883447,0.1440208581898023,0.1976502924694914,0.0047738465134453,0.9972862662705344,0.9386339290523344,0.0032676807500576,0.564959365147602,0.000878313649811,0.0013429851469598,0.9997932537144828,0.9039358820322378,4D,3D-independent,4D-E,0.4345919983699817,0.0,4D-E
9,9,3D-current-e419eaac8e1a,3D,3D-current,equal_total,32,legacy-independent,raw_minmax,"[48, 48]",,"[1.0, 1.0]",wells,20,40,ridge(alpha_relative=0.0001),129984,8.934379625003203,151542.2090938416,0.3352847802443631,0.0023120023392485,0.2680534977121317,0.3678692995319509,0.0088851453293206,0.9933030942907356,0.8048595282734397,0.0051339401004827,0.8876226785077995,0.0013799419259322,0.002109999668789,0.9997748382902468,0.8242145822115176,3D,3D-current,4D-A-current,0.952787872886178,0.0,3D current
9,9,4D-A-current-205a30146a4e,4D,4D-A-current,equal_total,32,legacy-joint,raw_minmax,"[48, 48]",2.0,"[1.0, 1.0]",wells,20,40,ridge(alpha_relative=0.0001),194740,10.890864041000896,215760.976421286,0.9111303476663464,0.003724735591358,0.4318457582706789,0.5926533246415048,0.0143143527498616,0.9678338913127952,0.6157286041841102,0.0159282090843386,2.7538770095785763,0.0042813128104918,0.0065463396990544,0.9912214787321536,0.4666741501836287,4D,3D-current,4D-A-current,0.952787872886178,0.0,4D current
9,9,4D-A-9e409054ed54,4D,4D-A,equal_total,32,joint,raw_minmax,"[80, 48]",2.0,"[1.0, 1.0]",wells,30,60,ridge(alpha_relative=0.0001),259188,0.6934817080036737,19448.12346265742,0.2488115023298269,0.0017819547615804,0.2065997938227276,0.2835319146576932,0.0068481448993961,0.9986818555063094,0.8670653770397729,0.0037117561071895,0.6417369181072904,0.0009976758144615,0.0015254958187103,0.9998241750345102,0.8391160281816479,4D,3D-independent,4D-A,0.3433645528070105,0.0,4D-A
9,9,3D-independent-7db5f3bc9ad5,3D,3D-independent,equal_total,32,independent,raw_minmax,"[80, 48]",,"[1.0, 1.0]",wells,30,60,ridge(alpha_relative=0.0001),149728,0.4672510409945971,25658.682683799256,0.295474522832514,0.0022226834351578,0.2576978660387093,0.3536575134428775,0.008541888131856,0.9991630689884076,0.840612611834409,0.0044407405345284,0.7677732756261978,0.0011936181423711,0.0018251013595098,0.9998310241262464,0.8465334888352931,3D,3D-independent,4D-B,0.3230624821983694,0.0,3D optimized
9,9,4D-B-2828b82824ed,4D,4D-B,equal_total,32,shared-independent,ensemble_anomaly,"[80, 48]",,"[1.0, 1.0]",wells,30,60,ridge(alpha_relative=0.0001),136304,0.4690681669962941,195806.8830126492,0.274739165760915,0.0006961128113377,0.0807073032382592,0.1107604987913853,0.0026751977666025,0.9997961063410256,0.9787213614423264,0.0053380779829158,0.9229167042353515,0.0014348117563407,0.0021938983617793,0.9998073623617096,0.8306133274175753,4D,3D-independent,4D-B,0.3230624821983694,0.0,4D optimized
9,9,4D-B-2828b82824ed,4D,4D-B,equal_total,32,shared-independent,ensemble_anomaly,"[80, 48]",,"[1.0, 1.0]",wells,30,60,ridge(alpha_relative=0.0001),136304,0.4690681669962941,195806.8830126492,0.274739165760915,0.0006961128113377,0.0807073032382592,0.1107604987913853,0.0026751977666025,0.9997961063410256,0.9787213614423264,0.0053380779829158,0.9229167042353515,0.0014348117563407,0.0021938983617793,0.9998073623617096,0.8306133274175753,4D,3D-independent,4D-B,0.3230624821983694,0.0,4D-B
9,9,4D-C-44adce3e7a5f,4D,4D-C,equal_total,32,joint,standardized_anomaly,"[80, 48]",2.0,"[1.0, 0.5]",wells,30,60,ridge(alpha_relative=0.0001),259188,0.5880953330051852,312.8824621343332,0.1760044262716111,0.0007775311435764,0.0901469427939794,0.1237152023145087,0.0029880926552155,0.99924559841945,0.9764556675171018,0.0032276784714719,0.5580432482919974,0.0008675615139713,0.0013265445978076,0.9998422759777944,0.911889304481963,4D,3D-independent,4D-C,0.4141483359144392,0.0,4D-C
9,9,4D-D-2ecf0e4138e3,4D,4D-D,equal_total,32,partial-spatial,standardized_anomaly,"[80, 48]",,"[1.0, 1.0]",wells,30,60,ridge(alpha_relative=0.0001),163152,0.806275333990925,957.7385799930568,0.2207306137042321,0.0007084906804979,0.0821423931022643,0.1127299769274398,0.0027227665620525,0.9986581778968154,0.9759323975368752,0.0043345758411177,0.7494181355809661,0.0011650823377797,0.0017814686985225,0.999777449055554,0.9213437501957288,4D,3D-independent,4D-D,0.4470172908845673,0.0,4D-D
9,9,4D-E-4f4328240852,4D,4D-E,equal_total,32,joint-property-residual,standardized_anomaly,"[80, 48]",2.0,"[1.0, 1.0]",wells,30,60,ridge(alpha_relative=0.0001),224596,0.8523515410051914,677.1880104652328,0.1708022772152186,0.0008767679620981,0.1016524572370105,0.1395050561124919,0.0033694649140648,0.9968726839636248,0.9554285471521858,0.002971642096399,0.513776332708721,0.0007987419871339,0.0012213161268812,0.9998306828598535,0.9090108150175285,4D,3D-independent,4D-E,0.4050956030507658,0.0,4D-E
9,9,3D-current-e419eaac8e1a,3D,3D-current,equal_total,32,legacy-independent,raw_minmax,"[48, 48]",,"[1.0, 1.0]",wells,30,60,ridge(alpha_relative=0.0001),129984,8.934379625003203,27505.81959367933,0.30211523039137,0.0023199375470718,0.2689735055235346,0.3691318931262648,0.0089156407460124,0.9929472306293964,0.8284506011838272,0.0044868950275277,0.7757530677350599,0.0012060239201389,0.0018440704092135,0.9998258300458578,0.8440807022024015,3D,3D-current,4D-A-current,0.9249877143564394,0.0,3D current
9,9,4D-A-current-205a30146a4e,4D,4D-A-current,equal_total,32,legacy-joint,raw_minmax,"[48, 48]",2.0,"[1.0, 1.0]",wells,30,60,ridge(alpha_relative=0.0001),194740,10.890864041000896,19973.495071061985,0.8861283260214942,0.0035114583180153,0.4071183961346156,0.5587181681674961,0.0134947170873357,0.966655458016362,0.6797661280238055,0.0156921896603877,2.7130708861788255,0.0042178736016055,0.0064493380012127,0.9913236748810704,0.4715858284311229,4D,3D-current,4D-A-current,0.9249877143564394,0.0,4D current
9,9,4D-A-9e409054ed54,4D,4D-A,equal_total,32,joint,raw_minmax,"[80, 48]",2.0,"[1.0, 1.0]",grid,30,30,ridge(alpha_relative=0.0001),259188,0.6934817080036737,397405.6928074861,0.3777120216664339,0.0048896113914161,0.5669014315738782,0.7780000422180813,0.018791031081203,0.9978916843332922,0.5260436776010219,0.0035699967901213,0.6172277142099433,0.0009595725991561,0.0014672341120664,0.999827863712116,0.8205184406351497,4D,3D-independent,4D-A,0.7663977317329584,0.0,4D-A
9,9,3D-independent-7db5f3bc9ad5,3D,3D-independent,equal_total,32,independent,raw_minmax,"[80, 48]",,"[1.0, 1.0]",grid,30,30,ridge(alpha_relative=1e-06),149728,0.4672510409945971,8.622776715751378e+18,0.4607541865458684,0.0061188045967472,0.7094140633561026,0.9735804859565292,0.0235148845487257,0.9978385230167726,0.3863551459624687,0.0043768535032697,0.7567276504926874,0.0011764460696098,0.0017988444082876,0.9998397772661124,0.859894789368164,3D,3D-independent,4D-B,0.5860764493318352,0.0,3D optimized
9,9,4D-B-2828b82824ed,4D,4D-B,equal_total,32,shared-independent,ensemble_anomaly,"[80, 48]",,"[1.0, 1.0]",grid,30,30,ridge(alpha_relative=1e-06),136304,0.4690681669962941,6.126547665951843e+18,0.2194982778082753,0.003419997840217,0.3965144704551038,0.5441656301655484,0.0131432297106443,0.99933187329186,0.6306794903143245,0.0015783145495695,0.2728796520015873,0.0004242321446358,0.0006486719968788,0.9999272313748953,0.9521225321328552,4D,3D-independent,4D-B,0.5860764493318352,0.0,4D optimized
9,9,4D-B-2828b82824ed,4D,4D-B,equal_total,32,shared-independent,ensemble_anomaly,"[80, 48]",,"[1.0, 1.0]",grid,30,30,ridge(alpha_relative=1e-06),136304,0.4690681669962941,6.126547665951843e+18,0.2194982778082753,0.003419997840217,0.3965144704551038,0.5441656301655484,0.0131432297106443,0.99933187329186,0.6306794903143245,0.0015783145495695,0.2728796520015873,0.0004242321446358,0.0006486719968788,0.9999272313748953,0.9521225321328552,4D,3D-independent,4D-B,0.5860764493318352,0.0,4D-B
9,9,4D-C-44adce3e7a5f,4D,4D-C,equal_total,32,joint,standardized_anomaly,"[80, 48]",2.0,"[1.0, 0.5]",grid,30,30,ridge(alpha_relative=0.0001),259188,0.5880953330051852,404.1408918123639,0.3467227279831868,0.0055951835013436,0.6487054456717498,0.8902656370412595,0.0215025814246421,0.9949320525879528,0.314597536291153,0.0021150684967169,0.365680691153141,0.0005685052099777,0.0008692726717086,0.9998562741420464,0.9403929134931346,4D,3D-independent,4D-C,0.925590512195998,0.0,4D-C
9,9,4D-D-2ecf0e4138e3,4D,4D-D,equal_total,32,partial-spatial,standardized_anomaly,"[80, 48]",,"[1.0, 1.0]",grid,30,30,ridge(alpha_relative=0.0001),163152,0.806275333990925,1.5659631769405284e+18,0.211404309979264,0.0031611888138227,0.3665081579238582,0.5029857863410127,0.0121486131512161,0.9986820842115148,0.6718829960963425,0.0016810481969239,0.2906415879519234,0.0004518457249296,0.0006908945311602,0.9998959015455082,0.9511820158211086,4D,3D-independent,4D-D,0.5966911250096503,0.0,4D-D
9,9,4D-E-4f4328240852,4D,4D-E,equal_total,32,joint-property-residual,standardized_anomaly,"[80, 48]",2.0,"[1.0, 1.0]",grid,30,30,ridge(alpha_relative=0.0001),224596,0.8523515410051914,38731.796001529256,0.3929374932229534,0.0080893039333559,0.9378737108446352,1.287112266777307,0.0310876160636897,0.9968431972460162,0.5154281997574961,0.0021010032969701,0.3632489155522125,0.0005647246518786,0.0008634920108076,0.9998685345680972,0.9433171072525712,4D,3D-independent,4D-E,0.8301952701298141,0.0,4D-E
9,9,3D-current-e419eaac8e1a,3D,3D-current,equal_total,32,legacy-independent,raw_minmax,"[48, 48]",,"[1.0, 1.0]",grid,30,30,ridge(alpha_relative=0.0001),129984,8.934379625003203,1.5315192347392629e+19,0.4828144568991862,0.0071094636600084,0.8242710522264896,1.1312070806576884,0.0273220388925855,0.9911210111731446,0.1978918900180767,0.0036419535376755,0.6296685373887714,0.0009789137155034,0.001496807638546,0.999897326220867,0.8474716340189551,3D,3D-current,4D-A-current,1.2318716096801212,0.0,3D current
9,9,4D-A-current-205a30146a4e,4D,4D-A-current,equal_total,32,legacy-joint,raw_minmax,"[48, 48]",2.0,"[1.0, 1.0]",grid,30,30,ridge(alpha_relative=0.0001),194740,10.890864041000896,3470494.119927906,0.9434785876036756,0.0045343640228341,0.5257140598810026,0.7214756181626568,0.0174257969531374,0.9622760401549184,0.5603967189993596,0.0159741207989225,2.761814826981237,0.0042936533323143,0.0065652089691801,0.9911930296834748,0.4668323538957157,4D,3D-current,4D-A-current,1.2318716096801212,0.0,4D current
9,9,4D-A-9e409054ed54,4D,4D-A,equal_total,32,joint,raw_minmax,"[80, 48]",2.0,"[1.0, 1.0]",grid,100,100,ridge(alpha_relative=1e-06),259188,0.6934817080036737,12314.663672392782,0.1200373172999882,0.0007813784647948,0.0905930011270098,0.1243273605885951,0.0030028781109106,0.999216732539596,0.9519593296084848,0.0018039278749732,0.311886633049753,0.0004848743182257,0.000741396888981,0.9998816664707196,0.8927014003451346,4D,3D-independent,4D-A,0.2531758495631614,0.0,4D-A
9,9,3D-independent-7db5f3bc9ad5,3D,3D-independent,equal_total,32,independent,raw_minmax,"[80, 48]",,"[1.0, 1.0]",grid,100,100,ridge(alpha_relative=1e-06),149728,0.4672510409945971,5398.826418248699,0.1202571304545568,0.0011114166873046,0.128857625007623,0.1768406853687538,0.0042712321784862,0.9996463322707332,0.8992587940012502,0.0015546536427724,0.2687888451249888,0.0004178723748185,0.0006389475932964,0.9999344235900636,0.9339771026275188,3D,3D-independent,4D-B,0.2400462840810731,0.0,3D optimized
9,9,4D-B-2828b82824ed,4D,4D-B,equal_total,32,shared-independent,ensemble_anomaly,"[80, 48]",,"[1.0, 1.0]",grid,100,100,ridge(alpha_relative=1e-06),136304,0.4690681669962941,18427.476032795497,0.1015619789720792,0.0008962651272602,0.1039129581147394,0.1426073057812298,0.0034443935346092,0.9997986425480764,0.9319572818300488,0.0014290092542854,0.2470658007447416,0.0003841006602995,0.0005873089662568,0.9999487519939888,0.9575044041122792,4D,3D-independent,4D-B,0.2400462840810731,0.0,4D optimized
9,9,4D-B-2828b82824ed,4D,4D-B,equal_total,32,shared-independent,ensemble_anomaly,"[80, 48]",,"[1.0, 1.0]",grid,100,100,ridge(alpha_relative=1e-06),136304,0.4690681669962941,18427.476032795497,0.1015619789720792,0.0008962651272602,0.1039129581147394,0.1426073057812298,0.0034443935346092,0.9997986425480764,0.9319572818300488,0.0014290092542854,0.2470658007447416,0.0003841006602995,0.0005873089662568,0.9999487519939888,0.9575044041122792,4D,3D-independent,4D-B,0.2400462840810731,0.0,4D-B
9,9,4D-C-44adce3e7a5f,4D,4D-C,equal_total,32,joint,standardized_anomaly,"[80, 48]",2.0,"[1.0, 0.5]",grid,100,100,ridge(alpha_relative=1e-06),259188,0.5880953330051852,115.15937305458633,0.1341840712700946,0.0017753439705392,0.2058333388623894,0.2824800528025452,0.0068227392853336,0.9987470534616332,0.7954679272440168,0.0012274922451791,0.2122249058595459,0.0003299352894125,0.0005044874268255,0.9999495360396974,0.9671759920390968,4D,3D-independent,4D-C,0.3183695977227635,0.0,4D-C
9,9,4D-D-2ecf0e4138e3,4D,4D-D,equal_total,32,partial-spatial,standardized_anomaly,"[80, 48]",,"[1.0, 1.0]",grid,100,100,ridge(alpha_relative=1e-06),163152,0.806275333990925,1382.5056906809475,0.1013749743912166,0.0011953313423163,0.1385866881678681,0.1901925859423665,0.004593720565449,0.9958986895511224,0.9306264387161004,0.001247366821786,0.2156610824756937,0.0003352773387904,0.0005126556853632,0.9999452764380004,0.96686930744129,4D,3D-independent,4D-D,0.249026860001557,0.0,4D-D
9,9,4D-E-4f4328240852,4D,4D-E,equal_total,32,joint-property-residual,standardized_anomaly,"[80, 48]",2.0,"[1.0, 1.0]",grid,100,100,ridge(alpha_relative=1e-06),224596,0.8523515410051914,434.6335656197648,0.1651829162457837,0.002532713896415,0.2936427905426859,0.4029873461511497,0.0097333513315351,0.9922231794870108,0.7243759831557575,0.0012298847820706,0.2126385589140239,0.0003305783748209,0.0005054707363207,0.9999458336669432,0.9667233857913922,4D,3D-independent,4D-E,0.3521859386763658,0.0,4D-E
9,9,3D-current-e419eaac8e1a,3D,3D-current,equal_total,32,legacy-independent,raw_minmax,"[48, 48]",,"[1.0, 1.0]",grid,100,100,ridge(alpha_relative=1e-06),129984,8.934379625003203,6419.4640583856635,0.1504883857630282,0.001882958147481,0.2183101240467952,0.299602852039909,0.0072363061686324,0.9930505417892656,0.8401905949575019,0.0015612353624486,0.2699267788627798,0.0004196414626435,0.0006416526163518,0.9999267932674134,0.9323761247574222,3D,3D-current,4D-A-current,0.9157632854087452,0.0,3D current
9,9,4D-A-current-205a30146a4e,4D,4D-A-current,equal_total,32,legacy-joint,raw_minmax,"[48, 48]",2.0,"[1.0, 1.0]",grid,100,100,ridge(alpha_relative=1e-06),194740,10.890864041000896,18634.88133973341,0.989104921698018,0.0056572016592343,0.6558958294624803,0.9001335233812561,0.0217409204334576,0.9467721781423102,0.3357064501582326,0.0156710053804376,2.7094082709274803,0.0042121795195746,0.0064406314672829,0.9911880368336468,0.4820623770375439,4D,3D-current,4D-A-current,0.9157632854087452,0.0,4D current
9,9,4D-A-9e409054ed54,4D,4D-A,equal_total,32,joint,raw_minmax,"[80, 48]",2.0,"[1.0, 1.0]",grid,300,300,ridge(alpha_relative=1e-06),259188,0.6934817080036737,9742.802245053215,0.1071292792526346,0.0005926116862262,0.0687073851878841,0.0942921389851909,0.0022774375555717,0.9992257027757464,0.9722056235066926,0.0017201660464292,0.2974047931463278,0.0004623601367709,0.0007069715885245,0.999882706101186,0.9029844991406544,4D,3D-independent,4D-A,0.2167548855027113,0.0,4D-A
9,9,4D-B-2828b82824ed,4D,4D-B,equal_total,32,shared-independent,ensemble_anomaly,"[80, 48]",,"[1.0, 1.0]",grid,300,300,ridge(alpha_relative=1e-08),136304,0.4690681669962941,18749.863207781615,0.082024279054637,0.000648984570198,0.0752432560510817,0.1032617896586466,0.0024940814828803,0.999811524962914,0.9604689772373312,0.0012550549215212,0.2169903016613509,0.0003373438083922,0.0005158154199097,0.9999501850633904,0.967803905750438,4D,3D-independent,4D-B,0.2054334659030685,0.0,4D-B
9,9,4D-C-44adce3e7a5f,4D,4D-C,equal_total,32,joint,standardized_anomaly,"[80, 48]",2.0,"[1.0, 0.5]",grid,300,300,ridge(alpha_relative=1e-06),259188,0.5880953330051852,111.65130995720617,0.1013482944266457,0.0012180954190967,0.1412259547030251,0.193814643255004,0.0046812040973851,0.9987750871022084,0.887450556516051,0.0011268786098101,0.1948295052953139,0.0003028915430795,0.0004631361969418,0.9999579441901782,0.973874008067461,4D,3D-independent,4D-C,0.262251193153116,0.0,4D-C
9,9,3D-independent-7db5f3bc9ad5,3D,3D-independent,equal_total,32,independent,raw_minmax,"[80, 48]",,"[1.0, 1.0]",grid,300,300,ridge(alpha_relative=1e-06),149728,0.4672510409945971,5216.478004254102,0.0977682014114174,0.0008622222312341,0.0999660255372302,0.1371906433053407,0.00331356491325,0.9996975629285708,0.9300223510437944,0.001341117948709,0.2318700028689644,0.0003604765246228,0.0005511864907261,0.9999493444965774,0.9515040944772554,3D,3D-independent,4D-D,0.2049336428171179,0.0,3D optimized
9,9,4D-D-2ecf0e4138e3,4D,4D-D,equal_total,32,partial-spatial,standardized_anomaly,"[80, 48]",,"[1.0, 1.0]",grid,300,300,ridge(alpha_relative=1e-06),163152,0.806275333990925,304.9962279663623,0.0763617340748764,0.000662116279716,0.0767657461487325,0.1053512134883951,0.0025445473260629,0.9996975354416144,0.972561275635206,0.0011635020496169,0.2011614443326312,0.0003127354873157,0.0004781880760736,0.9999564258779298,0.97239923272851,4D,3D-independent,4D-D,0.2049336428171179,0.0,4D optimized
9,9,4D-D-2ecf0e4138e3,4D,4D-D,equal_total,32,partial-spatial,standardized_anomaly,"[80, 48]",,"[1.0, 1.0]",grid,300,300,ridge(alpha_relative=1e-06),163152,0.806275333990925,304.9962279663623,0.0763617340748764,0.000662116279716,0.0767657461487325,0.1053512134883951,0.0025445473260629,0.9996975354416144,0.972561275635206,0.0011635020496169,0.2011614443326312,0.0003127354873157,0.0004781880760736,0.9999564258779298,0.97239923272851,4D,3D-independent,4D-D,0.2049336428171179,0.0,4D-D
9,9,4D-E-4f4328240852,4D,4D-E,equal_total,32,joint-property-residual,standardized_anomaly,"[80, 48]",2.0,"[1.0, 1.0]",grid,300,300,ridge(alpha_relative=1e-06),224596,0.8523515410051914,331.58580633898254,0.098479949145997,0.0011426441905036,0.1324781410059071,0.1818093826459792,0.0043912410986698,0.9985184853151924,0.8971939117185838,0.0011363822961093,0.1964726268205908,0.0003054460207163,0.0004670421199855,0.999956527745262,0.972868030766436,4D,3D-independent,4D-E,0.264011012017384,0.0,4D-E
9,9,3D-current-e419eaac8e1a,3D,3D-current,equal_total,32,legacy-independent,raw_minmax,"[48, 48]",,"[1.0, 1.0]",grid,300,300,ridge(alpha_relative=1e-06),129984,8.934379625003203,5587.154247996195,0.139846038508303,0.0018264772818758,0.2117617337955139,0.2906160201001604,0.0070192472622859,0.9932487754809524,0.8381497484680178,0.0013856241909712,0.239564823843479,0.0003724392722321,0.000569478125337,0.999941789920984,0.9457350587435434,3D,3D-current,4D-A-current,0.8610261182150654,0.0,3D current
9,9,4D-A-current-205a30146a4e,4D,4D-A-current,equal_total,32,legacy-joint,raw_minmax,"[48, 48]",2.0,"[1.0, 1.0]",grid,300,300,ridge(alpha_relative=1e-06),194740,10.890864041000896,13268.337360071251,0.8765478221819752,0.0034815592635461,0.403651900451332,0.5539608441641755,0.0133798134647666,0.9674265341196834,0.6480767038627233,0.0154384721765028,2.6692048908180848,0.0041496773650888,0.0063450625721105,0.9912318220065264,0.4852543012203085,4D,3D-current,4D-A-current,0.8610261182150654,0.0,4D current
9,9,4D-A-4f7fd7861b3e,4D,4D-A,equal_per_property,64,joint,raw_minmax,"[80, 48]",2.0,"[1.0, 1.0]",wells,5,10,ridge(alpha_relative=1e-06),504948,0.5802328749996377,759152.3456892627,0.5398096451179889,0.0044159977648123,0.5119906786649829,0.7026420245769137,0.0169709092626028,0.9962760213442412,0.6576742267592661,0.0078843739306128,1.3631536343771475,0.0021192257668836,0.0032404013402178,0.9995295105475436,0.7741372383810837,4D,3D-independent,4D-A,0.7164941004094565,0.0,4D-A
9,9,4D-B-643a4d560541,4D,4D-B,equal_per_property,64,shared-independent,ensemble_anomaly,"[80, 48]",,"[1.0, 1.0]",wells,5,10,ridge(alpha_relative=1e-06),259184,0.354462750001403,13468398.803169588,0.2863295913205345,0.0022451047124243,0.2602973884061568,0.3572250269451915,0.0086280542674174,0.9982172310744628,0.9358963226683864,0.0045709674967643,0.7902886152622982,0.0012286215981105,0.0018786233799867,0.9998396246478484,0.8746389541042474,4D,3D-independent,4D-B,0.5844570940166101,0.0,4D-B
9,9,4D-C-e7705bff9f37,4D,4D-C,equal_per_property,64,joint,standardized_anomaly,"[64, 48]",2.0,"[1.0, 0.5]",wells,5,10,ridge(alpha_relative=1e-08),404420,0.4702987909986404,4576.851613469161,0.3249060281946309,0.0026316391823697,0.3051121859071155,0.4187276311120975,0.0101135263545144,0.9958535151735493,0.9033840437399656,0.0051153721504755,0.8844124085791999,0.0013749510822153,0.0021023684211316,0.9997683569767304,0.8764169196756181,4D,3D-independent,4D-C,0.6471598213380507,0.0,4D-C
9,9,3D-independent-fa9b36e31dc0,3D,3D-independent,equal_per_property,64,independent,raw_minmax,"[80, 48]",,"[1.0, 1.0]",wells,5,10,ridge(alpha_relative=1e-08),272608,0.3569664169990574,67244180.27834442,0.5255271961047911,0.003812995807589,0.4420786456981307,0.6066966598796394,0.0146535413547763,0.997238000194281,0.7571202027129674,0.0082333572386676,1.423490430792249,0.0022130283218043,0.0033838301005844,0.999545147153798,0.7698003814294618,3D,3D-independent,4D-D,0.582439017076445,0.0,3D optimized
9,9,4D-D-ff94f89c821d,4D,4D-D,equal_per_property,64,partial-spatial,standardized_anomaly,"[64, 48]",,"[1.0, 1.0]",wells,5,10,ridge(alpha_relative=1e-08),230208,0.6749939579894999,9550.981488940315,0.2747817158372682,0.0022739995769519,0.2636474583308487,0.36182257141709,0.0087390987357729,0.9966443543630552,0.9260717237597396,0.0042657223075325,0.7375138366001763,0.0011465753283711,0.0017531705629353,0.9998560586835984,0.8779971394041652,4D,3D-independent,4D-D,0.582439017076445,0.0,4D optimized
9,9,4D-D-ff94f89c821d,4D,4D-D,equal_per_property,64,partial-spatial,standardized_anomaly,"[64, 48]",,"[1.0, 1.0]",wells,5,10,ridge(alpha_relative=1e-08),230208,0.6749939579894999,9550.981488940315,0.2747817158372682,0.0022739995769519,0.2636474583308487,0.36182257141709,0.0087390987357729,0.9966443543630552,0.9260717237597396,0.0042657223075325,0.7375138366001763,0.0011465753283711,0.0017531705629353,0.9998560586835984,0.8779971394041652,4D,3D-independent,4D-D,0.582439017076445,0.0,4D-D
9,9,4D-E-6ca320f290f9,4D,4D-E,equal_per_property,64,joint-property-residual,standardized_anomaly,"[80, 48]",2.0,"[1.0, 1.0]",wells,5,10,ridge(alpha_relative=1e-08),408916,1.1808607909988496,20036.43176490196,0.2330608968642749,0.002390423319407,0.2771456243370217,0.3803470857996237,0.0091865212378771,0.9970830660666832,0.90905267761286,0.0032170553419777,0.5562065827931287,0.0008647061433424,0.0013221785944504,0.9998776262930176,0.8931645617332417,4D,3D-independent,4D-E,0.6054298200189838,0.0,4D-E
9,9,3D-current-5e7711139fcb,3D,3D-current,equal_per_property,64,legacy-independent,raw_minmax,"[48, 48]",,"[1.0, 1.0]",wells,5,10,ridge(alpha_relative=0.0001),242016,8.616830749997462,287171.8973555051,0.927949739939922,0.0047911582637581,0.5554867782314447,0.7623348837130779,0.0184126705871338,0.9912452171405206,0.6550970593391948,0.0163717571312497,2.830563394253974,0.004400533240438,0.00672863365141,0.9988693956896274,0.6934053661122677,3D,3D-current,4D-A-current,1.7853829864685695,0.0,3D current
9,9,4D-A-current-43ce2f360e5a,4D,4D-A-current,equal_per_property,64,legacy-joint,raw_minmax,"[48, 48]",2.0,"[1.0, 1.0]",wells,5,10,ridge(alpha_relative=0.0001),380500,9.819802375001018,227150.99448186447,1.0566982235971976,0.0056836128713285,0.6589579447815163,0.9043358868165938,0.0218424200962376,0.9657812248833691,0.5315530205817941,0.0177448961781363,3.0679696231748244,0.004769616654706,0.0072929805034233,0.9908766737201848,0.4687163265533061,4D,3D-current,4D-A-current,1.7853829864685695,0.0,4D current
9,9,4D-A-4f7fd7861b3e,4D,4D-A,equal_per_property,64,joint,raw_minmax,"[80, 48]",2.0,"[1.0, 1.0]",wells,10,20,ridge(alpha_relative=0.0001),504948,0.5802328749996377,1133764268.2328892,0.3201008618816176,0.0020677677697896,0.2397369473807103,0.3290084392018684,0.0079465391664945,0.9979303980677232,0.9131610618906988,0.0051795701262265,0.8955117938613751,0.001392206733151,0.0021287531675291,0.9997091163699474,0.7965295255405312,4D,3D-independent,4D-A,0.4393953123254609,0.0,4D-A
9,9,3D-independent-fa9b36e31dc0,3D,3D-independent,equal_per_property,64,independent,raw_minmax,"[80, 48]",,"[1.0, 1.0]",wells,10,20,ridge(alpha_relative=1e-06),272608,0.3569664169990574,6864854495.514543,0.2868123262747477,0.0024597466843876,0.2851829736687132,0.3913773245168153,0.0094529345377748,0.9978441069581182,0.8709843560949477,0.0042297856635222,0.7313006397983662,0.0011369159866615,0.0017384009502256,0.999816484182782,0.8674842606412294,3D,3D-independent,4D-B,0.3948302914608896,0.0,3D optimized
9,9,4D-B-643a4d560541,4D,4D-B,equal_per_property,64,shared-independent,ensemble_anomaly,"[80, 48]",,"[1.0, 1.0]",wells,10,20,ridge(alpha_relative=1e-06),259184,0.354462750001403,7127915817.674866,0.241341059545991,0.0014550358585274,0.168696823767759,0.2315149137108306,0.0055917785388536,0.9985708828022802,0.9801117771841296,0.0042718837055022,0.7385790996266524,0.0011482314387297,0.0017557028378394,0.9998559894716804,0.9037115932367654,4D,3D-independent,4D-B,0.3948302914608896,0.0,4D optimized
9,9,4D-B-643a4d560541,4D,4D-B,equal_per_property,64,shared-independent,ensemble_anomaly,"[80, 48]",,"[1.0, 1.0]",wells,10,20,ridge(alpha_relative=1e-06),259184,0.354462750001403,7127915817.674866,0.241341059545991,0.0014550358585274,0.168696823767759,0.2315149137108306,0.0055917785388536,0.9985708828022802,0.9801117771841296,0.0042718837055022,0.7385790996266524,0.0011482314387297,0.0017557028378394,0.9998559894716804,0.9037115932367654,4D,3D-independent,4D-B,0.3948302914608896,0.0,4D-B
9,9,4D-C-e7705bff9f37,4D,4D-C,equal_per_property,64,joint,standardized_anomaly,"[64, 48]",2.0,"[1.0, 0.5]",wells,10,20,ridge(alpha_relative=1e-06),404420,0.4702987909986404,261746.65391400692,0.2383544478240283,0.0016195638963251,0.1877722006628032,0.2576934399997277,0.006224068351785,0.9973466492719522,0.9618446696454624,0.0039849862433256,0.6889765158702981,0.0010711168194017,0.0016377907589446,0.9998304557776132,0.8848171808285133,4D,3D-independent,4D-C,0.4291464340653627,0.0,4D-C
9,9,4D-D-ff94f89c821d,4D,4D-D,equal_per_property,64,partial-spatial,standardized_anomaly,"[64, 48]",,"[1.0, 1.0]",wells,10,20,ridge(alpha_relative=1e-06),230208,0.6749939579894999,208423.900198664,0.3133110137280342,0.0014802799191577,0.1716236195730776,0.2355315683412128,0.0056887927778076,0.9969284945905464,0.9664603229865284,0.0057474584895823,0.9936957578947536,0.0015448483585899,0.0023621497859426,0.9997259780199956,0.8576903221248597,4D,3D-independent,4D-D,0.4305129916124808,0.0,4D-D
9,9,4D-E-6ca320f290f9,4D,4D-E,equal_per_property,64,joint-property-residual,standardized_anomaly,"[80, 48]",2.0,"[1.0, 1.0]",wells,10,20,ridge(alpha_relative=1e-06),408916,1.1808607909988496,1297583.3902348054,0.2192414669209626,0.0013361193441961,0.1549096458479484,0.2125937672711378,0.0051347761846807,0.9980542228905812,0.9716231633601652,0.0037757980081019,0.6528093191310811,0.0010148895143403,0.0015518164198605,0.9998394720834642,0.8898830312301929,4D,3D-independent,4D-E,0.4084104332190892,0.0,4D-E
9,9,3D-current-5e7711139fcb,3D,3D-current,equal_per_property,64,legacy-independent,raw_minmax,"[48, 48]",,"[1.0, 1.0]",wells,10,20,ridge(alpha_relative=0.0001),242016,8.616830749997462,45926041.00819876,0.3460429597346106,0.0024591427340455,0.2851129516800203,0.3912812282518824,0.0094506135251743,0.9921367590764902,0.8374389970268995,0.0053132282138186,0.91862035130278,0.0014281324345029,0.0021836853473034,0.999747367357702,0.8016839310618162,3D,3D-current,4D-A-current,1.0261874377608846,0.0,3D current
9,9,4D-A-current-43ce2f360e5a,4D,4D-A-current,equal_per_property,64,legacy-joint,raw_minmax,"[48, 48]",2.0,"[1.0, 1.0]",wells,10,20,ridge(alpha_relative=0.0001),380500,9.819802375001018,61078641.17050494,0.9650513074793352,0.0038082931195234,0.4415334161526273,0.6059484017419902,0.0146354686797656,0.9673558316474976,0.653596420570432,0.0172170974741303,2.9767168835258615,0.004627750652015,0.00707606034681,0.9906897595583444,0.4624937189518645,4D,3D-current,4D-A-current,1.0261874377608846,0.0,4D current
9,9,4D-A-4f7fd7861b3e,4D,4D-A,equal_per_property,64,joint,raw_minmax,"[80, 48]",2.0,"[1.0, 1.0]",wells,15,30,ridge(alpha_relative=0.0001),504948,0.5802328749996377,3716152176.8254633,0.249287130163473,0.0014146101789471,0.1640098714126721,0.2250826683026505,0.0054364205480719,0.9984623940442452,0.934773369780156,0.0041174432361053,0.7118774123391055,0.0011067196807796,0.0016922293003814,0.9997746055360848,0.822704156415615,4D,3D-independent,4D-A,0.3933403149569707,0.0,4D-A
9,9,3D-independent-fa9b36e31dc0,3D,3D-independent,equal_per_property,64,independent,raw_minmax,"[80, 48]",,"[1.0, 1.0]",wells,15,30,ridge(alpha_relative=1e-06),272608,0.3569664169990574,12358759147.08512,0.244197349625808,0.0011107888184869,0.1287848299114231,0.1767407833668139,0.0042688192459391,0.9990575642419806,0.959300711527157,0.0043864698099079,0.7583902432944272,0.0011790308182518,0.0018027966172002,0.9998137397238812,0.8614706378780792,3D,3D-independent,4D-B,0.3474861514557588,0.0,3D optimized
9,9,4D-B-643a4d560541,4D,4D-B,equal_per_property,64,shared-independent,ensemble_anomaly,"[80, 48]",,"[1.0, 1.0]",wells,15,30,ridge(alpha_relative=1e-06),259184,0.354462750001403,20001883938.3794,0.1903037849629546,0.0015047543961838,0.1744611898731338,0.239425772324984,0.0057828494669138,0.9985276803426532,0.9823099509007176,0.0030875910458738,0.5338231028479575,0.0008299076831718,0.0012689700223688,0.9999068830303344,0.9118283548378282,4D,3D-independent,4D-B,0.3474861514557588,0.0,4D optimized
9,9,4D-B-643a4d560541,4D,4D-B,equal_per_property,64,shared-independent,ensemble_anomaly,"[80, 48]",,"[1.0, 1.0]",wells,15,30,ridge(alpha_relative=1e-06),259184,0.354462750001403,20001883938.3794,0.1903037849629546,0.0015047543961838,0.1744611898731338,0.239425772324984,0.0057828494669138,0.9985276803426532,0.9823099509007176,0.0030875910458738,0.5338231028479575,0.0008299076831718,0.0012689700223688,0.9999068830303344,0.9118283548378282,4D,3D-independent,4D-B,0.3474861514557588,0.0,4D-B
9,9,4D-C-e7705bff9f37,4D,4D-C,equal_per_property,64,joint,standardized_anomaly,"[64, 48]",2.0,"[1.0, 0.5]",wells,15,30,ridge(alpha_relative=0.0001),404420,0.4702987909986404,1007622.366906998,0.1768381445911225,0.0016319263275503,0.1892055006529758,0.2596604617618172,0.0062715778184471,0.9973255153693078,0.9659133840181284,0.0026687447273345,0.4614074758892338,0.0007173267834802,0.0010968282411843,0.9998631823128242,0.92060741233731,4D,3D-independent,4D-C,0.3978019462561954,0.0,4D-C
9,9,4D-D-ff94f89c821d,4D,4D-D,equal_per_property,64,partial-spatial,standardized_anomaly,"[64, 48]",,"[1.0, 1.0]",wells,15,30,ridge(alpha_relative=0.0001),230208,0.6749939579894999,524772.0534610938,0.1915486124790169,0.0014878517765953,0.1725015005491771,0.2367363482172693,0.005717891820055,0.9972434368919202,0.9709389398019992,0.0030985312843092,0.5357145942860124,0.0008328482889056,0.0012734663544302,0.9998292618112848,0.9131043500362442,4D,3D-independent,4D-D,0.387133152543646,0.0,4D-D
9,9,4D-E-6ca320f290f9,4D,4D-E,equal_per_property,64,joint-property-residual,standardized_anomaly,"[80, 48]",2.0,"[1.0, 1.0]",wells,15,30,ridge(alpha_relative=0.0001),408916,1.1808607909988496,2101185.0574524407,0.1798488032817939,0.0015963526085691,0.1850810844974794,0.2540002256706987,0.0061348661647923,0.997734633910156,0.971108725688579,0.0027785793692389,0.4803971246058176,0.0007468490264977,0.0011419692154661,0.9998553640684892,0.9210572662636634,4D,3D-independent,4D-E,0.3836412059171786,0.0,4D-E
9,9,3D-current-5e7711139fcb,3D,3D-current,equal_per_property,64,legacy-independent,raw_minmax,"[48, 48]",,"[1.0, 1.0]",wells,15,30,ridge(alpha_relative=0.0001),242016,8.616830749997462,61483296.80712811,0.309931824204436,0.0019963545424627,0.2314572994569546,0.3176456765142719,0.007672094416823,0.9923649944231542,0.8889385644604342,0.0049678363676751,0.8589044937726521,0.0013352952217501,0.0020417326430059,0.9997743393732188,0.8123304283632905,3D,3D-current,4D-A-current,0.9748508161078736,0.0,3D current
9,9,4D-A-current-43ce2f360e5a,4D,4D-A-current,equal_per_property,64,legacy-joint,raw_minmax,"[48, 48]",2.0,"[1.0, 1.0]",wells,15,30,ridge(alpha_relative=0.0001),380500,9.819802375001018,207467121.99827623,0.9218722215425434,0.003991425319483,0.4627657591782179,0.635087089440198,0.0153392552562308,0.9644596418688683,0.6315175824029206,0.0160396928687805,2.773151783615605,0.0043112783233731,0.0065921584549502,0.9911580572928868,0.4653397308443779,4D,3D-current,4D-A-current,0.9748508161078736,0.0,4D current
9,9,4D-A-4f7fd7861b3e,4D,4D-A,equal_per_property,64,joint,raw_minmax,"[80, 48]",2.0,"[1.0, 1.0]",wells,20,40,ridge(alpha_relative=1e-06),504948,0.5802328749996377,9722729885.979387,0.1624565451571614,0.0008415023055076,0.0975637578279699,0.1338938367087603,0.0032339371602123,0.998760654867721,0.975093497474244,0.0027807361454121,0.4807700162653053,0.0007474287422342,0.001142855629589,0.9998040178832254,0.8819216894550157,4D,3D-independent,4D-A,0.3391194345472713,0.0,4D-A
9,9,3D-independent-fa9b36e31dc0,3D,3D-independent,equal_per_property,64,independent,raw_minmax,"[80, 48]",,"[1.0, 1.0]",wells,20,40,ridge(alpha_relative=1e-06),272608,0.3569664169990574,18106031016.840298,0.1800456395502914,0.0008037485503184,0.0931865883249678,0.1278867288263954,0.0030888475139395,0.999591387018747,0.9685112267707546,0.003306708310004,0.571706959902744,0.0008888037928947,0.0013590250961896,0.9998309625437576,0.9209107532823376,3D,3D-independent,4D-B,0.2992012060110116,0.0,3D optimized
9,9,4D-B-643a4d560541,4D,4D-B,equal_per_property,64,shared-independent,ensemble_anomaly,"[80, 48]",,"[1.0, 1.0]",wells,20,40,ridge(alpha_relative=1e-06),259184,0.354462750001403,39580507367.060425,0.1352357390939643,0.0006842321530521,0.0793298599915462,0.1088701332985332,0.0026295397784233,0.999459671796322,0.9883779308733472,0.0024565625877493,0.4247226538258825,0.0006602947526001,0.0010096234363979,0.9998969516141432,0.9378411840097954,4D,3D-independent,4D-B,0.2992012060110116,0.0,4D optimized
9,9,4D-B-643a4d560541,4D,4D-B,equal_per_property,64,shared-independent,ensemble_anomaly,"[80, 48]",,"[1.0, 1.0]",wells,20,40,ridge(alpha_relative=1e-06),259184,0.354462750001403,39580507367.060425,0.1352357390939643,0.0006842321530521,0.0793298599915462,0.1088701332985332,0.0026295397784233,0.999459671796322,0.9883779308733472,0.0024565625877493,0.4247226538258825,0.0006602947526001,0.0010096234363979,0.9998969516141432,0.9378411840097954,4D,3D-independent,4D-B,0.2992012060110116,0.0,4D-B
9,9,4D-C-e7705bff9f37,4D,4D-C,equal_per_property,64,joint,standardized_anomaly,"[64, 48]",2.0,"[1.0, 0.5]",wells,20,40,ridge(alpha_relative=1e-06),404420,0.4702987909986404,1982319.523813268,0.1680686341960503,0.0007760426516805,0.0899743670780133,0.1234783641150801,0.0029823723033837,0.9985262792140148,0.9796608437464502,0.0030560241726702,0.5283654091474732,0.0008214228837873,0.0012559963431477,0.999850065330549,0.91246963513612,4D,3D-independent,4D-C,0.3738259672859105,0.0,4D-C
9,9,4D-D-ff94f89c821d,4D,4D-D,equal_per_property,64,partial-spatial,standardized_anomaly,"[64, 48]",,"[1.0, 1.0]",wells,20,40,ridge(alpha_relative=1e-06),230208,0.6749939579894999,668984.4833743406,0.1876246985125793,0.0008191432175067,0.0949714456825346,0.1303362183182194,0.0031480100212354,0.9977899642742836,0.9720171033941112,0.0034833049762759,0.6022393001451031,0.0009362708725642,0.0014316046160223,0.99980665678159,0.9214068001605294,4D,3D-independent,4D-D,0.3562180316854499,0.0,4D-D
9,9,4D-E-6ca320f290f9,4D,4D-E,equal_per_property,64,joint-property-residual,standardized_anomaly,"[80, 48]",2.0,"[1.0, 1.0]",wells,20,40,ridge(alpha_relative=1e-06),408916,1.1808607909988496,3796582.8523401865,0.155181329512015,0.0008978539468053,0.1040971658160324,0.1428601073996434,0.003450499450819,0.9972745949648296,0.9715889510008248,0.0026707170298012,0.4617484733227939,0.0007178569148825,0.0010976388384001,0.999857328343718,0.9186516911807078,4D,3D-independent,4D-E,0.371232691483064,0.0,4D-E
9,9,3D-current-5e7711139fcb,3D,3D-current,equal_per_property,64,legacy-independent,raw_minmax,"[48, 48]",,"[1.0, 1.0]",wells,20,40,ridge(alpha_relative=0.0001),242016,8.616830749997462,267196694.3876948,0.3052859842628231,0.0021130276140048,0.2449843726716946,0.336209862360367,0.0081204751035858,0.9933487074820672,0.834721577409403,0.0047075100654763,0.8138958795073659,0.0012653226136176,0.0019347410535705,0.9997883830156956,0.8407510528461333,3D,3D-current,4D-A-current,0.9471051699576942,0.0,3D current
9,9,4D-A-current-43ce2f360e5a,4D,4D-A-current,equal_per_property,64,legacy-joint,raw_minmax,"[48, 48]",2.0,"[1.0, 1.0]",wells,20,40,ridge(alpha_relative=0.0001),380500,9.819802375001018,476669863.53544354,0.9058288736375596,0.0036743382739384,0.426002694455259,0.5846344634393751,0.0141206732358406,0.9674270213127696,0.6324551135689411,0.0158911041511439,2.7474618236699824,0.0042713394465701,0.0065310899308025,0.9912246485058372,0.4678429335810656,4D,3D-current,4D-A-current,0.9471051699576942,0.0,4D current
9,9,4D-A-4f7fd7861b3e,4D,4D-A,equal_per_property,64,joint,raw_minmax,"[80, 48]",2.0,"[1.0, 1.0]",wells,30,60,ridge(alpha_relative=1e-06),504948,0.5802328749996377,32755045515.89682,0.1419928118109555,0.0006920714533021,0.0802387482811358,0.1101174667647922,0.0026596666173194,0.999234767936315,0.9604793761368304,0.0023813582117687,0.4117203381897659,0.0006400807124286,0.0009787151660822,0.9998521524381924,0.8874963023173289,4D,3D-independent,4D-A,0.3180050762559336,0.0,4D-A
9,9,3D-independent-fa9b36e31dc0,3D,3D-independent,equal_per_property,64,independent,raw_minmax,"[80, 48]",,"[1.0, 1.0]",wells,30,60,ridge(alpha_relative=1e-06),272608,0.3569664169990574,86570884025.56636,0.1395668585161987,0.0005497675753743,0.0637400399671394,0.0874750900659071,0.0021127854075343,0.9998136798180308,0.9897256328964522,0.0026596920250554,0.4598423263768751,0.0007148935249744,0.0010931076682059,0.9999020885686484,0.9409042316619868,3D,3D-independent,4D-B,0.2813843242939563,0.0,3D optimized
9,9,4D-B-643a4d560541,4D,4D-B,equal_per_property,64,shared-independent,ensemble_anomaly,"[80, 48]",,"[1.0, 1.0]",wells,30,60,ridge(alpha_relative=1e-06),259184,0.354462750001403,182730159895.8686,0.0961910387837337,0.000386015700231,0.0447546513522814,0.0614200612350947,0.0014834784280828,0.999883811524506,0.996831446154152,0.0017991727207879,0.3110644998319782,0.0004835961894404,0.0007394425666555,0.9999427648895888,0.9452785459444972,4D,3D-independent,4D-B,0.2813843242939563,0.0,4D optimized
9,9,4D-B-643a4d560541,4D,4D-B,equal_per_property,64,shared-independent,ensemble_anomaly,"[80, 48]",,"[1.0, 1.0]",wells,30,60,ridge(alpha_relative=1e-06),259184,0.354462750001403,182730159895.8686,0.0961910387837337,0.000386015700231,0.0447546513522814,0.0614200612350947,0.0014834784280828,0.999883811524506,0.996831446154152,0.0017991727207879,0.3110644998319782,0.0004835961894404,0.0007394425666555,0.9999427648895888,0.9452785459444972,4D,3D-independent,4D-B,0.2813843242939563,0.0,4D-B
9,9,4D-C-e7705bff9f37,4D,4D-C,equal_per_property,64,joint,standardized_anomaly,"[64, 48]",2.0,"[1.0, 0.5]",wells,30,60,ridge(alpha_relative=0.0001),404420,0.4702987909986404,7080081.233616932,0.1374803615279378,0.0004984867424164,0.0577945413806521,0.0793156501815294,0.0019157104973127,0.9988003356113564,0.9872950882290676,0.002616582979155,0.4523890709743922,0.000703306327099,0.0010753902677706,0.9998776596029844,0.933229244257518,4D,3D-independent,4D-C,0.3652968065327583,0.0,4D-C
9,9,4D-D-ff94f89c821d,4D,4D-D,equal_per_property,64,partial-spatial,standardized_anomaly,"[64, 48]",,"[1.0, 1.0]",wells,30,60,ridge(alpha_relative=0.0001),230208,0.6749939579894999,1926250.3684967812,0.1630740513884503,0.0005975700028948,0.0692822523076988,0.0950810709204021,0.002296492624609,0.9981378123252648,0.982758425635821,0.0031285299297932,0.5409011522775308,0.0008409115673651,0.0012857955072439,0.9998480667478882,0.9330159724270356,4D,3D-independent,4D-D,0.3798860778761896,0.0,4D-D
9,9,4D-E-6ca320f290f9,4D,4D-E,equal_per_property,64,joint-property-residual,standardized_anomaly,"[80, 48]",2.0,"[1.0, 1.0]",wells,30,60,ridge(alpha_relative=0.0001),408916,1.1808607909988496,12267476.562750336,0.1421340609635101,0.0006016762813822,0.0697583341405066,0.0957344326256203,0.0023122732665676,0.998662458395566,0.9759674115630428,0.0026153431100745,0.4521747061994364,0.0007029730650637,0.0010748806935842,0.9998876962294524,0.9308261814087622,4D,3D-independent,4D-E,0.3577358708415192,0.0,4D-E
9,9,3D-current-5e7711139fcb,3D,3D-current,equal_per_property,64,legacy-independent,raw_minmax,"[48, 48]",,"[1.0, 1.0]",wells,30,60,ridge(alpha_relative=0.0001),242016,8.616830749997462,761428000.6850313,0.2756466925666441,0.0022369233266889,0.2593488387333103,0.3559232632797308,0.0085966127761955,0.9930227846556662,0.828699276031896,0.003998046863259,0.6912346065806232,0.001074627358417,0.0016431585472698,0.9998446896154828,0.867294074062818,3D,3D-current,4D-A-current,0.916948304644106,0.0,3D current
9,9,4D-A-current-43ce2f360e5a,4D,4D-A-current,equal_per_property,64,legacy-joint,raw_minmax,"[48, 48]",2.0,"[1.0, 1.0]",wells,30,60,ridge(alpha_relative=0.0001),380500,9.819802375001018,1783803757.9335158,0.8783236940898508,0.0034467040579003,0.3996107887153153,0.5484149327832488,0.0132458630952583,0.9670603033472632,0.6922884370792365,0.0156018079077594,2.697444507260104,0.0041935800634359,0.0064121919760589,0.9913368864667876,0.475232602152796,4D,3D-current,4D-A-current,0.916948304644106,0.0,4D current
9,9,4D-A-4f7fd7861b3e,4D,4D-A,equal_per_property,64,joint,raw_minmax,"[80, 48]",2.0,"[1.0, 1.0]",grid,30,30,ridge(alpha_relative=0.0001),504948,0.5802328749996377,30228.826052137138,0.3446816469718025,0.0046525123981914,0.5394121797859439,0.7402745438149795,0.0178798473092517,0.9978711439257716,0.5668271812216482,0.0031235010536434,0.5400316944282673,0.0008395598653772,0.0012837286878415,0.9998541843346316,0.8346073914323542,4D,3D-independent,4D-A,0.7499661917054882,0.0,4D-A
9,9,3D-independent-fa9b36e31dc0,3D,3D-independent,equal_per_property,64,independent,raw_minmax,"[80, 48]",,"[1.0, 1.0]",grid,30,30,ridge(alpha_relative=1e-06),272608,0.3569664169990574,19835.23834352775,0.4946048578566138,0.0068472320024519,0.7938679199175048,1.0894826522076089,0.0263142689834534,0.9978982924819136,0.2595497401267354,0.0043090007060651,0.744996371899611,0.0011582080462162,0.0017709575656627,0.9998356960900964,0.861339980654586,3D,3D-independent,4D-B,0.5763443451261051,0.0,3D optimized
9,9,4D-B-643a4d560541,4D,4D-B,equal_per_property,64,shared-independent,ensemble_anomaly,"[80, 48]",,"[1.0, 1.0]",grid,30,30,ridge(alpha_relative=1e-06),259184,0.354462750001403,68602.88446053588,0.2264015901253498,0.0034910654041959,0.4047540421782892,0.5554733933699915,0.0134163460580777,0.9993120290090808,0.6191682527943195,0.0016508208818463,0.2854154945717496,0.0004437209828081,0.0006784713973578,0.9999114566641154,0.9499580997029596,4D,3D-independent,4D-B,0.5763443451261051,0.0,4D optimized
9,9,4D-B-643a4d560541,4D,4D-B,equal_per_property,64,shared-independent,ensemble_anomaly,"[80, 48]",,"[1.0, 1.0]",grid,30,30,ridge(alpha_relative=1e-06),259184,0.354462750001403,68602.88446053588,0.2264015901253498,0.0034910654041959,0.4047540421782892,0.5554733933699915,0.0134163460580777,0.9993120290090808,0.6191682527943195,0.0016508208818463,0.2854154945717496,0.0004437209828081,0.0006784713973578,0.9999114566641154,0.9499580997029596,4D,3D-independent,4D-B,0.5763443451261051,0.0,4D-B
9,9,4D-C-e7705bff9f37,4D,4D-C,equal_per_property,64,joint,standardized_anomaly,"[64, 48]",2.0,"[1.0, 0.5]",grid,30,30,ridge(alpha_relative=0.0001),404420,0.4702987909986404,168.01461127556493,0.2678989698314958,0.0039491299814784,0.4578620386686863,0.6283573573369478,0.0151767120708091,0.9980323216350064,0.5438825404547628,0.0020693354336266,0.3577737613561285,0.0005562127075479,0.0008504768256168,0.999865769342047,0.9441973009429008,4D,3D-independent,4D-C,0.7246020188480176,0.0,4D-C
9,9,4D-D-ff94f89c821d,4D,4D-D,equal_per_property,64,partial-spatial,standardized_anomaly,"[64, 48]",,"[1.0, 1.0]",grid,30,30,ridge(alpha_relative=0.0001),230208,0.6749939579894999,178.82152578232254,0.2514455609781584,0.0031295454757232,0.3628394300368383,0.4979509243843866,0.0120270061558659,0.9981617395889896,0.6768507572797554,0.0025643033237358,0.4433502807145867,0.0006892541786566,0.0010539038356229,0.9997796261421102,0.9239641763978276,4D,3D-independent,4D-D,0.5833604238902476,0.0,4D-D
9,9,4D-E-6ca320f290f9,4D,4D-E,equal_per_property,64,joint-property-residual,standardized_anomaly,"[80, 48]",2.0,"[1.0, 1.0]",grid,30,30,ridge(alpha_relative=0.0001),408916,1.1808607909988496,116.10946594086982,0.2718729941280539,0.0041495070462146,0.4810937509174276,0.6602399247528385,0.0159467715602052,0.9980481027754948,0.5567107080218177,0.0020709468516336,0.358052364366598,0.0005566458375075,0.0008511391028141,0.9998661272505742,0.9465975695218024,4D,3D-independent,4D-E,0.7320006201189595,0.0,4D-E
9,9,3D-current-5e7711139fcb,3D,3D-current,equal_per_property,64,legacy-independent,raw_minmax,"[48, 48]",,"[1.0, 1.0]",grid,30,30,ridge(alpha_relative=0.0001),242016,8.616830749997462,45365.947914171426,0.3864719928016256,0.0056317783268046,0.6529482488888779,0.8960883443025274,0.0216432172436471,0.9902933745845202,0.4514144058519223,0.0031883163654628,0.551237812840142,0.0008569814488923,0.0013103671533855,0.999921952290359,0.8651817751931125,3D,3D-current,4D-A-current,1.2339650233424366,0.0,3D current
9,9,4D-A-current-43ce2f360e5a,4D,4D-A-current,equal_per_property,64,legacy-joint,raw_minmax,"[48, 48]",2.0,"[1.0, 1.0]",grid,30,30,ridge(alpha_relative=0.0001),380500,9.819802375001018,464819.7132430511,0.9303780555908878,0.0044482543690294,0.5157305086114786,0.7077744650581178,0.0170948730715632,0.96103351214492,0.6035372270039998,0.015861926000135,2.742417123489325,0.0042634967072489,0.0065190979932731,0.9911685948876928,0.4697335924705048,4D,3D-current,4D-A-current,1.2339650233424366,0.0,4D current
9,9,4D-A-4f7fd7861b3e,4D,4D-A,equal_per_property,64,joint,raw_minmax,"[80, 48]",2.0,"[1.0, 1.0]",grid,100,100,ridge(alpha_relative=1e-08),504948,0.5802328749996377,455390.98575401807,0.1308903430173333,0.0016510074561887,0.1914177662657761,0.2626965146703057,0.0063449075889763,0.9985960648080564,0.940634574201889,0.0014791081554554,0.2557275537018169,0.0003975666479843,0.0006078991295244,0.9998807243222688,0.9065333215946308,4D,3D-independent,4D-A,0.1999395002103538,0.0,4D-A
9,9,3D-independent-fa9b36e31dc0,3D,3D-independent,equal_per_property,64,independent,raw_minmax,"[80, 48]",,"[1.0, 1.0]",grid,100,100,ridge(alpha_relative=1e-08),272608,0.3569664169990574,7.407749264720985e+18,0.0794778969877901,0.0007237803663718,0.083915078928682,0.1151627625423278,0.0027815256206933,0.9996210111314264,0.9677857509974346,0.0011636385324088,0.2011850412618689,0.0003127721722639,0.0004782441691795,0.9999535601753936,0.9665913134813464,3D,3D-independent,4D-B,0.1862071672628467,0.0,3D optimized
9,9,4D-B-643a4d560541,4D,4D-B,equal_per_property,64,shared-independent,ensemble_anomaly,"[80, 48]",,"[1.0, 1.0]",grid,100,100,ridge(alpha_relative=1e-08),259184,0.354462750001403,2.825383548894695e+18,0.0910331982252382,0.0009473785462128,0.1098390467253296,0.1507401079447862,0.0036408250640947,0.999552128673004,0.9456643885207076,0.001223789094749,0.2115846568033905,0.0003289399267015,0.0005029654678568,0.999948929662593,0.9689174327348266,4D,3D-independent,4D-B,0.1862071672628467,0.0,4D optimized
9,9,4D-B-643a4d560541,4D,4D-B,equal_per_property,64,shared-independent,ensemble_anomaly,"[80, 48]",,"[1.0, 1.0]",grid,100,100,ridge(alpha_relative=1e-08),259184,0.354462750001403,2.825383548894695e+18,0.0910331982252382,0.0009473785462128,0.1098390467253296,0.1507401079447862,0.0036408250640947,0.999552128673004,0.9456643885207076,0.001223789094749,0.2115846568033905,0.0003289399267015,0.0005029654678568,0.999948929662593,0.9689174327348266,4D,3D-independent,4D-B,0.1862071672628467,0.0,4D-B
9,9,4D-C-e7705bff9f37,4D,4D-C,equal_per_property,64,joint,standardized_anomaly,"[64, 48]",2.0,"[1.0, 0.5]",grid,100,100,ridge(alpha_relative=0.0001),404420,0.4702987909986404,3201.885363581991,0.0769531590760801,0.0007675546541729,0.0889902688433882,0.1221278145742905,0.0029497524871619,0.9985538493940854,0.9602111096153518,0.0010721944296998,0.1853749893735302,0.0002881930870511,0.0004406615284294,0.9999550252892404,0.9728941342098444,4D,3D-independent,4D-C,0.3032423648952823,0.0,4D-C
9,9,4D-D-ff94f89c821d,4D,4D-D,equal_per_property,64,partial-spatial,standardized_anomaly,"[64, 48]",,"[1.0, 1.0]",grid,100,100,ridge(alpha_relative=1e-06),230208,0.6749939579894999,1.3542549618782243e+17,0.083059723879486,0.000519743638154,0.060259065380579,0.0826978956111579,0.0019974018540525,0.9993794811222164,0.9884609598439328,0.0013951680506695,0.2412148910711637,0.0003750045479999,0.0005734005592587,0.9999235608482996,0.950009162023664,4D,3D-independent,4D-D,0.2319342592390023,0.0,4D-D
9,9,4D-E-6ca320f290f9,4D,4D-E,equal_per_property,64,joint-property-residual,standardized_anomaly,"[80, 48]",2.0,"[1.0, 1.0]",grid,100,100,ridge(alpha_relative=0.0001),408916,1.1808607909988496,5913.537362404806,0.0939132748511246,0.0010442838964759,0.1210742507924147,0.1661589951651862,0.0040132373690736,0.9988362542513712,0.9641771604161288,0.0012527671364027,0.2165947594627734,0.0003367288790123,0.0005148751623789,0.999938477482658,0.95985466128525,4D,3D-independent,4D-E,0.3619874873403035,0.0,4D-E
9,9,3D-current-5e7711139fcb,3D,3D-current,equal_per_property,64,legacy-independent,raw_minmax,"[48, 48]",,"[1.0, 1.0]",grid,100,100,ridge(alpha_relative=1e-06),242016,8.616830749997462,1.1798873088387736e+19,0.1781030114609589,0.0025400949787738,0.2944985530605622,0.4041617712592112,0.0097617172152248,0.990885095349146,0.6750913029235652,0.0013338510238241,0.2306136018972721,0.0003585232618022,0.0005481998549648,0.9999374722850846,0.9503089153044316,3D,3D-current,4D-A-current,0.9126030743205364,0.0,3D current
9,9,4D-A-current-43ce2f360e5a,4D,4D-A-current,equal_per_property,64,legacy-joint,raw_minmax,"[48, 48]",2.0,"[1.0, 1.0]",grid,100,100,ridge(alpha_relative=1e-06),380500,9.819802375001018,1103244.6882467717,1.028128891053885,0.0067554527807243,0.7832270390741985,1.07487939794814,0.0259615566572509,0.9433816143795232,0.2600025647455145,0.0156255359648388,2.7015469239553553,0.004199957882449,0.0064219439777572,0.9911631480283392,0.4845142328825135,4D,3D-current,4D-A-current,0.9126030743205364,0.0,4D current
9,9,4D-A-4f7fd7861b3e,4D,4D-A,equal_per_property,64,joint,raw_minmax,"[80, 48]",2.0,"[1.0, 1.0]",grid,300,300,ridge(alpha_relative=1e-08),504948,0.5802328749996377,170417.4102432935,0.0886987672598131,0.0003759127900367,0.043583320178135,0.0598125583215684,0.0014446524183501,0.9992398988559216,0.990124829714178,0.0014971585310168,0.2588483385941783,0.0004024183738573,0.0006153176590964,0.9998848157017968,0.905148349751944,4D,3D-independent,4D-A,0.1516488400223953,0.0,4D-A
9,9,3D-independent-fa9b36e31dc0,3D,3D-independent,equal_per_property,64,independent,raw_minmax,"[80, 48]",,"[1.0, 1.0]",grid,300,300,least_squares(rcond=1e-10),272608,0.3569664169990574,151042.3999226507,0.0797505125252577,0.000583091160811,0.0676035756915495,0.0927773009782294,0.0022408496808581,0.9998314013356382,0.9712296943682606,0.0012298305383331,0.2126291805475653,0.0003305637947505,0.0005054484426699,0.9999544294534516,0.9512317179079068,3D,3D-independent,4D-B,0.1284915884440294,0.0,3D optimized
9,9,4D-B-643a4d560541,4D,4D-B,equal_per_property,64,shared-independent,ensemble_anomaly,"[80, 48]",,"[1.0, 1.0]",grid,300,300,least_squares(rcond=1e-10),259184,0.354462750001403,107689.11378468398,0.0580654287852974,0.0001624415593892,0.0188334706366543,0.0258465407465117,0.0006242713678068,0.999938294967399,0.9975607433434824,0.0011487086533425,0.1986037685965838,0.0003087591986668,0.0004721081334509,0.9999563969595152,0.9727903048406144,4D,3D-independent,4D-B,0.1284915884440294,0.0,4D optimized
9,9,4D-B-643a4d560541,4D,4D-B,equal_per_property,64,shared-independent,ensemble_anomaly,"[80, 48]",,"[1.0, 1.0]",grid,300,300,least_squares(rcond=1e-10),259184,0.354462750001403,107689.11378468398,0.0580654287852974,0.0001624415593892,0.0188334706366543,0.0258465407465117,0.0006242713678068,0.999938294967399,0.9975607433434824,0.0011487086533425,0.1986037685965838,0.0003087591986668,0.0004721081334509,0.9999563969595152,0.9727903048406144,4D,3D-independent,4D-B,0.1284915884440294,0.0,4D-B
9,9,4D-C-e7705bff9f37,4D,4D-C,equal_per_property,64,joint,standardized_anomaly,"[64, 48]",2.0,"[1.0, 0.5]",grid,300,300,ridge(alpha_relative=1e-08),404420,0.4702987909986404,1058.1754534818122,0.1183460242503491,0.0020618143742175,0.2390467108358477,0.3280611774185412,0.0079236599574372,0.9979616520967192,0.8443059061273652,0.0008553185246287,0.1478786477732581,0.0002298994279365,0.0003515276314786,0.999970874558458,0.9827766170880532,4D,3D-independent,4D-C,0.221796752877314,0.0,4D-C
9,9,4D-D-ff94f89c821d,4D,4D-D,equal_per_property,64,partial-spatial,standardized_anomaly,"[64, 48]",,"[1.0, 1.0]",grid,300,300,ridge(alpha_relative=1e-08),230208,0.6749939579894999,4248.708770547617,0.0599174404825517,0.0002441296327014,0.0283043839661798,0.0388441635426969,0.0009382028854049,0.9999341994785304,0.9948129849798212,0.0011303385519445,0.1954277053219373,0.0003038215342986,0.000464558199656,0.9999583716487064,0.9733116697359988,4D,3D-independent,4D-D,0.1434559556742862,0.0,4D-D
9,9,4D-E-6ca320f290f9,4D,4D-E,equal_per_property,64,joint-property-residual,standardized_anomaly,"[80, 48]",2.0,"[1.0, 1.0]",grid,300,300,ridge(alpha_relative=1e-08),408916,1.1808607909988496,1143.9205474867408,0.1022891970660571,0.0014146539927404,0.1640149511828607,0.2250896396405252,0.0054365889267603,0.9983956389630744,0.9167927648672252,0.0010939658006802,0.1891391085970073,0.0002940449721555,0.0004496093510878,0.9999527892334956,0.9712017781640536,4D,3D-independent,4D-E,0.2893432021814826,0.0,4D-E
9,9,3D-current-5e7711139fcb,3D,3D-current,equal_per_property,64,legacy-independent,raw_minmax,"[48, 48]",,"[1.0, 1.0]",grid,300,300,ridge(alpha_relative=1e-06),242016,8.616830749997462,318224.5002055372,0.1287891337420937,0.0018694220079669,0.2167407443447701,0.2974490781977052,0.0071842860799248,0.992037221954537,0.8568795723618758,0.0012062532437843,0.2085528296494696,0.0003242264989093,0.0004957584029118,0.9999505637642996,0.9633945056898536,3D,3D-current,4D-A-current,0.8538214290793668,0.0,3D current
9,9,4D-A-current-43ce2f360e5a,4D,4D-A-current,equal_per_property,64,legacy-joint,raw_minmax,"[48, 48]",2.0,"[1.0, 1.0]",grid,300,300,ridge(alpha_relative=1e-06),380500,9.819802375001018,320460.31197688944,0.8792710243865172,0.0035213788999958,0.4082685881798715,0.5602966603178575,0.0135328424002525,0.9678721069732265,0.6356989282224794,0.0154412525372815,2.6696855959360466,0.004150424692937,0.006346205273468,0.9912088955536738,0.48604124491722,4D,3D-current,4D-A-current,0.8538214290793668,0.0,4D current
10,10,3D-current-5e7711139fcb,3D,3D-current,equal_per_property,64,legacy-independent,raw_minmax,"[48, 48]",,"[1.0, 1.0]",full,9900,9900,projection,242016,8.633564082992962,1.0,0.0910656754255682,0.0007488724684727,0.0871758191778446,0.1204546941611279,0.0029093416182927,0.996931989710636,0.9701317651927652,0.0008436733465806,0.2487442811220795,0.0002271069717201,0.0003472578273796,0.9999720975413926,0.9731830320025374,,,,,,3D current
10,10,3D-independent-fa9b36e31dc0,3D,3D-independent,equal_per_property,64,independent,raw_minmax,"[80, 48]",,"[1.0, 1.0]",full,9900,9900,projection,272608,0.3708736249973299,1.0,0.0657554023231084,5.0454680953400975e-05,0.005873400784034,0.0081155382513038,0.0001960145543002,0.9999725230044486,0.9997625802408602,0.00083301517529,0.2456018810847805,0.0002242379169898,0.0003428709003524,0.999975092160768,0.9771447649119012,,,,,,3D optimized
10,10,4D-A-3bf6b15a532d,4D,4D-A,equal_per_property,64,joint,standardized_anomaly,"[80, 48]",2.0,"[1.0, 1.0]",full,9900,9900,projection,504948,0.5712774580024416,1.0,0.0765600432264181,0.0004054270163562,0.0471955289526945,0.0652121546936295,0.00157506884219,0.9990699085159984,0.9917901360197828,0.0008219365505671,0.2423355167345507,0.0002212556811258,0.0003383109137566,0.9999732297467828,0.9747916095433627,,,,,,4D-A
10,10,4D-A-current-43ce2f360e5a,4D,4D-A-current,equal_per_property,64,legacy-joint,raw_minmax,"[48, 48]",2.0,"[1.0, 1.0]",full,9900,9900,projection,380500,9.867556541998056,1.0,1.2727578465681824,0.0019564826834108,0.2277530391542319,0.3146964712728805,0.0076008622775575,0.9835200888916252,0.8917488299252805,0.0153971116457244,4.539604674243469,0.0041447219036497,0.0063374854257111,0.9907321132699572,0.4609038243246615,,,,,,4D current
10,10,4D-B-643a4d560541,4D,4D-B,equal_per_property,64,shared-independent,ensemble_anomaly,"[80, 48]",,"[1.0, 1.0]",full,9900,9900,projection,259184,0.3675488340013544,1.0,0.0742764077085241,3.879473182644324e-05,0.0045160727215035,0.0062400578922965,0.0001507160866834,0.9999860612473628,0.9998655905736916,0.0009382627950884,0.2766325443535412,0.0002525693420728,0.0003861910549314,0.999970396898758,0.9682203819082048,,,,,,4D optimized
10,10,4D-B-643a4d560541,4D,4D-B,equal_per_property,64,shared-independent,ensemble_anomaly,"[80, 48]",,"[1.0, 1.0]",full,9900,9900,projection,259184,0.3675488340013544,1.0,0.0742764077085241,3.879473182644324e-05,0.0045160727215035,0.0062400578922965,0.0001507160866834,0.9999860612473628,0.9998655905736916,0.0009382627950884,0.2766325443535412,0.0002525693420728,0.0003861910549314,0.999970396898758,0.9682203819082048,,,,,,4D-B
10,10,4D-C-e7705bff9f37,4D,4D-C,equal_per_property,64,joint,standardized_anomaly,"[64, 48]",2.0,"[1.0, 0.5]",full,9900,9900,projection,404420,0.4619042499980423,1.0,0.0764263579033336,0.0003909350033427,0.0455085219399203,0.0628811423132717,0.0015187679119675,0.9991878386758888,0.9923489226413196,0.0008235743107497,0.2428183854667736,0.0002216965469621,0.0003389850194933,0.9999715712799172,0.9728940289453996,,,,,,4D-C
10,10,4D-D-ff94f89c821d,4D,4D-D,equal_per_property,64,partial-spatial,standardized_anomaly,"[64, 48]",,"[1.0, 1.0]",full,9900,9900,projection,230208,0.7144477490001009,1.0,0.0772084137534289,4.301767904671441e-05,0.0050076636115021,0.0069193108189179,0.0001671220791815,0.9999857948704683,0.9998573568389152,0.0009778332785506,0.2882993008089143,0.0002632212522049,0.0004024783540041,0.9999681218296368,0.969089261974486,,,,,,4D-D
10,10,4D-E-6ca320f290f9,4D,4D-E,equal_per_property,64,joint-property-residual,standardized_anomaly,"[80, 48]",2.0,"[1.0, 1.0]",full,9900,9900,projection,408916,1.081861583006685,1.0,0.0805573507503161,0.0002541357905097,0.0295838031878434,0.0408772524161188,0.0009873080706725,0.999727312564984,0.997011361661427,0.0009372124277376,0.276322859482449,0.0002522865954989,0.0003857587213919,0.999970365530408,0.9703431576766288,,,,,,4D-E
10,10,3D-current-e419eaac8e1a,3D,3D-current,equal_total,32,legacy-independent,raw_minmax,"[48, 48]",,"[1.0, 1.0]",full,9900,9900,projection,129984,9.173374167003203,1.0,0.131029780628348,0.000782242118555,0.0910603612114566,0.125822138104043,0.0030389814646742,0.9968474009179256,0.9684195423827682,0.001303840072478,0.3844174559278913,0.0003509784582718,0.0005366634760411,0.9999569031478398,0.934297846869143,,,,,,3D current
10,10,3D-independent-7db5f3bc9ad5,3D,3D-independent,equal_total,32,independent,raw_minmax,"[80, 48]",,"[1.0, 1.0]",full,9900,9900,projection,149728,0.4903919579955982,1.0,0.1122124008029774,0.0002914905372381,0.0339322480610761,0.0468856914789419,0.0011324298689402,0.999698590286177,0.9960065419400744,0.0012952191328722,0.3818757027321603,0.0003486578024218,0.0005331150781101,0.9999588576730692,0.9379101532225792,,,,,,3D optimized
10,10,4D-A-4ea76ef087a9,4D,4D-A,equal_total,32,joint,standardized_anomaly,"[80, 48]",2.0,"[1.0, 1.0]",full,9900,9900,projection,259188,0.6612932499992894,1.0,0.0965925375905025,0.0006028102746273,0.0701728020615121,0.0969608716094178,0.0023418954411346,0.9988284759206756,0.9858793185837648,0.0009945725953282,0.2932346342945646,0.0002677272799909,0.0004093682940498,0.9999678524978634,0.9681952534043684,,,,,,4D-A
10,10,4D-A-current-205a30146a4e,4D,4D-A-current,equal_total,32,legacy-joint,raw_minmax,"[48, 48]",2.0,"[1.0, 1.0]",full,9900,9900,projection,194740,10.725516375001462,1.0,1.2772330569036994,0.0019573677554638,0.2278560698897746,0.3148388334078859,0.0076043007494836,0.9835364009309084,0.8916431593778636,0.0154531326207783,4.556121608462173,0.0041598020932146,0.00636054378374,0.9906856211040156,0.4584477420964379,,,,,,4D current
10,10,4D-B-2828b82824ed,4D,4D-B,equal_total,32,shared-independent,ensemble_anomaly,"[80, 48]",,"[1.0, 1.0]",full,9900,9900,projection,136304,0.4691068749962142,1.0,0.0915112500535923,0.0002369738499753,0.0275859914271635,0.038116787336539,0.0009206345715798,0.999790339396385,0.9968106647217424,0.0010709365329905,0.3157493822766523,0.000288283556542,0.0004407998607696,0.9999656371276252,0.9577700822571504,,,,,,4D optimized
10,10,4D-B-2828b82824ed,4D,4D-B,equal_total,32,shared-independent,ensemble_anomaly,"[80, 48]",,"[1.0, 1.0]",full,9900,9900,projection,136304,0.4691068749962142,1.0,0.0915112500535923,0.0002369738499753,0.0275859914271635,0.038116787336539,0.0009206345715798,0.999790339396385,0.9968106647217424,0.0010709365329905,0.3157493822766523,0.000288283556542,0.0004407998607696,0.9999656371276252,0.9577700822571504,,,,,,4D-B
10,10,4D-C-44adce3e7a5f,4D,4D-C,equal_total,32,joint,standardized_anomaly,"[80, 48]",2.0,"[1.0, 0.5]",full,9900,9900,projection,259188,0.5718486670011771,1.0,0.0981725411721467,0.0005650305581599,0.0657748867020913,0.0908840769826321,0.0021951226512766,0.9991115250389604,0.9889598155116656,0.0010327011297582,0.3044762539634513,0.0002779910343523,0.0004250620836912,0.999965517333607,0.9661621364422456,,,,,,4D-C
10,10,4D-D-2ecf0e4138e3,4D,4D-D,equal_total,32,partial-spatial,standardized_anomaly,"[80, 48]",,"[1.0, 1.0]",full,9900,9900,projection,163152,0.737146457999188,1.0,0.0918875224616568,0.0002673823398296,0.0311258264786737,0.043007934360241,0.0010387704208826,0.9997501893133898,0.9964301455040372,0.0010670954042863,0.3146168837781543,0.0002872495697371,0.000439218843645,0.9999648988420166,0.9599550953163644,,,,,,4D-D
10,10,4D-E-4f4328240852,4D,4D-E,equal_total,32,joint-property-residual,standardized_anomaly,"[80, 48]",2.0,"[1.0, 1.0]",full,9900,9900,projection,224596,0.8564915009992546,1.0,0.095544202186339,0.0003952199256795,0.0460073273180702,0.0635703638180148,0.0015354146754825,0.9994709954734804,0.9929908130339214,0.0010632397130953,0.3134800917514441,0.0002862116628816,0.0004376318325684,0.9999644568442132,0.9616304076143952,,,,,,4D-E
10,10,4D-A-4ea76ef087a9,4D,4D-A,equal_total,32,joint,standardized_anomaly,"[80, 48]",2.0,"[1.0, 1.0]",wells,5,10,ridge(alpha_relative=1e-08),259188,0.6612932499992894,54262.14805053002,0.2737879416569944,0.0017059166338946,0.1985847874901298,0.2743934048199398,0.0066274225175469,0.9983988093823346,0.969178155020231,0.0028084663749334,0.8280336842685618,0.000756006215171,0.0011559710112697,0.9998962907881151,0.8937552552411971,4D,3D-independent,4D-A,0.5958075233115613,0.0,4D-A
10,10,3D-independent-7db5f3bc9ad5,3D,3D-independent,equal_total,32,independent,raw_minmax,"[80, 48]",,"[1.0, 1.0]",wells,5,10,ridge(alpha_relative=1e-08),149728,0.4903919579955982,66504271.97181208,0.6779166295007217,0.0027441083819498,0.3194400998572225,0.4413845478481142,0.0106607587497427,0.9976890766718864,0.9259073113865252,0.0075806518396403,2.235040137193516,0.0020406225821207,0.0031202131709197,0.9995707187444642,0.7597201267091777,3D,3D-independent,4D-B,0.5632116138777998,0.0,3D optimized
10,10,4D-B-2828b82824ed,4D,4D-B,equal_total,32,shared-independent,ensemble_anomaly,"[80, 48]",,"[1.0, 1.0]",wells,5,10,ridge(alpha_relative=1e-08),136304,0.4691068749962142,6164397.594393439,0.3379358170830848,0.0018237851337298,0.2123057926825753,0.2933523259935685,0.0070853372446773,0.99835414727912,0.9694973238141404,0.0035958608696924,1.0601850001209845,0.0009679635799244,0.0014800643379688,0.9998594948805568,0.8719977251283008,4D,3D-independent,4D-B,0.5632116138777998,0.0,4D optimized
10,10,4D-B-2828b82824ed,4D,4D-B,equal_total,32,shared-independent,ensemble_anomaly,"[80, 48]",,"[1.0, 1.0]",wells,5,10,ridge(alpha_relative=1e-08),136304,0.4691068749962142,6164397.594393439,0.3379358170830848,0.0018237851337298,0.2123057926825753,0.2933523259935685,0.0070853372446773,0.99835414727912,0.9694973238141404,0.0035958608696924,1.0601850001209845,0.0009679635799244,0.0014800643379688,0.9998594948805568,0.8719977251283008,4D,3D-independent,4D-B,0.5632116138777998,0.0,4D-B
10,10,4D-C-44adce3e7a5f,4D,4D-C,equal_total,32,joint,standardized_anomaly,"[80, 48]",2.0,"[1.0, 0.5]",wells,5,10,ridge(alpha_relative=1e-08),259188,0.5718486670011771,27714.905976076632,0.3190191739648214,0.0016828437575226,0.1958988870421967,0.2706821770958503,0.0065377852531145,0.9985806849822436,0.9695768347916214,0.0033952086105716,1.0010257269818814,0.0009139503446806,0.0013974754214841,0.9998622007729194,0.872119001537964,4D,3D-independent,4D-C,0.598390109550077,0.0,4D-C
10,10,4D-D-2ecf0e4138e3,4D,4D-D,equal_total,32,partial-spatial,standardized_anomaly,"[80, 48]",,"[1.0, 1.0]",wells,5,10,ridge(alpha_relative=1e-08),163152,0.737146457999188,46992.377954113064,0.3002044813767986,0.0017212160958006,0.2003657891703671,0.2768542937994375,0.0066868603566109,0.99819655041914,0.969441093324884,0.0031575091909115,0.9309436608527216,0.0008499644482463,0.0012996378112584,0.9998841731450496,0.8915419557069049,4D,3D-independent,4D-D,0.5771535191067104,0.0,4D-D
10,10,4D-E-4f4328240852,4D,4D-E,equal_total,32,joint-property-residual,standardized_anomaly,"[80, 48]",2.0,"[1.0, 1.0]",wells,5,10,ridge(alpha_relative=1e-08),224596,0.8564915009992546,66420.5442263345,0.2777716412425506,0.0016368686670716,0.1905469528470216,0.2632871723487755,0.0063591737408943,0.9984193204292536,0.9699969478358677,0.0028787752483782,0.8487631884687517,0.0007749325394384,0.0011849103000796,0.999891609207182,0.886450204855274,4D,3D-independent,4D-E,0.6010643294211288,0.0,4D-E
10,10,3D-current-e419eaac8e1a,3D,3D-current,equal_total,32,legacy-independent,raw_minmax,"[48, 48]",,"[1.0, 1.0]",wells,5,10,ridge(alpha_relative=0.0001),129984,9.173374167003203,483913.2273479016,1.0822852169714718,0.0027188306499748,0.316497533419479,0.4373186733470202,0.0105625557035006,0.9955951918768629,0.9078678144101718,0.0130576083268756,3.849837629227381,0.0035149550439681,0.0053745406521877,0.9993651371589,0.7665207751117727,3D,3D-current,4D-A-current,1.6160193470819886,0.0,3D current
10,10,4D-A-current-205a30146a4e,4D,4D-A-current,equal_total,32,legacy-joint,raw_minmax,"[48, 48]",2.0,"[1.0, 1.0]",wells,5,10,ridge(alpha_relative=0.0001),194740,10.725516375001462,255900.2922795848,1.5243397629611397,0.0030018916133775,0.349448499572929,0.482848484110602,0.0116622369923866,0.9812120859222176,0.8445298097200836,0.0183004560417959,5.395611703003598,0.0049262681695415,0.0075325084416696,0.9903709491590916,0.4508724917438538,4D,3D-current,4D-A-current,1.6160193470819886,0.0,4D current
10,10,4D-A-4ea76ef087a9,4D,4D-A,equal_total,32,joint,standardized_anomaly,"[80, 48]",2.0,"[1.0, 1.0]",wells,10,20,ridge(alpha_relative=1e-06),259188,0.6612932499992894,3307388.070690831,0.2879351671763237,0.002726179462937,0.3173530045670124,0.4385007157575374,0.0105911055678579,0.9968899520970044,0.936967191971962,0.0025324404819221,0.7466516391838538,0.0006817032815389,0.0010423581393019,0.9999069702831878,0.8875607581191803,4D,3D-independent,4D-A,0.3962590548859578,0.0,4D-A
10,10,3D-independent-7db5f3bc9ad5,3D,3D-independent,equal_total,32,independent,raw_minmax,"[80, 48]",,"[1.0, 1.0]",wells,10,20,ridge(alpha_relative=1e-06),149728,0.4903919579955982,2227593286.375824,0.2906844426877549,0.001319293624393,0.153578222306818,0.2122058384107388,0.0051254065408793,0.9988811819420308,0.9569172945020612,0.0031341423650065,0.9240543068919592,0.0008436743727195,0.0012900199737038,0.9998912709049784,0.8728722223934537,3D,3D-independent,4D-B,0.3610625827982385,0.0,3D optimized
10,10,4D-B-2828b82824ed,4D,4D-B,equal_total,32,shared-independent,ensemble_anomaly,"[80, 48]",,"[1.0, 1.0]",wells,10,20,ridge(alpha_relative=1e-06),136304,0.4691068749962142,4575731456.4678135,0.282832818681819,0.0016407808337742,0.1910023659532873,0.263916436827728,0.0063743723626689,0.9984136622896376,0.96527594523855,0.0029561897493019,0.8715876790832023,0.0007957716153002,0.0012167742809762,0.9999003597032708,0.897241595379878,4D,3D-independent,4D-B,0.3610625827982385,0.0,4D optimized
10,10,4D-B-2828b82824ed,4D,4D-B,equal_total,32,shared-independent,ensemble_anomaly,"[80, 48]",,"[1.0, 1.0]",wells,10,20,ridge(alpha_relative=1e-06),136304,0.4691068749962142,4575731456.4678135,0.282832818681819,0.0016407808337742,0.1910023659532873,0.263916436827728,0.0063743723626689,0.9984136622896376,0.96527594523855,0.0029561897493019,0.8715876790832023,0.0007957716153002,0.0012167742809762,0.9999003597032708,0.897241595379878,4D,3D-independent,4D-B,0.3610625827982385,0.0,4D-B
10,10,4D-C-44adce3e7a5f,4D,4D-C,equal_total,32,joint,standardized_anomaly,"[80, 48]",2.0,"[1.0, 0.5]",wells,10,20,ridge(alpha_relative=1e-06),259188,0.5718486670011771,1873373.294657498,0.4390321194740887,0.0032458797645385,0.3778510218215119,0.5220935082827084,0.0126101218625444,0.9960776723780664,0.9210672600418894,0.0042868050575393,1.2638994068852,0.0011539576530636,0.0017644585036547,0.999792362679582,0.8501766415788247,4D,3D-independent,4D-C,0.394163667571508,0.0,4D-C
10,10,4D-D-2ecf0e4138e3,4D,4D-D,equal_total,32,partial-spatial,standardized_anomaly,"[80, 48]",,"[1.0, 1.0]",wells,10,20,ridge(alpha_relative=0.0001),163152,0.737146457999188,3075713.5311804605,0.339091962164277,0.001126491615056,0.1311342497872244,0.1811940065621259,0.0043763779232318,0.9986017785981094,0.9777860626597404,0.0039272685516808,1.1578955251110707,0.0010571746417248,0.0016164724775534,0.9998411981649415,0.8875377898226333,4D,3D-independent,4D-D,0.4181651409884832,0.0,4D-D
10,10,4D-E-4f4328240852,4D,4D-E,equal_total,32,joint-property-residual,standardized_anomaly,"[80, 48]",2.0,"[1.0, 1.0]",wells,10,20,ridge(alpha_relative=1e-06),224596,0.8564915009992546,4201673.96608021,0.3097185273147848,0.0026381501945184,0.3071055673743142,0.4243413774843443,0.0102491151422247,0.9958238279141504,0.9339983786713166,0.0028516183308488,0.8407563835178451,0.00076762221569,0.0011737324523761,0.9998931316580856,0.8839773045947239,4D,3D-independent,4D-E,0.3962527272578561,0.0,4D-E
10,10,3D-current-e419eaac8e1a,3D,3D-current,equal_total,32,legacy-independent,raw_minmax,"[48, 48]",,"[1.0, 1.0]",wells,10,20,ridge(alpha_relative=0.0001),129984,9.173374167003203,42984838.27762338,0.4257745030580614,0.0020468889613697,0.2382771826789157,0.3292381469523192,0.0079520872966283,0.9967309837052948,0.876762159570611,0.0044333898769612,1.307117716054598,0.0011934165675523,0.001824793141611,0.9998110954052528,0.807831613431925,3D,3D-current,4D-A-current,0.902162423273652,0.0,3D current
10,10,4D-A-current-205a30146a4e,4D,4D-A-current,equal_total,32,legacy-joint,raw_minmax,"[48, 48]",2.0,"[1.0, 1.0]",wells,10,20,ridge(alpha_relative=0.0001),194740,10.725516375001462,56138196.25499501,1.361482811294788,0.002656358996509,0.3092252436831659,0.4272702282128065,0.0103198556590425,0.9838214106634638,0.8326526273691085,0.0162093116520157,4.779069518677725,0.0043633566212302,0.0066717887561713,0.990612277404854,0.4520744069943689,4D,3D-current,4D-A-current,0.902162423273652,0.0,4D current
10,10,4D-A-4ea76ef087a9,4D,4D-A,equal_total,32,joint,standardized_anomaly,"[80, 48]",2.0,"[1.0, 1.0]",wells,15,30,ridge(alpha_relative=0.0001),259188,0.6612932499992894,18511385.660540204,0.2176883075154358,0.000779268472082,0.0907142007126541,0.1253438327963652,0.0030274289589991,0.9985201748798088,0.982578014471186,0.0024523571732734,0.723040291118373,0.0006601457939328,0.0010093956712052,0.9998959172417692,0.9034245090673808,4D,3D-independent,4D-A,0.3622030558490301,0.0,4D-A
10,10,3D-independent-7db5f3bc9ad5,3D,3D-independent,equal_total,32,independent,raw_minmax,"[80, 48]",,"[1.0, 1.0]",wells,15,30,ridge(alpha_relative=0.0001),149728,0.4903919579955982,13147662695.32508,0.4125257983773451,0.0012099242871263,0.140846599806926,0.1946139911661399,0.0047005107434362,0.9993863225797556,0.9546723345257228,0.0047539156983959,1.4016198896232883,0.0012796983600958,0.0019567222831699,0.9998037738338684,0.8300542573159446,3D,3D-independent,4D-B,0.3249002903429006,0.0,3D optimized
10,10,4D-B-2828b82824ed,4D,4D-B,equal_total,32,shared-independent,ensemble_anomaly,"[80, 48]",,"[1.0, 1.0]",wells,15,30,ridge(alpha_relative=0.0001),136304,0.4691068749962142,41234675760.42101,0.2819393519828558,0.0009392458303654,0.1093370742263504,0.1510758827461036,0.0036489350311711,0.9986214610829638,0.98198352399973,0.0031821447835536,0.9382070914288112,0.0008565960609009,0.0013097778760261,0.9999056444195724,0.8575899914477467,4D,3D-independent,4D-B,0.3249002903429006,0.0,4D optimized
10,10,4D-B-2828b82824ed,4D,4D-B,equal_total,32,shared-independent,ensemble_anomaly,"[80, 48]",,"[1.0, 1.0]",wells,15,30,ridge(alpha_relative=0.0001),136304,0.4691068749962142,41234675760.42101,0.2819393519828558,0.0009392458303654,0.1093370742263504,0.1510758827461036,0.0036489350311711,0.9986214610829638,0.98198352399973,0.0031821447835536,0.9382070914288112,0.0008565960609009,0.0013097778760261,0.9999056444195724,0.8575899914477467,4D,3D-independent,4D-B,0.3249002903429006,0.0,4D-B
10,10,4D-C-44adce3e7a5f,4D,4D-C,equal_total,32,joint,standardized_anomaly,"[80, 48]",2.0,"[1.0, 0.5]",wells,15,30,ridge(alpha_relative=0.0001),259188,0.5718486670011771,8889945.34481382,0.2321906570733198,0.000791734035193,0.0921653098420009,0.1273488946130291,0.0030758572069068,0.998661925417023,0.9826573601241404,0.0026492855294397,0.7811016279920133,0.0007131565981688,0.0010904518209448,0.9998812632261688,0.9063512589573296,4D,3D-independent,4D-C,0.3641969785571831,0.0,4D-C
10,10,4D-D-2ecf0e4138e3,4D,4D-D,equal_total,32,partial-spatial,standardized_anomaly,"[80, 48]",,"[1.0, 1.0]",wells,15,30,ridge(alpha_relative=0.0001),163152,0.737146457999188,9846884.077876551,0.2236069359714836,0.0008280322385906,0.0963907631055136,0.1331873907160623,0.0032168743737269,0.9989256876788792,0.9848683946815986,0.0025323574947348,0.7466271716712523,0.0006816809423612,0.0010423239815909,0.9998928322539088,0.9123119871000642,4D,3D-independent,4D-D,0.3795626726195781,0.0,4D-D
10,10,4D-E-4f4328240852,4D,4D-E,equal_total,32,joint-property-residual,standardized_anomaly,"[80, 48]",2.0,"[1.0, 1.0]",wells,15,30,ridge(alpha_relative=0.0001),224596,0.8564915009992546,81154792.69240285,0.2416761470886021,0.0008786230558564,0.102280011440444,0.141324826231016,0.0034134178125253,0.998517534413362,0.9819407573806146,0.00272312476478,0.8028720058139183,0.0007330332544603,0.0011208442145692,0.999875101192175,0.894954100419293,4D,3D-independent,4D-E,0.3729199521164202,0.0,4D-E
10,10,3D-current-e419eaac8e1a,3D,3D-current,equal_total,32,legacy-independent,raw_minmax,"[48, 48]",,"[1.0, 1.0]",wells,15,30,ridge(alpha_relative=0.0001),129984,9.173374167003203,89682995.17033134,0.4277722891855956,0.0015524166624023,0.1807159428977984,0.2497032300595398,0.0060310808515487,0.9970048831062132,0.915691670310704,0.0047584764559595,1.402964559768576,0.001280926062551,0.0019585995011348,0.9998032126127184,0.82949102153728,3D,3D-current,4D-A-current,0.8486771883741308,0.0,3D current
10,10,4D-A-current-205a30146a4e,4D,4D-A-current,equal_total,32,legacy-joint,raw_minmax,"[48, 48]",2.0,"[1.0, 1.0]",wells,15,30,ridge(alpha_relative=0.0001),194740,10.725516375001462,501886905.3361207,1.3442059794863797,0.0026449909651332,0.3079018976004318,0.4254417022618214,0.0102756912810049,0.983827565780202,0.810805334686598,0.0159469842499819,4.701726265744628,0.0042927411607365,0.0065638142135814,0.9906893454075012,0.4548031561124839,4D,3D-current,4D-A-current,0.8486771883741308,0.0,4D current
10,10,4D-A-4ea76ef087a9,4D,4D-A,equal_total,32,joint,standardized_anomaly,"[80, 48]",2.0,"[1.0, 1.0]",wells,20,40,ridge(alpha_relative=0.0001),259188,0.6612932499992894,4261.540860583138,0.2318515313473947,0.0007345291360762,0.085506119991333,0.1181475967716323,0.0028536183067235,0.9987594991301766,0.983645839447866,0.0026812938755133,0.7905388030150968,0.0007217728695919,0.0011036265274359,0.9998859108513228,0.913631755785836,4D,3D-independent,4D-A,0.3787141980378684,0.0,4D-A
10,10,3D-independent-7db5f3bc9ad5,3D,3D-independent,equal_total,32,independent,raw_minmax,"[80, 48]",,"[1.0, 1.0]",wells,20,40,ridge(alpha_relative=1e-06),149728,0.4903919579955982,666150.8888198569,0.231830267345785,0.0010596527725483,0.1233535780523055,0.1704431074821207,0.0041167115121769,0.998876905801319,0.9560007432243666,0.0024881958692833,0.7336067866838167,0.0006697931506428,0.001024146958256,0.99992013928705,0.903277847481598,3D,3D-independent,4D-B,0.2999931365930047,0.0,3D optimized
10,10,4D-B-2828b82824ed,4D,4D-B,equal_total,32,shared-independent,ensemble_anomaly,"[80, 48]",,"[1.0, 1.0]",wells,20,40,ridge(alpha_relative=1e-06),136304,0.4691068749962142,1553575.4169478049,0.224893734643393,0.0019291756816672,0.2245742465740432,0.3103041926380547,0.0074947755939257,0.9955589435265084,0.9285919261814758,0.0020314398012906,0.5989391925948557,0.0005468397732046,0.0008361451439798,0.9999276681613214,0.919285075009178,4D,3D-independent,4D-B,0.2999931365930047,0.0,4D optimized
10,10,4D-B-2828b82824ed,4D,4D-B,equal_total,32,shared-independent,ensemble_anomaly,"[80, 48]",,"[1.0, 1.0]",wells,20,40,ridge(alpha_relative=1e-06),136304,0.4691068749962142,1553575.4169478049,0.224893734643393,0.0019291756816672,0.2245742465740432,0.3103041926380547,0.0074947755939257,0.9955589435265084,0.9285919261814758,0.0020314398012906,0.5989391925948557,0.0005468397732046,0.0008361451439798,0.9999276681613214,0.919285075009178,4D,3D-independent,4D-B,0.2999931365930047,0.0,4D-B
10,10,4D-C-44adce3e7a5f,4D,4D-C,equal_total,32,joint,standardized_anomaly,"[80, 48]",2.0,"[1.0, 0.5]",wells,20,40,ridge(alpha_relative=0.0001),259188,0.5718486670011771,3698.4239557881306,0.237431326528041,0.0007997705878864,0.0931008403814483,0.1286415586346615,0.0031070789144774,0.9986941637503216,0.9828035316709652,0.0027375114132024,0.8071136907433908,0.0007369059715132,0.001126765791083,0.9998884330026254,0.9181749183543848,4D,3D-independent,4D-C,0.3772682823940868,0.0,4D-C
10,10,4D-D-2ecf0e4138e3,4D,4D-D,equal_total,32,partial-spatial,standardized_anomaly,"[80, 48]",,"[1.0, 1.0]",wells,20,40,ridge(alpha_relative=0.0001),163152,0.737146457999188,2609.56134869579,0.256458947792646,0.0007931658194263,0.0923319830322672,0.1275791943492144,0.003081419635269,0.9988284122662964,0.9839479934364224,0.0029911226222669,0.8818871064722773,0.0008051751350685,0.0012311527292455,0.9998785454512038,0.9128186032314984,4D,3D-independent,4D-D,0.3632080836409151,0.0,4D-D
10,10,4D-E-4f4328240852,4D,4D-E,equal_total,32,joint-property-residual,standardized_anomaly,"[80, 48]",2.0,"[1.0, 1.0]",wells,20,40,ridge(alpha_relative=0.0001),224596,0.8564915009992546,7600.014989613714,0.2825649179438502,0.0009496075647911,0.110543277852057,0.1527425477708869,0.0036891899830775,0.9988107906319916,0.981508563016439,0.0032343878899464,0.9536101784125453,0.0008706592925227,0.0013312812549049,0.9998475677540728,0.8862790059619637,4D,3D-independent,4D-E,0.3947488596069116,0.0,4D-E
10,10,3D-current-e419eaac8e1a,3D,3D-current,equal_total,32,legacy-independent,raw_minmax,"[48, 48]",,"[1.0, 1.0]",wells,20,40,ridge(alpha_relative=0.0001),129984,9.173374167003203,209164.37386731376,0.4037050935136815,0.0013955480496371,0.1624549566860992,0.2244712158386763,0.0054216521398049,0.9966983063585038,0.925999364314376,0.0045343346848905,1.33687976055102,0.0012205897261362,0.0018663422492471,0.9998187768147716,0.8430293220504101,3D,3D-current,4D-A-current,0.8296670391551503,0.0,3D current
10,10,4D-A-current-205a30146a4e,4D,4D-A-current,equal_total,32,legacy-joint,raw_minmax,"[48, 48]",2.0,"[1.0, 1.0]",wells,20,40,ridge(alpha_relative=0.0001),194740,10.725516375001462,190527.07569698425,1.3301411537791408,0.0024309994374149,0.2829912652680591,0.3910215771944009,0.0094443421744974,0.9836722473637836,0.844153537233869,0.0158994434889561,4.687709593921003,0.0042799437453463,0.0065442463305225,0.990648483003822,0.4561189509111292,4D,3D-current,4D-A-current,0.8296670391551503,0.0,4D current
10,10,4D-A-4ea76ef087a9,4D,4D-A,equal_total,32,joint,standardized_anomaly,"[80, 48]",2.0,"[1.0, 1.0]",wells,30,60,ridge(alpha_relative=0.0001),259188,0.6612932499992894,433.5276127138544,0.2928337863421903,0.0009300221265177,0.1082633480945628,0.1495922677478502,0.0036131012856289,0.9991424241440618,0.9833948124570724,0.0033810198454204,0.9968423849315156,0.0009101308954838,0.0013916352941652,0.9998402995563674,0.884146362857562,4D,3D-independent,4D-A,0.3523177757336514,0.0,4D-A
10,10,3D-independent-7db5f3bc9ad5,3D,3D-independent,equal_total,32,independent,raw_minmax,"[80, 48]",,"[1.0, 1.0]",wells,30,60,ridge(alpha_relative=1e-06),149728,0.4903919579955982,16416.35966715984,0.2414622838300127,0.0009519476970829,0.1108156913244655,0.1531189535427373,0.0036982813097795,0.9996083190200096,0.9806446297644288,0.0026841068753378,0.7913681733181636,0.0007225300961585,0.0011047843644251,0.9999145338862614,0.8920248288807279,3D,3D-independent,4D-B,0.2642014303553643,0.0,3D optimized
10,10,4D-B-2828b82824ed,4D,4D-B,equal_total,32,shared-independent,ensemble_anomaly,"[80, 48]",,"[1.0, 1.0]",wells,30,60,ridge(alpha_relative=1e-06),136304,0.4691068749962142,128653.0092676636,0.1832058893900649,0.0005955444611929,0.0693269928419214,0.0957921795130852,0.0023136680268482,0.9997859848824932,0.9932852781030254,0.0021091322069695,0.6218456192083902,0.0005677536577678,0.0008681235110923,0.9999345714797572,0.9234128308770786,4D,3D-independent,4D-B,0.2642014303553643,0.0,4D optimized
10,10,4D-B-2828b82824ed,4D,4D-B,equal_total,32,shared-independent,ensemble_anomaly,"[80, 48]",,"[1.0, 1.0]",wells,30,60,ridge(alpha_relative=1e-06),136304,0.4691068749962142,128653.0092676636,0.1832058893900649,0.0005955444611929,0.0693269928419214,0.0957921795130852,0.0023136680268482,0.9997859848824932,0.9932852781030254,0.0021091322069695,0.6218456192083902,0.0005677536577678,0.0008681235110923,0.9999345714797572,0.9234128308770786,4D,3D-independent,4D-B,0.2642014303553643,0.0,4D-B
10,10,4D-C-44adce3e7a5f,4D,4D-C,equal_total,32,joint,standardized_anomaly,"[80, 48]",2.0,"[1.0, 0.5]",wells,30,60,ridge(alpha_relative=0.0001),259188,0.5718486670011771,318.4564106636948,0.31582076061555,0.0008370924658131,0.0974454590161202,0.134644710814035,0.0032520730186758,0.9993500344855024,0.9853609310214344,0.0037362677770218,1.1015818456771012,0.0010057594729218,0.0015378561335564,0.9997989823360416,0.8861275934406085,4D,3D-independent,4D-C,0.3553328421714759,0.0,4D-C
10,10,4D-D-2ecf0e4138e3,4D,4D-D,equal_total,32,partial-spatial,standardized_anomaly,"[80, 48]",,"[1.0, 1.0]",wells,30,60,ridge(alpha_relative=0.0001),163152,0.737146457999188,631.4340798535849,0.3214083472626607,0.0007283820044271,0.0847905358836721,0.1171588424857792,0.0028297369294627,0.9971301477709176,0.9792371944874528,0.0038574672330953,1.1373156657575605,0.0010383849452738,0.0015877420994533,0.9998230508964008,0.8937084306937257,4D,3D-independent,4D-D,0.3859492723582014,0.0,4D-D
10,10,4D-E-4f4328240852,4D,4D-E,equal_total,32,joint-property-residual,standardized_anomaly,"[80, 48]",2.0,"[1.0, 1.0]",wells,30,60,ridge(alpha_relative=0.0001),224596,0.8564915009992546,565.786999312032,0.2633936328578704,0.0009722609749521,0.1131803484763674,0.1563863051628831,0.0037771976369205,0.994652353825383,0.9655583738560028,0.0029595214657627,0.872569985113477,0.0007966684743027,0.0012181456228875,0.9998394699155913,0.8987932304607235,4D,3D-independent,4D-E,0.341510533160716,0.0,4D-E
10,10,3D-current-e419eaac8e1a,3D,3D-current,equal_total,32,legacy-independent,raw_minmax,"[48, 48]",,"[1.0, 1.0]",wells,30,60,ridge(alpha_relative=0.0001),129984,9.173374167003203,17631.213689867927,0.3037729915648213,0.0015092018733604,0.175685333823592,0.2427522144775523,0.0058631930073853,0.9968235195594696,0.9079291738249397,0.0031241843673557,0.9211183424252763,0.0008409937965225,0.0012859212397053,0.9998913557188348,0.8554942461542269,3D,3D-current,4D-A-current,0.8079091353766734,0.0,3D current
10,10,4D-A-current-205a30146a4e,4D,4D-A-current,equal_total,32,legacy-joint,raw_minmax,"[48, 48]",2.0,"[1.0, 1.0]",wells,30,60,ridge(alpha_relative=0.0001),194740,10.725516375001462,25831.541316683222,1.3172885438030693,0.0025810675591014,0.3004606101715833,0.4151597455235841,0.0100273512319569,0.983467632399104,0.826702736034017,0.0156280318634046,4.607687995562328,0.004206882918406,0.0064325327013121,0.9906708488967724,0.4512861250092524,4D,3D-current,4D-A-current,0.8079091353766734,0.0,4D current
10,10,4D-A-4ea76ef087a9,4D,4D-A,equal_total,32,joint,standardized_anomaly,"[80, 48]",2.0,"[1.0, 1.0]",grid,30,30,ridge(alpha_relative=0.0001),259188,0.6612932499992894,167.0367306731231,0.7120056078380387,0.0170074122091743,1.9798232060175325,2.7356094961084594,0.066073162310959,0.991373445338264,0.5840719832224379,0.0020702488992582,0.6103814660933368,0.0005572867272898,0.0008521190550882,0.999872570455604,0.9002924982949906,4D,3D-independent,4D-A,0.5926747059835318,0.0,4D-A
10,10,3D-independent-7db5f3bc9ad5,3D,3D-independent,equal_total,32,independent,raw_minmax,"[80, 48]",,"[1.0, 1.0]",grid,30,30,ridge(alpha_relative=1e-06),149728,0.4903919579955982,1.3289274363667562e+19,0.5663699682615181,0.0054789843858077,0.6378054638187989,0.8812840854624849,0.0212856500548275,0.998719640029076,0.8146101158656271,0.0048395023360007,1.4268538107029685,0.0013027372793231,0.0019919499337147,0.9998907297050494,0.7837486870857632,3D,3D-independent,4D-B,0.3933599391161147,0.0,3D optimized
10,10,4D-B-2828b82824ed,4D,4D-B,equal_total,32,shared-independent,ensemble_anomaly,"[80, 48]",,"[1.0, 1.0]",grid,30,30,ridge(alpha_relative=1e-06),136304,0.4691068749962142,2.307397353876848e+18,0.1524980482764181,0.0009851485674403,0.1146805858060628,0.1584592495919903,0.0038272654532228,0.9994966785564804,0.9739650629620452,0.0015000119147684,0.4422557461674646,0.0004037856178436,0.0006174082429854,0.999958945670314,0.9199232147736645,4D,3D-independent,4D-B,0.3933599391161147,0.0,4D optimized
10,10,4D-B-2828b82824ed,4D,4D-B,equal_total,32,shared-independent,ensemble_anomaly,"[80, 48]",,"[1.0, 1.0]",grid,30,30,ridge(alpha_relative=1e-06),136304,0.4691068749962142,2.307397353876848e+18,0.1524980482764181,0.0009851485674403,0.1146805858060628,0.1584592495919903,0.0038272654532228,0.9994966785564804,0.9739650629620452,0.0015000119147684,0.4422557461674646,0.0004037856178436,0.0006174082429854,0.999958945670314,0.9199232147736645,4D,3D-independent,4D-B,0.3933599391161147,0.0,4D-B
10,10,4D-C-44adce3e7a5f,4D,4D-C,equal_total,32,joint,standardized_anomaly,"[80, 48]",2.0,"[1.0, 0.5]",grid,30,30,ridge(alpha_relative=0.0001),259188,0.5718486670011771,336.79336360790074,1.1717561822281015,0.0307855645871033,3.5837301072188095,4.951798768193015,0.1196007705805436,0.9823600666628888,0.4278396889865214,0.0025984414318071,0.7661110175073177,0.0006994699633,0.0010695242771857,0.9998216308577416,0.8977931026409206,4D,3D-independent,4D-C,0.6296390309178979,0.0,4D-C
10,10,4D-D-2ecf0e4138e3,4D,4D-D,equal_total,32,partial-spatial,standardized_anomaly,"[80, 48]",,"[1.0, 1.0]",grid,30,30,ridge(alpha_relative=1e-06),163152,0.737146457999188,1.5734963551423913e+18,0.1903867980002456,0.0010007457857822,0.1164962491440716,0.1609680321207011,0.0038878600649385,0.9992968924669212,0.9728705993578232,0.0019779458858273,0.5831673235412188,0.0005324398384484,0.0008141269293034,0.99992504416087,0.9033621620107924,4D,3D-independent,4D-D,0.3958188231652544,0.0,4D-D
10,10,4D-E-4f4328240852,4D,4D-E,equal_total,32,joint-property-residual,standardized_anomaly,"[80, 48]",2.0,"[1.0, 1.0]",grid,30,30,ridge(alpha_relative=0.0001),224596,0.8564915009992546,1028.627552231324,1.1001441952248547,0.0270786140399118,3.1522060971798087,4.355542912582521,0.1051994059184251,0.9841952504389306,0.4430594507030796,0.0030966248149312,0.9129928266866746,0.0008335750881818,0.0012745776665828,0.99978458942884,0.88618483523105,4D,3D-independent,4D-E,0.6188758784232768,0.0,4D-E
10,10,3D-current-e419eaac8e1a,3D,3D-current,equal_total,32,legacy-independent,raw_minmax,"[48, 48]",,"[1.0, 1.0]",grid,30,30,ridge(alpha_relative=0.0001),129984,9.173374167003203,1.0364846965807442e+19,0.477174127086997,0.0052634768762386,0.6127183568992718,0.8466201176342695,0.020448411415353,0.9961526712725408,0.7839390285856216,0.0036822020883197,1.0856413979622557,0.0009912056235145,0.0015156025757421,0.9999253206649956,0.795387464441457,3D,3D-current,4D-A-current,1.038656042598562,0.0,3D current
10,10,4D-A-current-205a30146a4e,4D,4D-A-current,equal_total,32,legacy-joint,raw_minmax,"[48, 48]",2.0,"[1.0, 1.0]",grid,30,30,ridge(alpha_relative=0.0001),194740,10.725516375001462,532062.7669252699,1.4109413810534674,0.0037174148600537,0.4327421547623108,0.5979390201792245,0.0144420181274262,0.9836275963183476,0.8019426456140478,0.01639688927918,4.834373935028784,0.0044138503188686,0.00674899612504,0.9903623067236236,0.444758485540403,4D,3D-current,4D-A-current,1.038656042598562,0.0,4D current
10,10,4D-A-4ea76ef087a9,4D,4D-A,equal_total,32,joint,standardized_anomaly,"[80, 48]",2.0,"[1.0, 1.0]",grid,100,100,ridge(alpha_relative=1e-06),259188,0.6612932499992894,113.828191060056,0.1567350414670881,0.0020247773704095,0.2357031849203702,0.3256815401351867,0.0078661845901788,0.9984490988632236,0.9576705565050028,0.0011652708308118,0.3435624182008129,0.0003136772433218,0.0004796280677309,0.999958750387952,0.9469803180006584,4D,3D-independent,4D-A,0.2694940860288952,0.0,4D-A
10,10,3D-independent-7db5f3bc9ad5,3D,3D-independent,equal_total,32,independent,raw_minmax,"[80, 48]",,"[1.0, 1.0]",grid,100,100,ridge(alpha_relative=1e-08),149728,0.4903919579955982,5065.183915615451,0.1974997434426328,0.0011852307261319,0.1379720363816044,0.1906420794421159,0.0046045771796729,0.9995445233559668,0.9796152331192568,0.0019570427182264,0.5770043418384717,0.0005268129508474,0.0008055231389906,0.9999385953061536,0.8703395757798327,3D,3D-independent,4D-B,0.1895788714913599,0.0,3D optimized
10,10,4D-B-2828b82824ed,4D,4D-B,equal_total,32,shared-independent,ensemble_anomaly,"[80, 48]",,"[1.0, 1.0]",grid,100,100,ridge(alpha_relative=1e-08),136304,0.4691068749962142,16499.190299075082,0.1317983290219348,0.001073414593154,0.1249555837811588,0.1726566698200865,0.0041701756721201,0.9997711320284012,0.985518365128382,0.0012330235963353,0.3635382927765482,0.0003319154933105,0.0005075152568308,0.9999542806636116,0.9370827558115534,4D,3D-independent,4D-B,0.1895788714913599,0.0,4D optimized
10,10,4D-B-2828b82824ed,4D,4D-B,equal_total,32,shared-independent,ensemble_anomaly,"[80, 48]",,"[1.0, 1.0]",grid,100,100,ridge(alpha_relative=1e-08),136304,0.4691068749962142,16499.190299075082,0.1317983290219348,0.001073414593154,0.1249555837811588,0.1726566698200865,0.0041701756721201,0.9997711320284012,0.985518365128382,0.0012330235963353,0.3635382927765482,0.0003319154933105,0.0005075152568308,0.9999542806636116,0.9370827558115534,4D,3D-independent,4D-B,0.1895788714913599,0.0,4D-B
10,10,4D-C-44adce3e7a5f,4D,4D-C,equal_total,32,joint,standardized_anomaly,"[80, 48]",2.0,"[1.0, 0.5]",grid,100,100,ridge(alpha_relative=1e-06),259188,0.5718486670011771,169.94451581641408,0.1578202051347887,0.0018777550304279,0.2185883977370723,0.3020332799268,0.0072950082810809,0.9985073440635344,0.9589134331235578,0.0012314764909303,0.3630821522295394,0.0003314990306773,0.0005068784648024,0.9999562541254092,0.941866025731356,4D,3D-independent,4D-C,0.2694295369367874,0.0,4D-C
10,10,4D-D-2ecf0e4138e3,4D,4D-D,equal_total,32,partial-spatial,standardized_anomaly,"[80, 48]",,"[1.0, 1.0]",grid,100,100,ridge(alpha_relative=1e-06),163152,0.737146457999188,1140.4866243921697,0.1552549987105547,0.0016027324074245,0.1865731702289069,0.2577964207339118,0.0062265556449365,0.9882421064611268,0.9341473341849974,0.0012579532814217,0.3708884320461247,0.0003386262722024,0.0005177763707032,0.9999552216362024,0.938735880680628,4D,3D-independent,4D-D,0.1986759877716104,0.0,4D-D
10,10,4D-E-4f4328240852,4D,4D-E,equal_total,32,joint-property-residual,standardized_anomaly,"[80, 48]",2.0,"[1.0, 1.0]",grid,100,100,ridge(alpha_relative=1e-06),224596,0.8564915009992546,661.5085013577665,0.1372403031784772,0.0009839535160177,0.1145414705479741,0.1582670278724325,0.0038226227230034,0.9966156282884524,0.9721291432403196,0.0013174924212461,0.3884426437493563,0.0003546535104684,0.0005422828131827,0.999952044162298,0.9359166599265236,4D,3D-independent,4D-E,0.2581027766793307,0.0,4D-E
10,10,3D-current-e419eaac8e1a,3D,3D-current,equal_total,32,legacy-independent,raw_minmax,"[48, 48]",,"[1.0, 1.0]",grid,100,100,ridge(alpha_relative=1e-06),129984,9.173374167003203,5555.10024918344,0.1991624089152862,0.0012918019132125,0.1503779278058789,0.2077838496187582,0.0050186022679721,0.9954516274123562,0.9442382698808852,0.0018753970100791,0.5529323439946434,0.0005048348836174,0.0007719175837826,0.9999459101092192,0.8690830023978698,3D,3D-current,4D-A-current,0.7826394616956606,0.0,3D current
10,10,4D-A-current-205a30146a4e,4D,4D-A-current,equal_total,32,legacy-joint,raw_minmax,"[48, 48]",2.0,"[1.0, 1.0]",grid,100,100,ridge(alpha_relative=1e-06),194740,10.725516375001462,20163.801585550365,1.3489745362839545,0.0027855002652903,0.3242585055129711,0.4480423525591132,0.0108215646732235,0.9777466683556728,0.8263608998982013,0.0159752498035435,4.710059935202945,0.0043003499163045,0.0065754483783435,0.9903668598364724,0.4504796912619971,4D,3D-current,4D-A-current,0.7826394616956606,0.0,4D current
10,10,4D-A-4ea76ef087a9,4D,4D-A,equal_total,32,joint,standardized_anomaly,"[80, 48]",2.0,"[1.0, 1.0]",grid,300,300,ridge(alpha_relative=1e-06),259188,0.6612932499992894,102.96615474497248,0.113835968345932,0.0010063291130665,0.1171462011055035,0.1618660995604114,0.0039095510832635,0.9988306823523488,0.9796081684714258,0.0010458858876816,0.3083635797213549,0.0002815402165766,0.0004304889594003,0.9999642269145296,0.9607236464148348,4D,3D-independent,4D-A,0.214126618469198,0.0,4D-A
10,10,3D-independent-7db5f3bc9ad5,3D,3D-independent,equal_total,32,independent,raw_minmax,"[80, 48]",,"[1.0, 1.0]",grid,300,300,least_squares(rcond=1e-10),149728,0.4903919579955982,5177.428407262488,0.1596553337547442,0.0013472435875503,0.1568318616603901,0.2167015361505628,0.0052339911056306,0.999500545043946,0.9790110911175324,0.0014398232580039,0.4245100342526967,0.0003875835372337,0.0005926344578876,0.9999493113249616,0.9064300306706872,3D,3D-independent,4D-B,0.1567938959520433,0.0,3D optimized
10,10,4D-B-2828b82824ed,4D,4D-B,equal_total,32,shared-independent,ensemble_anomaly,"[80, 48]",,"[1.0, 1.0]",grid,300,300,least_squares(rcond=1e-10),136304,0.4691068749962142,17339.04813371536,0.1105332587692742,0.000742810102065,0.0864701025438432,0.119479574201089,0.0028857895508342,0.9997925835374316,0.990894964538161,0.0011053146619217,0.3258852518071651,0.0002975377457215,0.0004549499751597,0.999962793925396,0.9495496740096616,4D,3D-independent,4D-B,0.1567938959520433,0.0,4D optimized
10,10,4D-B-2828b82824ed,4D,4D-B,equal_total,32,shared-independent,ensemble_anomaly,"[80, 48]",,"[1.0, 1.0]",grid,300,300,least_squares(rcond=1e-10),136304,0.4691068749962142,17339.04813371536,0.1105332587692742,0.000742810102065,0.0864701025438432,0.119479574201089,0.0028857895508342,0.9997925835374316,0.990894964538161,0.0011053146619217,0.3258852518071651,0.0002975377457215,0.0004549499751597,0.999962793925396,0.9495496740096616,4D,3D-independent,4D-B,0.1567938959520433,0.0,4D-B
10,10,4D-C-44adce3e7a5f,4D,4D-C,equal_total,32,joint,standardized_anomaly,"[80, 48]",2.0,"[1.0, 0.5]",grid,300,300,ridge(alpha_relative=1e-06),259188,0.5718486670011771,161.11928122547823,0.1154861731428376,0.0009750003936319,0.1134992426506571,0.1568269353811718,0.0037878401763522,0.998910015285332,0.9803435168304876,0.0010778914179576,0.3177999245492292,0.00029015573002,0.0004436625069028,0.999961846008832,0.9583654324265842,4D,3D-independent,4D-C,0.2152995986093813,0.0,4D-C
10,10,4D-D-2ecf0e4138e3,4D,4D-D,equal_total,32,partial-spatial,standardized_anomaly,"[80, 48]",,"[1.0, 1.0]",grid,300,300,ridge(alpha_relative=1e-06),163152,0.737146457999188,497.92771997163743,0.1136796789252505,0.0008492934474837,0.0988657683700985,0.1366072152156125,0.0032994733775523,0.9986679968682496,0.9827225272022404,0.0010978178646383,0.3236749349131408,0.0002955196958026,0.0004518642767108,0.9999629546743058,0.952921447962234,4D,3D-independent,4D-D,0.1589921090852314,0.0,4D-D
10,10,4D-E-4f4328240852,4D,4D-E,equal_total,32,joint-property-residual,standardized_anomaly,"[80, 48]",2.0,"[1.0, 1.0]",grid,300,300,ridge(alpha_relative=1e-06),224596,0.8564915009992546,501.7109047851387,0.106783103857026,0.0006069855121961,0.0706588390980579,0.0976324505305022,0.0023581160834158,0.9993881299416516,0.9898111203635414,0.001111521016928,0.3277151013818644,0.0002992084237115,0.000457504524695,0.999960742913526,0.9526719297400954,4D,3D-independent,4D-E,0.1975773196175796,0.0,4D-E
10,10,3D-current-e419eaac8e1a,3D,3D-current,equal_total,32,legacy-independent,raw_minmax,"[48, 48]",,"[1.0, 1.0]",grid,300,300,ridge(alpha_relative=1e-06),129984,9.173374167003203,5497.151209998908,0.1721597916592647,0.001601415128647,0.1864198265537798,0.2575845389797375,0.0062214380660005,0.9956953671758516,0.9385162780674052,0.0014322869430309,0.422288066167704,0.0003855548496162,0.0005895324938697,0.9999557461015894,0.9016211741014442,3D,3D-current,4D-A-current,0.7373594550527175,0.0,3D current
10,10,4D-A-current-205a30146a4e,4D,4D-A-current,equal_total,32,legacy-joint,raw_minmax,"[48, 48]",2.0,"[1.0, 1.0]",grid,300,300,ridge(alpha_relative=1e-06),194740,10.725516375001462,22925.279061814406,1.2995220558497056,0.0021332019050678,0.2483248234846592,0.3431214176999979,0.0082874098647153,0.9825982947880022,0.8706652876936792,0.0156410969940212,4.611540051024513,0.0042103998983621,0.0064379103381555,0.9905235680528052,0.4528880145270219,4D,3D-current,4D-A-current,0.7373594550527175,0.0,4D current
10,10,4D-A-3bf6b15a532d,4D,4D-A,equal_per_property,64,joint,standardized_anomaly,"[80, 48]",2.0,"[1.0, 1.0]",wells,5,10,ridge(alpha_relative=1e-06),504948,0.5712774580024416,53408.25926342322,0.2757563957198048,0.0016987583529663,0.1977514960685593,0.2732420091200885,0.0065996128630372,0.9984137897110829,0.9695323483487752,0.0028389757511981,0.8370289107945668,0.0007642189814989,0.0011685287384508,0.99989572448297,0.8939772996190379,4D,3D-independent,4D-A,0.5797993764138154,0.0,4D-A
10,10,3D-independent-fa9b36e31dc0,3D,3D-independent,equal_per_property,64,independent,raw_minmax,"[80, 48]",,"[1.0, 1.0]",wells,5,10,ridge(alpha_relative=1e-06),272608,0.3708736249973299,62032734.439275816,0.6645833317077183,0.0026941002874909,0.3136186859536382,0.4333408421742845,0.0104664791673226,0.9977915062944276,0.9275496256952313,0.0074264242195539,2.1895684642491853,0.0019991063153151,0.0030567327391979,0.9995871428884484,0.7621580210486697,3D,3D-independent,4D-B,0.5491004752792074,0.0,3D optimized
10,10,4D-B-643a4d560541,4D,4D-B,equal_per_property,64,shared-independent,ensemble_anomaly,"[80, 48]",,"[1.0, 1.0]",wells,5,10,ridge(alpha_relative=1e-06),259184,0.3675488340013544,5786838.7444426445,0.3114254981714138,0.0016922987332722,0.196999535404871,0.2722029917340747,0.0065745174813726,0.9985432212714184,0.971928840404048,0.0033078397550459,0.9752663459983868,0.0008904316732878,0.0013615142060759,0.9998783005866452,0.8811989370311569,4D,3D-independent,4D-B,0.5491004752792074,0.0,4D optimized
10,10,4D-B-643a4d560541,4D,4D-B,equal_per_property,64,shared-independent,ensemble_anomaly,"[80, 48]",,"[1.0, 1.0]",wells,5,10,ridge(alpha_relative=1e-06),259184,0.3675488340013544,5786838.7444426445,0.3114254981714138,0.0016922987332722,0.196999535404871,0.2722029917340747,0.0065745174813726,0.9985432212714184,0.971928840404048,0.0033078397550459,0.9752663459983868,0.0008904316732878,0.0013615142060759,0.9998783005866452,0.8811989370311569,4D,3D-independent,4D-B,0.5491004752792074,0.0,4D-B
10,10,4D-C-e7705bff9f37,4D,4D-C,equal_per_property,64,joint,standardized_anomaly,"[64, 48]",2.0,"[1.0, 0.5]",wells,5,10,ridge(alpha_relative=1e-06),404420,0.4619042499980423,13584.321716535916,0.3277790735463388,0.0019782353627265,0.2302852562118634,0.3181953478432784,0.0076853706256499,0.9979991982867203,0.9647965034243208,0.003400702720219,1.0026455818228543,0.000915429294572,0.0013997368092442,0.999870775142644,0.8788325842744037,4D,3D-independent,4D-C,0.6189389876263017,0.0,4D-C
10,10,4D-D-ff94f89c821d,4D,4D-D,equal_per_property,64,partial-spatial,standardized_anomaly,"[64, 48]",,"[1.0, 1.0]",wells,5,10,ridge(alpha_relative=1e-08),230208,0.7144477490001009,3627.765243663438,0.3094843563158589,0.0015706998990546,0.1828442841033973,0.2526440534599823,0.0061021105442522,0.9983291055084208,0.9723884151506996,0.0033368869395138,0.983830467465995,0.0008982508347301,0.0013734700918589,0.9998802641953636,0.8850862374612135,4D,3D-independent,4D-D,0.5557496656875784,0.0,4D-D
10,10,4D-E-6ca320f290f9,4D,4D-E,equal_per_property,64,joint-property-residual,standardized_anomaly,"[80, 48]",2.0,"[1.0, 1.0]",wells,5,10,ridge(alpha_relative=1e-08),408916,1.081861583006685,37298.84573182254,0.2745724168616898,0.0017210371643188,0.2003449598580943,0.2768255130152352,0.0066861652144758,0.998282876059508,0.968823829890617,0.0028113278633355,0.8288773506927842,0.0007567764942941,0.0011571488062653,0.9998984066775768,0.8930414563176216,4D,3D-independent,4D-E,0.5707332347130168,0.0,4D-E
10,10,3D-current-5e7711139fcb,3D,3D-current,equal_per_property,64,legacy-independent,raw_minmax,"[48, 48]",,"[1.0, 1.0]",wells,5,10,ridge(alpha_relative=0.0001),242016,8.633564082992962,474913.2319594658,1.0150754027288658,0.0027249796273815,0.317213332390733,0.4383077245194257,0.0105864442514608,0.9954711177190028,0.9108029457734508,0.012151281937721,3.582621049438614,0.0032709826078763,0.0050014946930256,0.9994292888597884,0.7682625960543172,3D,3D-current,4D-A-current,1.5951460217938864,0.0,3D current
10,10,4D-A-current-43ce2f360e5a,4D,4D-A-current,equal_per_property,64,legacy-joint,raw_minmax,"[48, 48]",2.0,"[1.0, 1.0]",wells,5,10,ridge(alpha_relative=0.0001),380500,9.867556541998056,243243.41249720132,1.538750561906557,0.0030987136015099,0.3607194922789147,0.4984221144142316,0.0120383868062714,0.9809186677643752,0.8445853231090529,0.0184566024983764,5.441649115764483,0.0049683009646305,0.0075967786707636,0.9900843299817552,0.4501473977252878,4D,3D-current,4D-A-current,1.5951460217938864,0.0,4D current
10,10,4D-A-3bf6b15a532d,4D,4D-A,equal_per_property,64,joint,standardized_anomaly,"[80, 48]",2.0,"[1.0, 1.0]",wells,10,20,ridge(alpha_relative=1e-06),504948,0.5712774580024416,3096921.4392359317,0.2753239905475727,0.002407043573171,0.2802025767029237,0.3871683225718232,0.0093512745351047,0.997387424030218,0.944667386311138,0.0025047107462439,0.7384759474959289,0.0006742387618619,0.0010309445183734,0.9999109835953798,0.8900977377059853,4D,3D-independent,4D-A,0.3892215186115634,0.0,4D-A
10,10,3D-independent-fa9b36e31dc0,3D,3D-independent,equal_per_property,64,independent,raw_minmax,"[80, 48]",,"[1.0, 1.0]",wells,10,20,ridge(alpha_relative=1e-06),272608,0.3708736249973299,1903392995.5036416,0.2768861035265249,0.0012246107290234,0.1425562401757318,0.1969762770579408,0.0047575670226222,0.9991018007718152,0.9582814056960728,0.0029980388808023,0.8839262603277456,0.000807036910764,0.0012339994766535,0.9999000053712198,0.8795947670986826,3D,3D-independent,4D-B,0.3539571912416362,0.0,3D optimized
10,10,4D-B-643a4d560541,4D,4D-B,equal_per_property,64,shared-independent,ensemble_anomaly,"[80, 48]",,"[1.0, 1.0]",wells,10,20,ridge(alpha_relative=1e-06),259184,0.3675488340013544,4306038664.508472,0.270179548367723,0.0010242515557997,0.1192325424956759,0.1647488899538832,0.0039791791050434,0.9990607797596688,0.9819711730266456,0.0030533711792988,0.9002401487160893,0.0008219317166753,0.0012567743738785,0.9998956405532876,0.8955378224551,4D,3D-independent,4D-B,0.3539571912416362,0.0,4D optimized
10,10,4D-B-643a4d560541,4D,4D-B,equal_per_property,64,shared-independent,ensemble_anomaly,"[80, 48]",,"[1.0, 1.0]",wells,10,20,ridge(alpha_relative=1e-06),259184,0.3675488340013544,4306038664.508472,0.270179548367723,0.0010242515557997,0.1192325424956759,0.1647488899538832,0.0039791791050434,0.9990607797596688,0.9819711730266456,0.0030533711792988,0.9002401487160893,0.0008219317166753,0.0012567743738785,0.9998956405532876,0.8955378224551,4D,3D-independent,4D-B,0.3539571912416362,0.0,4D-B
10,10,4D-C-e7705bff9f37,4D,4D-C,equal_per_property,64,joint,standardized_anomaly,"[64, 48]",2.0,"[1.0, 0.5]",wells,10,20,ridge(alpha_relative=1e-06),404420,0.4619042499980423,709146.4421414029,0.4782255100756273,0.0018636641108483,0.2169480817833797,0.2997667826527498,0.0072402655838945,0.9970418587507368,0.9608251936929244,0.005423839872894,1.5991368644894672,0.0014600340921289,0.0022324645645732,0.9996488977766111,0.8455406182477514,4D,3D-independent,4D-C,0.3905425373426376,0.0,4D-C
10,10,4D-D-ff94f89c821d,4D,4D-D,equal_per_property,64,partial-spatial,standardized_anomaly,"[64, 48]",,"[1.0, 1.0]",wells,10,20,ridge(alpha_relative=1e-06),230208,0.7144477490001009,1621022.4525061415,0.3265250347926508,0.0009899943904429,0.115244685312488,0.1592386908884842,0.0038460912949113,0.9990518578168248,0.9826239892635068,0.0038171659635478,1.125433448116648,0.001027536316097,0.0015711540072012,0.999844737853416,0.8865319992535585,4D,3D-independent,4D-D,0.3830442460708329,0.0,4D-D
10,10,4D-E-6ca320f290f9,4D,4D-E,equal_per_property,64,joint-property-residual,standardized_anomaly,"[80, 48]",2.0,"[1.0, 1.0]",wells,10,20,ridge(alpha_relative=1e-06),408916,1.081861583006685,1832074.2130568,0.2657649686224123,0.0022500178536953,0.2619233017881949,0.3619110380391827,0.0087412354696485,0.9965120897076222,0.9435615739055172,0.0024362651137024,0.7182957915961605,0.0006558140001968,0.0010027721436666,0.9999146909531932,0.8907568638838952,4D,3D-independent,4D-E,0.373329144787826,0.0,4D-E
10,10,3D-current-5e7711139fcb,3D,3D-current,equal_per_property,64,legacy-independent,raw_minmax,"[48, 48]",,"[1.0, 1.0]",wells,10,20,ridge(alpha_relative=0.0001),242016,8.633564082992962,38044973.342896685,0.4139497715430991,0.0020959001988951,0.2439825530324418,0.3371215101084248,0.0081424941270296,0.9965355160825464,0.8698137046961439,0.0042498115211392,1.252992424158638,0.0011439994268626,0.0017492318817288,0.9998235851145144,0.8125380773412229,3D,3D-current,4D-A-current,0.9039622256593984,0.0,3D current
10,10,4D-A-current-43ce2f360e5a,4D,4D-A-current,equal_per_property,64,legacy-joint,raw_minmax,"[48, 48]",2.0,"[1.0, 1.0]",wells,10,20,ridge(alpha_relative=0.0001),380500,9.867556541998056,51428289.25835996,1.3692858128708325,0.0027892215277994,0.3246916955703747,0.4486409104662289,0.010836021639324,0.983500896666092,0.8125150110947256,0.0162279362871944,4.784560709678919,0.004368370154622,0.0066794546974674,0.9905743878048514,0.4517032964372007,4D,3D-current,4D-A-current,0.9039622256593984,0.0,4D current
10,10,4D-A-3bf6b15a532d,4D,4D-A,equal_per_property,64,joint,standardized_anomaly,"[80, 48]",2.0,"[1.0, 1.0]",wells,15,30,ridge(alpha_relative=0.0001),504948,0.5712774580024416,7875227.153576859,0.2052894592279058,0.0007827279655785,0.0911169183878138,0.1259002856619893,0.0030408689622456,0.9986233913460236,0.9841329421637895,0.0022969746049621,0.6772280992195179,0.0006183186286083,0.0009454398602233,0.9999070993247614,0.9102414192276268,4D,3D-independent,4D-A,0.3533627092392474,0.0,4D-A
10,10,3D-independent-fa9b36e31dc0,3D,3D-independent,equal_per_property,64,independent,raw_minmax,"[80, 48]",,"[1.0, 1.0]",wells,15,30,ridge(alpha_relative=0.0001),272608,0.3708736249973299,3249444200.707358,0.3972088795859342,0.0010848963829572,0.1262921724178904,0.1745034935950177,0.0042147819974067,0.9994146586767234,0.9660399709977164,0.0046230477014386,1.3630354470105468,0.0012444702299142,0.001902856724324,0.9998146182203688,0.8349442311716846,3D,3D-independent,4D-B,0.3133302054841971,0.0,3D optimized
10,10,4D-B-643a4d560541,4D,4D-B,equal_per_property,64,shared-independent,ensemble_anomaly,"[80, 48]",,"[1.0, 1.0]",wells,15,30,ridge(alpha_relative=0.0001),259184,0.3675488340013544,15713349239.058456,0.2611453614097268,0.0006903707979875,0.0803656729079149,0.1110448131428214,0.0026820648096934,0.9992800390501538,0.9890131357020095,0.0030266095102472,0.8923498767798718,0.0008147277891824,0.0012457592113282,0.9999103086711564,0.8672550723957495,4D,3D-independent,4D-B,0.3133302054841971,0.0,4D optimized
10,10,4D-B-643a4d560541,4D,4D-B,equal_per_property,64,shared-independent,ensemble_anomaly,"[80, 48]",,"[1.0, 1.0]",wells,15,30,ridge(alpha_relative=0.0001),259184,0.3675488340013544,15713349239.058456,0.2611453614097268,0.0006903707979875,0.0803656729079149,0.1110448131428214,0.0026820648096934,0.9992800390501538,0.9890131357020095,0.0030266095102472,0.8923498767798718,0.0008147277891824,0.0012457592113282,0.9999103086711564,0.8672550723957495,4D,3D-independent,4D-B,0.3133302054841971,0.0,4D-B
10,10,4D-C-e7705bff9f37,4D,4D-C,equal_per_property,64,joint,standardized_anomaly,"[64, 48]",2.0,"[1.0, 0.5]",wells,15,30,ridge(alpha_relative=0.0001),404420,0.4619042499980423,1940232.8687606123,0.2462433726365188,0.0008657331261872,0.1007795020408217,0.1392515058708289,0.0033633409163615,0.9987217615897842,0.9833093100591996,0.0028159420344244,0.830237769005306,0.000758018575044,0.0011590480093562,0.9998776944774944,0.9087782509409053,4D,3D-independent,4D-C,0.3588805866106465,0.0,4D-C
10,10,4D-D-ff94f89c821d,4D,4D-D,equal_per_property,64,partial-spatial,standardized_anomaly,"[64, 48]",,"[1.0, 1.0]",wells,15,30,ridge(alpha_relative=0.0001),230208,0.7144477490001009,1972162.929562059,0.2142148378795451,0.0006829786837125,0.0795051610791185,0.1098558057995321,0.0026533467213501,0.9992286355937516,0.9890873793411192,0.0024823666574577,0.7318881320517389,0.0006682239951745,0.0010217476416934,0.9998936090589684,0.9199805038842344,4D,3D-independent,4D-D,0.3430685020801549,0.0,4D-D
10,10,4D-E-6ca320f290f9,4D,4D-E,equal_per_property,64,joint-property-residual,standardized_anomaly,"[80, 48]",2.0,"[1.0, 1.0]",wells,15,30,ridge(alpha_relative=0.0001),408916,1.081861583006685,2572164.8185905037,0.2068672455027082,0.0007818596320143,0.0910158361702584,0.1257606158806717,0.0030374955187245,0.998678513165456,0.9843089855021414,0.0023204114544383,0.684138098567446,0.0006246275536594,0.0009550865196356,0.9999057272177746,0.9110609199516017,4D,3D-independent,4D-E,0.3437264108572543,0.0,4D-E
10,10,3D-current-5e7711139fcb,3D,3D-current,equal_per_property,64,legacy-independent,raw_minmax,"[48, 48]",,"[1.0, 1.0]",wells,15,30,ridge(alpha_relative=0.0001),242016,8.633564082992962,62981892.67244298,0.415218161860019,0.0014739690798163,0.1715839043166502,0.2370850874973717,0.0057263149181218,0.9969187015630354,0.920266745237908,0.0046357779899233,1.3667887793523112,0.0012478970742949,0.0019080965394006,0.9998136975031752,0.8347333272198633,3D,3D-current,4D-A-current,0.8477857659651112,0.0,3D current
10,10,4D-A-current-43ce2f360e5a,4D,4D-A-current,equal_per_property,64,legacy-joint,raw_minmax,"[48, 48]",2.0,"[1.0, 1.0]",wells,15,30,ridge(alpha_relative=0.0001),380500,9.867556541998056,148673803.01055112,1.353395485563601,0.0028392716869024,0.3305180061953031,0.4566913821570282,0.0110304646413178,0.9834127618383878,0.784514360347635,0.0159498674254657,4.702576326275699,0.0042935172777677,0.0065650009350281,0.9906829511128856,0.4545104200855621,4D,3D-current,4D-A-current,0.8477857659651112,0.0,4D current
10,10,4D-A-3bf6b15a532d,4D,4D-A,equal_per_property,64,joint,standardized_anomaly,"[80, 48]",2.0,"[1.0, 1.0]",wells,20,40,ridge(alpha_relative=0.0001),504948,0.5712774580024416,12913480.314057669,0.2146604225237597,0.0006025141546601,0.0701383309041373,0.0969132412830484,0.0023407450261029,0.9989690232526456,0.9881368676495276,0.0025273693365067,0.7451564889270358,0.0006803381886589,0.0010402708445611,0.9999005414748589,0.9251693918227408,4D,3D-independent,4D-A,0.3468866466714233,0.0,4D-A
10,10,3D-independent-fa9b36e31dc0,3D,3D-independent,equal_per_property,64,independent,raw_minmax,"[80, 48]",,"[1.0, 1.0]",wells,20,40,ridge(alpha_relative=1e-06),272608,0.3708736249973299,5558695557.247094,0.204171721908574,0.0005751690634438,0.0669551043500499,0.0925148360299134,0.0022345103662901,0.9995819562208076,0.9850898023594704,0.0023667203566514,0.6977915755170425,0.0006370933671024,0.0009741473668652,0.9999265120670776,0.9110297821061226,3D,3D-independent,4D-B,0.2743744875238005,0.0,3D optimized
10,10,4D-B-643a4d560541,4D,4D-B,equal_per_property,64,shared-independent,ensemble_anomaly,"[80, 48]",,"[1.0, 1.0]",wells,20,40,ridge(alpha_relative=1e-06),259184,0.3675488340013544,27165599710.0748,0.1709363223918409,0.0003748747720095,0.0436389595222833,0.0602978850367075,0.001456374512044,0.9997164795744083,0.9953220813674442,0.002031647008093,0.5990002843756156,0.0005468955508461,0.000836230430761,0.9999263479793894,0.922465827293626,4D,3D-independent,4D-B,0.2743744875238005,0.0,4D optimized
10,10,4D-B-643a4d560541,4D,4D-B,equal_per_property,64,shared-independent,ensemble_anomaly,"[80, 48]",,"[1.0, 1.0]",wells,20,40,ridge(alpha_relative=1e-06),259184,0.3675488340013544,27165599710.0748,0.1709363223918409,0.0003748747720095,0.0436389595222833,0.0602978850367075,0.001456374512044,0.9997164795744083,0.9953220813674442,0.002031647008093,0.5990002843756156,0.0005468955508461,0.000836230430761,0.9999263479793894,0.922465827293626,4D,3D-independent,4D-B,0.2743744875238005,0.0,4D-B
10,10,4D-C-e7705bff9f37,4D,4D-C,equal_per_property,64,joint,standardized_anomaly,"[64, 48]",2.0,"[1.0, 0.5]",wells,20,40,ridge(alpha_relative=1e-06),404420,0.4619042499980423,2982708.939598972,0.2176038875182892,0.0006429719247781,0.0748479969696361,0.1034207956814002,0.002497921954543,0.9992830495232672,0.9910682132893834,0.0025347852432275,0.7473429564664152,0.0006823344637869,0.0010433232482745,0.9998872796396944,0.9124825934364056,4D,3D-independent,4D-C,0.3481842811947339,0.0,4D-C
10,10,4D-D-ff94f89c821d,4D,4D-D,equal_per_property,64,partial-spatial,standardized_anomaly,"[64, 48]",,"[1.0, 1.0]",wells,20,40,ridge(alpha_relative=1e-06),230208,0.7144477490001009,2372181.235270473,0.1959489245247935,0.0004029704939138,0.0469095665688968,0.0648170277902429,0.0015655253440927,0.9994338026870936,0.9934641967185888,0.0023669958895363,0.6978728122061759,0.000637167537324,0.0009742607768139,0.9999129733968724,0.9285091646332084,4D,3D-independent,4D-D,0.3225738295454224,0.0,4D-D
10,10,4D-E-6ca320f290f9,4D,4D-E,equal_per_property,64,joint-property-residual,standardized_anomaly,"[80, 48]",2.0,"[1.0, 1.0]",wells,20,40,ridge(alpha_relative=0.0001),408916,1.081861583006685,4197527.078525277,0.2110111407215941,0.0006139229338606,0.0714664204180363,0.0987483214431664,0.0023850677079205,0.9990869085424594,0.9886796576796196,0.0024776162911342,0.7304875586414229,0.0006669452522645,0.0010197923803408,0.9999034316386998,0.9271391746665456,4D,3D-independent,4D-E,0.3426121652041822,0.0,4D-E
10,10,3D-current-5e7711139fcb,3D,3D-current,equal_per_property,64,legacy-independent,raw_minmax,"[48, 48]",,"[1.0, 1.0]",wells,20,40,ridge(alpha_relative=0.0001),242016,8.633564082992962,140931760.26869342,0.3945809332156474,0.0013879634041427,0.161572032407299,0.223251240219596,0.0053921860748532,0.9965008079398514,0.9236534971534708,0.004418635410157,1.3027675854579426,0.0011894448381041,0.0018187201702325,0.9998270757510102,0.848378272851833,3D,3D-current,4D-A-current,0.8241598298536404,0.0,3D current
10,10,4D-A-current-43ce2f360e5a,4D,4D-A-current,equal_per_property,64,legacy-joint,raw_minmax,"[48, 48]",2.0,"[1.0, 1.0]",wells,20,40,ridge(alpha_relative=0.0001),380500,9.867556541998056,301650513.35636765,1.3345261315267836,0.0025230127523266,0.2937024830526504,0.4058217416723973,0.0098018104722112,0.9834573039082778,0.8293858985993803,0.0158974811445091,4.687131026444883,0.0042794155052322,0.0065434386251801,0.990637563131663,0.4560720681814167,4D,3D-current,4D-A-current,0.8241598298536404,0.0,4D current
10,10,4D-A-3bf6b15a532d,4D,4D-A,equal_per_property,64,joint,standardized_anomaly,"[80, 48]",2.0,"[1.0, 1.0]",wells,30,60,ridge(alpha_relative=0.0001),504948,0.5712774580024416,74382999.4893638,0.2280467177858336,0.0002600027192192,0.0302667690302823,0.0418209365988351,0.0010101008699604,0.9997430506891272,0.9970349573219084,0.0028227114603629,0.8322336314981915,0.0007598408251263,0.0011618343201405,0.9998805595682994,0.9035921014483704,4D,3D-independent,4D-A,0.3254396812911862,0.0,4D-A
10,10,3D-independent-fa9b36e31dc0,3D,3D-independent,equal_per_property,64,independent,raw_minmax,"[80, 48]",,"[1.0, 1.0]",wells,30,60,ridge(alpha_relative=1e-06),272608,0.3708736249973299,28799551081.30369,0.2255344339104505,0.0003866165085995,0.0450058084169884,0.0621865207516217,0.0015019907209054,0.9999276514599384,0.9962779149547232,0.002738082387135,0.8072820337412835,0.0007370596710005,0.0011270008052246,0.9999144170255488,0.904022298078216,3D,3D-independent,4D-B,0.2522150154366238,0.0,3D optimized
10,10,4D-B-643a4d560541,4D,4D-B,equal_per_property,64,shared-independent,ensemble_anomaly,"[80, 48]",,"[1.0, 1.0]",wells,30,60,ridge(alpha_relative=1e-06),259184,0.3675488340013544,96093070168.85455,0.1678311891796815,0.0001648495290402,0.0191900401472526,0.0265157292317655,0.0006404342739035,0.9999647961971512,0.9990546388257264,0.0020843516964669,0.6145394618006953,0.0005610830349246,0.0008579237978107,0.9999357019625078,0.9257548516327172,4D,3D-independent,4D-B,0.2522150154366238,0.0,4D optimized
10,10,4D-B-643a4d560541,4D,4D-B,equal_per_property,64,shared-independent,ensemble_anomaly,"[80, 48]",,"[1.0, 1.0]",wells,30,60,ridge(alpha_relative=1e-06),259184,0.3675488340013544,96093070168.85455,0.1678311891796815,0.0001648495290402,0.0191900401472526,0.0265157292317655,0.0006404342739035,0.9999647961971512,0.9990546388257264,0.0020843516964669,0.6145394618006953,0.0005610830349246,0.0008579237978107,0.9999357019625078,0.9257548516327172,4D,3D-independent,4D-B,0.2522150154366238,0.0,4D-B
10,10,4D-C-e7705bff9f37,4D,4D-C,equal_per_property,64,joint,standardized_anomaly,"[64, 48]",2.0,"[1.0, 0.5]",wells,30,60,ridge(alpha_relative=0.0001),404420,0.4619042499980423,15384077.869257215,0.1990387254106297,0.00026240929715,0.0305469174018182,0.0422080300237246,0.0010194503354921,0.9996323868972052,0.9963519746000936,0.0024563069794943,0.7242048315331768,0.0006612090354508,0.0010110214202376,0.99988642297537,0.9208417199848592,4D,3D-independent,4D-C,0.3274758605215402,0.0,4D-C
10,10,4D-D-ff94f89c821d,4D,4D-D,equal_per_property,64,partial-spatial,standardized_anomaly,"[64, 48]",,"[1.0, 1.0]",wells,30,60,ridge(alpha_relative=0.0001),230208,0.7144477490001009,5490760.499481008,0.2552285541117732,0.0003949892675987,0.045980476541757,0.0635332629099959,0.001534518577439,0.9988977539071704,0.991719998049856,0.0031347296000596,0.9242274442344232,0.0008438324495097,0.0012902616809588,0.9998537754370008,0.9068674106083184,4D,3D-independent,4D-D,0.286390256905914,0.0,4D-D
10,10,4D-E-6ca320f290f9,4D,4D-E,equal_per_property,64,joint-property-residual,standardized_anomaly,"[80, 48]",2.0,"[1.0, 1.0]",wells,30,60,ridge(alpha_relative=0.0001),408916,1.081861583006685,16036795.48243048,0.2451515873067727,0.0004120179263692,0.04796277304792,0.0662722898745652,0.0016006742818484,0.9996534520746208,0.9950692634068328,0.0029806650233151,0.8788038421448182,0.0008023600720598,0.0012268483582394,0.9998631620313057,0.8972512685244619,4D,3D-independent,4D-E,0.3142869809450576,0.0,4D-E
10,10,3D-current-5e7711139fcb,3D,3D-current,equal_per_property,64,legacy-independent,raw_minmax,"[48, 48]",,"[1.0, 1.0]",wells,30,60,ridge(alpha_relative=0.0001),242016,8.633564082992962,447504420.25536954,0.2852575528114762,0.0014928034147817,0.1737763985641961,0.2401145539999968,0.0057994856072236,0.9966922364750151,0.9047091808399964,0.0028858714256733,0.8508553886397427,0.0007768427471542,0.0011878311024496,0.9999043381762917,0.8624939710760714,3D,3D-current,4D-A-current,0.8010849199898912,0.0,3D current
10,10,4D-A-current-43ce2f360e5a,4D,4D-A-current,equal_per_property,64,legacy-joint,raw_minmax,"[48, 48]",2.0,"[1.0, 1.0]",wells,30,60,ridge(alpha_relative=0.0001),380500,9.867556541998056,1739666420.049135,1.319887110981205,0.0026474842595728,0.308192140591559,0.4258427438701293,0.0102853776369402,0.9831895338062304,0.8131490884422383,0.0156148776163359,4.603809665466852,0.0042033419493459,0.0064271183839387,0.9906632444302726,0.4517576358249444,4D,3D-current,4D-A-current,0.8010849199898912,0.0,4D current
10,10,4D-A-3bf6b15a532d,4D,4D-A,equal_per_property,64,joint,standardized_anomaly,"[80, 48]",2.0,"[1.0, 1.0]",grid,30,30,ridge(alpha_relative=1e-06),504948,0.5712774580024416,91.19994734338891,0.430410015589937,0.0092672599863529,1.0787964771784695,1.4906209192658797,0.0360029595170189,0.9964189466756288,0.7630420962049428,0.001642944016475,0.4843971069588011,0.0004422612635562,0.0006762394141995,0.999925001082129,0.9200649473501022,4D,3D-independent,4D-A,0.4406103505070202,0.0,4D-A
10,10,3D-independent-fa9b36e31dc0,3D,3D-independent,equal_per_property,64,independent,raw_minmax,"[80, 48]",,"[1.0, 1.0]",grid,30,30,ridge(alpha_relative=1e-06),272608,0.3708736249973299,14850.487638727544,0.4373762042528502,0.0055163123515233,0.6421507911295207,0.887288216850975,0.0214306678098589,0.99873685477749,0.8116197324454077,0.0031463809152636,0.9276626576808356,0.0008469688469356,0.0012950573882313,0.9999284630973774,0.8289975311525032,3D,3D-independent,4D-B,0.3817404922119651,0.0,3D optimized
10,10,4D-B-643a4d560541,4D,4D-B,equal_per_property,64,shared-independent,ensemble_anomaly,"[80, 48]",,"[1.0, 1.0]",grid,30,30,ridge(alpha_relative=1e-06),259184,0.3675488340013544,67944.4059896353,0.1447983942210844,0.0009813935192756,0.114243462779661,0.1578552573272477,0.0038126772311101,0.9995044363149348,0.9739897707941212,0.0014059518252514,0.4145235563999298,0.0003784657447238,0.0005786929007725,0.9999597265146298,0.9251571137963848,4D,3D-independent,4D-B,0.3817404922119651,0.0,4D optimized
10,10,4D-B-643a4d560541,4D,4D-B,equal_per_property,64,shared-independent,ensemble_anomaly,"[80, 48]",,"[1.0, 1.0]",grid,30,30,ridge(alpha_relative=1e-06),259184,0.3675488340013544,67944.4059896353,0.1447983942210844,0.0009813935192756,0.114243462779661,0.1578552573272477,0.0038126772311101,0.9995044363149348,0.9739897707941212,0.0014059518252514,0.4145235563999298,0.0003784657447238,0.0005786929007725,0.9999597265146298,0.9251571137963848,4D,3D-independent,4D-B,0.3817404922119651,0.0,4D-B
10,10,4D-C-e7705bff9f37,4D,4D-C,equal_per_property,64,joint,standardized_anomaly,"[64, 48]",2.0,"[1.0, 0.5]",grid,30,30,ridge(alpha_relative=1e-06),404420,0.4619042499980423,182.9375293056553,0.428025156124202,0.0090989012615163,1.059197933539527,1.4635407426492848,0.035348892148287,0.995842386223076,0.766601640340265,0.0016791825471741,0.4950814877137283,0.0004520162510759,0.0006911552740984,0.9999148062672408,0.9177559531726296,4D,3D-independent,4D-C,0.4435929745004222,0.0,4D-C
10,10,4D-D-ff94f89c821d,4D,4D-D,equal_per_property,64,partial-spatial,standardized_anomaly,"[64, 48]",,"[1.0, 1.0]",grid,30,30,ridge(alpha_relative=1e-06),230208,0.7144477490001009,137.12900365373028,0.1939358675802835,0.0010049894725845,0.1169902543170548,0.1616506209691557,0.0039043466299397,0.9988083940737764,0.969661151993505,0.0020275655042147,0.5977969149053981,0.000545796857863,0.0008345504746796,0.9998994160906292,0.9084262458091324,4D,3D-independent,4D-D,0.3825891102089522,0.0,4D-D
10,10,4D-E-6ca320f290f9,4D,4D-E,equal_per_property,64,joint-property-residual,standardized_anomaly,"[80, 48]",2.0,"[1.0, 1.0]",grid,30,30,ridge(alpha_relative=1e-06),408916,1.081861583006685,94.39067397053812,0.4466886537864227,0.0096324691475394,1.1213102684286833,1.5493641094184996,0.0374217834913979,0.9957252425420272,0.748079936692007,0.0016882479211057,0.4977542756249077,0.0004544565434349,0.0006948866021872,0.9999196591577232,0.9165399211237932,4D,3D-independent,4D-E,0.4676041859660086,0.0,4D-E
10,10,3D-current-5e7711139fcb,3D,3D-current,equal_per_property,64,legacy-independent,raw_minmax,"[48, 48]",,"[1.0, 1.0]",grid,30,30,ridge(alpha_relative=0.0001),242016,8.633564082992962,17721.36146418963,0.4727426438734288,0.0055104816451813,0.6414720419123239,0.886350358966293,0.0214080157331179,0.9957542083442286,0.7792992158734701,0.0034945504501792,1.0303151605982137,0.0009406920029893,0.0014383647437909,0.9999341493909072,0.782334038160175,3D,3D-current,4D-A-current,1.0248586055739135,0.0,3D current
10,10,4D-A-current-43ce2f360e5a,4D,4D-A-current,equal_per_property,64,legacy-joint,raw_minmax,"[48, 48]",2.0,"[1.0, 1.0]",grid,30,30,ridge(alpha_relative=0.0001),380500,9.867556541998056,196861.6675687436,1.4041589072474936,0.0038290460564354,0.4457370789985012,0.6158946831059361,0.0148757011631976,0.9833337843342144,0.8000824169208838,0.0162591751245883,4.793771006747262,0.004376779283332,0.006692312672473,0.9903490318447667,0.4456624965906939,4D,3D-current,4D-A-current,1.0248586055739135,0.0,4D current
10,10,4D-A-3bf6b15a532d,4D,4D-A,equal_per_property,64,joint,standardized_anomaly,"[80, 48]",2.0,"[1.0, 1.0]",grid,100,100,ridge(alpha_relative=1e-06),504948,0.5712774580024416,868.8392394906462,0.1663774729722106,0.0020776414670469,0.2418570644171855,0.3341846282585239,0.0080715596345764,0.9989268023540436,0.9396049173968444,0.0012452204516769,0.367134350452403,0.0003351987437443,0.0005125355096383,0.9999380784244984,0.947358128564648,4D,3D-independent,4D-A,0.2190819439626682,0.0,4D-A
10,10,3D-independent-fa9b36e31dc0,3D,3D-independent,equal_per_property,64,independent,raw_minmax,"[80, 48]",,"[1.0, 1.0]",grid,100,100,ridge(alpha_relative=1e-08),272608,0.3708736249973299,1.7861225232915505e+18,0.1140605914702994,0.0007610817992784,0.0885971004499036,0.122418541505006,0.0029567744132477,0.999542501668217,0.977586058729273,0.0011120773161811,0.3278791177732203,0.0002993581729471,0.0004577334987058,0.9999585941145392,0.9428816459545796,3D,3D-independent,4D-B,0.1504773089985496,0.0,3D optimized
10,10,4D-B-643a4d560541,4D,4D-B,equal_per_property,64,shared-independent,ensemble_anomaly,"[80, 48]",,"[1.0, 1.0]",grid,100,100,ridge(alpha_relative=1e-08),259184,0.3675488340013544,1.2265021334918387e+18,0.1151447317233614,0.0006334138594272,0.0737353480049563,0.1018833992793568,0.0024607892270272,0.999703100114092,0.992132135906274,0.0012037640640039,0.3549115637643801,0.0003240391703134,0.0004954719681946,0.999950666991785,0.9440038338455076,4D,3D-independent,4D-B,0.1504773089985496,0.0,4D optimized
10,10,4D-B-643a4d560541,4D,4D-B,equal_per_property,64,shared-independent,ensemble_anomaly,"[80, 48]",,"[1.0, 1.0]",grid,100,100,ridge(alpha_relative=1e-08),259184,0.3675488340013544,1.2265021334918387e+18,0.1151447317233614,0.0006334138594272,0.0737353480049563,0.1018833992793568,0.0024607892270272,0.999703100114092,0.992132135906274,0.0012037640640039,0.3549115637643801,0.0003240391703134,0.0004954719681946,0.999950666991785,0.9440038338455076,4D,3D-independent,4D-B,0.1504773089985496,0.0,4D-B
10,10,4D-C-e7705bff9f37,4D,4D-C,equal_per_property,64,joint,standardized_anomaly,"[64, 48]",2.0,"[1.0, 0.5]",grid,100,100,ridge(alpha_relative=1e-06),404420,0.4619042499980423,1764.2125457893394,0.1640112626964016,0.0019583040057023,0.2279650582488522,0.3149894274554511,0.0076079380467521,0.9988988339751615,0.9471562311667524,0.0012636504299527,0.372568149820237,0.0003401598777804,0.0005201213297198,0.9999317089265412,0.9418200834002134,4D,3D-independent,4D-C,0.2185583248534738,0.0,4D-C
10,10,4D-D-ff94f89c821d,4D,4D-D,equal_per_property,64,partial-spatial,standardized_anomaly,"[64, 48]",,"[1.0, 1.0]",grid,100,100,ridge(alpha_relative=1e-06),230208,0.7144477490001009,2.531767225830862e+17,0.1190978400173443,0.0002144875022166,0.0249683684423263,0.0344999016101833,0.0008332759489409,0.9999219770349208,0.9985962620366634,0.0014038299801307,0.4138979625710789,0.0003778945688988,0.0005778195445978,0.9999308771951472,0.9263536798513924,4D,3D-independent,4D-D,0.1767477992464934,0.0,4D-D
10,10,4D-E-6ca320f290f9,4D,4D-E,equal_per_property,64,joint-property-residual,standardized_anomaly,"[80, 48]",2.0,"[1.0, 1.0]",grid,100,100,ridge(alpha_relative=0.0001),408916,1.081861583006685,4230.034850455285,0.125830621621401,0.0007311703028314,0.0851151201189628,0.1176073349136129,0.0028405693648017,0.9995736743548048,0.9906725019775816,0.0012953651087787,0.3819187415125862,0.000348697097424,0.0005331751621181,0.999935795558348,0.9367502483143082,4D,3D-independent,4D-E,0.3095263665924245,0.0,4D-E
10,10,3D-current-5e7711139fcb,3D,3D-current,equal_per_property,64,legacy-independent,raw_minmax,"[48, 48]",,"[1.0, 1.0]",grid,100,100,ridge(alpha_relative=1e-06),242016,8.633564082992962,3.212799843712748e+18,0.1562956094401313,0.0011921910217314,0.1387822804433754,0.1917616295831636,0.0046316176685621,0.9953861987583184,0.9484803593285276,0.001388079651267,0.4092542171611752,0.000373654765062,0.000571336674179,0.9999588256365068,0.8972277603595235,3D,3D-current,4D-A-current,0.776732384613775,0.0,3D current
10,10,4D-A-current-43ce2f360e5a,4D,4D-A-current,equal_per_property,64,legacy-joint,raw_minmax,"[48, 48]",2.0,"[1.0, 1.0]",grid,100,100,ridge(alpha_relative=1e-06),380500,9.867556541998056,1047187.5160658788,1.357100497445591,0.0028545686485248,0.3322987168189517,0.4591518689707339,0.0110898927668734,0.9768105402774212,0.8197907859919356,0.0160457533110588,4.730846824304676,0.0043193286337812,0.00660446777897,0.9903731347724292,0.449696316690592,4D,3D-current,4D-A-current,0.776732384613775,0.0,4D current
10,10,4D-A-3bf6b15a532d,4D,4D-A,equal_per_property,64,joint,standardized_anomaly,"[80, 48]",2.0,"[1.0, 1.0]",grid,300,300,ridge(alpha_relative=1e-08),504948,0.5712774580024416,866.2646352372168,0.1001358902056366,0.0009563996422791,0.1113339397389197,0.1538350403527186,0.003715576950876,0.9991247572144786,0.9845951519760602,0.0008977695003475,0.2646937109988987,0.0002416690219657,0.0003695239246823,0.999966886146155,0.9663730278544836,4D,3D-independent,4D-A,0.1458392119504096,0.0,4D-A
10,10,3D-independent-fa9b36e31dc0,3D,3D-independent,equal_per_property,64,independent,raw_minmax,"[80, 48]",,"[1.0, 1.0]",grid,300,300,least_squares(rcond=1e-10),272608,0.3708736249973299,154579.4392493438,0.0852529005408087,0.0003020431135102,0.0351606674778423,0.0485830530471344,0.0011734262343041,0.999927132697364,0.9949308576080472,0.0009669827654621,0.2851001917118547,0.000260300421318,0.0003980122586648,0.9999655360233212,0.9635676564448772,3D,3D-independent,4D-B,0.107002345571826,0.0,3D optimized
10,10,4D-B-643a4d560541,4D,4D-B,equal_per_property,64,shared-independent,ensemble_anomaly,"[80, 48]",,"[1.0, 1.0]",grid,300,300,least_squares(rcond=1e-10),259184,0.3675488340013544,108004.91814492644,0.084896526117749,0.0001870363535468,0.0217727958002412,0.0300844372199175,0.0007266292598754,0.9999692891196298,0.9991871614242386,0.0010083358299681,0.2972925151323124,0.0002714321813639,0.000415033272063,0.999965175296645,0.9597712514988764,4D,3D-independent,4D-B,0.107002345571826,0.0,4D optimized
10,10,4D-B-643a4d560541,4D,4D-B,equal_per_property,64,shared-independent,ensemble_anomaly,"[80, 48]",,"[1.0, 1.0]",grid,300,300,least_squares(rcond=1e-10),259184,0.3675488340013544,108004.91814492644,0.084896526117749,0.0001870363535468,0.0217727958002412,0.0300844372199175,0.0007266292598754,0.9999692891196298,0.9991871614242386,0.0010083358299681,0.2972925151323124,0.0002714321813639,0.000415033272063,0.999965175296645,0.9597712514988764,4D,3D-independent,4D-B,0.107002345571826,0.0,4D-B
10,10,4D-C-e7705bff9f37,4D,4D-C,equal_per_property,64,joint,standardized_anomaly,"[64, 48]",2.0,"[1.0, 0.5]",grid,300,300,ridge(alpha_relative=1e-08),404420,0.4619042499980423,1452.5331222155476,0.1029311520924976,0.0009977454852593,0.1161469858624382,0.1604854395604288,0.0038762040092733,0.998767415791439,0.9830458549364838,0.0009121974610741,0.2689475762342193,0.0002455528598065,0.0003754625054325,0.9999632992522453,0.96369405251685,4D,3D-independent,4D-C,0.1492901888047377,0.0,4D-C
10,10,4D-D-ff94f89c821d,4D,4D-D,equal_per_property,64,partial-spatial,standardized_anomaly,"[64, 48]",,"[1.0, 1.0]",grid,300,300,ridge(alpha_relative=1e-08),230208,0.7144477490001009,4813.68712703284,0.0870294232220096,0.0001325488813642,0.0154299400772466,0.0213202322669041,0.0005149474620125,0.9999771749788228,0.9993962734200172,0.0010581477610009,0.3119788069611212,0.0002848409690876,0.0004355359737522,0.999961157234672,0.959185834880641,4D,3D-independent,4D-D,0.1159837540953702,0.0,4D-D
10,10,4D-E-6ca320f290f9,4D,4D-E,equal_per_property,64,joint-property-residual,standardized_anomaly,"[80, 48]",2.0,"[1.0, 1.0]",grid,300,300,ridge(alpha_relative=1e-08),408916,1.081861583006685,1112.739614334835,0.114985095556021,0.0010698485973536,0.1245404682332218,0.1720830862640057,0.0041563219113937,0.9989033502969852,0.9828345042211886,0.0010385132600339,0.306189872359813,0.0002795555916676,0.0004274543694499,0.9999598352815604,0.958745412516713,4D,3D-independent,4D-E,0.2190184430561935,0.0,4D-E
10,10,3D-current-5e7711139fcb,3D,3D-current,equal_per_property,64,legacy-independent,raw_minmax,"[48, 48]",,"[1.0, 1.0]",grid,300,300,ridge(alpha_relative=1e-06),242016,8.633564082992962,329099.6537169959,0.1371517191456179,0.0013194924675735,0.1536013695286502,0.2122378219533402,0.0051261790392218,0.995907078444828,0.946180000563732,0.0011346250665931,0.3345269797566452,0.000305427762956,0.0004670142029643,0.9999641014897326,0.9328629448419152,3D,3D-current,4D-A-current,0.7304666656580483,0.0,3D current
10,10,4D-A-current-43ce2f360e5a,4D,4D-A-current,equal_per_property,64,legacy-joint,raw_minmax,"[48, 48]",2.0,"[1.0, 1.0]",grid,300,300,ridge(alpha_relative=1e-06),380500,9.867556541998056,273778.62925061246,1.2970983034661592,0.0021398529102034,0.2490990632190122,0.3441912190656567,0.0083132487716844,0.982528297222048,0.8727523023047875,0.0156106579322364,4.602565555655688,0.0042022060598677,0.0064253815525708,0.9905182033438829,0.4537905077153398,4D,3D-current,4D-A-current,0.7304666656580483,0.0,4D current
