model_label,capacity_regime,geometry,budget,folds,storage_floats_mean,condition_number_median,condition_number_mean,anomaly_relative_frobenius_p_mean,anomaly_relative_frobenius_p_median,anomaly_relative_frobenius_p_std,anomaly_relative_frobenius_p_iqr,anomaly_relative_frobenius_so_mean,anomaly_relative_frobenius_so_median,anomaly_relative_frobenius_so_std,anomaly_relative_frobenius_so_iqr,anomaly_ssim_p_mean,anomaly_ssim_p_median,anomaly_ssim_p_std,anomaly_ssim_p_iqr,anomaly_ssim_so_mean,anomaly_ssim_so_median,anomaly_ssim_so_std,anomaly_ssim_so_iqr,relative_frobenius_p_mean,relative_frobenius_p_median,relative_frobenius_p_std,relative_frobenius_p_iqr,relative_frobenius_so_mean,relative_frobenius_so_median,relative_frobenius_so_std,relative_frobenius_so_iqr,ssim_p_mean,ssim_p_median,ssim_p_std,ssim_p_iqr,ssim_so_mean,ssim_so_median,ssim_so_std,ssim_so_iqr,rmse_p_mean,rmse_p_median,rmse_p_std,rmse_p_iqr,rmse_so_mean,rmse_so_median,rmse_so_std,rmse_so_iqr,train_range_nrmse_p_mean,train_range_nrmse_p_median,train_range_nrmse_p_std,train_range_nrmse_p_iqr,train_range_nrmse_so_mean,train_range_nrmse_so_median,train_range_nrmse_so_std,train_range_nrmse_so_iqr
3D current,equal_per_property,full,9900,10,242016.0,1.0,1.0,0.13691576077083106,0.12226458148479336,0.05746653408295523,0.08750124256417775,0.2558503182557312,0.25038525823626867,0.0697193110873382,0.076256623740938,0.9595879294257339,0.9610200256484573,0.009787508558885894,0.009996153746536174,0.9666553108454231,0.9726450950598435,0.0144081783699101,0.017838597609785234,0.00088156142145488,0.00084603897272275,0.00014147307132097642,0.00010573255706782501,0.0008465122769279901,0.0008274301108225,0.00018451337508542962,0.0002739923786050252,0.9959727884381803,0.9962448642465573,0.001061153198307042,0.0009304917878766306,0.9999755653125261,0.9999761509657833,8.66089471822524e-06,1.0580598188147938e-05,0.14070704136974463,0.1356510013296727,0.021976597005171693,0.01506169580104988,0.00022771036378776,0.00022269669278655,4.967845731003349e-05,7.408966688542503e-05,0.00340550786548867,0.0032763779484059003,0.0005396378531286915,0.00036378333165947496,0.00034818044378747,0.00034051429207985,7.596082595959969e-05,0.00011328677653109999
3D current,equal_per_property,grid,30,10,242016.0,18787.889547541454,23140.13138117015,1.2160566715461993,0.9218253146608462,0.6877155762708591,0.8195769551558902,1.0490902884924367,0.9714256634178591,0.38928727903056837,0.5172554451610727,0.5638993538736232,0.7537539400573123,0.3223795553935783,0.3946651674114171,0.8228429207657257,0.826893973768279,0.035261079415640564,0.05443229922042958,0.007649039990952289,0.006802015422694501,0.002463161870877277,0.0015671028809755242,0.00340687545342018,0.0033414334078209996,0.0009141580302734223,0.0011062261055459497,0.9938807557092867,0.9940281114899931,0.001892987391019455,0.002955344649693714,0.9999328246776414,0.9999328975339055,1.9634700456534696e-05,1.471052218771085e-05,1.2207735729837044,1.0814131547741042,0.3896553181069234,0.25363736493730604,0.0009163521019236499,0.0008988367259408,0.00024575429509181035,0.00029618695939852486,0.0295622906071416,0.02611936645279235,0.009541971555740592,0.0061260973576482,0.0014011478274687898,0.0013743659485882,0.0003757705099777347,0.00045288455585430006
3D current,equal_per_property,grid,100,10,242016.0,6.848623210704068e+18,6.649776048152514e+18,0.2714270817483895,0.27788545606318166,0.1298660349332337,0.2084605250464003,0.36512152831768707,0.3759405785325898,0.0803140738918068,0.09914315824137487,0.8544351985549573,0.8519808954004103,0.09174149470289587,0.09207634060263037,0.9242036976186047,0.9264167566820833,0.01963677597188177,0.021897499121591002,0.00172099036995833,0.00166593462673125,0.000424107096103154,0.00044126867242064985,0.0012079319956043197,0.00122772279998295,0.0001955247733762704,0.0002543142079114251,0.9935730573880581,0.9932097412029538,0.0014955775102326206,0.0020807370061034502,0.9999628641121878,0.9999625806751926,1.4977562429053279e-05,1.6336059890154075e-05,0.2746797144816522,0.26503793727668284,0.0670221709418352,0.06772351776860575,0.00032492063972175005,0.0003305006942448,5.264203395244157e-05,6.847730900325002e-05,0.0066451184611865995,0.0064553618677650505,0.0016152653091002804,0.0016357257818265499,0.00049681977865298,0.0005053519588659,8.049228167991475e-05,0.00010470520287932496
3D current,equal_per_property,grid,300,10,242016.0,310800.0147506227,308697.7812138721,0.22278437620208202,0.22413459722896145,0.0997199870549561,0.1308944210209633,0.33487938111163384,0.3251255627618491,0.09426378276445882,0.07050409997101525,0.9032010776207459,0.9156460583041335,0.0470546690114733,0.07164391700380424,0.9368853745884564,0.9395992980932474,0.023371085088755367,0.017658618822003702,0.00141887474870388,0.0013781925398807,0.00027345475641477724,8.578977155995e-05,0.00110374578839312,0.001076023040567,0.00022947875708195743,0.0002586507362576251,0.9946955754294604,0.994816780983806,0.0012630329773791705,0.0014077502573820455,0.9999675509337859,0.999968626617191,1.2115931766880891e-05,1.7418409183567185e-05,0.22658658166003387,0.2204601096375515,0.04369542649908841,0.012501300137243432,0.00029689679692828004,0.00028930095176815,6.176454777763353e-05,6.978316636779998e-05,0.00548168839395446,0.0053247719120347,0.0010519506452122541,0.00025119706054465077,0.00045396993265493996,0.0004423555085471,9.444105792038308e-05,0.00010670192357809996
3D current,equal_per_property,wells,5,10,242016.0,442464.57172868,441260.36009014846,0.47793230332338277,0.43635005531108884,0.23514748293129636,0.3083135737233714,4.77462400902502,4.100435288288704,2.2016857877805243,2.256034569316938,0.8012200932456022,0.839541506167219,0.142531170031422,0.21024327095831818,0.7258588652886369,0.724995344572072,0.026722131678090382,0.03518891118887624,0.00301140467540133,0.00274554617438015,0.0007580124437088013,0.0006833919480388,0.015430184391241988,0.013602184275195349,0.00542517427256062,0.0057583991204899244,0.994636501595612,0.9949973869444186,0.001401181149368492,0.001276245224010042,0.9991054305150543,0.9992311399969052,0.0004523921145148842,0.0004919675463068707,0.4806629993791699,0.44046377642603524,0.11967606148066157,0.10586904225789617,0.00415046638114443,0.00366185172454795,0.0014590315673989876,0.0015497993579620247,0.01163164563314249,0.0106385193622465,0.002899653209899852,0.0027235093900562,0.00634626901680545,0.0055991529648835,0.0022309316545221823,0.0023697201096199005
3D current,equal_per_property,wells,10,10,242016.0,39690928.03588168,47576517.26411849,0.34736293423811576,0.29484713739998825,0.15413902011527542,0.18571510957748938,1.1559793658570885,1.1885445996271433,0.20604885245971996,0.1926142868439411,0.8356415020150111,0.8516363970492712,0.09737009976462306,0.09379090165132664,0.8309806300041874,0.8247989001556979,0.027107242207350366,0.034780017813518804,0.00220661934374293,0.0021246521423522,0.00021520431175905112,0.00034483235556199976,0.0038544744778874996,0.0038426511860354,0.0006848490510131698,0.0007928913995406996,0.9951335676149758,0.9954890283783433,0.001330047768674895,0.0012700298604993998,0.9998515722830241,0.9998513256729216,4.532461486262068e-05,5.0118695050893614e-05,0.3523218879529266,0.33878139968748167,0.033343201828864036,0.05630310061796684,0.00103683590338139,0.00103449320240345,0.00018432255461375848,0.00021321806465315017,0.00852413590596837,0.00825511821607965,0.0008008886463781288,0.0013598885042010993,0.00158537353754605,0.0015817914315207,0.00028183833093019565,0.00032602099939395
3D current,equal_per_property,wells,15,10,242016.0,61986898.59941523,79744991.21534374,0.2657383808463103,0.2202712806905334,0.1227550749709274,0.1953251890950568,1.067910394551641,1.0556758033532585,0.2101247108356549,0.28696456265486725,0.8748889864827494,0.8935856239853219,0.09670987106447905,0.07012287693535679,0.8400012378758909,0.832998837496558,0.02848400161988398,0.03760605483328916,0.00167414658616265,0.00169021373410135,0.0001962528221586416,0.0002942636692367501,0.00357594554271175,0.00356106874612515,0.0007813200905761988,0.0009696770960524754,0.9955084462798185,0.995991190296866,0.0013844819144495147,0.0014178377984463975,0.9998694188687169,0.9998686757756418,4.614019561556363e-05,4.6119439892855496e-05,0.26726549905547664,0.26933881378306157,0.030393826296020443,0.045650158901537896,0.00096192802167114,0.00095802375806415,0.0002103425251965767,0.0002608938434295999,0.00646759613968495,0.00650533900582125,0.0007450552622716149,0.0011025880568528504,0.00147083566995317,0.0014648658571931,0.00032162415689862436,0.00039891963051527494
3D current,equal_per_property,wells,20,10,242016.0,170668990.75984156,186448977.39026222,0.23619282828268995,0.2338032265642728,0.09403579286774243,0.15434657815401082,1.0283118509441962,1.001298537332231,0.21442622204495362,0.3262077491549721,0.8782743653947124,0.897633982647432,0.09770068607930943,0.05550973926810587,0.849674521391411,0.8445646628489831,0.022609183662852583,0.025635741400046763,0.00152159686899632,0.0014357139457866499,0.0002811034677171137,0.000319572941701125,0.0034347189921464204,0.00336250714525165,0.0007345971259022649,0.001078894148012525,0.9956320613283459,0.9960649386546463,0.0011098535246522228,0.0014371800136625534,0.9998770117584433,0.9998829031332941,4.205206782425186e-05,4.3299010884845224e-05,0.24296583889631904,0.22935274407065476,0.04463430843746331,0.049362484775480914,0.0009239221714300398,0.0009051962194207501,0.00019770384152662784,0.00028977929557820014,0.0058786735530198695,0.0055395556664799995,0.0010783497606866076,0.0012180501736921007,0.00141272283932324,0.0013840899296371,0.00030229898251527053,0.0004430869199649999
3D current,equal_per_property,wells,30,10,242016.0,663275072.7562103,1083160303.1297574,0.24058522388929102,0.22274916140989248,0.09915667601073509,0.16524293058166412,0.8008547080173127,0.8219967392763834,0.12628106033795414,0.17195844017356887,0.8750777255386843,0.905140767288212,0.10606865481872924,0.04553337285059422,0.8615268374267225,0.8578136543907319,0.023135608561778206,0.033547828084425024,0.0015504789559484902,0.0014758618030384502,0.00030746780407791104,0.00028538115482132495,0.0026873157362033804,0.0026447452640895,0.0005473755919029038,0.0005137098995973252,0.995710632456191,0.9961283649001955,0.0011627761760137488,0.0011088589122090209,0.999912546378717,0.9999197927613566,2.7508949253721104e-05,2.4834085975644626e-05,0.2475120050152245,0.236633927366444,0.048433044634207334,0.04416775300470749,0.00072287217826741,0.0007115435482828499,0.0001472529812868927,0.00013857350822452498,0.00598796753455977,0.0057240500713764,0.001166322508168387,0.0010465721331845753,0.00110530742494158,0.00108798538763985,0.00022515711415437608,0.0002118857692212251
3D current,equal_total,full,9900,10,129984.0,1.0,1.0,0.14186178958039022,0.1263885353028021,0.06066108724745004,0.08827384389135286,0.33734609358058193,0.3214712660164065,0.10552323579559011,0.09628857621467973,0.9559644268946551,0.9591491709964783,0.01072148189789523,0.01242758251504239,0.9476223104224211,0.949332312619338,0.022123010052324057,0.02857977947382173,0.00091019203304495,0.0008818009570604,0.00013754020547396305,0.00010210491884740007,0.00111101617500755,0.0010685508856763501,0.0002748287932441401,0.0004388853283105751,0.9958845529790257,0.9961612257055896,0.0010207963192698942,0.0009761867608534258,0.9999674471961193,0.9999669098939126,1.2837082030088853e-05,1.9061623597771415e-05,0.14528368317974222,0.1413610309080767,0.021347772239260647,0.014424853202058413,0.00029886687529525995,0.0002876876245586,7.399931608096278e-05,0.00011840237390137499,0.00351617503555815,0.00341429226390705,0.000524300202489186,0.0003484016396411503,0.0004569822802209801,0.00043988865120055,0.00011314862566838334,0.0001810431040762
3D current,equal_total,grid,30,10,129984.0,1.717419089114454e+19,2.229448542109971e+19,1.1632891199131787,0.9349239948611823,0.5940463359635657,0.7157257219917936,1.171962598244182,1.0727533352935636,0.4122229009744138,0.4542561441408741,0.5328154609429913,0.6824765809647959,0.32490455192430817,0.4674213114999534,0.8131022830564776,0.8056138622071775,0.028768222718955107,0.038331447749693326,0.007467755308783611,0.0070970546506439,0.0022222494846095312,0.0022010103173297994,0.0038145319353392305,0.00362790337772685,0.0009483036444031806,0.0009454422988477494,0.9943637329965899,0.994751775134219,0.001685161422639333,0.002598005808622128,0.9999206687918747,0.99991682411755,1.9974643839941172e-05,2.3321368489592764e-05,1.1916407506538473,1.13215523300543,0.3506220879825291,0.3500152815573999,0.00102596413476666,0.000974610610643,0.00025471300933036726,0.00025373316078959997,0.02885671345111569,0.027344939611440647,0.008606027114294713,0.008453905049586173,0.00156875006394534,0.00149022797772145,0.0003894688285235312,0.0003879705914908501
3D current,equal_total,grid,100,10,129984.0,6355.914660732342,6452.47430141035,0.321170478789034,0.2729490305854563,0.19826134525107136,0.25074384065731165,0.4335279662518676,0.39899884928350815,0.11719903383619472,0.18067248352593174,0.8188974661447672,0.8416479459693426,0.13475455941386819,0.13373039305162904,0.9092615650363225,0.9208938736620128,0.028006711076383972,0.04513071032694327,0.0019479799295512301,0.00186877558407045,0.0005164517956569207,0.0008324731445742248,0.00143199177901075,0.00144793966400515,0.00030631622128009033,0.0004265651546210248,0.9940097294424385,0.9937672412432221,0.0011729558358556974,0.0019156447036701163,0.9999569432422819,0.9999559261061537,1.84817641263999e-05,2.6906435627749303e-05,0.3109952746095417,0.29818287810015554,0.08218577732320319,0.13147124023288193,0.00038519316847696993,0.00038975676228945,8.246458386526031e-05,0.00011482591379680004,0.007521930172068809,0.0072020095452539,0.001976028261934838,0.0030969553031179996,0.0005889794654634799,0.00059595742681955,0.00012609244010395045,0.000175574519134925
3D current,equal_total,grid,300,10,129984.0,5718.297897401731,5742.205595548204,0.24685882711608592,0.2440934503905149,0.1198107644588161,0.14668462645356944,0.3829329876042311,0.36966871769456494,0.11125386661093811,0.10504920455550604,0.8753548228754875,0.8974313270490333,0.07191677991973403,0.10009058413657634,0.9233935487985695,0.9292072169488614,0.02668734374592429,0.03200743947307827,0.0015659182212703101,0.0015058336197865002,0.00035700265970102453,0.00037488198079467495,0.00126275199459047,0.0012181003307448,0.00027808108624887323,0.0003262128999914249,0.9948781375013726,0.9949023720922596,0.0009863832707955305,0.0012859774667427493,0.9999632439284252,0.9999620529476814,1.423457195285101e-05,2.0820446204328213e-05,0.25011893614528724,0.2391618344963758,0.057452794764231305,0.06091687154355019,0.00033966753275007,0.0003275996724908,7.483890915910998e-05,8.779364169614996e-05,0.006050980231072761,0.00577647457787565,0.0013844265893263993,0.0014466786172843,0.0005193685097413701,0.0005009161526736,0.00011443240514022937,0.00013424083392172507
3D current,equal_total,wells,5,10,129984.0,463831.8205137083,461452.8026395859,0.4821954855852545,0.43683334487994013,0.23769845687061963,0.3170933266204847,5.063715126368367,4.394288092431106,2.2791011944961026,2.4012525978420793,0.8010703888438785,0.8364317065663001,0.1405981133632419,0.20692739124061144,0.7224641948415114,0.7230012250224342,0.024250403797333557,0.030337920724164635,0.0030358435859008,0.0027719727594615502,0.0007421879961484595,0.0006404737318280005,0.016317596841381437,0.0145788670887483,0.0054729285081468355,0.005757868648127875,0.994718231438744,0.9950401987613213,0.001375824589986976,0.0013636434792115848,0.9990236790587324,0.9991521662102624,0.00048060789574679355,0.00044078600668018275,0.4845658211325293,0.44468986837407914,0.11713258736733055,0.09768580034073271,0.004389175836596519,0.003924789050404,0.0014719132296292794,0.0015497874765740003,0.011726061241954749,0.010740592139673748,0.0028384101568253457,0.002526990429281324,0.00671126761745343,0.00600119718141375,0.0022506283551793557,0.002369701942388225
3D current,equal_total,wells,10,10,129984.0,43035104.64013829,53853095.25395076,0.35250885728055237,0.30592121561480556,0.1564862374719714,0.20728627717907547,1.1849766012831744,1.2098026856590756,0.19628561912905468,0.2245246099294005,0.8415862896961389,0.8538095361003938,0.08602937294136453,0.10795025386319312,0.8204307976451236,0.8144660187164314,0.027159896183129927,0.03424915616755886,0.00223680585339048,0.0021669046029197,0.00022072831670635442,0.0003940037683084498,0.00396499693387862,0.00383573943472165,0.0007557206736909139,0.0008227431296219008,0.9952761818863654,0.9955909387933464,0.0012980195173260157,0.0013442838191140005,0.9998450211568294,0.9998497975458562,4.8754366921528643e-05,4.7113031552026285e-05,0.3571424547416016,0.34459319023862095,0.034310008285313054,0.058022378824590604,0.00106655943836659,0.00103191672615815,0.00020332791050243186,0.0002211138251907251,0.00864110252154282,0.008390015959066851,0.0008280398236307946,0.001405490152338748,0.0016308222972332797,0.00157785187151305,0.00031089846301023377,0.0003380940089939249
3D current,equal_total,wells,15,10,129984.0,85485568.39461595,175552626.01024684,0.2727496283149046,0.22795190907547674,0.12255535624182888,0.19879580989764187,1.1040659242437765,1.0868057988732793,0.20343849274719028,0.23898479330662115,0.8697397214401532,0.8861119712769354,0.09648396078432463,0.07897343469071394,0.8310070799543858,0.825640267073988,0.029186438291706696,0.03781386297773526,0.0017249323493202999,0.0016963112795985,0.00021006891162171455,0.000287393816665125,0.00370304612605796,0.0036307776686143,0.0008022874698697543,0.0009769874276484253,0.9956151965509686,0.9960502982760665,0.0013461124004129532,0.001452328855806262,0.9998619505682814,0.9998662167951461,4.551823439588751e-05,4.607859837546524e-05,0.27537176345563213,0.2702900538711963,0.032557214869716265,0.04448331978181752,0.0009961077536058901,0.00097678250333645,0.00021594147626972067,0.00026265855722412506,0.00666381133710614,0.00652831430285445,0.0007977715376386748,0.0010744053975011497,0.0015230981758646998,0.0014935489094053,0.0003301852308742094,0.00040161796546119987
3D current,equal_total,wells,20,10,129984.0,203316.84720958114,199838.9624460158,0.2427992192851233,0.24156902422740656,0.09734662975417618,0.15561884567595669,1.0763130217588617,1.0663495461388175,0.2027065771342961,0.27341010307744107,0.8739475645007744,0.8934874191966371,0.0975037942725106,0.06986485352672811,0.8391116228275853,0.8373401274299795,0.024013387175577456,0.031167022989561755,0.00156519431251952,0.00143829933197005,0.00031252728815332905,0.0002959549776323253,0.0036062047318201605,0.00348795856654615,0.0007727107734036717,0.0010165372849055502,0.9957303463749161,0.9961179793052048,0.001146141179528553,0.0014579663511008478,0.9998675360755336,0.9998783042608663,4.2716783299683344e-05,4.30820370853624e-05,0.24990290566101891,0.22874952563662326,0.049470068071576674,0.04631354199623683,0.0009700426555797299,0.00093883667574595,0.00020790169309482128,0.0002730430503976,0.0060467114315829,0.0055249861346965,0.0011962426077504497,0.0011456282764257747,0.00148324334779648,0.0014355278563861502,0.00031789200351631616,0.00041749637073665
3D current,equal_total,wells,30,10,129984.0,30989.19589888159,32405.477522479174,0.2450229772285967,0.22729955564836352,0.09874802563116077,0.15762380125120518,0.8679814309765238,0.8898700371235209,0.12438016779897637,0.17623060334299245,0.8784167055443467,0.9028198609085634,0.0955595259425881,0.045460793199115224,0.850091899789998,0.8449445532940896,0.022776445649127616,0.03536835032122876,0.0015835595303331901,0.00149836041752725,0.00030478909022972216,0.0002452785820711498,0.00292118254103601,0.00283510882056115,0.0006185983080998464,0.0004972875740789505,0.9957920721274804,0.9961958534172222,0.0012001041203510093,0.0010322312231219044,0.9999003360764472,0.9999088150243659,2.9449359757848337e-05,2.3093131562013092e-05,0.25278609375509065,0.24087691658409116,0.04792662660584073,0.03527182805473433,0.00078576631308371,0.00076276022665035,0.0001663295563842784,0.00013374107888607502,0.00611623703683251,0.0058178989468578995,0.0011576226636770732,0.0008786557556997501,0.0012014756774870398,0.00116629822991315,0.0002543261439379542,0.00020449674500799993
3D optimized,equal_per_property,full,9900,10,272608.0,1.0,1.0,0.010207904279923411,0.008872650390610599,0.0052284402726170565,0.0078002237207669255,0.24898311169139772,0.24672180101073765,0.07161892563356445,0.0817670578122397,0.9996135017769655,0.9996246874005661,0.00012335534994221658,0.00012393513378794463,0.9700312427800905,0.9763389600351797,0.014687097023458323,0.0192478600894187,6.321061774803643e-05,6.33507070629343e-05,9.371064799479173e-06,5.57985097409468e-06,0.0008229911124863102,0.00081219945858135,0.00018942353653633354,0.00028584655602257496,0.9999583337131975,0.9999610537616637,1.3541884432071587e-05,7.485931985740102e-06,0.9999786861190071,0.9999791770624857,8.161534267050782e-06,1.0630662191202234e-05,0.010091772887996571,0.010091812661831751,0.0014734015545940923,0.0009177559192823995,0.00022138511422939,0.00021859770236095,5.100489601543455e-05,7.726452210835e-05,0.00024415095359648,0.00024374750013315,3.542628312373659e-05,2.115555590692501e-05,0.00033850882339361003,0.0003342467323529,7.798901654973209e-05,0.00011814128768332496
3D optimized,equal_per_property,grid,30,10,272608.0,18180.883306847456,18589.750828884036,1.1791971699904082,0.8587550723559108,0.6145078518932259,0.8973540512195638,0.7179221854611162,0.7223061868899687,0.2513937289804349,0.3110420992692404,0.3786916261359371,0.3699386861240386,0.39701810747125327,0.5350492805970282,0.8726312873686289,0.868661801102663,0.03871368686228862,0.05392589752119492,0.00743766440010597,0.00677256595475675,0.001975521554825717,0.001826873733488399,0.0024256406956128496,0.0020624793720857,0.00100022221635252,0.001486952268848975,0.9978535481925993,0.9978841176041933,0.0007332400335241859,0.0006273927934127288,0.9999331428457694,0.9999372017831212,4.032830769669242e-05,3.488159395126367e-05,1.1870123325972812,1.0740605969046577,0.31146589800780156,0.29051252583512277,0.00065249443466031,0.00055489598667315,0.00026899601372427397,0.00039967860030064995,0.028741694139744572,0.0259417801597927,0.00765261291233035,0.00701673486387458,0.0009976963632653299,0.0008484634940719,0.0004113082508745976,0.000611128409397725
3D optimized,equal_per_property,grid,100,10,272608.0,2.093820228953365e+18,2.5847374916097833e+18,0.12691269210494444,0.10930844877974286,0.07575543141448382,0.06333411467319698,0.3611311535860328,0.35955850650908133,0.08538317585636838,0.11099139074008846,0.9548644163559341,0.9644710453195654,0.03406320712551812,0.035609407732834386,0.9259058173466042,0.9246887167091515,0.0209674532480665,0.025988834947262007,0.00077992582143016,0.000746479066297,0.0002472868903302065,0.00027656374902329994,0.0011914895280691598,0.0011404037565096,0.00022705982547268947,0.00022828292954377508,0.9996474275542759,0.9996109897243137,0.00014547980788382023,0.00021528811842042028,0.9999668099082261,0.9999639352098505,1.3289379915458284e-05,2.0975299249936796e-05,0.12464308086122852,0.1200252742897171,0.03978094429586958,0.043253561256300324,0.00032050749569925,0.00030649431801805,6.121607252327477e-05,6.158256498562498e-05,0.0030131503581659197,0.00289897088941165,0.000956231865825898,0.001044703046059775,0.0004900718624901501,0.00046864501856985004,9.360241204452256e-05,9.416279720257496e-05
3D optimized,equal_per_property,grid,300,10,272608.0,153192.07266286883,155150.32689255467,0.06643044671738178,0.05615143022637305,0.036450742254699624,0.054773191222979196,0.2966118805353614,0.274305437199459,0.07679174223748914,0.08505180408651597,0.9819525619326962,0.9884403766682849,0.017782880919033628,0.02229090087439145,0.9451398607616358,0.9521737268925895,0.020663800897123216,0.02807536316498227,0.0004236755981934399,0.00043293891872085,0.0001468580906217499,0.00022935299353865006,0.00098589959560435,0.0009199521766955999,0.00022141475275428278,0.000393528415027525,0.9998985790816661,0.999909678790762,4.316746099031857e-05,6.20921958008891e-05,0.999972138142191,0.9999742536164244,1.2142982149926513e-05,1.6597845124532995e-05,0.0676369356169879,0.06925916190196504,0.02342167712485163,0.03626519798587945,0.00026520268531912,0.0002475996719738,5.961219733888317e-05,0.00010608857368459997,0.00163597187014748,0.0016728161868056,0.0005643324419345417,0.0008700700678729249,0.00040550806354210003,0.00037859218278624997,9.11500073134591e-05,0.00016221469261162494
3D optimized,equal_per_property,wells,5,10,272608.0,47705667.58437909,45322408.375841685,0.46330627628234666,0.37812935966639183,0.23313639881053805,0.36962781647961096,2.0629898573514027,2.026630467662666,0.36323532004994874,0.3435145557848782,0.8281451593662771,0.8612936693127282,0.1462273012665929,0.15909193168146807,0.7623780560341331,0.7633443881156181,0.011041706239557957,0.015428803477532393,0.00287692216257948,0.0027181211531591,0.0005964617190744625,0.0006114814632924249,0.0068314651517853405,0.00707632144302155,0.0007866905181412114,0.0010955682562606255,0.9976343101921916,0.9978163426086907,0.000531486660802188,0.0007656530937579786,0.9996790058888994,0.9996607633303745,7.881240993221234e-05,0.00010118877738085619,0.4593297863683346,0.4360624979639043,0.0944039885577693,0.09199352365945584,0.00183759432133871,0.0019036067403906,0.00021186988740857767,0.00029724423116617485,0.011115581204481358,0.0105322153058314,0.0022918530052443466,0.0023823425263653983,0.00280977288719876,0.0029107091510501,0.00032395956949890774,0.00045450117684217497
3D optimized,equal_per_property,wells,10,10,272608.0,1963882414.5111895,3894488071.9719515,0.28573783011589315,0.2802316435187825,0.1354998038877581,0.1781792677376757,0.8931755630713297,0.9062623198080004,0.10899287233239022,0.18252701733965815,0.9056250757312212,0.8966172692600509,0.052826816039160125,0.08654534756997867,0.8658210200875718,0.8680479650791367,0.01566343723456925,0.021638821484609272,0.00181313242538741,0.0017754168674033,0.0003579322167207192,0.0003693615680172,0.00299995095342335,0.0030093158893866,0.0005121660967880975,0.0002530616629567747,0.9984694191282916,0.9985835632296778,0.0004547207955555249,0.0003602370879458583,0.9998985969830047,0.9998979532623603,3.3768739099789054e-05,2.437979391178846e-05,0.28947498789586457,0.2844884259148386,0.056753147234464243,0.05743058438233373,0.00080693983635323,0.0008098382255525001,0.00013764890992606514,6.780109474090006e-05,0.0070036501334584805,0.0068955888507752,0.0013692288499698626,0.001369385743201351,0.00123385104506318,0.0012382828259487,0.00021047201255007446,0.00010367123772265
3D optimized,equal_per_property,wells,15,10,272608.0,3407843884.8165874,6906348649.311478,0.17336024089985683,0.14379650097061858,0.08817089685490387,0.12308968922371355,0.9774737124827222,0.9406930272185201,0.23277408535730545,0.32265728946678807,0.9559975168040964,0.9626703412624367,0.023943320125133557,0.03342824277307899,0.8685318181220364,0.8667074686327367,0.02023413882833055,0.024297452842129363,0.00108276487016233,0.00108045621837535,0.00022566658875410302,0.0003089731951296498,0.0032636729138446298,0.0030648884607013998,0.0007707185879848807,0.00091167570061665,0.9991002937018012,0.9991008538180273,0.00033464433943793077,0.0002684043993997909,0.9998911410064147,0.9999082496707746,4.4268462716696526e-05,3.4643319906435543e-05,0.17290814908825475,0.17329697457804677,0.03591045424486426,0.050090177054622875,0.0008779275137902701,0.00082429821819825,0.0002075432641741028,0.00024616904291052503,0.00418577086487242,0.004185640949697599,0.0008826188979479905,0.00120982779282745,0.00134239472582647,0.0012603928721180001,0.00031734394791352945,0.000376404679969625
3D optimized,equal_per_property,wells,20,10,272608.0,5914608686.478851,14742783651.483036,0.1123513341683671,0.10209705931955501,0.05121739040955735,0.08977970433635876,0.7961688617175937,0.7916650301225532,0.21372859455606943,0.2089183361641842,0.9694325305507648,0.9675623952620148,0.018837027040859138,0.028981303527232938,0.8940908380327247,0.8974218025050168,0.024335705018807385,0.03371191392831374,0.00070936940740926,0.0006984850885771,0.00010883346736642191,0.00016173738569715,0.00261222842188876,0.00248114912421055,0.0004923862761148169,0.0006455219973975747,0.9995326185123414,0.9995580577870148,0.00015926134442030516,0.00011129867912040847,0.9999162406306166,0.999924034783622,3.638810810649105e-05,4.237094057302215e-05,0.11326814372754361,0.11106857739468004,0.01730241040122824,0.02507685557841091,0.00070268715471591,0.000667908902993,0.00013255392813803574,0.00017315793682309995,0.0027408593014589503,0.00268263878754825,0.00042026432496976453,0.0006184167542074748,0.00107444352247739,0.0010212658501148998,0.00020268153261520316,0.000264767076410225
3D optimized,equal_per_property,wells,30,10,272608.0,37568170773.995636,70020646905.56645,0.08982925886186582,0.0556829702201595,0.060734800864779365,0.08056862142909253,0.6978317802630091,0.7754947612742511,0.1632632260108703,0.21764306861057925,0.982020270378648,0.9857570936680911,0.01699967071952491,0.01227668873844101,0.8980599092928079,0.9071774691348796,0.03288820423385317,0.0420630729353616,0.00052955980536827,0.0005354353343080499,0.00015324373754903794,0.000181988369878075,0.00229954391731878,0.0023827834278303,0.0004012278100279304,0.0006592537253648249,0.9998426938444439,0.999848374422174,7.282005914952862e-05,9.851470860577916e-05,0.9999325910362801,0.9999351965769564,2.4281686889545463e-05,3.635390920164738e-05,0.08453279251866241,0.08565531066391374,0.024389596042473104,0.028117417458553173,0.00061857641392494,0.00064063717745175,0.00010811493712197807,0.00017663186849245006,0.00204576401026692,0.00206883228485035,0.0005911268324982396,0.0007094483430581248,0.00094583402676211,0.00097956602871095,0.0001653131028426344,0.000270078890287175
3D optimized,equal_total,full,9900,10,149728.0,1.0,1.0,0.04560723217449692,0.03908751350785335,0.023019635748041976,0.03172456405284142,0.33121217149082527,0.3152267179120508,0.10709320460283905,0.10213258333742625,0.9936704254037318,0.9936025981171386,0.0032350690018422257,0.004269900059572951,0.9508405713708253,0.9524808004645076,0.022442773918351554,0.028925927335789026,0.00028285293434210997,0.00028724388316695,3.689647921276252e-05,2.4212707682400004e-05,0.0010901983555197399,0.0010547964158817,0.0002808200930309768,0.00044834615431010015,0.9996997067567515,0.9997047558009148,8.058175861017e-05,6.752693404354915e-05,0.9999703347163047,0.9999698566767357,1.2442715865378044e-05,1.9558509892103615e-05,0.045177676197370585,0.0455519158909481,0.005963460954943959,0.004435730067097271,0.00029326850719785,0.00028398462030315003,7.561346253254019e-05,0.00012094133694740003,0.0010929426828831198,0.0011002151939153498,0.0001429140273038881,9.388788819542494e-05,0.0004484220976442,0.00043422657397410003,0.00011561673567666885,0.00018492530454104994
3D optimized,equal_total,grid,30,10,149728.0,1.3008520824582474e+19,1.7424423798926258e+19,1.1672166178804146,0.8469147621001982,0.6188526065209894,0.9681139881624823,0.8435602888488504,0.7543280888981454,0.28680888164539015,0.3876957745148004,0.4057833019460423,0.39894768808418946,0.39190259831647994,0.42711152735629,0.8562274372598679,0.8598215881313569,0.03415987194321255,0.02614511618524773,0.007308008830613199,0.0064730816873646,0.001864386635313461,0.001931427766249525,0.00288918120970104,0.0027358692598677,0.0011667085462895598,0.0016676397237099,0.997838145414296,0.9978406229171402,0.000699258375877093,0.0006074601670061908,0.9999240882470637,0.9999241648331181,4.007967294022714e-05,4.4226148997350556e-05,1.1664697052540407,1.0290150541046763,0.2944408984731942,0.30846426238796476,0.00077708568282172,0.00073604709266325,0.000313710746308002,0.0004476624490560749,0.02824148117588037,0.02485379539257995,0.007222210419323624,0.007450322911979848,0.0011882025631381903,0.0011254525227092,0.00047967929545894886,0.00068449809480175
3D optimized,equal_total,grid,100,10,149728.0,5185.788970254927,5234.538973028766,0.20130271186123774,0.14186147611958122,0.11725349179093456,0.17144479395299142,0.4318585813980227,0.38813489851750893,0.11996488616286573,0.17873216776895162,0.9069441957230049,0.9201618763309172,0.07031992195419345,0.10613592217245127,0.9117364866247547,0.925886502387259,0.02806769332563487,0.0460994942540045,0.00121249075295266,0.00117050269648165,0.00027146419341148443,0.00016082410484917486,0.0014291932404872302,0.0014173958045419,0.0003294657452662033,0.00045532017823499984,0.9994554484498035,0.9994901222887415,0.0002004167195824096,0.0002690041520512221,0.9999593934631379,0.9999585016874153,1.8579822061792e-05,3.0572157621144846e-05,0.19367871876197307,0.1874443337499438,0.04358340526194609,0.024466621123229337,0.00038443868819776003,0.00038153830174905,8.868991078456061e-05,0.00012297149157429997,0.00468416726915828,0.00452734204415795,0.0010453294050114922,0.0005909421761313505,0.00058782582768403,0.000583390992905,0.00013561127382510723,0.00018802951168912508
3D optimized,equal_total,grid,300,10,149728.0,5297.807296431281,5341.909280662862,0.14782533365615497,0.1430610955128219,0.07121359611882505,0.10688977059799404,0.3750382019551338,0.36185629541968856,0.1137319325108568,0.1145027289973104,0.9411867754275057,0.9333283590040224,0.036025216097352604,0.05921456669921288,0.9271688638495293,0.9328715044570978,0.026491136819663644,0.035012714947919577,0.0009179631150446701,0.0008512043827196,0.00019485856924759325,0.0002209647869370749,0.0012348126809776298,0.00118338674194215,0.00028517148583128164,0.00035518159576182506,0.9995918585743778,0.9996182679948249,0.00013082416503391436,0.0001851989956698219,0.9999657105864328,0.99996546600319,1.4367394243665781e-05,2.3169603872719158e-05,0.14672500595512997,0.1357820903434743,0.03182600624468813,0.03595023804581507,0.0003321569651885,0.0003185686211999,7.676594984819223e-05,9.605044013349999e-05,0.00354849487685168,0.0032795441406926,0.0007626973401631546,0.0008683053252687496,0.0005078844793125999,0.0004871072271859,0.00011737894596144551,0.00014686588838287506
3D optimized,equal_total,wells,5,10,149728.0,50060022.90815012,47789309.239874095,0.49775112053006154,0.4127201498849393,0.2652268786322226,0.3818684692391826,2.07082170374246,2.0028217848822845,0.3781310426838908,0.35666723371017506,0.8177419389623006,0.8529657804171489,0.14544766902119236,0.15593651292296162,0.7622032208088638,0.7644488097643869,0.011302585520047422,0.016686819144386966,0.0030435417173427697,0.0030121517967196497,0.0005536839924700268,0.0004561748451348,0.00685360574570546,0.00707962741018745,0.0008094955036691436,0.0011636034380064003,0.997248921810851,0.9974478257222885,0.0006480770491622561,0.0008648691319207424,0.9996770420177444,0.9996592845406047,8.10994990033192e-05,0.00010584531407831221,0.4860283780921648,0.48302976402076636,0.08799309059438015,0.07070447001643104,0.00184354469741809,0.0019057648577722,0.0002179599763605172,0.0003140012659507748,0.01176039472931716,0.011666619757590951,0.002130430141537498,0.0017611069843806258,0.00281887130744439,0.00291400901959885,0.00033327161765830775,0.0004801235144065502
3D optimized,equal_total,wells,10,10,149728.0,2254147359.8145084,4830763662.829455,0.3141912194489083,0.3175280391131865,0.14314725400220582,0.19248168689530887,0.9761818976422351,0.9819022590833824,0.10375259472137925,0.12408897746342562,0.9026505025584347,0.8958824455867804,0.04851129367056541,0.07764175386846006,0.8527216972929329,0.854663928492521,0.027110560976652497,0.029056794612998704,0.0020009684547083,0.0019692681682073002,0.0004276302680700285,0.0005708900158128997,0.00332171984027535,0.0031477090021345498,0.0008609018465238577,0.00028501088999434996,0.998137670472597,0.9981171290870814,0.00047299514580967757,0.0003844650219808621,0.9998811835184036,0.9998880886100401,5.475061993769146e-05,2.0830704851926285e-05,0.31958080401688493,0.31310415165008,0.06869115543068745,0.09338714516520524,0.00089346686705832,0.00084592181600195,0.00023129407949031594,7.644554858112504e-05,0.007731383956667451,0.0075624029897688495,0.00165447883366354,0.0022242051856000995,0.00136615516793829,0.00129345642598675,0.0003536601228980872,0.00011688903652792501
3D optimized,equal_total,wells,15,10,149728.0,8475663428.372751,17852777247.966297,0.21234480244008963,0.1697920920070662,0.11959783845038917,0.15658880422623778,1.0591387480776795,0.9833340941111822,0.2423835544947135,0.28621036096260155,0.9390874552730581,0.9438469557567122,0.034597747631631155,0.053350326568829876,0.8497277220278612,0.8523533524783566,0.029136614406443453,0.03714778959099119,0.00131310732894986,0.00129087093356005,0.00031145795827342644,0.0003608848290898251,0.0035496279943034495,0.0033897483717659,0.0008838972099649045,0.00099472111041145,0.9988066785681331,0.9989063649873511,0.0004800922096578273,0.0005879743946660687,0.9998760173801063,0.9998940992242913,5.1094843763128406e-05,4.0243112745974585e-05,0.20964981421649384,0.20691817799221934,0.04944933559489643,0.05692319310958954,0.0009548301329304499,0.0009121916055956001,0.00023784423708261658,0.00026925082921182503,0.005073876929752719,0.00499769370555865,0.0012016106789150202,0.0014514088345746745,0.0014599826459160202,0.0013947862221654998,0.0003636756388343703,0.0004116978763974749
3D optimized,equal_total,wells,20,10,149728.0,704633.6928980851,1376995.5922860117,0.1639669401258973,0.14945004661147454,0.07362987802732701,0.07532928849239007,0.8567223775733359,0.8075154572340907,0.2683648189853827,0.27771466681917645,0.9377545714726923,0.9514361692207767,0.04507402741307019,0.05058249482658128,0.8804976101047753,0.8887178329362833,0.03448242071295901,0.03963565117782575,0.0010491509417158902,0.00100439746760865,0.000224319492490108,0.00017494784755137506,0.00280444415829995,0.0026550261908941,0.0006495314591724194,0.0009216486361383999,0.9991449241554078,0.9991213127256771,0.00030971737726556546,0.0005183197070843804,0.9999051889240359,0.9999129989031987,4.3344692935236775e-05,5.0433665844007436e-05,0.16750537729542042,0.16103107527939145,0.03545895532541797,0.028123665228145495,0.0007543707278551499,0.000713720717698,0.00017471427795713931,0.00024718419554080003,0.004053826925715561,0.00388938416943895,0.0008623340128222998,0.0006792707438842004,0.0011534702700211302,0.0010913143876929501,0.000267146799220018,0.0003779568987069251
3D optimized,equal_total,wells,30,10,149728.0,29009.760035905092,29387.29611096772,0.19128276818917703,0.161780352391831,0.1202482059608864,0.1648133649786161,0.7325243933413801,0.762699819264157,0.15361921872810835,0.0946629997438847,0.920467256262001,0.9405347666976849,0.062262731563636285,0.12101194653588132,0.8819579132447748,0.8839524738636896,0.03207311506617536,0.031645485993294864,0.00118667794576787,0.0009863375328556501,0.0005198021341172352,0.00025516602042084994,0.0024863228126832198,0.0023229645999369,0.0007956242445935197,0.0006599153507990748,0.9994787069353432,0.9995006835069586,0.00018242280884455474,0.0002364409661516076,0.9999250708275496,0.999931680713685,3.9122637926042546e-05,3.9929566961083296e-05,0.18941028898301454,0.15801914983908638,0.08273117972140512,0.039609355603699714,0.00066878734497972,0.0006250239985919001,0.00021388104980565325,0.00017822329909670002,0.00458110406720138,0.00381663572611885,0.001994753553637836,0.0009409892795608256,0.00102260903149542,0.0009556927036065001,0.0003270347365852152,0.00027251226663797487
4D current,equal_per_property,full,9900,10,380500.0,1.0,1.0,0.3469104646319813,0.3132553361815383,0.15174123567288322,0.1842219759790341,4.705324174085973,5.055523061509923,0.8947899490415997,0.937927175418034,0.8458477559247131,0.8710880126490903,0.05188050626270064,0.05618055906876718,0.4640627017642666,0.4628275220279673,0.008984215454890386,0.004736836243952769,0.00221831443747745,0.0020553627652863,0.0003753691078757424,0.00032876369333500024,0.015406274032084572,0.0154054915410719,5.877323118568587e-05,5.4448264450474015e-05,0.9800498088653624,0.9815396172346422,0.004558039853922548,0.0028317106961166516,0.9907722925892706,0.9906961932213252,0.00022773446065052047,0.00013221188588075083,0.35411154606100165,0.33029479574004755,0.05873712151913278,0.050317306398679595,0.00414406356130315,0.0041484861061484,1.7150147559932748e-05,1.0421745499724494e-05,0.0085698546072486,0.00797761147683765,0.0014340312929146792,0.0012153136467246738,0.00633647878760049,0.00634324107808775,2.6223426501593414e-05,1.5935365930525372e-05
4D current,equal_per_property,grid,30,10,380500.0,205850.9536331526,216703.22528758505,0.6747136763258927,0.5420157582286367,0.289539760972892,0.47791023261755206,5.097687233227163,5.6411444608290235,1.009572954015111,1.1507352629520007,0.6444140866826447,0.6798217055716724,0.17618162539326454,0.17439050513674914,0.4491765703611888,0.4474602990494603,0.007601480535907469,0.0021280089290179327,0.0043149553457251105,0.0041266888838268,0.0005627934613084066,0.0006037819664430257,0.01666945774389198,0.0162598142235293,0.0007526590523237278,0.0010289344224770763,0.9782603472405915,0.9793165623543507,0.006586653409485888,0.004276139395343548,0.9904368379392589,0.9903881114289601,0.0003087147604749149,0.00018225953468353762,0.6888055132497856,0.6561515968106532,0.08675536722536942,0.09585277899193889,0.0044837782323039,0.004375325638319751,0.0002010347584468832,0.00026518357400560043,0.016674935357798702,0.01584802619611405,0.0021982244899204015,0.0023151233151425758,0.006855919374065861,0.00669008997712855,0.000307392119745485,0.00040547884139544976
4D current,equal_per_property,grid,100,10,380500.0,1019022.4233784949,1012580.0731708109,0.6781957430593745,0.5883690426865872,0.381643087929241,0.533356290889365,4.860239048565772,5.20558498695306,0.9272505916518725,0.8888550593657385,0.5708325498710616,0.6470122619330674,0.2626274896389825,0.4650397616740579,0.45589296907595556,0.45362036840228326,0.010549740222710548,0.0026383024934195087,0.004218067547811269,0.00386476584133105,0.0013573851127050118,0.0018547298272811007,0.01590923441914025,0.015925978771619102,0.00013740527449578667,0.00012408251971647577,0.968213691037399,0.9728853542881353,0.0120057114371732,0.012016613914180296,0.9904264766682502,0.9903746063682999,0.0002734583351290461,3.168837191747098e-05,0.6731507912411752,0.6142531577055763,0.21503155681703784,0.28907547075936757,0.00427937245255628,0.00428162789973395,4.003017113853936e-05,3.607960931144988e-05,0.016293136106269347,0.0148360534085127,0.005219208427108467,0.007240995229507052,0.00654337279550263,0.0065468214861384,6.12081177161304e-05,5.516751268049968e-05
4D current,equal_per_property,grid,300,10,380500.0,316167.5215881966,329663.50065052736,0.3867896481009657,0.3554548520102681,0.16790268133787625,0.19696248538199457,4.762009529509597,5.114837221535771,0.9049268946034013,0.9575904871589005,0.799074707432031,0.8258545641692671,0.07699308788431945,0.09612078529143042,0.4593536686831959,0.4576313558301718,0.01021892815926719,0.004304267593554123,0.00247630167503033,0.0023723735062738498,0.00042399385070668723,0.0003471648437912752,0.01559206758392051,0.0156070985570682,6.448934445333596e-05,5.415583442809971e-05,0.9786149921345505,0.979801589860424,0.004647240387204771,0.0030919012033959747,0.9905705749005762,0.9905098410835929,0.00023517528494771986,0.00011179735471578134,0.39531577907868626,0.3781128697358641,0.06651097421601963,0.05461873413316004,0.004194040207386869,0.00419827461208405,1.8825898615719122e-05,1.4485467276750125e-05,0.00956695610174382,0.0091325615991898,0.0016226591756275837,0.001319206009020326,0.00641289555898935,0.0064193701738558,2.878573300611686e-05,2.2148998143799864e-05
4D current,equal_per_property,wells,5,10,380500.0,231441.6272262122,238546.92703314344,0.5595489099986305,0.5098936576398702,0.2661412943294976,0.4153600719468865,6.287458984561631,6.062042199868715,1.7524982527622885,1.9873406864194765,0.7246872904840551,0.7564555551724521,0.13525954890954495,0.1847091384953814,0.44872639965519745,0.4472775143777284,0.007585147220795891,0.004499677056886142,0.0035230362563858503,0.0033235772544532,0.0008176047436299568,0.0004884189458519497,0.02034122128786904,0.0191291274591606,0.0027911423680868166,0.003866212016847427,0.97865599520537,0.979995320703978,0.004826713432488384,0.0015559304636860727,0.9902520970342268,0.990264266797322,0.00036362301025941396,0.0003277149438611904,0.5623623039574659,0.5284829545845359,0.12899320912615564,0.0745187905090039,0.005471581929178281,0.005148414308558,0.0007513925852275022,0.0010445888759077742,0.013606820293549298,0.012764446126727,0.0031170998998130855,0.0018600659818702008,0.00836632023519299,0.0078721809097199,0.0011489165421867309,0.0015972282171926745
4D current,equal_per_property,wells,10,10,380500.0,57268871.62830203,67897328.48972914,0.4820726607341568,0.4021543208293794,0.23714433770339868,0.27284700833471687,5.021072849035869,5.389569681930826,0.8932301709681544,0.9431050864014985,0.7652312349575661,0.789312470328134,0.07714300567108384,0.11119791041300275,0.4511080263199497,0.4501770776320848,0.005434227970694036,0.0041618808408318,0.0030221703504920497,0.0028953767604053497,0.0003508385126298363,0.00033827352171302526,0.01649166173041222,0.01644035549471165,0.0003076310151666246,0.00036346291458757424,0.9792843034456808,0.9808478470280575,0.004820344250416762,0.0012790287380129994,0.9904502922273124,0.9904647595928047,0.0001840990734261522,0.00025953484779184244,0.48250894446020076,0.4642268587997167,0.05459539398782839,0.04632552430918996,0.004435993149276609,0.00441855974300615,8.160046289778275e-05,9.830189108309996e-05,0.01167524810863043,0.0112124689705216,0.0013269170537058056,0.0012779844585542252,0.00678285361132188,0.00675619706819845,0.0001247711562724036,0.00015030846858757503
4D current,equal_per_property,wells,15,10,380500.0,178959954.47215098,192786264.71562746,0.46505573974456543,0.41489561401023634,0.2075471077805298,0.2450174225412149,4.861813577737537,5.231444206023305,0.9036191152208769,0.8887326105336371,0.7421516596114142,0.76285024595461,0.08422976656162616,0.1318160838416419,0.45337898369434526,0.45242048662472617,0.005836931739459979,0.004948965550550577,0.0029466445097550797,0.002859456303739,0.000401348713958383,0.00015428102037372488,0.01593537875724986,0.015950563993465353,0.00014577873996966462,0.00022593156322519778,0.9794200904755055,0.9818939559141857,0.005833052165646044,0.0033788809430111977,0.9906375044271425,0.9905798934945231,0.00022342854116075872,0.0001814064883551847,0.47052625433511136,0.45870776836028126,0.06335554139017914,0.025570831754274714,0.00428639350145332,0.0042921100151375995,4.0820499830514494e-05,6.0210693538999445e-05,0.011385682224511879,0.011079166407077349,0.0015404281657616988,0.0006176101423313006,0.00655410832760648,0.00656284916064715,6.241656949730203e-05,9.206513769702534e-05
4D current,equal_per_property,wells,20,10,380500.0,346576904.4242121,371575068.2601376,0.40764223609471406,0.3723799174899597,0.17063024625312173,0.19331745644571263,4.836410861148428,5.196186226308979,0.9051092061814472,0.9405619353815853,0.7853165292648552,0.8079777033841024,0.07298507366429498,0.07403947141763723,0.45492499227652283,0.4547888635916079,0.006279184361697988,0.007978547387249346,0.00261375934615776,0.0025043513003171498,0.00041447959074714916,0.0001688560492348755,0.015847539550501215,0.0158534127977528,8.443531413394557e-05,0.00011496649357334993,0.9799074166549715,0.9814976908154286,0.005072630906588903,0.0033306113454911745,0.9906724428555179,0.9905990037490326,0.00022793996753390922,8.045302545245381e-05,0.4173125969170286,0.40266913088016526,0.06516881346014294,0.030602864736028024,0.00426275620930666,0.0042625848180999504,2.345338627123988e-05,3.161592876692494e-05,0.01009910594400704,0.0097256690359954,0.0015907773599347188,0.0007391508370475502,0.00651796573518047,0.006517703669522101,3.586139121824834e-05,4.834232366819971e-05
4D current,equal_per_property,wells,30,10,380500.0,1720306274.8993998,1814585434.1820786,0.41141494896710623,0.3601039799243163,0.17675281872524154,0.19425513025814306,4.780684310958064,5.128406106733144,0.8969592579513321,0.9290809517313559,0.7839302925416296,0.8126759737046825,0.07477941699163566,0.114430314902361,0.45600697653185474,0.4537801200125565,0.007996548210518319,0.006434030905531241,0.0026281447806037602,0.0025756701279331003,0.0003398913720793591,0.00026881783294855017,0.01566186413501585,0.015682308976230602,8.024540168607024e-05,0.00010521352560127761,0.9802276781232951,0.9824401894389241,0.005218168811344697,0.0029788692923208293,0.9907096053966878,0.9906210643798745,0.0002407216736055395,0.000137931706688188,0.419604807347583,0.41045853923820597,0.05314132173434259,0.04238257104492088,0.004212803074163539,0.0042154983735698,2.0338225792176145e-05,3.169825487252514e-05,0.0101538332705258,0.0099138066196944,0.0012965132583007792,0.0010236660238935498,0.00644158491318631,0.00644570615970225,3.109815629106141e-05,4.8468204368149435e-05
4D current,equal_total,full,9900,10,194740.0,1.0,1.0,0.3471478168910709,0.3133537284503036,0.15193530870200425,0.18433072860375904,4.716191956440176,5.0662020713363125,0.8970378701299113,0.9396811229596,0.8456013209855648,0.8707813973210972,0.05190553831189072,0.057250237493949974,0.4617919713447862,0.4607386517047384,0.008942880627479515,0.005775331462844591,0.00221958223554392,0.0020568202081115003,0.00037514235467704025,0.0003280915778152253,0.01544168805628584,0.015458622183947099,6.285603026551298e-05,6.899855143947461e-05,0.9800622721276284,0.9815463191449736,0.004524743847143748,0.002818856937373493,0.9907673253889231,0.9906918319032283,0.00022074583299855178,7.785221529521547e-05,0.35431425361167623,0.33052898023508687,0.05870139089768448,0.0502088326323098,0.004153591823230771,0.00415808649776745,1.877349016720721e-05,1.841866793092419e-05,0.00857475338826684,0.00798326773454975,0.001433136487083436,0.0012126936803946754,0.006351047972820251,0.0063579205531843,2.8705597888123295e-05,2.8163057084899627e-05
4D current,equal_total,grid,30,10,194740.0,1376579.4468485995,1555609.6353121044,0.6582134203786589,0.536302096811326,0.27879764215136177,0.45196423223168136,5.155867824127456,5.713050235876453,1.0254237406650237,1.162370592763919,0.6369645033759611,0.6946435712934043,0.1967742189911421,0.20604419227108917,0.4481211379129165,0.4466427356333238,0.006921140737889059,0.0010931143928049614,0.004205950821943831,0.00407456539072755,0.0004581003883512735,0.0006380676622715496,0.016855943808592212,0.01639777833666415,0.0007604498357034966,0.0012154450353937009,0.9788686046296118,0.9800408904427427,0.006311674056818085,0.0031287333032827824,0.9904559657110518,0.9904134923944699,0.00029950711069309506,0.00020102420735423898,0.6714361389497094,0.6488373848703726,0.07011752121585328,0.09978881295087882,0.0045339316149287405,0.0044124501414381,0.000202884430020408,0.00031562611583132484,0.01625201171414431,0.015671371667400548,0.0017755023625733806,0.0024101986940389987,0.00693260638439461,0.0067468551842808,0.0003102203593505044,0.0004826079904886992
4D current,equal_total,grid,100,10,194740.0,18778.87284317774,19403.607772934076,0.6021516597294098,0.5233731518380771,0.3021942069517232,0.4390291479561187,4.861580527987444,5.208946179109574,0.9199217347278457,0.9093860110091274,0.6008281456199226,0.6658763858581301,0.23025730052220897,0.41411510904157317,0.45487218234174476,0.45266433903638703,0.009925334776878191,0.00239976110570983,0.00380474944272384,0.0034721996992381,0.0009856394803907113,0.0014564686168145,0.01591884847974837,0.015942751637125552,0.00010650749430618512,8.972022163792476e-05,0.9702331871159153,0.974482199756006,0.01100832902713734,0.008298915884876967,0.9904442279523762,0.9903895710049597,0.00027543408243343006,4.880997975886814e-05,0.607162434313035,0.5515661571038698,0.1552214715694783,0.2326560573841024,0.00428194070732668,0.00428613115902905,2.9792750397877064e-05,2.3987293269274804e-05,0.014697952213945372,0.013321974600321751,0.003790896070643337,0.0056193405762173035,0.006547299784467241,0.006553707193024,4.555459348725396e-05,3.667776150725107e-05
4D current,equal_total,grid,300,10,194740.0,18938.423073520324,19490.928890242845,0.38486808288470964,0.35282702194525734,0.16726331582762874,0.19402468464803413,4.765421573855039,5.1132812605975335,0.905197155743657,0.9526684464064514,0.8001146516099974,0.8309823245094998,0.07531753208528492,0.10475035200962068,0.45838559667792567,0.45682186830532884,0.010279449825065127,0.0038044395696376077,0.00246346157305768,0.00235830123017945,0.000415977426633726,0.0003381371484948749,0.01560322893800436,0.0156196842002395,7.192072846342141e-05,6.912094111047491e-05,0.9787371302697071,0.980021549278757,0.004819782474344058,0.003147084077613327,0.9906135076256287,0.9905679980740096,0.00023102267599430182,0.0001253218417839319,0.3932670220960405,0.37587115693602513,0.06523088831153841,0.05317773470979059,0.004197043233971709,0.00419949763572725,2.0860602835136976e-05,2.3061847874775165e-05,0.00951743465344792,0.0090784175025221,0.0015923901445127062,0.0012844015572425482,0.006417487335628878,0.006421240237685,3.1896896706802074e-05,3.526270958429962e-05
4D current,equal_total,wells,5,10,194740.0,241358.91518515884,248001.5121904974,0.5624628645605261,0.5150513715348093,0.27027263489000675,0.4387660919343335,6.23616284063088,6.269632138305182,1.6305102057242935,1.9295631817240722,0.725954742123079,0.7603403800950084,0.13494937699407406,0.1805682724902602,0.44870950849997326,0.4470918199780569,0.007418493772519044,0.005090904815592878,0.0035354568837043404,0.00330441745517325,0.0008507505019250306,0.0006617929593616505,0.0202120190225644,0.01921813388137005,0.0023354073156696712,0.002978920195323899,0.9788938547297287,0.9803782985415842,0.004679919540366225,0.00172168894673852,0.9903843472010335,0.9903671315096563,0.0002788488561744007,0.00024199674302483043,0.5643393480972769,0.5254277738395409,0.13431328793282926,0.10233308949525122,0.005436777836935941,0.005171233615012099,0.0006284501767618848,0.0008040526534504747,0.01365440946567296,0.0126906543616594,0.0032443743122864974,0.0025314586951207755,0.008313103051394299,0.00790707276143875,0.0009609315000137589,0.0012294363991608506
4D current,equal_total,wells,10,10,194740.0,63815519.33239339,77252827.48754206,0.47526996550842043,0.4046285275758925,0.22950445325167346,0.2814824663535519,4.994551161671033,5.363569703722364,0.8907734160255827,0.9096806284083545,0.7732094739907638,0.7966161640759826,0.07702289223392296,0.11439229766093206,0.4517667818161689,0.4506925909514051,0.005745962713097667,0.004523713879376834,0.00298465818058601,0.0029103786420243997,0.0003598342458671337,0.00041039751222477503,0.01640122003566081,0.01631216547336685,0.00027215500934337893,0.0003227383960656763,0.9795416434209432,0.9810465376737791,0.004689831197695917,0.0011173788913056981,0.9905101883370457,0.9905247741100991,0.00018668099522921896,0.00023436184220881895,0.47651004266874775,0.4666337705763678,0.05599890816634012,0.05822150694827072,0.00441167131511127,0.004389192644154549,7.230343383302501e-05,8.595289020072502e-05,0.01153036312876405,0.01127060309847845,0.001363184637562797,0.0015653508941901005,0.0067456643201866395,0.0067112933170436,0.00011055553757229033,0.00013142623355864944
4D current,equal_total,wells,15,10,194740.0,788811470.0280664,863368298.6400774,0.44741515762453077,0.39987930535046823,0.19872512385709798,0.24726837935195917,4.853986758825301,5.222632089595686,0.89941384482947,0.887243298939655,0.7609390866371194,0.7776111375814401,0.07749862534824879,0.11485487644668146,0.4534133194877611,0.45255712789935043,0.005845216251104042,0.005601185555308197,0.002839940737493,0.0027173483749878,0.00041089440910908155,0.00013363503301542503,0.0159118648340957,0.015924831556357003,0.00014192137735020613,0.00023576810782485053,0.9797702035157311,0.9817276210150121,0.005574100499419689,0.0028592046465758525,0.9906577892056123,0.9906114607935084,0.0002201545773377642,0.00016108797666869457,0.4534371021349622,0.4366746552322759,0.06455003141408067,0.019962834090271664,0.004280065827249111,0.00428518800190185,3.9487400712700275e-05,6.285417995070038e-05,0.0109725586635837,0.01054700460371625,0.0015718700375220006,0.0004821622307239256,0.0065444329998088895,0.006552265058983001,6.0378194806166244e-05,9.610715957364922e-05
4D current,equal_total,wells,20,10,194740.0,230893.68359249557,249930.64697222918,0.4051789293331713,0.37210094809184147,0.16991704050946535,0.20420789943168882,4.833367681111437,5.191446341902311,0.8999925006872685,0.9241979918978078,0.7889179157957256,0.8130790681227961,0.07704102711405628,0.08252707528156777,0.45470633869604943,0.45469116623278744,0.006103676731852604,0.007867576027357381,0.0025991064917947598,0.0024385668393054,0.00043455153684925264,0.00015866352585357495,0.015841011569956466,0.015863427123412002,9.53348341412638e-05,0.00013940381039809907,0.9800526042587375,0.9814133250891524,0.004970824145938821,0.003127246458416666,0.9906867801066754,0.9906205221003902,0.0002238907669516206,7.329695440050354e-05,0.4149461860090766,0.392090229185066,0.06824072928999561,0.02765781684778984,0.00426099862259432,0.0042660105274405,2.6001184953098796e-05,3.6572998903800294e-05,0.010041912881569382,0.009470156820315101,0.0016646695601011377,0.0006680191103117759,0.0065152782978969495,0.0065229417490659004,3.97571018085236e-05,5.5921929846050426e-05
4D current,equal_total,wells,30,10,194740.0,22142.31495594597,22420.654041665268,0.4127786660988436,0.36400894792555344,0.17676033037989203,0.20236133132221445,4.785686462446926,5.131584336486933,0.8935602635890899,0.9274363183258734,0.7867356473136635,0.8131789966855747,0.07440033203928616,0.10818847029339773,0.45492267041475654,0.4529288993811188,0.007139812800087084,0.005858068131396721,0.00263857432250796,0.00254961336005575,0.0003539950102503737,0.00022789703785789988,0.015682022202855694,0.01569473367365945,7.967864037504958e-05,7.338888014040215e-05,0.9802612656381122,0.9823951765084626,0.005341486764990902,0.0028390530984823137,0.9907129575580236,0.9906286116091413,0.0002367346007246013,0.00013630418538013167,0.42125220014507236,0.40994747419831723,0.055256441636304436,0.035788214179819366,0.004218223104480989,0.004220128963913,1.9660177053917468e-05,2.3362842756174604e-05,0.01019392212617935,0.009901462871767401,0.0013494023518144226,0.0008643925559134995,0.00644987240844951,0.0064527865620777995,3.0061386129799527e-05,3.572294569155043e-05
4D optimized,equal_per_property,full,9900,10,259184.0,1.0,1.0,0.0096583767431801,0.006966454775179751,0.00849097122766746,0.005189488322049699,0.28294673560613254,0.2838456799518577,0.06477026436474581,0.0977470297136448,0.9996436645092984,0.9997991542130673,0.0004901842094193053,0.00012631509944904806,0.9649168214412178,0.9668477151106945,0.012110129440107524,0.013854634278095856,5.576926942028303e-05,4.865064486222722e-05,2.7283421478455137e-05,1.1263147169664514e-05,0.0009398527558285199,0.0009161091666128999,0.00018449308335697528,0.00025200358837342495,0.9999593866629825,0.9999800897762886,6.0250235788688854e-05,9.151846797506025e-06,0.9999734423439088,0.9999743283052434,9.573332648566949e-06,1.316817954322147e-05,0.008906434729421209,0.00773380926127855,0.004365296191499471,0.001873433998151576,0.00025281165119495,0.00024629670752745,4.968053583071259e-05,6.765879407744999e-05,0.00021540491289572002,0.00018679465593655,0.0001052811531368565,4.309031708645e-05,0.00038656155760108,0.0003765998855029,7.596400412086572e-05,0.00010345365294827497
4D optimized,equal_per_property,grid,30,10,259184.0,67566.37783010566,64385.594137210726,0.3480416267081913,0.3171176662444657,0.15786910738818433,0.15937974315232195,0.46110057248502523,0.44769868574833904,0.12812204785770287,0.11258823421640735,0.7735529388814216,0.8475460052162893,0.2450894942713353,0.1586600370138227,0.92951404414018,0.9297152824350308,0.020040779767217458,0.02059013434165613,0.00233486255624678,0.0022838413324543,0.0009001160034706086,0.00148618394692645,0.0015191231370055701,0.0014475596028251,0.00031394667389676517,0.000289662004998525,0.9991681399299004,0.9992509790212907,0.0002597304101690168,0.0003778240015648304,0.9999443196671838,0.9999398566344244,2.064944193741787e-05,2.172019531043734e-05,0.3722163549728323,0.36617636695298317,0.14166495058633893,0.23188761346169307,0.00040862335145554,0.00038955054779425,8.448234302609557e-05,7.890797476272504e-05,0.00901345508449418,0.008844255937311,0.003454261430598601,0.005600777008855876,0.00062480537769605,0.0005956421146254001,0.00012917769396935565,0.00012065420832950001
4D optimized,equal_per_property,grid,100,10,259184.0,1.6199855991991112e+18,2.0780693105863726e+18,0.10298236208110427,0.09036389712595536,0.06168201144954838,0.07921549150108396,0.34527358556740306,0.365630725404347,0.07531387179955684,0.10415223520786449,0.973769079041697,0.9768104952807568,0.020418730751151925,0.03654731753113094,0.9479410832935994,0.9439605995156886,0.016855863683365294,0.024272518564984247,0.00069682786609986,0.0006150469860428,0.00039160249629495236,0.000641089857580975,0.00114289099417184,0.0011712382043278999,0.00019246457368401657,7.105993092019992e-05,0.9996266167513689,0.9996595623313527,0.0002098112724098835,0.00023323859139601222,0.9999625737873868,0.9999637414580347,1.4238757838071924e-05,2.3596296010341966e-05,0.11123480592124164,0.0986561143315426,0.06229343118694562,0.10277434973699574,0.00030742038806825004,0.0003148067183245,5.1801478596796696e-05,1.9003770251825017e-05,0.00268888709032665,0.0023828406300202,0.0015022443889669184,0.0024655585454308,0.00047006102562238,0.00048135509104745,7.920703083804642e-05,2.9057707562600067e-05
4D optimized,equal_per_property,grid,300,10,259184.0,107229.86149414507,97708.13068835357,0.041192389307018004,0.027101298442022748,0.03519449520072483,0.02241096163383893,0.30309169002323816,0.30552447023240076,0.06756819065833003,0.09161837168415493,0.9921178210824507,0.9976237555773098,0.013459011079247029,0.0019613380691312354,0.9578694313243888,0.9594582091559061,0.013060883679539451,0.01669623828619038,0.00024175297146465007,0.0001870544761064,0.0001272297735316394,0.00012900058720227502,0.00100772507141565,0.0010038129202340502,0.000197877821470499,0.00024726416770662503,0.999937071761488,0.9999566877070404,6.390722213078899e-05,2.9270328714914307e-05,0.9999679638132178,0.9999679143447882,1.188156276485572e-05,1.6295622037976187e-05,0.038610275968252825,0.0300074290718886,0.02033496197807483,0.020935109790401824,0.00027106760178561,0.0002698691039908,5.328311516811618e-05,6.637553154047502e-05,0.00093362344767227,0.0007247692824659,0.000490371757944174,0.000497623984973025,0.00041447581179962007,0.00041264324920945003,8.147252666507933e-05,0.00010149148086167502
4D optimized,equal_per_property,wells,5,10,307486.4,12356.589702500558,1878182.5082294946,0.3614183214363575,0.2569044494223811,0.22094263703881337,0.2311824511149679,0.8804048163125785,0.9041134000458378,0.14485306294768435,0.16523981679140376,0.9331881209139515,0.9371900482023177,0.033166729955573425,0.04373213184852953,0.873474454326705,0.8776661659357479,0.01601166283929348,0.0166404069645818,0.00224460381427323,0.002185407279777,0.0006896590521597798,0.000661956638661475,0.00296943503971468,0.0026870226997430004,0.0006907178923784024,0.0007979959349258495,0.9976141394578921,0.9979271572130448,0.0008565430892924718,0.001157394593083727,0.9999045348979646,0.9999154457652738,3.4167677363955846e-05,4.690116567818148e-05,0.3581882695754981,0.3486723245974565,0.10917597685740574,0.100841603925721,0.0007987697670384399,0.000722281283616,0.0001859668060868988,0.00021594875550622495,0.008668968144633521,0.00842148089090915,0.0026475501857692826,0.0024356253448417006,0.00122135860373342,0.00110440391770315,0.0002843524730100407,0.0003301963611878748
4D optimized,equal_per_property,wells,10,10,301206.0,2046696180.648824,10114868636.471674,0.22929198778415055,0.19858385255387756,0.12075330412917251,0.15895058572801393,0.9019361083728159,0.8820190406782391,0.17738951038114095,0.14403784859427504,0.9588542746720998,0.9710729226335508,0.026910294740587846,0.03857935016955627,0.8796118499534724,0.881866511796888,0.020949186600909452,0.034434565090536995,0.00142650626323868,0.00146199629751505,0.0002173649638038807,0.0002832986957764247,0.0030573646770121,0.0030131175067450496,0.0008001172562570207,0.0008495569833288749,0.9983850395609041,0.9984819176056736,0.0004395282472833039,0.00022509518350855018,0.9998967857947576,0.9999030226441119,5.119491156906274e-05,3.647357926428452e-05,0.22777539826840282,0.2329883053501772,0.03449925576458867,0.045742110961624755,0.00082238747388623,0.00081091543871635,0.00021531085230291116,0.00022892255312189995,0.00551260588821093,0.0056273653596599,0.0008460548455160886,0.001138404329390075,0.00125747124926574,0.0012399299383208501,0.00032922097554135876,0.000350033941420575
4D optimized,equal_per_property,wells,15,10,256286.4,14373031550.077866,31095356215.24398,0.16904718489110473,0.1720186578573049,0.09176024289294482,0.14904277773478014,0.83614757802189,0.849933973294342,0.1454262756200656,0.1556035952386413,0.9773882001711186,0.9828424392988806,0.01452606576578043,0.015381318553601031,0.8840377733525837,0.8823284126699129,0.017538251736268575,0.02628604598866724,0.0010630256992294098,0.00108538516219945,0.00035374722431298416,0.0004918267273132252,0.00278752904258172,0.0028993153593553497,0.0004588385083343059,0.0006145749585785504,0.9988502324084821,0.9988676736405032,0.0004871210194918662,0.0004504126118604068,0.9999119173575435,0.9999119224042092,3.0494744931997245e-05,3.1127819995369066e-05,0.1696755777290357,0.17362015330667097,0.05631435156955658,0.0773956385134574,0.0007498076172885,0.0007802466558157501,0.0001234563281913461,0.000164372842415825,0.00410745023282321,0.00419344668389405,0.0013692374918112447,0.0019389119133145505,0.0011464930475718403,0.0011930358476736,0.00018877085093102461,0.0002513342312003002
4D optimized,equal_per_property,wells,20,10,259184.0,23139349833.36058,64623621947.45724,0.07049474675056944,0.0630330868452041,0.030323873209718355,0.02489608825293811,0.7139651019980828,0.7287723714418464,0.19762138419300615,0.21961711806467266,0.9914012567159416,0.9923092825045334,0.005095671738229959,0.004927894553178214,0.9029360991203937,0.902155148656673,0.026782884914075003,0.039633124959849275,0.00047016687056908996,0.00043008849825885,0.00014779345633140963,0.00019865749039787496,0.0023346687718415597,0.00228730863802985,0.00045492165613192684,0.0006323403147825003,0.9996238446122744,0.999715827759085,0.00019630803219693364,0.0002596375487835534,0.9999243529793889,0.9999236990568527,2.2766305471470413e-05,4.127975098811021e-05,0.07502796100084227,0.06852930209992825,0.02332694122805672,0.0318129762677865,0.00062804305694933,0.0006152644679919,0.00012262457402809705,0.00017070771318984993,0.0018152078212703502,0.00167047718186725,0.0005630222214198368,0.0007683786547481746,0.00096030899362167,0.00094076989711255,0.0001874990575490198,0.00026102056291025014
4D optimized,equal_per_property,wells,30,10,256286.4,127852283745.03885,254590251961.44766,0.03979663240850491,0.03158973057549705,0.025351284243583527,0.018768652722583653,0.5662565580554582,0.6167235166075595,0.1572910970880469,0.1974903063686949,0.997108112370323,0.9983570927021927,0.003076762689754401,0.0015564780751483598,0.9167658988994093,0.9116075819122231,0.022423267956667173,0.027010089904266676,0.00025085703341122,0.00025553378218045003,8.956918396074102e-05,0.000107493631227775,0.0018545018034981698,0.0018976496269631502,0.0003859996601330927,0.0004613744284382251,0.9998339739170212,0.9999398338288201,0.00033507470560833417,4.274168574247561e-05,0.9999438555086224,0.9999439097170961,2.2401141238413195e-05,2.3827858553704395e-05,0.04003798975870049,0.04062858565408705,0.014236078398308927,0.016692121238340824,0.0004988825238511001,0.0005103438518885999,0.00010410234571908525,0.00012480118082955002,0.0009687939721552498,0.0009900847811744,0.00034405114846583896,0.000403164578044925,0.00076281613038127,0.0007803410695896,0.00015917765150807295,0.00019082719733787507
4D optimized,equal_total,full,9900,10,136304.0,1.0,1.0,0.03921077634700544,0.0305838079118673,0.020446771305018045,0.022134622711094773,0.3406877238091044,0.33125557402128514,0.08228570180787885,0.08906916339113896,0.9952896076491511,0.9958663222931872,0.002486199940575334,0.002897771340429234,0.9510263799196649,0.9538764209883233,0.01721627992878987,0.02310008086496984,0.00025161736520135,0.00024249500011950002,6.803335352555452e-05,4.9980443191525016e-05,0.0011227916718127302,0.0011147812040396,0.0002009365245140437,0.0002709016942295501,0.9996996836154622,0.9997792267389218,0.0002449017638658547,0.00016271269893064488,0.9999654031779762,0.9999697785061006,1.5210658498941166e-05,1.3052823277903691e-05,0.04016206704774725,0.038901559314592896,0.01073499804312521,0.008038818838224604,0.00030202382351352994,0.00029975905104105,5.4133871067940446e-05,7.279457901330003e-05,0.0009716242637236499,0.00093958916519295,0.00025886207646386947,0.00019018652737855008,0.0004618094106746,0.0004583464612005,8.277337464504573e-05,0.00011130652292042504
4D optimized,equal_total,grid,30,10,141673.6,2.426381988540456e+18,3.146647944127573e+18,0.350004218280516,0.3235795083440503,0.1615157209119858,0.16681716737514427,0.46535306953698113,0.4562010638901614,0.1351872499583897,0.10465506613095432,0.7695851291134317,0.842938066944485,0.2536620271974715,0.16370576145858506,0.9324474797727156,0.9281681151926389,0.018566544537203546,0.025085045965658526,0.0023315083756927702,0.00228150586545215,0.000868105026197873,0.0015057774088204248,0.00152965628392051,0.0014518004548624,0.00033124853211762933,0.0003516292293425749,0.999071214284746,0.9992551624298073,0.00038204586753995135,0.0006369080352374157,0.9999491904967328,0.9999488054688634,1.993045359119035e-05,3.226835222713831e-05,0.37170989762744977,0.3658010412211665,0.13662423270915908,0.23509092718378538,0.00041146386333476006,0.00039041155011465,8.917334378172464e-05,9.503495029685003e-05,0.00900002812460832,0.00883519069681045,0.00332703291387892,0.005757294757751776,0.0006291486612876799,0.00059695862989075,0.0001363504668626826,0.00014531315404045
4D optimized,equal_total,grid,100,10,138988.8,16461.780837632316,12656.436227053027,0.1521452720223261,0.14395193822356844,0.06509718391380521,0.07747135073801689,0.41782803213132425,0.4108361302256959,0.10109400404493847,0.12559181055935098,0.9371667387920667,0.9534461969685801,0.052778350927259285,0.07307092397950454,0.9366770232079643,0.9392488603054923,0.018069538575401688,0.0278254202539725,0.00101431773925308,0.00094607883552915,0.00034344018186066816,0.00023146801228249997,0.0013779138831634002,0.0012894498161311,0.0002567371263712916,0.0002751859583256251,0.9993599721363454,0.9997777087062868,0.0009484309629309369,0.00025403716069172244,0.9999556318899087,0.999955459564143,2.0305129156791032e-05,2.3016996439695347e-05,0.16189972796929802,0.1502645327087161,0.054471851283739145,0.03789074156911196,0.00037065249547168003,0.00034629775683005,6.918280670626214e-05,7.367265584894996e-05,0.00391693843868168,0.00366221321652775,0.0013148030931074816,0.000915174889303475,0.0005667460550216601,0.00052950645130965,0.00010578394386961662,0.00011264914596697509
4D optimized,equal_total,grid,300,10,155097.6,511.619261574089,3633.9339663169535,0.09628690920460478,0.08467743374976519,0.03860805793011349,0.04473584236344405,0.34777333899335805,0.3394674639868943,0.0884813955892898,0.10773923455259121,0.967191750220778,0.9697844347778344,0.021348182618367625,0.025261373711303214,0.9480029373765294,0.947597793980255,0.0177200991789424,0.022666829929797405,0.00064088990312502,0.00063476306767395,0.0001854397120353109,0.000150019199116425,0.0011440471747808899,0.0011344083557693,0.0002120123677793509,0.0002526532537791,0.9993468550118548,0.999489580294574,0.00046923194698710225,0.0007851235216902452,0.9999616980466779,0.999964928626399,1.8515577359008348e-05,1.3824701265652273e-05,0.10229357063438108,0.10127298384120975,0.029230627082651672,0.024109540786463643,0.00030773778223563004,0.0003051366165186,5.709613231271415e-05,6.796853690124998e-05,0.00247469231816122,0.0024460458660397503,0.0007048260303910553,0.0005723263055597747,0.00047054633705142997,0.00046656902561665,8.730281905714769e-05,0.00010392726509337501
4D optimized,equal_total,wells,5,10,180450.0,3114336.45497077,5176236.112548551,0.42061388300565916,0.3202444247649794,0.28702403427644235,0.22039523337226335,0.9496568968574477,0.9731134771874212,0.17360270380081622,0.20317450581045637,0.9217829332405667,0.9179271213018367,0.03887768741980247,0.04936926401972397,0.8660358073982541,0.8625185840939186,0.01961108952237456,0.020412639448409542,0.0025728079163399504,0.0025793388020222997,0.0009030255093556859,0.0009476827690691003,0.0032012108958872202,0.00302812337470115,0.0007938581169975617,0.0008326474159491,0.9973321898717536,0.9980202465592395,0.001178761024247484,0.00189299724694314,0.9998814573756283,0.9998789793866693,3.8888799366666526e-05,4.895782300051721e-05,0.4106303857133472,0.40907027161639964,0.14355262009370506,0.1467157175463974,0.0008611322155584201,0.0008149999970616,0.00021373136829941765,0.00022455470493787507,0.00993562559143965,0.0099686281293422,0.0034682339072474927,0.0035436259283818,0.00131671388155287,0.0012461754306806998,0.0003268058661359152,0.00034335528484199986
4D optimized,equal_total,wells,10,10,169710.0,2778937344.789118,3537057648.3816743,0.27148724118488105,0.21843480716582198,0.1708790979604266,0.17160737009688085,0.9691185806706517,0.9365937083373561,0.1580710127610448,0.09078582874778052,0.952560618525958,0.9648939312601075,0.03383967335295193,0.04102329736954802,0.8643720507946403,0.8621354211717336,0.024060823200707817,0.03426660111982627,0.00164056532348472,0.0016072747034036501,0.0004303664209149708,0.0005714599319569752,0.0032963521345464,0.0029442976083208,0.0008814291320149373,0.00084741931127465,0.9981744484920988,0.9983616493075895,0.0006814978551807462,0.0005926904014931234,0.9998883244471395,0.9999046119352385,4.6977269483090954e-05,5.764932020180247e-05,0.26209652892288243,0.25755362947430643,0.06931623119888138,0.09278029647441607,0.0008866109766783399,0.0007923923850029001,0.0002367678519551213,0.000228288868855725,0.006341806354198501,0.0062206915088723,0.0016755309589021794,0.002269396784779075,0.0013556721714011398,0.0012116072701955,0.00036202979257091866,0.0003490650067382501
4D optimized,equal_total,wells,15,10,160880.8,22064742005.116806,63510217015.40226,0.20711512782605013,0.2138397373494842,0.09167193193089498,0.1285529215096509,0.8902681155759838,0.9074286585125708,0.07770959476152238,0.0855480079304457,0.9677987266801107,0.9733053864121382,0.015612837009988353,0.02380488382514867,0.868462941828741,0.8747783335534534,0.023002443300956577,0.02532845227612246,0.0013501706974242901,0.00135233580873655,0.0004810440616761347,0.0006376674394003001,0.00307579358098024,0.0027743386351814503,0.0009733425530296666,0.0006695759122795002,0.9979652392191504,0.9984378670859485,0.0013454894926748452,0.0008415768375102939,0.9998999903644314,0.9999044509561505,4.612704316269659e-05,3.817728818689137e-05,0.21573484971189724,0.21474267750188014,0.07736062066791376,0.10129752268683798,0.0008272655230897399,0.00074632654973315,0.00026142497695950614,0.00018125461402185002,0.00522046032900736,0.0052357646409799,0.0018708137189803959,0.002446639623557325,0.00126493002851604,0.0011411703225710501,0.0003997317600340669,0.0002771472975531999
4D optimized,equal_total,wells,20,10,157421.6,1688149.3516149805,1738370.7706081986,0.14469456564535824,0.10326391857554065,0.08032322118005551,0.11038448140243835,0.7340897158047033,0.7587204668900126,0.19517163419715655,0.20747495267150073,0.963535418370227,0.9743753055903531,0.030458082016796225,0.031284003278318595,0.9003414561077678,0.9040078339434561,0.02620420179586178,0.0399764742953973,0.0009426198150361099,0.0008548022415516,0.0004067714954282875,0.0002771330317657501,0.00240765820647579,0.00247743085148025,0.00045400530611281896,0.00074840701321645,0.9983837716792522,0.9989680011746024,0.0014760459950522544,0.0008853368646439819,0.9999206697646088,0.9999217559942113,2.872359995576635e-05,5.163715048484008e-05,0.15062660878041642,0.13663963288989978,0.06547101436787214,0.045264770883503,0.0006476503178378699,0.0006659991955834,0.0001222432441617261,0.000201508656059375,0.0036432214864886405,0.0033002563614753,0.0015787816402959914,0.0010547476735753001,0.00099028946830922,0.001018345812738,0.00018691598526413702,0.000308116732706825
4D optimized,equal_total,wells,30,10,153962.4,138749.907910917,131640.16166351573,0.12101722088196468,0.0769361063263097,0.09163868827768774,0.062473336747353975,0.721956056637388,0.6641876600282789,0.27402870721965716,0.31873568836801736,0.9645206660862083,0.977960744454382,0.03525443342262484,0.015679768890659807,0.8939039544521383,0.898762499708437,0.0424937291134405,0.06943639843101823,0.0007544659022585998,0.0006444728551012,0.000340766172346815,0.0002645050792177751,0.0024866206118833696,0.0020993275377149,0.0012397115115047683,0.001485964800283025,0.9987890396628547,0.9997910456117594,0.002457371751050471,0.00017593215031441733,0.9999059111914799,0.9999381402841587,7.204385076425658e-05,0.00012028204505354356,0.12051935723695213,0.10270754310788441,0.05468841056856957,0.04089995288014679,0.0006687744385965599,0.0005649875157646,0.0003330795233745575,0.00039982256509922494,0.0029155747261282398,0.0024944328967253498,0.0013199369296169724,0.0009926651556252252,0.00102258929699523,0.0008638939427309,0.0005092951165505911,0.0006113485387176001
4D-A,equal_per_property,full,9900,10,494895.2,1.0,1.0,0.05805269706516651,0.04712629115464735,0.03172135758386498,0.03597312617125108,0.2388072301354351,0.24467972347256506,0.03740725867506178,0.06060920305704884,0.9891684006285596,0.9915713781349056,0.005457914054652617,0.006920803439717016,0.9702226903412171,0.9744313294594148,0.014211347925799069,0.01022124849141648,0.00036004071341533,0.00037690126612365,5.976886034946862e-05,7.1575296868775e-05,0.0008128824335553401,0.00077564586925255,0.00022035831885168538,0.00016523709815127502,0.9992745921278512,0.999276786804439,0.00019650456358205184,0.00026196768386399505,0.9999717201274123,0.9999788069876173,2.5816279990353068e-05,9.519665324142501e-06,0.05750031536166199,0.060071861885209896,0.00953605399421482,0.011564877919881741,0.00021864831747363,0.0002084555207229,5.9240953249331353e-05,4.4552721715224994e-05,0.0013913426445153001,0.0014636040003911,0.0002310705199810434,0.00027932573439659993,0.00033432412537145,0.00031873883343714997,9.05823566817464e-05,6.812332192852497e-05
4D-A,equal_per_property,grid,30,10,494895.2,107.00879203252363,3122.8877226984664,0.7543085492242214,0.6751394764655148,0.3734476172083823,0.6737709678174948,0.5207593616193574,0.525769606633548,0.09411882645280369,0.12767890037885077,0.47581014306848457,0.5279191426569716,0.39822005658533094,0.5689603450436429,0.9181464883911113,0.9235808799352597,0.03377135884192948,0.030465628041466908,0.00504310448334072,0.00449721639644725,0.002350854872122196,0.0012120726024014246,0.0017800260454676,0.0016540822495610002,0.0005547151933903314,0.00046006645304037504,0.997907449408336,0.9984923992773203,0.001048567290255287,0.0011427458484017938,0.9999242362762356,0.9999361578151922,3.5096409854251216e-05,4.312489823343757e-05,0.806441497315898,0.717345408858644,0.37966321981623413,0.2009108101984275,0.0004787639972306799,0.00044509306035525,0.00014902318998709783,0.00012485497655032496,0.01950583721607155,0.0173260400287261,0.009157975990258476,0.004782954650119874,0.0007320539050238901,0.0006805693720012,0.00022786385108361024,0.000190909453664075
4D-A,equal_per_property,grid,100,10,494895.2,979.5526968238883,46396.281854162844,0.3251928556338255,0.2563396320707713,0.20465341176098448,0.18672132853899448,0.32273686581916444,0.3552933839924419,0.059069231476709005,0.10524203791151543,0.793343092637573,0.9027800196989886,0.3039783523718159,0.0942431007679998,0.949642378785297,0.9491418660050501,0.018870535861219864,0.013465190391779402,0.00204012470032166,0.0020396797568288,0.0008514361676356614,0.0014232475736335251,0.0010832774808895002,0.00107833526208255,0.00022701309288554415,0.00023653231944835017,0.998840216774353,0.9988704906473522,0.0005031719314197747,0.00047543910938485645,0.9999520272574873,0.9999594744664122,2.7723345710008616e-05,1.9079406087030293e-05,0.32608711697083603,0.32528338170013293,0.13673071824746583,0.23006317712981506,0.0002913821506899901,0.00029010207849725,6.105051290506554e-05,6.403959669500005e-05,0.00788326313037455,0.0078565678715126,0.003293340537357179,0.005556716272823925,0.00044553776495456006,0.00044358047106275,9.334926317428072e-05,9.791972058862503e-05
4D-A,equal_per_property,grid,300,10,494895.2,897.3508911768367,17840.856278044914,0.18373624663852733,0.1395252630000022,0.13420959748798394,0.13955661719463613,0.2628240385774725,0.27257239776413567,0.037467197662710366,0.05813836479124368,0.8837970487250223,0.9738054765654591,0.2101876946492775,0.08502370493153788,0.9612856312009497,0.9662777838548291,0.020873332515036022,0.007988924855419244,0.00110093852862916,0.0011106589875582002,0.0004613693505218523,0.00026258649212035,0.0008984237906746798,0.0008671567422937,0.00025524404948904525,0.00012117286724975011,0.9991536420981678,0.9991470827395263,0.0002028051856988655,0.00015376350939222405,0.9999658546754562,0.9999742262395761,2.9547815963448627e-05,1.1163972865269045e-05,0.17587612984784534,0.17748299597324685,0.07384823122965986,0.04157123742186569,0.000241651572178,0.0002330368526382,6.859862887810567e-05,3.270726563767498e-05,0.004256014842337391,0.0043001828736665,0.0017855068275936705,0.00101755032296435,0.00036949724309123,0.00035632490950665,0.00010489070698711384,5.001103188880001e-05
4D-A,equal_per_property,wells,5,10,494895.2,43563.83372921654,109648.13339370624,0.3824999306069785,0.3116453768167894,0.2456852640324504,0.28081214910664165,0.9074472409781738,0.8896333205303035,0.2299823393624829,0.15769189272394146,0.9093979931392522,0.943918268635459,0.09565835363307204,0.05506869016861182,0.8667488366843775,0.8733939903445381,0.039735114268040335,0.024394272407246342,0.0024144536228066405,0.0022941781825928003,0.001080113634607748,0.0007284108418055503,0.0031860395858985097,0.0027790262079184502,0.001700988478423445,0.0005078799717255248,0.9976771304577834,0.9978793618258159,0.0007624383626452175,0.0012068012972419329,0.9998637240680622,0.9998973917543086,0.00012012861882823566,3.9456177240326795e-05,0.385221274110117,0.36561000060492377,0.17152548231372802,0.11487276423328596,0.0008569679711492901,0.00074780942036595,0.0004571300741693959,0.00013765503514667505,0.0093199262871612,0.008908968643246098,0.004141395269524436,0.002774521293003149,0.0013103465452476998,0.0011434377053393,0.0006989745633239795,0.00021048137831625006
4D-A,equal_per_property,wells,10,10,494895.2,2138919.980074395,115454060.73016353,0.25806771734153333,0.24797432444633838,0.11942517632690315,0.07255987856295726,0.910957221818129,0.9366635033482812,0.16065325739429862,0.1496696104361459,0.9486377171853174,0.9524258896424427,0.025690405542697282,0.04443838194134597,0.8682135185300897,0.8731260604669933,0.03201377425653868,0.02205320873414729,0.00164809400200512,0.00160000478340705,0.0004230223045953442,0.0005411558750679499,0.00308926454489333,0.00283333064933505,0.0008846464143372392,0.00048748638160780013,0.9980104894610171,0.9981832718468184,0.0005548663800107363,0.0007214890177607014,0.9998640673884995,0.9998919098315977,6.467116545882216e-05,3.492364846324758e-05,0.26338360045389264,0.2549823161088976,0.06839228146043301,0.08804537439487817,0.0008309674451600201,0.0007623950068797001,0.00023787963724897798,0.0001299507350488499,0.006372444358839451,0.00621329166573395,0.0016510646280697592,0.002126563796783951,0.0012705904510276003,0.0011657397907639498,0.00036372976744502824,0.00019870112122774997
4D-A,equal_per_property,wells,15,10,494895.2,5749886.90574177,377601462.38706213,0.16674195516841925,0.15494920661533745,0.07206484560225168,0.10124604282589036,0.9098225645454683,0.9293544275445784,0.2313080327294193,0.2951683709337459,0.9678996891958731,0.9748397226189291,0.018202820533199476,0.0269238703784086,0.8764377869037837,0.8780741544566444,0.02636549949390541,0.02220083832842079,0.00108096120094481,0.0011344936214483501,0.00023379928737854235,0.0003826015128823,0.00301763424559122,0.00288371191656025,0.0006788794553265076,0.0011328762046099745,0.9985207031135515,0.9985432028385592,0.0003622416378684078,0.00020633333021147227,0.9998788585886196,0.9998879537537474,4.609652416794361e-05,4.9987358014202954e-05,0.1725495100142877,0.18231223387445633,0.036922411414573746,0.06160178758292559,0.00081171537889925,0.0007758024025767,0.00018266316882692906,0.00030520905802055003,0.004176297276318589,0.0044033880997385,0.0009005162339284132,0.00148786766364205,0.00124115308654844,0.00118624036397525,0.0002793010477338835,0.00046667979226717527
4D-A,equal_per_property,wells,20,10,494895.2,9085317.107829066,982112559.5549024,0.10866572752487169,0.1100303776359193,0.04815786005135669,0.07618010435226183,0.910937574030787,0.9364703204633622,0.2682348743119233,0.370985294833452,0.9783123342362865,0.9781840179218726,0.01080779286258768,0.017198468688935487,0.887249216191535,0.8790652446495102,0.021997863269035214,0.029352511892694055,0.0006894049596334001,0.0006379631578336,0.00016560693536989086,0.00024313514977067504,0.0029656956488603404,0.00285267472395205,0.0006229980711648254,0.000602855828711525,0.9990124883523774,0.9989406633728048,0.00028293436396859575,0.00035511792288800414,0.9998576015571041,0.9998810484284324,7.029275866127562e-05,8.537565400446034e-05,0.11014520107810737,0.10218974836959085,0.026695774176811782,0.038964209936776545,0.0007977736117296399,0.0007671726417748,0.00016780608310381894,0.000162218097918725,0.00266390570619466,0.0024681894316618,0.0006409505662457609,0.000941102365353475,0.00121983543284329,0.0011730450315546501,0.0002565838265480831,0.000248039519959325
4D-A,equal_per_property,wells,30,10,494895.2,54129498.11778304,3343957661.4006534,0.0934829241056893,0.08344771316181675,0.06827040279597227,0.05482993027658588,0.8486385448803802,0.8188094550399698,0.27714080118200546,0.3188611146533952,0.9840984787273627,0.9870163832032668,0.01170309657198868,0.014276393872547977,0.8923683914624136,0.8903172672520538,0.017951416797974993,0.024210724411734663,0.0005686466775014,0.0005302084033631501,0.00028051205502167,0.00029784491317817497,0.0027410042183725197,0.0028359455302179497,0.0005455441275899222,0.0005988886880833248,0.9994939830637211,0.9995797258796402,0.00027292363824868134,0.0004564120766994417,0.9998636182401398,0.9998648213513688,5.598399709897498e-05,6.605332217313187e-05,0.09080976155153349,0.08448780111607515,0.04478792036154843,0.04804649378210303,0.0007373408218339301,0.00076327054829715,0.00014708476644851342,0.00016151308475710006,0.0021956098611873196,0.0020406334326517,0.001079675409981276,0.0011604681804358002,0.00112743069879781,0.0011670785370300001,0.00022489990532074527,0.00024696151985704995
4D-A,equal_total,full,9900,10,259188.0,1.0,1.0,0.0871518538448394,0.0788586625618852,0.04927854884516984,0.06010332681470653,0.3163603917406751,0.29966358361177947,0.0616251810042728,0.07179197076412014,0.9812458554527023,0.9850925194173288,0.010457627158992911,0.016226179180759415,0.9526404614835625,0.9601142590199909,0.02064547486084728,0.024465976367079922,0.0005276091902033299,0.00057693273722415,0.0001277998323603087,0.000136169276287775,0.00106998255245873,0.00098242239212435,0.0002855062433591972,0.0003713332691491001,0.99897239916676,0.998856204962694,0.0002792980904166494,0.00046012022137165154,0.9999613221176528,0.9999727982562254,3.003029524029891e-05,1.59386346209045e-05,0.0843308693144911,0.09202903172098689,0.020686577256180953,0.021911726677275797,0.00028780704790045997,0.00026418276641135,7.676594198796422e-05,9.994670922877495e-05,0.0020393746775985997,0.00222277673727595,0.000496307259291929,0.0005292338235119503,0.00044007125541526,0.0004039485569302,0.00011737893394278955,0.00015282347713800002
4D-A,equal_total,grid,30,10,259188.0,263.9072832292679,40089.642604773755,1.1479071926428144,1.0495217930167573,0.7676978739380174,1.0987854675256505,0.6035169754231837,0.5958774599416738,0.14268342553886065,0.1134709330780811,0.38035217390066706,0.4670163299355987,0.4122182101882537,0.5896192684629263,0.9058161992278062,0.9101681118200415,0.037645394323593935,0.040824751630155864,0.007266473983668529,0.0066837910364278,0.004410211018358061,0.00438867557910305,0.00206717541745617,0.0018421332315965,0.0007170759632782633,0.0009273063890430499,0.9949623364075594,0.9968713327902796,0.0035338298308986793,0.005740369048025551,0.9998935883783172,0.9999236346412699,6.0363754390184745e-05,0.00010352828395721048,1.1631971225056374,1.0655888353344696,0.7114354845300136,0.7079818973304448,0.00055600981572923,0.0004956275760481001,0.0001927354957373231,0.000249006830542475,0.028124294187631998,0.025737161745474753,0.017161880629975458,0.017025890914334048,0.0008501665939597801,0.00075783915370045,0.0002947021353053665,0.000380743798052175
4D-A,equal_total,grid,100,10,259188.0,117.09419938279494,1335.7927024444473,0.23748239563964493,0.2452644335645452,0.1631402214394791,0.16446702223769896,0.3471947408522531,0.3375529862120775,0.06310899978263723,0.07483301887988064,0.8827926948407265,0.9366229000092268,0.11261686890150563,0.13339815884197337,0.9425180340438979,0.9490149173816367,0.023206674320662875,0.018275450471199606,0.00138100906622817,0.00118669568306405,0.0005551127118664957,0.001013685185492325,0.0011726513510858297,0.0011230714529095998,0.00028994188688729385,0.0003867571657585249,0.9987243912311202,0.9988689353289465,0.0005284628621765949,0.0006420309207540997,0.9999547542716483,0.9999661207415745,2.943401330547957e-05,1.8828620361177606e-05,0.22091282797372563,0.18961870677175252,0.08961500703268786,0.16438654702098895,0.0003154226042081,0.00030201263179000003,7.795710079566774e-05,0.00010410598159207499,0.0053404122768964495,0.00457985966474625,0.0021580673364630892,0.00397043172941715,0.00048229681111984,0.00046179229797409997,0.00011920027485757731,0.00015918321093820004
4D-A,equal_total,grid,300,10,259188.0,106.82621757583607,1068.8378060310802,0.17323770291125773,0.1590083611744588,0.10972562992709338,0.1514995374219602,0.3272170735152896,0.3139160845122863,0.06103032030237948,0.07993948395392786,0.9302627669427099,0.960203112132519,0.060716835631357415,0.090724936287088,0.9480104608932512,0.9557734938533954,0.021445145255516787,0.0227769019979579,0.0010147744309835702,0.0010029594229989999,0.00031115717584991097,0.00025271337963257495,0.00110605772224583,0.0010272944911092498,0.0002822174282477845,0.00035476639335039995,0.9988245345037321,0.9988171421753049,0.000348531671969625,0.0005576250793020154,0.9999578538261547,0.9999694723234557,2.9640794315455445e-05,1.7454565246377562e-05,0.1622445267683035,0.1608970361447346,0.050302639544422705,0.0415195700887831,0.00029750955508485,0.00027625096365460004,7.588075860078959e-05,9.549595359739998e-05,0.00392233352006309,0.0038861452994904,0.0012088231894049517,0.0010028219661687744,0.00045490687027754,0.0004224014292631,0.00011602544462657892,0.0001460180509589751
4D-A,equal_total,wells,5,10,259188.0,45076.83021106635,114411.77886040737,0.41740293342239276,0.3200942693082969,0.28470093098621496,0.24962499407815864,0.9294513015577326,0.9336323841966905,0.25847948583577507,0.17689813425222223,0.9022979135877781,0.9241473832202179,0.09439685352657343,0.04782650501114316,0.8630694481858999,0.865107406939567,0.040413012649790324,0.03312041359715723,0.00259799577248362,0.0023967499365906498,0.0011813103325438688,0.0008116157248468248,0.00326697557814341,0.002863037447937,0.0018323383885146037,0.000421315859276075,0.9974886241235777,0.9976650998818652,0.0008619528692043909,0.0012972217762182714,0.9998587018030258,0.9998904453988854,0.00012841075405276676,2.8615830057310276e-05,0.41472701994131844,0.3820200229808841,0.18806525504200747,0.12997835112106498,0.0008787385688252301,0.0007704044122755,0.0004924297133758812,0.00011499476652737498,0.0100299730499054,0.00922693110993285,0.004534183475600284,0.0031066845791611498,0.00134363486921437,0.00117798656899045,0.0007529494630167619,0.0001758327033373249
4D-A,equal_total,wells,10,10,259188.0,3209676.462434029,120579000.18916073,0.2824492686337389,0.2468289972897461,0.1398926667220293,0.10358556045093686,0.9103754287378354,0.9406790648998697,0.20553395735760843,0.23855580818660638,0.9458796358102444,0.9547943239298383,0.031699749942418795,0.050427607457815604,0.8672735103906193,0.8660197223606592,0.034372805277817324,0.025790595400948413,0.00177730745402788,0.00181126182672985,0.0004553803379007804,0.0002994086778298499,0.00308080286622852,0.00289627505446515,0.0009570863420730423,0.0007105407680970247,0.9978972087328091,0.9979671244151298,0.0005102333255856117,0.0002982154477444432,0.9998629219930628,0.9998878577330145,7.096846022110053e-05,8.074822660086856e-05,0.2840574082662244,0.2904567883569525,0.07377035654743486,0.05053219607020737,0.00082868922386969,0.00077917776126905,0.0002573324838735104,0.00019070725570067507,0.006871462425954331,0.0070154039404613,0.001776528892866173,0.0011408181626805002,0.0012671069376436399,0.00119140145487995,0.0003934741350618699,0.00029160085566084983
4D-A,equal_total,wells,15,10,259188.0,17753736.92640814,1388474523.3756094,0.17276543345289902,0.15409849049711505,0.08467669122701905,0.11898216631894036,0.8976703716781245,0.9238159639397746,0.2141070431569791,0.19265585530893803,0.9590330708852812,0.9733213607285749,0.032594328771711416,0.039139468268212685,0.8795164756390518,0.8836269339371123,0.027560986334345006,0.028213144079766717,0.00110005668743166,0.0010837575659884999,0.00029029404081142165,0.00046149787582380015,0.0029918446674496104,0.00279631586133635,0.0007006685141561025,0.000909489420450525,0.9984857660973339,0.9984296609608909,0.0002744474596446929,0.0003073074923355401,0.9998767582379138,0.9998865530344029,4.6034864244289943e-05,3.680834502750585e-05,0.17560862709937913,0.17415851675441874,0.04600951074055461,0.0723479251265082,0.0008047868428453101,0.00075166503799335,0.00018851854440235679,0.0002453287920225751,0.00425015735606442,0.00420645131370245,0.0011174938341682865,0.0018125398194715507,0.0012305590111715804,0.0011493331359831,0.00028825420749562864,0.0003751198946742001
4D-A,equal_total,wells,20,10,259188.0,4440.764776759725,25933.11675534076,0.14982276931363198,0.1379006665567076,0.07481326626916428,0.11939326137939403,1.1078055323202118,0.9074500343442224,0.6398094857266807,0.38599432305594883,0.9628321724967552,0.967431162586059,0.020382873991544998,0.035465314746290444,0.8785219868955119,0.8800080968626116,0.030257243301361588,0.04048783572327441,0.0009415182913563201,0.00086216887667475,0.0002871489304955189,0.00015513086452095,0.0036062939652573003,0.00294689009547915,0.0019457293830964643,0.0004743776780570751,0.9984862636717423,0.9987464332602307,0.0007659373607579832,0.00021986728519884924,0.9997879133322629,0.9998801044428332,0.00020195155363755184,9.576459189652997e-05,0.15044398914602117,0.13826163326878066,0.04637543233299751,0.024829481235636636,0.0009703401914644401,0.00079249781513145,0.0005244221225527136,0.00012842939551282496,0.0036387686256215703,0.00333943377805925,0.0011164476056352711,0.0005997063345893751,0.00148369829492608,0.0012117684780928,0.000801867443910233,0.00019637491759790003
4D-A,equal_total,wells,30,10,259188.0,375.2864680756203,2300.6815708306744,0.1542162097447911,0.12901401550190109,0.0850914508868932,0.09892725700713047,0.915560074277591,0.9345025979190846,0.22882858590413072,0.3713811958228057,0.9486867775577936,0.9591489327294944,0.040124518743762355,0.05302237218146022,0.8749804491556775,0.874635274076319,0.023645118087005253,0.02932476557882957,0.0010029723896894899,0.0009416648890182,0.00043626822624657276,0.0006461102748318749,0.00301825354439637,0.0032558914074122,0.0005682989803988869,0.000705887365511425,0.9991765153014589,0.9993496704048991,0.0004620069975106431,0.0006532754687090803,0.999858959770019,0.9998509460751477,4.732813737070583e-05,7.092512294859521e-05,0.16009234478515139,0.15102880134265625,0.06923661217360887,0.10321853992036117,0.0008118907392577699,0.00087676145821085,0.00015292950816962452,0.00018977705195822496,0.003870680392533331,0.00364779787427205,0.001668049673041992,0.00249303545243695,0.0012414212212368898,0.0013406117689932,0.00023383680539165746,0.00029017852798779984
4D-B,equal_per_property,full,9900,10,259184.0,1.0,1.0,0.0096583767431801,0.006966454775179751,0.00849097122766746,0.005189488322049699,0.28294673560613254,0.2838456799518577,0.06477026436474581,0.0977470297136448,0.9996436645092984,0.9997991542130673,0.0004901842094193053,0.00012631509944904806,0.9649168214412178,0.9668477151106945,0.012110129440107524,0.013854634278095856,5.576926942028303e-05,4.865064486222722e-05,2.7283421478455137e-05,1.1263147169664514e-05,0.0009398527558285199,0.0009161091666128999,0.00018449308335697528,0.00025200358837342495,0.9999593866629825,0.9999800897762886,6.0250235788688854e-05,9.151846797506025e-06,0.9999734423439088,0.9999743283052434,9.573332648566949e-06,1.316817954322147e-05,0.008906434729421209,0.00773380926127855,0.004365296191499471,0.001873433998151576,0.00025281165119495,0.00024629670752745,4.968053583071259e-05,6.765879407744999e-05,0.00021540491289572002,0.00018679465593655,0.0001052811531368565,4.309031708645e-05,0.00038656155760108,0.0003765998855029,7.596400412086572e-05,0.00010345365294827497
4D-B,equal_per_property,grid,30,10,259184.0,67566.37783010566,64385.594137210726,0.3480416267081913,0.3171176662444657,0.15786910738818433,0.15937974315232195,0.46110057248502523,0.44769868574833904,0.12812204785770287,0.11258823421640735,0.7735529388814216,0.8475460052162893,0.2450894942713353,0.1586600370138227,0.92951404414018,0.9297152824350308,0.020040779767217458,0.02059013434165613,0.00233486255624678,0.0022838413324543,0.0009001160034706086,0.00148618394692645,0.0015191231370055701,0.0014475596028251,0.00031394667389676517,0.000289662004998525,0.9991681399299004,0.9992509790212907,0.0002597304101690168,0.0003778240015648304,0.9999443196671838,0.9999398566344244,2.064944193741787e-05,2.172019531043734e-05,0.3722163549728323,0.36617636695298317,0.14166495058633893,0.23188761346169307,0.00040862335145554,0.00038955054779425,8.448234302609557e-05,7.890797476272504e-05,0.00901345508449418,0.008844255937311,0.003454261430598601,0.005600777008855876,0.00062480537769605,0.0005956421146254001,0.00012917769396935565,0.00012065420832950001
4D-B,equal_per_property,grid,100,10,259184.0,1.6199855991991112e+18,2.0780693105863726e+18,0.10298236208110427,0.09036389712595536,0.06168201144954838,0.07921549150108396,0.34527358556740306,0.365630725404347,0.07531387179955684,0.10415223520786449,0.973769079041697,0.9768104952807568,0.020418730751151925,0.03654731753113094,0.9479410832935994,0.9439605995156886,0.016855863683365294,0.024272518564984247,0.00069682786609986,0.0006150469860428,0.00039160249629495236,0.000641089857580975,0.00114289099417184,0.0011712382043278999,0.00019246457368401657,7.105993092019992e-05,0.9996266167513689,0.9996595623313527,0.0002098112724098835,0.00023323859139601222,0.9999625737873868,0.9999637414580347,1.4238757838071924e-05,2.3596296010341966e-05,0.11123480592124164,0.0986561143315426,0.06229343118694562,0.10277434973699574,0.00030742038806825004,0.0003148067183245,5.1801478596796696e-05,1.9003770251825017e-05,0.00268888709032665,0.0023828406300202,0.0015022443889669184,0.0024655585454308,0.00047006102562238,0.00048135509104745,7.920703083804642e-05,2.9057707562600067e-05
4D-B,equal_per_property,grid,300,10,259184.0,107229.86149414507,97708.13068835357,0.041192389307018004,0.027101298442022748,0.03519449520072483,0.02241096163383893,0.30309169002323816,0.30552447023240076,0.06756819065833003,0.09161837168415493,0.9921178210824507,0.9976237555773098,0.013459011079247029,0.0019613380691312354,0.9578694313243888,0.9594582091559061,0.013060883679539451,0.01669623828619038,0.00024175297146465007,0.0001870544761064,0.0001272297735316394,0.00012900058720227502,0.00100772507141565,0.0010038129202340502,0.000197877821470499,0.00024726416770662503,0.999937071761488,0.9999566877070404,6.390722213078899e-05,2.9270328714914307e-05,0.9999679638132178,0.9999679143447882,1.188156276485572e-05,1.6295622037976187e-05,0.038610275968252825,0.0300074290718886,0.02033496197807483,0.020935109790401824,0.00027106760178561,0.0002698691039908,5.328311516811618e-05,6.637553154047502e-05,0.00093362344767227,0.0007247692824659,0.000490371757944174,0.000497623984973025,0.00041447581179962007,0.00041264324920945003,8.147252666507933e-05,0.00010149148086167502
4D-B,equal_per_property,wells,5,10,259184.0,8194065.072949209,8587544.409457903,0.33375946974966264,0.25016105899850405,0.1872449706386409,0.2262520949734507,0.9316844114379655,0.9655168087636572,0.15963710944311482,0.2035895064378931,0.9425609103520239,0.9476359742187925,0.02861313393530713,0.031793596898935794,0.8708027739783557,0.8725315623034792,0.017117579970125113,0.02032465911185566,0.0021171337512292795,0.0019672723582944,0.0006440058827471248,0.0005159252892396251,0.0031379335492871404,0.0030596278682071,0.0007265987418803408,0.000623262962655875,0.9981219453434059,0.9982308062149015,0.00046173236853069193,0.00029494181886102755,0.9999043565186814,0.9999151383402124,4.047929278119634e-05,5.1496516590865404e-05,0.33787294897493736,0.3154633702890859,0.10195683054317077,0.07865307088638424,0.0008441021315196299,0.0008231265650351,0.0001956171319741936,0.00016874329991284993,0.008178292286249961,0.00761938788037485,0.0024778212552734355,0.0018997072229513003,0.0012906740381319602,0.0012586013563015,0.0002991083000802077,0.00025801687754792497
4D-B,equal_per_property,wells,10,10,259184.0,3602805781.278123,11178946904.364153,0.22207747413806223,0.2113579230145608,0.12146662371030367,0.17690832387544286,0.920880934474812,0.8927768622000773,0.13570204908830988,0.12142688100685883,0.9626351107222335,0.9700655831083046,0.02456141677170419,0.03891383648126512,0.880697253929004,0.8829579990834078,0.015902400589362594,0.026611735297768946,0.00138730091086985,0.00139835489130645,0.00038709831216405963,0.00036977777760595007,0.00310227303558988,0.0030131175067450496,0.0006249265834073841,0.0009003989821923749,0.9985169180726841,0.998538400728268,0.0005915420540140003,0.0002054713361955285,0.999900254101694,0.9999064057286104,3.6775301760544245e-05,4.144884145940164e-05,0.22148088762193333,0.2217867903784125,0.061830373152490826,0.05893027715942009,0.00083447260575569,0.00081091543871635,0.0001681147393139718,0.00024176767834139992,0.00536057434447508,0.0053568152252526004,0.001501818837826996,0.0014233426859071498,0.00127595001548239,0.0012399299383208501,0.0002570557772069809,0.00036967477517540017
4D-B,equal_per_property,wells,15,10,259184.0,14373031550.077866,31095531252.235657,0.1678963481800164,0.1720186578573049,0.09071863478702472,0.14041150240161762,0.8413352758841472,0.849933973294342,0.14975072439234127,0.1902385044156909,0.9776193605260104,0.9828424392988806,0.014080080094972526,0.015381318553601031,0.8805980455827591,0.8754402811778452,0.01733740378443744,0.020705041324263096,0.00105824995838632,0.001061506457984,0.00035454276079055643,0.0004918267273132252,0.00280310018708829,0.0029771710818882,0.00046089127963174517,0.0006145749585785504,0.9988555885277309,0.998884030990363,0.0004876840066426239,0.0004556242350525208,0.9999110942780052,0.9999109934967711,3.0365879102918263e-05,2.9534574868428365e-05,0.16891148969756348,0.16979971314930986,0.05643622715063274,0.0773956385134574,0.00075399677092218,0.0008011924239841499,0.00012401341161508516,0.000164372842415825,0.00408899521846712,0.0041011716121136,0.0013723003054353388,0.0019389119133145505,0.0011528984713172002,0.0012250629664004,0.0001896226591248972,0.0002513342312003002
4D-B,equal_per_property,wells,20,10,259184.0,23139349833.36058,64623621947.45724,0.07049474675056944,0.0630330868452041,0.030323873209718355,0.02489608825293811,0.7139651019980828,0.7287723714418464,0.19762138419300615,0.21961711806467266,0.9914012567159416,0.9923092825045334,0.005095671738229959,0.004927894553178214,0.9029360991203937,0.902155148656673,0.026782884914075003,0.039633124959849275,0.00047016687056908996,0.00043008849825885,0.00014779345633140963,0.00019865749039787496,0.0023346687718415597,0.00228730863802985,0.00045492165613192684,0.0006323403147825003,0.9996238446122744,0.999715827759085,0.00019630803219693364,0.0002596375487835534,0.9999243529793889,0.9999236990568527,2.2766305471470413e-05,4.127975098811021e-05,0.07502796100084227,0.06852930209992825,0.02332694122805672,0.0318129762677865,0.00062804305694933,0.0006152644679919,0.00012262457402809705,0.00017070771318984993,0.0018152078212703502,0.00167047718186725,0.0005630222214198368,0.0007683786547481746,0.00096030899362167,0.00094076989711255,0.0001874990575490198,0.00026102056291025014
4D-B,equal_per_property,wells,30,10,259184.0,127852283745.03885,254594556513.156,0.03675934075448566,0.03158973057549705,0.01900535005929014,0.018768652722583653,0.5652317027148139,0.6167235166075595,0.15576517526300318,0.1974903063686949,0.9975666474157971,0.9983570927021927,0.0018781289066226356,0.0015564780751483598,0.9173091082182454,0.9143236285064037,0.022191564274702823,0.027010089904266676,0.00023825288404342998,0.00025553378218045003,7.467187127688593e-05,0.00010022882305482501,0.0018514256469772598,0.0018976496269631502,0.0003817729118776235,0.0004613744284382251,0.9999218633216135,0.9999398338288201,6.17519922312522e-05,4.274168574247561e-05,0.9999445932038553,0.9999439097170961,2.1639389677186312e-05,2.3827858553704395e-05,0.03802140636457864,0.04062858565408705,0.01181511930216242,0.0160337457921768,0.00049805493585576,0.0005103438518885999,0.00010296767757110249,0.00012480118082955002,0.00092008744364563,0.0009900847811744,0.0002859528042193212,0.00038726283922670005,0.0007615507072766801,0.0007803410695896,0.0001574426876147045,0.00019082719733787507
4D-B,equal_total,full,9900,10,136304.0,1.0,1.0,0.03921077634700544,0.0305838079118673,0.020446771305018045,0.022134622711094773,0.3406877238091044,0.33125557402128514,0.08228570180787885,0.08906916339113896,0.9952896076491511,0.9958663222931872,0.002486199940575334,0.002897771340429234,0.9510263799196649,0.9538764209883233,0.01721627992878987,0.02310008086496984,0.00025161736520135,0.00024249500011950002,6.803335352555452e-05,4.9980443191525016e-05,0.0011227916718127302,0.0011147812040396,0.0002009365245140437,0.0002709016942295501,0.9996996836154622,0.9997792267389218,0.0002449017638658547,0.00016271269893064488,0.9999654031779762,0.9999697785061006,1.5210658498941166e-05,1.3052823277903691e-05,0.04016206704774725,0.038901559314592896,0.01073499804312521,0.008038818838224604,0.00030202382351352994,0.00029975905104105,5.4133871067940446e-05,7.279457901330003e-05,0.0009716242637236499,0.00093958916519295,0.00025886207646386947,0.00019018652737855008,0.0004618094106746,0.0004583464612005,8.277337464504573e-05,0.00011130652292042504
4D-B,equal_total,grid,30,10,136304.0,2.8337374607867187e+18,3.2914928476981934e+18,0.35134077874469843,0.3235795083440503,0.1606310301794398,0.15734855595840225,0.5064040380637347,0.47655365575756176,0.1577537617554991,0.20329908723401457,0.7694908621276875,0.842938066944485,0.2534749754831674,0.16048396533672005,0.9245210638571665,0.9241164474317716,0.020715123643541705,0.02420550634107088,0.00234920763745214,0.00228150586545215,0.0008908498741729324,0.0015266960173956996,0.0016931079190380502,0.00153916323216895,0.0005767041859882305,0.0005715391012986,0.9991337549782132,0.9992965896608283,0.0003620319714678277,0.00041881312079872224,0.9999458460826119,0.9999445088466583,2.258697561791469e-05,3.8478532580876745e-05,0.3745083795008711,0.3658010412211665,0.14016755657709334,0.23829989951477248,0.00045534649141132003,0.0004140088812397,0.0001547233260502111,0.00015403136527645004,0.00906880071888798,0.00883519069681045,0.0034179426447418413,0.005755652888501076,0.00069624737679673,0.0006330401199320999,0.00023657964192901374,0.00023552159957525005
4D-B,equal_total,grid,100,10,136304.0,16640.86710347943,14217.609095360749,0.14446363714842697,0.12984549455966746,0.06453941437864875,0.062125167793497665,0.4264004683042198,0.43671958894952356,0.10025642923623955,0.12186917325463925,0.9444420684737125,0.9534461969685801,0.0418603805959951,0.05765237860355976,0.9354745526639355,0.9373365079047176,0.01815662927119261,0.029875420413657205,0.0009774620930308301,0.0009361363960361,0.0003735968728563705,0.00036945376393534993,0.00140181131320389,0.0013024008340119,0.00023083517657254617,0.00025814897724122515,0.9996685905267005,0.9997914639661244,0.00033204281941076624,0.00017441201076140445,0.9999555696411994,0.999955459564143,2.0237035830668656e-05,2.255013111973625e-05,0.1560171603332447,0.14845436276719332,0.059313572648526956,0.05942358052388193,0.00037708317681552,0.00035015553424634996,6.223925859580835e-05,6.933572093017495e-05,0.00377485681234756,0.0036184921910937997,0.0014325397929453325,0.0014352560529110252,0.0005765788858463501,0.0005354051843778501,9.516691431355579e-05,0.0001060177573047001
4D-B,equal_total,grid,300,10,136304.0,18721.0380755767,15028.412248466146,0.08443632695364646,0.08596193054499775,0.02946340492515271,0.03688776749296058,0.3558688459123281,0.34911314740330157,0.08538197480345398,0.09466255712704086,0.9787244434993699,0.9811136612309831,0.011964514393596764,0.016303002043317583,0.9458981668521318,0.9455351438729038,0.01701039277740986,0.02241792068800208,0.00058437520691917,0.00053478215349875,0.00021996938111467037,0.00022484265747902495,0.00117309886003325,0.0011625351903428,0.00020791005170653034,0.0002550067650554503,0.9997116060037994,0.9998020542501729,0.0002912000361466834,0.0001402269723331795,0.999960556286789,0.999964928626399,1.8377551207432695e-05,1.4186675288740958e-05,0.09324846395301847,0.0850035729984195,0.034751350844328184,0.03619564432708472,0.00031555384787723,0.00031259661266950004,5.600376683052974e-05,6.885893614275e-05,0.00225622586581516,0.00207307124085365,0.0008395121493308059,0.0008742332141978499,0.00048249748920146,0.00047797572984945003,8.563253803853804e-05,0.00010528872970960002
4D-B,equal_total,wells,5,10,136304.0,7104722.0345256645,7981897.422349843,0.34616787209906313,0.2746419575277006,0.18961967978117586,0.23228168159217305,0.9520983681181703,0.9718586246061705,0.17318926485176422,0.23142253315517092,0.9389295023308618,0.9437582851356634,0.029064907714069,0.04013424797828746,0.8680586296958885,0.870343214443217,0.020288004282302513,0.02652159727509118,0.0021983135460703703,0.0020730089317293502,0.0006436604043788403,0.000672283519444175,0.00321511832812117,0.0031824500010614997,0.0008106376939878972,0.000898336341822,0.9979866668453434,0.9981406476777752,0.0005201777640975953,0.0003511707993417712,0.9998969415614976,0.9999096026488528,4.257642839392593e-05,6.086178194830705e-05,0.35085308950002747,0.33032606782390783,0.10193995048033276,0.10461539789223384,0.00086484999119549,0.0008560977772797,0.00021815837933487488,0.00024179742294197504,0.008491824653819702,0.0079783667103862,0.002475054580434971,0.002526775175693775,0.00132239854495461,0.0013090159756476,0.0003335749856495706,0.0003697202561455
4D-B,equal_total,wells,10,10,136304.0,3639429390.5012684,3946737433.1091475,0.23358042835260534,0.21843480716582198,0.10124842939051368,0.15212058895269018,0.939442827027159,0.9365937083373561,0.07927165674978419,0.07817066924224758,0.9578085692857059,0.9648939312601075,0.024084115613336985,0.029574303772693655,0.8711221893540889,0.8767442133150759,0.022096618465870636,0.026573704124295938,0.0015094183124949002,0.0014563423174351001,0.00037122092939568266,0.0003361469499870999,0.0032137791616308705,0.0029442976083208,0.0008576750957889166,0.000666108477438975,0.9982995020336649,0.9984663391435316,0.0006605881591463343,0.00031654074277986943,0.9998942919162512,0.9999052521960666,4.4599663363437644e-05,4.741161512977765e-05,0.24109171409695493,0.2323018247591715,0.05971558614179181,0.05535658644951691,0.00086438675632932,0.0007923923850029001,0.00023031029191123413,0.00017709076469382505,0.0058344771680411,0.00561078479742055,0.0014483013036334345,0.0013370273522820752,0.00132169023586147,0.0012116072701955,0.0003521558628803134,0.00027078056534680017
4D-B,equal_total,wells,15,10,136304.0,22064742005.116806,63509783290.893105,0.21613711737612823,0.22195322825359465,0.09647204004910305,0.1577061615724518,0.8887861526038687,0.9059807966147828,0.07889642478311468,0.09054001960393165,0.967303803769674,0.9729127355742796,0.015194454872032592,0.02118500149243685,0.8702655648915709,0.8747783335534534,0.024338467573525806,0.02712627067125528,0.00138893353940838,0.00135233580873655,0.00043974268125946824,0.0005481713800601,0.0030712743543373105,0.00278587159228565,0.0009760145669369072,0.0006938739887368752,0.9978310457134109,0.9981711568863774,0.0012708771321230364,0.0006571007375572036,0.999902165615835,0.9999083065719094,4.605754234931904e-05,2.9004271224097877e-05,0.22191304010928983,0.21474267750188014,0.0707927870115237,0.08759693994486487,0.0008260523916959001,0.0007494287804691001,0.00026215058591483775,0.00018836147251962505,0.00536968213039957,0.0052357646409799,0.0017114452326324355,0.0021157295179472253,0.00126307509042692,0.00114591378727955,0.00040084125212691855,0.000288014036794
4D-B,equal_total,wells,20,10,136304.0,1688149.3516149805,1738224.8761435926,0.13382957697308087,0.10326391857554065,0.0714041631239126,0.10061903493473429,0.7691146908508758,0.7587204668900126,0.24368885054280306,0.28665036020858836,0.9672271862333304,0.9773071736388665,0.030418898973566463,0.012931524221535429,0.8999615223607288,0.9048082380691571,0.026869910214347738,0.0399764742953973,0.0008788833397348599,0.00078574380910935,0.0004092786228894914,0.0001781213338746,0.0025101137684401097,0.00257489281209045,0.0005715364401578094,0.0008627540910032001,0.9986489387418847,0.9989680011746024,0.0011707334354906424,0.0007451275005670999,0.9999217632851918,0.9999217559942113,2.941550341547151e-05,4.53152832731174e-05,0.1405026765762923,0.1252599925891314,0.06603927381651162,0.02843256553796325,0.0006751910025912199,0.0006924011700836,0.00015372037024509992,0.00023206917292944995,0.0033986982032130795,0.00303526122867935,0.0015934049791434216,0.000678815824553175,0.0010324005416926401,0.0010587157416487,0.00023504607274262105,0.0003548452792217501
4D-B,equal_total,wells,30,10,136304.0,138749.907910917,131516.51943833567,0.10611027366101244,0.0781697314098565,0.05206274539628736,0.061676258273367396,0.8974810911474688,0.6641876600282789,0.6485456712719659,0.31873568836801736,0.9679534931692452,0.9789659783375008,0.030871573873125512,0.01817904191233588,0.8940549887892933,0.898762499708437,0.04332274171257883,0.05676858384641115,0.0007091395903110799,0.00063629067422965,0.00030778068863097105,0.00013438341533792504,0.00299544691711954,0.0020993275377149,0.0019936891072365485,0.0026087755296332,0.999690774458788,0.9997910456117594,0.00028184959501339416,0.00017593215031441733,0.9998507057529251,0.9999381402841587,0.00019009722374664723,0.0001286612186136571,0.11325700190345836,0.10203635371941505,0.049357859390327455,0.02070841876285616,0.0008055918508653298,0.0005649875157646,0.0005359155446182857,0.0007005235908139,0.0027401670945227797,0.0024644835348436502,0.0011918493762825715,0.0005214657998163,0.0012317899083735802,0.0008638939427309,0.0008194414564797884,0.001071135325928775
4D-C,equal_per_property,full,9900,10,444631.2,1.0,1.0,0.0769081698992299,0.051125746195688604,0.056655203304209444,0.058064595968492436,0.22821198071790025,0.24268960793422814,0.047754808753590165,0.06833805648930197,0.9838543756528768,0.9877166848416106,0.01245898202585656,0.010954777556422601,0.9753355641815411,0.9741519447637528,0.0069051795321093306,0.010204116992562295,0.00045292027898320995,0.00044077174973015,0.00012847542441836102,0.0001497733274217,0.00075646369752854,0.0007593976980176001,0.00013466337154186076,0.00011536907154632511,0.9990652826479749,0.9991173297981878,0.0004115359234502857,0.0007268160401497914,0.9999790662923355,0.9999796668005743,7.499423529427283e-06,6.497225327861678e-06,0.07230810134104874,0.06971098644485496,0.020460554744513856,0.023625318478538652,0.00020348413689373003,0.00020408403115245,3.629426881858707e-05,3.112761894399999e-05,0.00174913358859463,0.0016962194124827499,0.0004928735117380172,0.0005701766362142498,0.00031113734091351005,0.00031205460899805,5.549573771699231e-05,4.7595673722024994e-05
4D-C,equal_per_property,grid,30,10,444631.2,149.50479436774398,149.93803758152458,0.7763358827164205,0.797982915268112,0.39908870485132214,0.6700821874908631,0.5207316690987339,0.5192783744225158,0.11888863151289088,0.17970468052613603,0.4580509045425072,0.48846946902410904,0.40524211496802076,0.5850696659513243,0.9265149730772485,0.9238334183431007,0.01601313981610668,0.028151354024988584,0.0050853426806652,0.00433782604329125,0.002349422220024905,0.0012523902834449246,0.00173100982951673,0.0017623739924012,0.00033298695512228943,0.0003325894734557003,0.9977691716627908,0.9982218349510041,0.001048507942106322,0.0011583302432123244,0.9999202871912269,0.9999201550286972,3.396954709607042e-05,4.223349840071222e-05,0.8133590364230481,0.6899611179539478,0.3797249253468326,0.20229050500813572,0.00046559028197397004,0.00047409850589235,8.942425779446186e-05,9.025277767140007e-05,0.019672909368631548,0.01680387749438655,0.009158893557178673,0.004885921543400902,0.0007119106407995,0.0007249201372952999,0.00013673412683693932,0.000138000974834675
4D-C,equal_per_property,grid,100,10,444631.2,1762.5978082101926,1857.083196245611,0.3340123642367356,0.22632538341891564,0.35939622278973093,0.19174283636286987,0.3125979747650242,0.3510246822821862,0.07087514504855921,0.12112416033201323,0.8605506791121691,0.9380646040992584,0.180077696086844,0.13680352774957782,0.9562658562047611,0.9521103435723899,0.013576802068989462,0.023922829725957273,0.0018695787729010398,0.00160101901372745,0.0011426805711601997,0.0015763335409456252,0.0010349722541687701,0.00105658183513335,0.00019404444094883437,9.961084625900013e-05,0.9979914011942258,0.9988018939049288,0.002087870967039526,0.0012285227091840545,0.9999602943757443,0.9999622432246964,1.5348834617098638e-05,1.272596103163437e-05,0.29871775162162406,0.25312695841470556,0.1829453889025206,0.25398236460402523,0.00027839622899459996,0.0002842496299695,5.225815762052189e-05,2.6778443223950035e-05,0.007223307090666829,0.0061556666503096,0.004413560267352052,0.006134434766539349,0.00042568164640255005,0.0004346317869021,7.990531572286027e-05,4.094556826725001e-05
4D-C,equal_per_property,grid,300,10,444631.2,1443.3328148890075,1375.0673691682712,0.34316484383391804,0.1704935029895422,0.4120087202502207,0.15217934821104767,0.24759175993127874,0.26296543858072907,0.04960914342127413,0.06350182114494987,0.8004003117205665,0.9416912108188932,0.30559314087337974,0.13624379642375728,0.9696145352406662,0.9684279394092582,0.007178446225149307,0.010988387727974724,0.00181614304351597,0.0013497461337683499,0.0013147372523569097,0.0009291473022751497,0.0008226169237458799,0.0008249891209414001,0.00014974252757413647,0.000123942348898025,0.9982834843520665,0.9988218736258856,0.001146718402044095,0.0011758597066900967,0.9999738859022024,0.9999739441193771,8.778785674331632e-06,8.675943748315262e-06,0.2901026631237401,0.21435576347716756,0.2103847579898529,0.14743075538537093,0.00022127692859452,0.0002218692322969,4.034289204327497e-05,3.3493228799725015e-05,0.0070140182629237794,0.0051773336701251005,0.005076856704885667,0.0035429696039859255,0.00033834340219041,0.0003392490639378,6.168628349470006e-05,5.121280855807501e-05
4D-C,equal_per_property,wells,5,10,444631.2,18999.875788244903,19802.08824084524,0.4074376027367932,0.33216762568458535,0.2891935275687733,0.14605895339225355,1.033591258222967,0.9571772711729067,0.4660256658342581,0.14241758412445682,0.8900387694835118,0.9261571968452043,0.12883154472143754,0.07399713015058706,0.86399735457899,0.8695189486468173,0.023553381297912682,0.02834493382654979,0.00249237386599028,0.0025871365101407,0.0009237974274185646,0.00114256698981215,0.00342593678983941,0.002991352883249,0.001369854682510024,0.0006847468932579749,0.9971313638061178,0.9973368620916137,0.0013820515105726664,0.001493024438848467,0.9998537682451083,0.9998948007024698,0.00010699676903019542,4.668547297748127e-05,0.39774270565029524,0.4103519969233359,0.1469294549984944,0.1785110536320364,0.00092152452402792,0.000804616989875,0.0003683732988187194,0.00018438642168352505,0.00962380650319533,0.0099968728557322,0.0035497474777120216,0.004311576574693324,0.00140905671748927,0.00123029929755295,0.00056326105025986,0.00028193598684850014
4D-C,equal_per_property,wells,10,10,444631.2,1191536.8437895784,5497911.994998654,0.3112080795656259,0.20236014122309146,0.29171408216832495,0.11059248682466172,0.980694018226935,0.9609754227750353,0.28224680495336246,0.20009565454946743,0.9478718324567673,0.9600578430364071,0.039899900762492994,0.025612344403480924,0.8666101075406678,0.8628589343828355,0.020624391103050237,0.025076798240320053,0.00182178765515278,0.00161032855589615,0.0007443460545527013,0.000527268280631425,0.00326868975533903,0.0029505916570809502,0.0009607488873175013,0.0010860654847547504,0.9974830994834537,0.9977842805989745,0.0013749051479396048,0.0009803803285037826,0.999845084655278,0.9998599403273853,8.031609118250028e-05,6.506557554852854e-05,0.2908406106037729,0.25692906401762083,0.11877901418369091,0.08209111600369445,0.0008793404406819201,0.00079394822512305,0.0002589000010690863,0.000292217077728225,0.00703796778629682,0.0062056063825587,0.0028718097415303596,0.002082463506296174,0.00134455516114435,0.0012139862269301498,0.0003958709466242358,0.00044681440981992476
4D-C,equal_per_property,wells,15,10,444631.2,3284759.0275779944,14984270.552062163,0.16564680198054707,0.14805149117574085,0.07623123858563842,0.08374301713519618,0.8806579048890517,0.879074911155425,0.26709392799749665,0.35225697050262295,0.9671807906271598,0.97606263718787,0.022745281838690266,0.021192458334188147,0.8865187139337622,0.8962261734121424,0.02840860328216098,0.04627076554776488,0.00108411662742158,0.0010648995862261,0.00029935622253675923,0.000438933235514725,0.0028558098028975696,0.00285965542965295,0.00051493386286199,0.0008419209385523499,0.9984871301960878,0.9986180130840147,0.0005279386843932463,0.0005010293991591919,0.9998826691458543,0.9998704383951593,3.2279255438728086e-05,4.64020769123108e-05,0.17294161759135207,0.17074408007414354,0.04692923909587006,0.06773933545411526,0.00076825319154556,0.00076960946565355,0.00013900492406522158,0.000227822282347075,0.00418633245244791,0.00412398090166845,0.001143632082337251,0.0016361078263046505,0.00117469724576427,0.00117677105616525,0.00021254542544571882,0.00034835157281732504
4D-C,equal_per_property,wells,20,10,444631.2,6881904.581598701,28315736.158433437,0.11232845032730128,0.0927185687483,0.046202994082212685,0.07480902316516438,0.9187325992586498,0.8515286381811669,0.3092464440951957,0.31454740659374525,0.9780385826859834,0.9796371812446916,0.0120092810346495,0.0105704094423279,0.8884486022608342,0.8874238151660808,0.022697584633761612,0.04109560806855972,0.00072004403596682,0.0007161349902674999,0.00011627380354074104,0.00014257800556927505,0.00303368045354167,0.0028516202864582504,0.0009916369007429416,0.0005603957032607747,0.9990064534244528,0.9990952081739128,0.0003630936509237225,0.0006088535157865449,0.9998528334251775,0.9998786437046683,8.932924416036697e-05,3.677244985700323e-05,0.11495347392049378,0.11483674379328501,0.018173943435226252,0.023017937543850855,0.00081613107184004,0.00076690674855345,0.0002674164311656426,0.00015114349140060007,0.00278055356947407,0.0027736522740802,0.0004343432048345834,0.0005559521289723005,0.0012479049001338101,0.00117263846762725,0.00040889299077354177,0.00023110589714092503
4D-C,equal_per_property,wells,30,10,444631.2,57865105.62879666,234800802.24081048,0.08302767496153583,0.0751650403195416,0.043798216528749975,0.0800201030157485,0.8006362816747927,0.7811576558732801,0.23767332663441404,0.389177878067517,0.981858638462392,0.9846328528425274,0.015816107780023184,0.012420563867270418,0.9043146638477116,0.8987250417768596,0.02171329265274479,0.034111178822253896,0.00052078885919601,0.0004917872404892,0.00018636054258678323,0.00011377289084179995,0.00260948904035876,0.0025364449793246497,0.0004963366742208815,0.0007704568472837502,0.9995075723426927,0.9996809004090073,0.0003401797026391643,0.0002987986548218524,0.9998779355378569,0.9998820412891771,4.6653302894768954e-05,7.338564285630511e-05,0.08320117390039539,0.0780194784609578,0.030015650840126987,0.018351362675049068,0.0007019289843252499,0.0006822576812749,0.00013358547103954708,0.0002078624102081249,0.00201282706474243,0.00190075036720105,0.0007242579811440378,0.0004432403697899002,0.00107328424233443,0.0010432058440040999,0.00020425881289030777,0.0003178319380335501
4D-C,equal_total,full,9900,10,259188.0,1.0,1.0,0.0918413012571064,0.08555958712577294,0.049830372825324175,0.04074733975294795,0.307081693853954,0.30531675710206135,0.07365710417105402,0.08115645176419534,0.9805339177072557,0.9824479075656087,0.011323601701014225,0.013924490175939552,0.9586557237872857,0.9634261728628488,0.01635747118675253,0.018455475433723723,0.0005612021571759901,0.0005886043084715,0.00012229777077601826,0.00013379157292844998,0.0010130713293753399,0.00100454499444855,0.0001827272200296433,0.0003145324529418501,0.9990667993444677,0.9990043087550526,0.00029321730706626187,0.00031164203954392455,0.9999691697723143,0.999972520861371,1.219507922449923e-05,1.1921392368607897e-05,0.08969456940990883,0.0944209078615674,0.01981754767111476,0.022447281871876404,0.00027251154819593,0.00027013618534970003,4.9236560188680925e-05,8.466121978102498e-05,0.0021684904191963403,0.00228054770959095,0.0004739166526156909,0.0005421705247713499,0.0004166836775005,0.000413051629858,7.52851433369177e-05,0.00012945120540244998
4D-C,equal_total,grid,30,10,259188.0,442.3939381222184,516.5227573547363,1.2665111225832848,0.8276462509049851,1.0159123525491012,1.0584904467505383,0.5723947571354647,0.5830798946624911,0.14221146910771468,0.1708968117533478,0.37095097463718185,0.3725198202861562,0.37707660582148156,0.2571688519043034,0.9203535870972491,0.9226860303963744,0.022242764461124186,0.03622926546429073,0.00853239479621728,0.006198985598233,0.008176578058865,0.004287207138865876,0.00190226132433315,0.00192185169249705,0.00043250033261859906,0.00069681250985955,0.9936322210666733,0.9954744884703809,0.004857742404568076,0.00424536101318973,0.9999026308035537,0.9999197116598804,4.8720497565654525e-05,8.907916838485352e-05,1.366490358392526,0.9916392203251636,1.3173990949301118,0.6914151797928041,0.00051168841202136,0.0005170740434691,0.00011641271127048035,0.00018727202892435,0.033033874378806984,0.023951057068512048,0.03180248573118465,0.016627155734828702,0.00078239696874119,0.0007906318664259501,0.00017800081119906855,0.000286348223485475
4D-C,equal_total,grid,100,10,259188.0,134.3522364275404,137.91148954600862,0.2983536723302925,0.2348895435591163,0.2055627584619415,0.18609461972643931,0.33962645086084364,0.34984168543364075,0.07487479748433047,0.08418266914835432,0.8332904867810107,0.8554826106603367,0.14823831890515454,0.19369404243240562,0.9492211439702201,0.951018153796297,0.016017195033118783,0.020136377302953146,0.00171233807781681,0.00175314959147925,0.0006036343298358651,0.0005632864705039002,0.0011231767456886998,0.0011666352980272,0.00018879027663428662,0.0003078162790899501,0.998693446059298,0.9986943435187631,0.0005426152567485771,0.0004058935565947053,0.999961033791091,0.9999659058393617,1.4883586599217496e-05,1.7926155321257298e-05,0.2738095277519538,0.27971091545049376,0.0971603989964201,0.09172705555436467,0.0003021256501497,0.0003134868647161,5.085744617119506e-05,8.298338687330001e-05,0.006617749922383941,0.00675585632488775,0.0023381370868248825,0.0022154873386346745,0.00046196510865331,0.00047933696939730003,7.776355842236536e-05,0.00012688571564300002
4D-C,equal_total,grid,300,10,259188.0,124.19256234212571,127.79162657915303,0.18362503525860685,0.17492018118426744,0.10041184755536624,0.1478340820530188,0.3178057320331696,0.31888956511890976,0.07384148220184016,0.08753320335035841,0.9211209927175158,0.9220459661283542,0.05825588040034814,0.10413387584822542,0.9546736788335265,0.9571798262340877,0.01569858301605375,0.01587632832592578,0.00109748822450182,0.00111978557605315,0.0002965905261031862,0.00021332091765527503,0.00104973233892412,0.00104907184937645,0.0001850046803419074,0.0002969080624969251,0.9988692798564065,0.9988129203582605,0.0003388121484237427,0.00024525458749091733,0.9999649747370534,0.9999689441283798,1.37376391939783e-05,1.5052665889192518e-05,0.1754601997958236,0.1794968843260879,0.04800934598493041,0.03280111852516082,0.0002823703837639,0.00028210991382615,4.9840148606293236e-05,7.992469713140001e-05,0.00424150355468822,0.00433538733845615,0.0011520204338783969,0.0007922452496883,0.00043175832621739,0.00043136005475965004,7.620805997371076e-05,0.00012220882727469998
4D-C,equal_total,wells,5,10,259188.0,24575.442423896213,29443.935971906612,0.38259201522553765,0.31977953333634196,0.2709607905878165,0.2534530816276618,0.8972357524869936,0.9437215824486085,0.22639943182339958,0.2003340829820709,0.9179989703711449,0.9309705496526204,0.05490115717384569,0.08593272311622246,0.8723236743460072,0.8666901114244374,0.020601385544177096,0.01817507792280948,0.0022739146745451304,0.00197958959208565,0.0008986552790138469,0.0009867857648384,0.0029575498485587197,0.00292496298469505,0.0005745284763541075,0.0006220271281278749,0.9976989669549153,0.9977041430184537,0.0007604144303700491,0.001456500671682126,0.9998855925027602,0.9998842727121802,3.2991356270600007e-05,4.240606407690528e-05,0.36313053883793783,0.31466727228284264,0.14367516478876155,0.15735589237462017,0.0007955814674973699,0.0007876556038486,0.00015468718780545457,0.00016792693041710013,0.00878241682008389,0.007600157034499001,0.0034624000917721693,0.0037713000163545254,0.00121648353555175,0.0012043644968012502,0.0002365243847598452,0.00025676860808580013
4D-C,equal_total,wells,10,10,259188.0,3860870.325809056,7503172.126043072,0.27242300880653586,0.220107271016507,0.16752627892893962,0.20601630143045085,1.0033134848350922,0.9873712812306661,0.24770505129651074,0.27449197557494975,0.9521332272840128,0.9642153774404617,0.03132631289259173,0.04557424239797814,0.8688478119062806,0.8680560763680518,0.024326762991279925,0.021060355732124725,0.00167529382564961,0.001518476756507,0.0006192229186003783,0.000342314347304025,0.0033199728871374,0.0030565437719668,0.0007020791205767217,0.0011095521966662247,0.9980366970243345,0.9982316691157209,0.0007845722241633701,0.0005254949924814456,0.999853193586237,0.999853172325891,5.077989571028926e-05,7.747109730082968e-05,0.2677789356525376,0.24196625450786874,0.10007295741056733,0.054210008993327286,0.00089310405559267,0.0008224590570578,0.00018926713373257424,0.00029801979050885006,0.0064781698885331505,0.005882905223830901,0.0024148136456108756,0.0013162491690238247,0.0013656004112069,0.0012575807034866,0.00028939883772179586,0.00045568704555535005
4D-C,equal_total,wells,15,10,259188.0,23735220.89298078,71452442.36542466,0.17851148819661297,0.15885728623406886,0.09076283308066814,0.12350277176615097,0.8905795275047206,0.9157140558963067,0.26875918994417014,0.19002025632653585,0.965695785990107,0.9757780538085306,0.025212371171250778,0.021098916254200573,0.8872724528309895,0.8904646537255472,0.021250994022299304,0.03291644756470835,0.00113023641802418,0.0011545498925279,0.0003157834109517147,0.000547837167199175,0.0029041481084695195,0.00278468585507275,0.0005620831010343499,0.0003468345587011503,0.9985187886660281,0.9986734682260447,0.000502971265195936,0.00032797151773322764,0.999880972450639,0.9998857830939514,3.5306818709450376e-05,4.245982844985896e-05,0.1804505112133242,0.18553617329958683,0.05018485378108902,0.08748940709514469,0.0007812327210545601,0.0007485611520951,0.00015155419845917559,9.234221346409994e-05,0.00436705437272371,0.0044812559685134,0.0012166509386060626,0.0021347155718618,0.0011945435903461502,0.0011445871404494,0.00023173388861014345,0.0001411958258263498
4D-C,equal_total,wells,20,10,259188.0,3311.726353359176,3780.4344621909745,0.1480242169977864,0.15317604332086043,0.07462743350585907,0.11918909295525225,1.0609779108189263,0.9173444529722369,0.6038263735063414,0.4173201780063054,0.9656672058121876,0.9630970405468495,0.01916814178302992,0.032168144900319495,0.8867022530953127,0.8908853709079106,0.030781472920872948,0.03812201140988958,0.0009302398256614899,0.00084071423031105,0.0003253053413618865,0.0001226357038559999,0.00350916455246778,0.0029055756265996,0.002098166133865257,0.00064288169518975,0.9985330544359835,0.9988224302130386,0.0010358566821615203,0.0004065451522062835,0.9998125190104282,0.9998874281382072,0.00022588669581659665,4.98919057070335e-05,0.14864303977742985,0.134359252201882,0.052431875770709874,0.0205322367075971,0.0009441873644468598,0.00078127654033645,0.0005655115312576403,0.00017416266895879998,0.0035950376168564007,0.0032451783382615998,0.001262917810851268,0.0004959150092577001,0.00144370932487743,0.0011946105922022,0.0008646951884181057,0.00026630336169412524
4D-C,equal_total,wells,30,10,259188.0,315.669436399014,305.50145861075316,0.15844578992285435,0.13317812436055304,0.10309922712737409,0.08976927095797821,0.9310029594887895,0.9371636966422917,0.2834999727088034,0.3364329128462934,0.9515096431581991,0.9688108463071257,0.04093243178805316,0.0526359821355068,0.8870999974495243,0.8896745352508211,0.023203267382492405,0.0335161828698366,0.0009475037959828,0.00084359913461805,0.00025755655383769124,0.0003761085961727999,0.00304795756590419,0.00310619736051965,0.0006784952048731792,0.0011362465410856997,0.999397923403816,0.9994412301252721,0.00031892625648740784,0.000388089326283092,0.9998507352197136,0.9998468802329001,6.324477358296161e-05,0.00010582547503257267,0.15143251885306042,0.13450421691812087,0.04160369692408129,0.06148974803520249,0.0008199435868306299,0.0008353248835059,0.0001829461359549877,0.0003065570136007499,0.0036622666317973895,0.0032486796703190502,0.0009998215914686203,0.001485162359874025,0.00125373442470748,0.00127725319044715,0.0002797337185117276,0.0004687408832263751
4D-D,equal_per_property,full,9900,10,235790.4,1.0,1.0,0.00985180369258824,0.008352992430052851,0.0055446332676266676,0.008523987532217777,0.29523798378548716,0.2909543782637612,0.0730536601253181,0.09528886420579175,0.9996595920596768,0.9996724620508268,0.00016871461733369053,0.0002024850201804984,0.9616293017697334,0.9667621394463006,0.01620094863041786,0.02050456893718533,6.0056495848345126e-05,6.314225979126643e-05,1.1097680705351422e-05,1.004393821016481e-05,0.00097473657601695,0.0009675271602170999,0.00018598756785518733,0.00026743147769530003,0.9999764584980044,0.9999752990260766,7.1906305700398385e-06,5.8391349844200136e-06,0.9999710496125692,0.9999724243583188,1.0372367334487426e-05,1.0824929239983128e-05,0.00958713255015576,0.01004132812679695,0.0017555788629728833,0.0016623870947239487,0.0002621969892543,0.00026017682782365,5.009802938956852e-05,7.19899647879e-05,0.00023195898302694,0.00024252814741395,4.237668881454894e-05,3.914910711107499e-05,0.00040091220513523005,0.00039782327808,7.660237248576415e-05,0.00011007622784994997
4D-D,equal_per_property,grid,30,10,235790.4,152.5802728856262,154.9523003728125,0.3497009558718772,0.32528906767108656,0.1644196634481754,0.15138471042085555,0.5408174718156473,0.5773858145016981,0.09867550514345833,0.17557377410938185,0.7721388216543041,0.8451529475877021,0.2547970255793677,0.14970664067485606,0.9217215949690557,0.9209611053423907,0.018336366232163143,0.02509145004693003,0.00232385528895115,0.0023215809790597,0.000846403643124548,0.001416793902045375,0.00181583858141912,0.0018690334479129,0.0003864081816887048,0.0004111585710525501,0.9985292232569212,0.998682808126141,0.0006492856080360609,0.0007938585156300748,0.9999069666418394,0.9999233702897607,5.2259668188596734e-05,4.709793663215667e-05,0.3705096617256411,0.3722387465214404,0.13319415165535844,0.2234415992000317,0.0004884260744713799,0.0005024000930511,0.0001038815009019529,0.00011169251884289995,0.00897127004093279,0.008990680560338249,0.0032464016681355966,0.005396780396665074,0.0007468277004964001,0.00076819466820775,0.0001588399688257539,0.00017078340279099997
4D-D,equal_per_property,grid,100,10,235790.4,1.5085820184160854e+17,1.7582947209334675e+17,0.06403545712056587,0.04700786129775985,0.05285987671080455,0.029813146514648378,0.4924325743248235,0.46359536916346855,0.16229889875120157,0.2153757201512348,0.9836938176014028,0.9919316913745682,0.01910049311809971,0.009021162494310508,0.9145654642470984,0.9247818532105136,0.031433709813119805,0.05269305644363109,0.00037018266497131005,0.00033617139002404997,0.00014482989205895063,0.00021934649813782503,0.001600993815171,0.0013994990154001,0.0003984275079679276,0.0006601886131490753,0.9993286955636587,0.9994085371625182,0.0006268672130359483,0.00039495397488054085,0.9998877874575017,0.9999051299197268,5.3166610553701725e-05,8.451622848559825e-05,0.05911731907309655,0.053560134077867846,0.02314266472569759,0.0349440035772428,0.00043066114928208,0.00037644955844934997,0.00010724616684139166,0.00017693190057497496,0.00143022876046763,0.00130547938280135,0.00055861257400109,0.000844002604140325,0.00065850226394971,0.00057561005192825,0.00016398470998074254,0.000270537654227175
4D-D,equal_per_property,grid,300,10,235790.4,4635.6561764602,4628.078523528129,0.04986251147068259,0.03025411345595505,0.04315204173019446,0.052118413076716434,0.3241942394326306,0.3144055632164918,0.07858793996403371,0.10606800535145389,0.987645071274402,0.9958176269101864,0.019130534174281833,0.009605762894530412,0.9527286376393167,0.9577290584295894,0.017384194485722884,0.021036711063987745,0.00027025068855591,0.00024841964427215,0.0001182521871006613,0.00010734876655252502,0.00107065389634574,0.00105270828752795,0.00020004972420028863,0.0002680503986612499,0.9999368629058735,0.9999358507745075,2.9454274461075133e-05,2.3107195693317095e-05,0.9999607942639825,0.9999610084920358,1.3957062530228793e-05,8.825732669026642e-06,0.043167764648080205,0.0397306657975737,0.018916512788407506,0.017177787466623153,0.00028799643000718996,0.00028308117597525,5.3883428934668924e-05,7.220719580087499e-05,0.0010439694009174798,0.0009596149314321999,0.00045598493002112656,0.00041154869474387503,0.00044036083005236006,0.0004328451627736,8.239043619792984e-05,0.00011040838484642495
4D-D,equal_per_property,wells,5,10,235790.4,6382.814780523546,6706.732175887797,0.32890884031092293,0.23626126264271274,0.1850711493386706,0.23207046914953658,0.8916675958337205,0.924181899379027,0.18359768422657757,0.1513951627502731,0.9389650690731701,0.9468365192119815,0.030201802350360313,0.03621056742361339,0.8740908129385799,0.8743299933588257,0.019479538731221595,0.018703173807403828,0.00210042241022038,0.0018786409513612502,0.0006780610075805046,0.0008319970151211501,0.0029907048118184903,0.00289850136431195,0.0007402056527842012,0.0006814843895954501,0.9975187730852504,0.9977378451271968,0.0008535169449684034,0.0011669063031393145,0.9999070855386524,0.9999191049225886,3.54630879958999e-05,4.5395823999871965e-05,0.33510303530878055,0.3011557356661083,0.10711399516787196,0.1277181646549908,0.0008045220325196501,0.0007792872591296999,0.00019933419843067617,0.00018338942114352495,0.00811130960963607,0.0072738129589947995,0.0026017404120400427,0.003084775011839151,0.00123015410304543,0.0011915688825414501,0.0003047918791096115,0.0002804115235580749
4D-D,equal_per_property,wells,10,10,235790.4,412757.4328523419,981381.5243794166,0.20891713384115232,0.2050714802173781,0.10616918651567438,0.1618726229867712,1.0233973471250901,1.0056769539869324,0.287584908709672,0.1882688405661983,0.9630484317020948,0.9660708742657595,0.021586680530059365,0.02543374944167831,0.8769394040867781,0.8708120397025692,0.0202598883844821,0.023134574921827133,0.00131508399886573,0.00133389389990525,0.00033879272881793995,0.0002608399196501502,0.00349535350543276,0.0030863119639613,0.0013357182001409189,0.0011471258350244,0.9982472926806729,0.9984357893658892,0.0008270456795094302,0.0005300490208480779,0.9998625451561114,0.999894988270366,8.674178040980914e-05,6.603420605622023e-05,0.2099216975768395,0.21337355907420205,0.05391770321383069,0.04123378074321135,0.00094031762761367,0.0008303096876692,0.0003596530072542365,0.0003088143361051999,0.00508107611982182,0.0051536104921525005,0.0013126072473961209,0.0009959192975519254,0.00143779230526749,0.0012695847071904,0.0005499272918117796,0.00047219244132980015
4D-D,equal_per_property,wells,15,10,235790.4,584726.963062996,1593524.9019484129,0.16194667021759832,0.1643390895830087,0.08304126866414915,0.13638099587845193,0.9292250729893008,0.8521000870198037,0.374333550460363,0.28357422243171215,0.9751660812738253,0.9759917330128183,0.013400794933166043,0.01605989225190707,0.8928964213022349,0.8988073823369175,0.02431306046887818,0.03116884696444977,0.0010347070283145301,0.0010311629031551002,0.0003482928046071452,0.000499650323783275,0.00302299426581147,0.0027173653983185,0.0009116197243639273,0.0006576778997273748,0.9985550459144882,0.9987815065980852,0.0007578183715482513,0.0006694924924841583,0.9998762368649927,0.9998925401762195,5.561109546203096e-05,7.326435484922289e-05,0.16512945195221604,0.16494822575726975,0.05535726080504796,0.07866186030090885,0.0008132314858941399,0.00073110622582195,0.0002456152472027049,0.00017588985086080004,0.00399765663981908,0.0039839936616935,0.0013471661173798742,0.0019695622050625748,0.0012434712893633101,0.00111789769217405,0.00037555789885658643,0.0002689443085141499
4D-D,equal_per_property,wells,20,10,235790.4,719130.540536714,2105654.58490365,0.08247072789079885,0.08470007753968145,0.031820331369917056,0.05119841386066412,0.969996256590911,0.9686326955961181,0.3604939882099191,0.36993014321703266,0.9855789949772303,0.9881687360053264,0.007772853038162311,0.010976145516686131,0.8983614016223923,0.9023260511756506,0.02518157697011884,0.0368023294162807,0.0005512031899488001,0.00052082130737655,0.0001639134120100469,0.0002830863878297251,0.0032037076199767102,0.0031144705972444503,0.0011805856524216495,0.0008148605189206249,0.9989291116210328,0.9992980332830328,0.0007583986293900259,0.0006294296885462902,0.999856981645476,0.9998888572342278,0.00011046875993538194,3.918184227624799e-05,0.08795350688128237,0.08333323735042895,0.025890395877834326,0.043803501971617656,0.00086191371510103,0.0008381178651134,0.0003183106547460736,0.000219623906450975,0.0021287620541201,0.0020127472598648,0.0006284781463277403,0.0010690391041691,0.0013179088331266601,0.00128152379789515,0.000486712783679278,0.0003358158493204002
4D-D,equal_per_property,wells,30,10,235790.4,3827487.7694749516,9906300.093633983,0.06411163837780284,0.05991583899902145,0.035539174688914855,0.053770942518034326,0.8995964007165431,0.8543516118209682,0.2416788235702857,0.3894113603450826,0.9884926365508104,0.9920199999290198,0.007881400489389808,0.008390149636816724,0.8949727819755878,0.9014636353921612,0.025200234567997908,0.022357960750393202,0.00039565747501788,0.0003949600735343,0.00010245115659969653,9.446412776637495e-05,0.0029616603018916697,0.0031316297649264,0.0006204911508930259,0.0009799106864794003,0.9990161029672571,0.999002099084245,0.0006180654714671067,0.0005536687697274001,0.999860474111712,0.9998617084616568,5.393843668997932e-05,6.200110490872657e-05,0.06316990782352586,0.0633598405691515,0.016293133831641073,0.015724971122097392,0.00079668999796645,0.0008423720084374,0.00016722646091880448,0.00026288417472424995,0.0015283914397139302,0.0015312394800719499,0.0003934354717026297,0.000373637644358575,0.00121817853363729,0.00128802859410135,0.0002556975554699667,0.00040196294581255
4D-D,equal_total,full,9900,10,163152.0,1.0,1.0,0.043138861159979974,0.03637207635072045,0.020650455272455275,0.027727110873794602,0.33192575589166406,0.32465503873122425,0.08639120312546057,0.0980897909264365,0.9946424695058333,0.9949314386378867,0.0025381743311042944,0.0032374310462160993,0.9534450594556587,0.955606650183195,0.018455498878169635,0.023680955677488846,0.00027374575470138997,0.00027301910900615,4.912723160187602e-05,2.532401361292504e-05,0.00109080639463467,0.0010905270797217002,0.00020730973352356264,0.0002883098326818249,0.9997216669978484,0.9997512676592889,9.442027153150646e-05,9.242264269615497e-05,0.9999664725498709,0.999970335090279,1.5675609656798964e-05,1.1879932325986609e-05,0.04370994009633935,0.04362243783367305,0.007793192329504319,0.0043803547761087774,0.00029342067810413997,0.0002933342049157,5.584520306207757e-05,7.782495655370001e-05,0.00105745476701738,0.0010536125201656,0.00018753311938783266,9.283310174287504e-05,0.00044865477450971,0.0004485225527144,8.539008616963063e-05,0.00011899821975537502
4D-D,equal_total,grid,30,10,163152.0,1.5697297660414597e+18,1.640862575968044e+18,0.35189417912560417,0.3238820934464628,0.16686328195774344,0.15897943816620286,0.47873745004401735,0.4742549673413521,0.13976285949034123,0.19940023368479698,0.7696700631741431,0.8405222283986523,0.25896736695678124,0.1668459187602529,0.9303042255035917,0.9289810672138974,0.021062012114038856,0.02920992393220012,0.00233524098636414,0.0023307363761266003,0.000849646533458988,0.00142413253761865,0.00158289105191446,0.00155443044812065,0.0003813939694315081,0.0005452014716091501,0.9989112430779497,0.9989159789509862,0.0003212827340452495,0.0005209397754083467,0.999938403283353,0.9999403626832009,2.453986455073718e-05,2.4185020364497767e-05,0.37232989539367456,0.37370338507562273,0.13373008521929472,0.22457925978371018,0.00042578724083759,0.00041798731716930003,0.0001026909047346964,0.00014774104457485,0.00901500293914012,0.0090260559679229,0.003257600204914623,0.005424258259364051,0.00065104981612542,0.0006391233458535,0.00015701948821610228,0.00022590338713627503
4D-D,equal_total,grid,100,10,163152.0,1136.7663047782862,1182.906027429805,0.23487230926733876,0.2052532848356208,0.10890687279033981,0.16900606461137335,0.3687951059053968,0.3706438122138467,0.09429072130500822,0.12142556252395847,0.8783774292967822,0.877935000548535,0.06393469612475391,0.11103785840918401,0.9443824999537339,0.9398216706468654,0.01805910768978064,0.02276693913675809,0.00155715984831324,0.0012656636846702,0.0006521605840404494,0.0005929988447534,0.0012138135973999297,0.00125266005160385,0.0002291141803648695,0.00029866187834250006,0.9870793746168152,0.9909517337786444,0.0116624454109541,0.006061496314407,0.9999576553694638,0.9999616231359965,2.0588302247880234e-05,2.0644936397862246e-05,0.24864338220830567,0.2019312068685184,0.103859503543354,0.09685950882953304,0.00032650441374473,0.0003369518054964,6.169360731995746e-05,8.004213250050005e-05,0.0060131091006431605,0.0048772434172536,0.0025029436057504976,0.0022822488886278247,0.00049924144771102,0.0005152160280332,9.433258644096358e-05,0.00012238839178042496
4D-D,equal_total,grid,300,10,163152.0,511.619261574089,491.7064587136632,0.09727281574199803,0.08530884881938824,0.03901847878555186,0.04783475882000787,0.3467393509051692,0.33836230553988217,0.08959874721912733,0.1080723218425057,0.9663268522731684,0.9697844347778344,0.020586724226806012,0.023962229412643365,0.9487567877286172,0.9492836809565413,0.018235305261106588,0.023766381458253605,0.0006479808626284002,0.00063476306767395,0.00020082088959276845,0.00016283189796000009,0.0011400516894345598,0.0011306599571276,0.0002148597742617145,0.00026587227174707504,0.9990301087590909,0.99908270848713,0.0006396648151738799,0.0008250612486550013,0.9999619208654522,0.999965962345815,1.856928457640763e-05,1.3784514038217566e-05,0.103443871971085,0.10127298384120975,0.031784764624259505,0.026135157688575453,0.00030666450615248,0.00030412759155915004,5.786729196320419e-05,7.181233521915e-05,0.0025021302859640797,0.0024460458660397503,0.0007655135004444499,0.0006221141567405251,0.00046890524467109,0.0004650261763922,8.848196042282652e-05,0.00010980462342645008
4D-D,equal_total,wells,5,10,163152.0,31114.367592143542,29268.972637549497,0.34255823720859685,0.2631055415705308,0.19492194286536962,0.24022481002239088,0.9586427750444055,1.0495211932794057,0.18852978000646634,0.1437499749332134,0.9372424784839055,0.9481430560457208,0.03119762340035116,0.04626858330489769,0.8677739689304886,0.8644133181093236,0.020085993559242923,0.029603320300576552,0.00216746333666332,0.00199103948196845,0.0006789782522728146,0.0007366642866809001,0.0031848169774061604,0.00313951596301835,0.0005880972661812781,0.00029201008860300047,0.9977862375827922,0.9979934122488485,0.0005394957773420591,0.000833616358206335,0.9998931237644738,0.999898240447816,3.080374845414354e-05,2.4894004226783117e-05,0.3458868534412949,0.31764070147698253,0.10750824467147467,0.11524392644304216,0.0008567292752366199,0.00084423995465915,0.00015849963691268442,7.836122367709994e-05,0.008371927863632708,0.00767197688389915,0.0026100495793875624,0.002783485971976425,0.0013099815673546602,0.0012908847765502,0.00024235380859451147,0.00011981819879334989
4D-D,equal_total,wells,10,10,163152.0,2254656.377059848,2165541.630132071,0.23828469343983433,0.2080333525822757,0.14351302615349878,0.1754280006662108,1.150325181668856,1.0773754354189198,0.3638962150692732,0.25357392539886503,0.9516856218529309,0.9656827327199602,0.03633441087375586,0.04424137525570038,0.8711392057464149,0.8652181154130325,0.01975833675028789,0.010639360495203531,0.00145814895505015,0.0014522519980675,0.0003346853898045939,0.00043006043460460004,0.0039161270909081405,0.0033982647195486,0.0015570500659811103,0.0013750286694126502,0.9979716329336462,0.998087752769623,0.0006369413080065888,0.0008806651949283539,0.9998287683170852,0.9998780615193859,0.00010549460458045528,4.814734224922734e-05,0.23280202579721093,0.2303375964034754,0.05333028627996483,0.06753418715810622,0.0010535267543904099,0.00091464545222605,0.00041930177135522244,0.00037049936111502497,0.005633918643687289,0.005563342799888999,0.0012946619027242924,0.0016587834561669745,0.0016108946768339,0.0013985382754079,0.0006411332115186562,0.00056651190499275
4D-D,equal_total,wells,15,10,163152.0,8074257.2744838,11431697.134492997,0.17051686864270377,0.15461845539250735,0.09344512595828518,0.10680407343882432,0.9563903816750253,0.9209363342992734,0.29397833407925383,0.2618105739853587,0.9718785064577811,0.9718132172984422,0.015259455029846977,0.015156374881187817,0.8868735870742324,0.8899826254729578,0.016540388920334884,0.023778018798576772,0.00108558289849176,0.0010644350947248,0.0003615408203759845,0.000490049837099625,0.0031496159492106304,0.00303515825053025,0.0007191583929279497,0.0007544986825935751,0.9984695795836194,0.998489269515631,0.0006167034465967394,0.000563767956516803,0.9998610035204367,0.9998963628995428,6.537719870405508e-05,6.350692232748312e-05,0.1732641767203112,0.169293983348887,0.05742801102905437,0.07592411236859328,0.00084723355367019,0.0008165495304234,0.0001936074323943499,0.00020375254739665,0.00419404776663734,0.00408895672280415,0.0013949254082624186,0.0019027858993795007,0.0012954621379616103,0.00124854474406905,0.0002960353697139571,0.00031154775388927513
4D-D,equal_total,wells,20,10,163152.0,2305.7031465194623,2880.7185864019143,0.11656635755162777,0.10464044517980195,0.0616276747664836,0.061463658165586174,1.083737202353423,1.0067351502711754,0.38574121061172273,0.30452873635875166,0.9706444125094302,0.9746539649054387,0.018212980270202926,0.02323590035006229,0.8967220740912623,0.9024799836610901,0.024480043794571586,0.017330939968508763,0.0007322012480175,0.0007869564543694001,0.00014972232362534045,0.00016193152978957498,0.00359516408723502,0.00336166908357,0.0013029377916334711,0.0006264815061580746,0.9988212965631963,0.9988247968717813,0.00034614112480419536,0.0004925858777945491,0.9998365441021118,0.9998781124663575,0.00013433329748329322,4.4138907783097814e-05,0.11690771079345585,0.1262468709411525,0.023821286748406396,0.02580084505150332,0.00096722269140362,0.0009043795754890001,0.0003513359674669073,0.00016875734236605007,0.00282853356856501,0.00304924003473875,0.0005749246062943328,0.0006110124438467,0.00147893148266231,0.0013828412405487,0.0005372101253377124,0.0002580383491556002
4D-D,equal_total,wells,30,10,163152.0,760.2204883634236,786.9797437137875,0.11224952370901371,0.0834664644929682,0.06264801863321062,0.046846125540977085,1.3439217108838395,1.2860478247935188,0.45804204583338193,0.3443597027939935,0.9631718251130963,0.9707033720466716,0.019529111950126993,0.021618373666164037,0.8745521582151563,0.870925798861219,0.028167516839642224,0.02963849312924771,0.0007148617786864001,0.0007184363424625,0.00016750879768094175,0.00015310436732682503,0.00437221155566357,0.00430283684096135,0.0010318353050569075,0.001198512582980025,0.9976225795610757,0.997846054464611,0.0017097800155381198,0.0015309416764743844,0.9997332988179333,0.9997723949060628,0.00014688931746588806,0.00013236521246329236,0.11412079597300548,0.1143648266393046,0.026470622763696935,0.024836378181718577,0.00117612555424466,0.0011571466282923,0.0002778677796493313,0.0003230176946136499,0.00276130204527425,0.0027762517457576,0.0006399253200499925,0.0006052307497405253,0.00179835432439235,0.0017693346049962502,0.0004248736211352504,0.0004939100811704499
4D-E,equal_per_property,full,9900,10,408916.0,1.0,1.0,0.0457268729693696,0.037506594379303704,0.02983849402693774,0.030650196375186855,0.2746768896296413,0.2806513700771923,0.0701471053664467,0.09679927622398826,0.9936191687026961,0.9950805630038516,0.005119509587166045,0.006629892687381567,0.9663881674430362,0.9690313442439685,0.014130696058947328,0.01474444995892843,0.00026600249460394,0.00027144683255415,6.569425270751496e-05,6.0734195520175007e-05,0.0009063789032970001,0.00091664795229025,0.000177482451357475,0.00020466681351570017,0.9996999019199675,0.9996877878129664,0.00014531363005818864,0.00018640305701389526,0.9999741898042149,0.9999745171872922,9.045987713969132e-06,1.032903045516953e-05,0.04251824739912395,0.043636179051402005,0.010607947949626726,0.010019145478714374,0.00024380711999938003,0.00024649799536045,4.7791219515804924e-05,5.5107716101874995e-05,0.00102778572947948,0.0010539444117279,0.00025421249326587647,0.0002419923700272249,0.00037279318265486005,0.0003769076645863,7.307514573935608e-05,8.426243201800003e-05
4D-E,equal_per_property,grid,30,10,408916.0,117.66685539856354,117.27739992361452,0.8002079588962461,0.785332254494338,0.3909360781649656,0.6960844208788861,0.5123648590097584,0.5031713968603948,0.10246698162312479,0.1358650795947977,0.43042533134393074,0.5042328633093596,0.41093213279349355,0.632722872661798,0.9274003995631178,0.9272283656049334,0.017809128488504345,0.023774865426836822,0.00535688552092026,0.00453317008109805,0.0024862139491398276,0.0017806944922608998,0.00170450318677898,0.0016916808413247,0.0002963176219686114,0.00046953003781290007,0.9976690975316259,0.9981477319577602,0.0012287284312409357,0.0016109979132931107,0.9999232673025693,0.9999356104167304,3.0447954112491886e-05,4.370131673403499e-05,0.85673412053436,0.7208902672991326,0.401745850545366,0.29225320965385626,0.00045847698072522996,0.0004552111717034,7.965552190166173e-05,0.00012677691208497503,0.02072283995597899,0.01756237074075985,0.0096913807574185,0.007058790293288399,0.0007010340502728899,0.0006960404662496,0.00012179724499361078,0.00019384818845092494
4D-E,equal_per_property,grid,100,10,408916.0,4706.904278390681,5064.912288688903,0.3256934368182149,0.2652530521733737,0.25755541132617027,0.3243454244785715,0.3785159222230085,0.38257662488697336,0.09832237661379162,0.11723404148361666,0.8333801100421023,0.9098212289787337,0.19134226972999735,0.21148353809694986,0.9386275910976678,0.9397041646148157,0.01949423826965628,0.02434007997536969,0.00179570673531935,0.00173149684140505,0.0008315898471620811,0.0011799347745300249,0.0012440760751067698,0.0012723878488743998,0.00022886512379941817,0.00030333763495417484,0.9976825112475363,0.9986871680821459,0.0021191565567482717,0.0023592133542824634,0.9999406110719147,0.9999427402369812,2.0988869416576367e-05,1.9712888169709508e-05,0.28703258797581055,0.2759885381547814,0.13337537562948987,0.19059367220232237,0.00033464437301562,0.00034189659775945,6.162271013510735e-05,8.179396400195002e-05,0.00693675342147488,0.0066659497649083,0.0032149520056707556,0.0046034132123839505,0.0005116878492898299,0.0005227768607329499,9.42241811278684e-05,0.00012506702906107503
4D-E,equal_per_property,grid,300,10,408916.0,1219.9363575763896,1258.079872282636,0.35951045474004917,0.27031233034612423,0.268071076072504,0.23907089175708335,0.2993845063388755,0.3073204693479465,0.07151059105721527,0.10032208408826099,0.7850004098216103,0.876789741841637,0.18731377805337654,0.2943665675179947,0.9580435710728435,0.9597488863437388,0.014405400293788232,0.017016977989271043,0.0021699678600350897,0.0022356416095737,0.00105254057363625,0.001530258191178625,0.00099315580009247,0.0010104038958375,0.00019760517296729986,0.00020612014080062491,0.9916894821106323,0.9953745873415294,0.007815259041563757,0.01096322319022025,0.9999656032103503,0.9999648824188325,1.317632678803795e-05,1.9655412615282586e-05,0.3466186787916251,0.3574106917720334,0.1682924719689667,0.24867103015389247,0.0002671455067133,0.0002716491945187,5.3191755219380386e-05,5.53204063476e-05,0.00837965888427562,0.008632538629040249,0.00405640770107275,0.005947814824253675,0.00040847873384437,0.0004153650959435,8.133283277077336e-05,8.458764595610003e-05
4D-E,equal_per_property,wells,5,10,408916.0,20757.435674960805,19920.021150293225,0.35893415963332453,0.280338653208757,0.21575185434538047,0.15261369632980637,0.7895973297253368,0.8365342100716708,0.15929880825137122,0.1091437479313152,0.9345916298182552,0.9388396717360642,0.03203256877339109,0.04516884107110619,0.8806997315889363,0.8781920470367435,0.02031099730093577,0.02338821388994361,0.00224240390783466,0.00224640027205295,0.0006741227024821422,0.0005819277055631499,0.00261223572529452,0.0025992611232732,0.000421736136918869,0.0005685885386360252,0.9977866390540673,0.997909944625081,0.0005618668343683588,0.0010148415401568522,0.9999083556430485,0.9999125339228172,2.4777091745128025e-05,3.491892367402105e-05,0.35794046170076327,0.3580273713243358,0.10704300765825622,0.0900284305203426,0.00070270840970089,0.0006994730344266999,0.0001137469664015153,0.00015311642897847494,0.00866215351205322,0.0086474332871452,0.002592365016869616,0.0021744548223213995,0.00107447602240398,0.0010695289730908,0.00017392475503690273,0.0002341226165821998
4D-E,equal_per_property,wells,10,10,408916.0,1338336.4920174284,1408943.016395721,0.24275823569804186,0.2217534728192827,0.12167377305797678,0.1346668389978199,0.8052227946538923,0.7605931113762092,0.20945099640172152,0.26167452931184765,0.9546468101707675,0.9652945996212845,0.025973915540518717,0.02796636461196167,0.8852706357566984,0.890319947557044,0.0226796223147185,0.028920954214314842,0.0015229440136303,0.0014978627512025498,0.00031733512585569807,0.00024424325811082514,0.00270940411584707,0.0025611641107248498,0.0008074892643568103,0.0008215153624284753,0.9979109374876277,0.9980353123161687,0.0006634196976811321,0.0007805521436230478,0.9998927723907309,0.9999058237713271,5.132359406804999e-05,2.6711502455256664e-05,0.24336460520745548,0.2398752783835878,0.051624610367958956,0.04012516208365613,0.00072885332309577,0.00068916679914095,0.00021752033937152043,0.00022164128942407494,0.0058884266674079705,0.0057937063844717505,0.00124770641408162,0.0009952516564422,0.0011144528921309001,0.00105377022800825,0.00033259939089011725,0.00033890052797615016
4D-E,equal_per_property,wells,15,10,408916.0,2055447.0625098166,2086582.1970876965,0.17878752418987282,0.18006258989045534,0.07772257810143925,0.13856731882425036,0.8353806072287238,0.8448517056085914,0.24647543139347688,0.2765349515861041,0.9659596911451571,0.9726889350485279,0.020362100879987667,0.03329651511710141,0.8910580598520834,0.8895403366741782,0.02361945472880489,0.03955551413737002,0.0011346607019726098,0.0011215266646355999,0.000246935083460736,0.000327671089372775,0.00272202968803716,0.0026704060030977,0.0005481445336547471,0.0005270125191083499,0.9977508825772773,0.9981324525537376,0.001250584588339632,0.0009601016731651812,0.9998974166307576,0.9999033325093649,3.306676615109247e-05,5.099470904823544e-05,0.18119974149800006,0.1783879442108184,0.03940132937688886,0.05343655705735256,0.0007322651345393899,0.0007180872372031,0.00014788268835396105,0.00014179665623739995,0.00438404568405522,0.004346247667374551,0.0009510001084373753,0.001290653727504375,0.00111966972110082,0.0010979910126555502,0.0002261199675020141,0.00021681412244530006
4D-E,equal_per_property,wells,20,10,408916.0,2945751.6763227503,2895193.2701785415,0.130907479966681,0.12943758531227867,0.07013646127221188,0.1222498682070649,0.8745380240976603,0.816589927308665,0.3149942978288461,0.30909083017766426,0.9689149542344856,0.968211609601993,0.018934211661239986,0.030025343390086223,0.8985304844557434,0.898069328317015,0.024297583648629342,0.0360624157403745,0.0008290438295122498,0.00070094226648735,0.00038419289596909535,0.00022946152774097498,0.00286748062213345,0.0027163735273463,0.0009635972112307707,0.0006164303303502002,0.9978343987922864,0.9982160278967891,0.0013376499360774707,0.00197760441524919,0.9998767496356006,0.9998979152891441,8.07336257720801e-05,4.6319258016680465e-05,0.13249799180205657,0.11145290684929704,0.06189516910245207,0.03566508463488231,0.00077145878661018,0.00073051384145505,0.0002598954933022744,0.000166890943010425,0.00320423133342138,0.00269192149492005,0.0014922391031616802,0.0008614186086379999,0.00117959875965954,0.00111699190708665,0.00039739310363879715,0.0002551845319418251
4D-E,equal_per_property,wells,30,10,408916.0,9655895.648310507,9962059.187155265,0.09188473252177723,0.07210549780482645,0.052221533216914064,0.07986353733662181,0.8278749362746758,0.8411177084059202,0.232054290874422,0.26981837412195,0.9779715950851351,0.9823440570165204,0.01893366331353695,0.017005352317037925,0.8917325983942671,0.8974121272271969,0.026157345276597084,0.030269915756759636,0.0005925168021898,0.00046343667775295,0.00030434858646834705,0.00023496097360207498,0.00270108292508304,0.0027147992032012,0.0004738800848744266,0.0006571201284674747,0.9990817247032044,0.9994089634919139,0.0009692929241412523,0.0005621831433445523,0.9998771505460006,0.9998754291303791,4.4571639502354694e-05,7.6791316764524e-05,0.09468791792256677,0.074132238839826,0.048950213108384655,0.03614531257802328,0.00072657925814868,0.00072998743218435,0.0001276726922578937,0.00017850418547727493,0.0022895894203473397,0.0017905155894167,0.001180329190467883,0.0008730172436688752,0.0011109757340019798,0.0011161870011947,0.0001952178807782315,0.00027294175584965
4D-E,equal_total,full,9900,10,224596.0,1.0,1.0,0.071121809959575,0.058442044447779395,0.03466919345170917,0.048365159157360824,0.31327992996414966,0.31309048027976555,0.07582219357394712,0.08640364458280597,0.9862993631465338,0.9884288270578667,0.0078021937071681285,0.012179037638147983,0.9573172195819245,0.9598120693031111,0.015947185100656205,0.020707541967807885,0.00044149608083240993,0.0004372332556583,5.517071716398031e-05,6.553116651415004e-05,0.0010322183586431,0.0010623906005822,0.0001825050889356531,0.00030892829316197493,0.99929044081676,0.999385727170836,0.00032711947754682013,0.0002741175196014911,0.9999688495088244,0.9999706240374933,1.0533218543502198e-05,1.2323004099923374e-05,0.07050296954832293,0.07007349873216895,0.008749039134198068,0.009816315356950517,0.00027765951346892,0.00028568351320795,4.916136329322507e-05,8.315334154362496e-05,0.0017054098461111698,0.00169248546930725,0.00020800323223712144,0.00023709341512304994,0.00042455517181258994,0.00043682426551394996,7.517016355296882e-05,0.000127145584765975
4D-E,equal_total,grid,30,10,224596.0,3681.6947618760673,9364.580580049478,1.9352988063702248,1.6475610825932767,1.286952105800538,2.135608204631856,0.583124552513065,0.5879915864413647,0.1612710326740468,0.16347516315927746,0.31954191321793346,0.38008911181771765,0.4094872453429117,0.4914063054299206,0.9215367507564893,0.9202843035782103,0.022540059221513142,0.032985797394597394,0.01238081410510346,0.01034717561981455,0.007893870521262135,0.007611472427188676,0.00193477718225291,0.0018532572147524498,0.0005042337547796008,0.0005770601169739252,0.9934150644777553,0.9958133628701166,0.005824074309673389,0.006311069416782944,0.9999029448071355,0.9999286384832471,5.053607633034771e-05,5.4706704738172185e-05,1.9820374334404598,1.656539438360213,1.2729107215814708,1.2229453901255156,0.00052047003426262,0.000498544255727,0.00013587716436954823,0.0001551373464249,0.04791110937595581,0.04001040670287765,0.030708520519761747,0.029537793816752672,0.0007958245048369499,0.00076229890163675,0.00020776292569130362,0.0002372126996231
4D-E,equal_total,grid,100,10,224596.0,638.4403110336468,673.8966608101662,0.2980027222404145,0.247572770387827,0.18761918874304878,0.10483380040172449,0.3513361146071197,0.3654772385440724,0.08318975037068359,0.10725271747683884,0.8285075713300568,0.8701790212672779,0.12080840406610721,0.18624718028984533,0.9464842386788417,0.9461849299024634,0.017853564236107563,0.024422575726389284,0.00187696750392537,0.0017596947641923,0.0007181081052682335,0.0008517932967739247,0.0011601072422201101,0.00121470136621795,0.00021138207354374057,0.00034975237497347506,0.9945146330074104,0.9944753495616413,0.0032754526254512484,0.003756842651176484,0.9999593271454783,0.9999633826938895,1.5831668191339544e-05,1.8806073734833895e-05,0.2996093529979841,0.28206545938200295,0.1143816877882519,0.13426587928664496,0.00031206099156843995,0.0003263987535681,5.694179416117477e-05,9.434962770965002e-05,0.007246716926917911,0.006812725612546051,0.0027569697810334525,0.0032172917138192985,0.00047715673861170994,0.00049907988805875,8.706682836608426e-05,0.00014426526180320008
4D-E,equal_total,grid,300,10,224596.0,495.31204006324435,482.3491180975474,0.18251541573347557,0.1417240502277366,0.13206834752639415,0.1017425479191733,0.32630406707647874,0.3271532683663537,0.07685450609795483,0.09601253685162842,0.9184283825203765,0.9533429586444939,0.07415226670441397,0.11303473878501791,0.9522823518870995,0.9528843411013295,0.016227292216474037,0.01942609027144304,0.0011169070500256402,0.00105037849008525,0.00047972484184156895,0.00037567896192779995,0.0010763794065776198,0.0011127935283147,0.00018794888837515055,0.00029420548614449995,0.998692181023837,0.9986878261396932,0.0004594692748716551,0.0006991979691355343,0.9999640951788418,0.9999671002082959,1.3186790259302521e-05,1.5968458585868817e-05,0.17831129351772898,0.16781863393006186,0.07662507824373023,0.06057798904305445,0.0002895367249894,0.00029923656731369996,5.062337128357729e-05,7.919791414362504e-05,0.00431312980059954,0.00405332261576,0.0018481848129209633,0.0014471984041102498,0.00044271601749995006,0.00045754755765905,7.740564630584564e-05,0.00012109754002797494
4D-E,equal_total,wells,5,10,224596.0,44768.352468134384,47751.03403400565,0.42344178434037366,0.3482721182170319,0.2863627210947468,0.17760215492810996,0.8626925207544393,0.9198571428309178,0.1944684856496065,0.1737921352438725,0.9178943921942395,0.9203057719297789,0.03611932702796685,0.02937909967734431,0.8714779989379522,0.8625185840939186,0.023295062054271055,0.03138335418271476,0.0026038198445776,0.0025339200554595,0.000988368722912352,0.0012563936140159997,0.0028422839527492702,0.0029045895409318,0.00046631276987734284,0.0004937569556688749,0.9969698855706539,0.9970574875875269,0.0012232113870496422,0.0023510570826152932,0.9998851664063144,0.9998804161203187,3.4906916174746875e-05,4.521760531994712e-05,0.4158235336500513,0.40537335059885615,0.15796439595512696,0.20040081476867005,0.00076458388596575,0.0007819358852099,0.0001256700840166482,0.000132918401098025,0.01005703715167369,0.009790984375294801,0.003806383692184248,0.004806148188673375,0.00116908669548486,0.0011956187632262,0.00019215579342058903,0.00020323882985384982
4D-E,equal_total,wells,10,10,224596.0,3006279.776706617,3295437.412080527,0.3014542885273416,0.25404828072531543,0.17311721029442256,0.22146046076444562,0.8765770773523471,0.9092053905006565,0.18773240743357447,0.19469341909989124,0.944427883015811,0.9591368907992582,0.032862252923492104,0.04433814603705233,0.8731701430249439,0.8681706105011775,0.016794862060852584,0.02731318255180648,0.00184815935149306,0.0018810102803412001,0.00042797347115141145,0.00040528253005702505,0.0029123440630002702,0.0028341298453052497,0.0005477664216979572,0.0005495800378392504,0.9972047186752897,0.9972981630514057,0.000827891565964396,0.0009267477473621222,0.9998722887766742,0.999876423646626,4.328687486951291e-05,4.146633545420997e-05,0.29535023574899333,0.30161287633212996,0.06942216136156211,0.06770907050220853,0.0007834085698237901,0.00076211963366135,0.00014755668570144283,0.0001480654559478001,0.00714505941199621,0.0072848568642836006,0.0016723197952296885,0.0016067114738473245,0.00119787057106622,0.0011653187314508,0.0002256214932721781,0.00022639942822092526
4D-E,equal_total,wells,15,10,224596.0,15088622.186348595,27136166.349908818,0.23268807235364872,0.21202469618706127,0.13091654606984504,0.16686913208672888,0.90554934293418,0.9248599434880289,0.2268904375797763,0.15952294964163571,0.9533405443512601,0.9655960285724776,0.03602118534024762,0.024592275314083256,0.8822467153465994,0.8913311251479886,0.021202155736690417,0.028593843136614283,0.00144013887530951,0.0013028977014196501,0.0004657024005620053,0.0005912614625187501,0.00296835401872221,0.0027774898333335,0.00044326817608998523,0.0005334475772988995,0.9976584914796518,0.9976750286673082,0.0006693213006787208,0.0006110836106351103,0.9998638791489032,0.9998760387913915,4.029882714964755e-05,3.983706339971693e-05,0.22984040742424322,0.20843208624855242,0.07376481135462826,0.09110755473377061,0.00079849157751884,0.00074738457103335,0.00011959479011663636,0.000142875831365325,0.00556340028434086,0.00503425912400995,0.0017917117022248521,0.00229101131757425,0.00122093323815594,0.0011427880896314,0.00018286636762959087,0.000218464234757725
4D-E,equal_total,wells,20,10,224596.0,6414.297541953707,7011.357639428647,0.16244673987995953,0.1420021000453039,0.07465277621591536,0.12880165339698052,0.9143549302421254,0.9151637605400422,0.2387034681114989,0.15159466542509736,0.9370348200323713,0.9478930189162107,0.048686214288059304,0.04047276182338588,0.883112960539246,0.8888296227854735,0.021331874974325548,0.02396864973521795,0.00103998022345025,0.00111332188731815,0.00018778904919538355,0.0002703430946987752,0.0030368020880094902,0.0028077488782558002,0.000779120757571963,0.0006041920319234746,0.9973057107365818,0.9974041561549944,0.0014049446594717313,0.0011619260985697988,0.9998515848866891,0.9998755309081551,8.378029325119264e-05,4.8115755159061635e-05,0.1660208825269655,0.1785044981152809,0.029570127657129155,0.040837836941587435,0.0008169569641400601,0.0007556887370923999,0.00021020812578584407,0.00016340925376915,0.00401794158685257,0.0043114182393302995,0.0007214675284037765,0.0010466546904990253,0.0012491677304361198,0.00115548557153615,0.000321418653531559,0.00024986085635232496
4D-E,equal_total,wells,30,10,224596.0,735.8431609533554,751.8013430869025,0.13720299807006972,0.1165608587320891,0.08454759708098773,0.06633390107992608,0.8713534406822733,0.8570163099434156,0.2454273957946747,0.3460360040783369,0.9482671372192041,0.9656575731436257,0.035422763114583346,0.038005375332643476,0.8823951826283786,0.8815044280639066,0.0250928463845237,0.0256292093123921,0.0008618075629047801,0.0008689071976698,0.0002395088612301992,0.00026801992401905006,0.00284259974539795,0.00288853526672275,0.0004891448219941458,0.0007936403808078752,0.9970006636695157,0.9976401256116714,0.0021466002482032837,0.001652799515255321,0.9998634730631185,0.9998592220775099,4.6007851667271586e-05,6.987463259811033e-05,0.13766535056869617,0.13735240922588032,0.03851016037759931,0.042972743925622586,0.00076463108992863,0.00077778327512485,0.00013162383569408924,0.00021308808444442493,0.00333088570038311,0.0033428759785528997,0.000930276102009574,0.0010398555480618,0.00116915887268612,0.0011892692163798,0.00020125937512309726,0.00032582225320597477
