comparison,capacity_regime,geometry,budget,metric,mean_improvement,median_improvement,std_improvement,iqr_improvement,four_d_wins,ties,wilcoxon_p,empirical_advantage,fold_differences
optimized,equal_per_property,full,9900,anomaly_relative_frobenius_p,0.0005495275367433102,0.0018414126134078494,0.0062967984932180985,0.0021959616576133997,9,0,0.083984375,True,"[0.0038981494682600003, -0.0169727711134634, 0.0021655984757519998, 0.004608491523855802, 0.0010383420061952, 0.001517226751063699, 0.004304932982910001, 0.0012828127305313003, 0.0022951644797979997, 0.0013573280625305004]"
optimized,equal_per_property,full,9900,anomaly_relative_frobenius_so,-0.03396362391473482,-0.03169429209391718,0.03719645528378901,0.048937081222368416,2,0,0.01953125,False,"[-0.007175293180805009, 0.0265386316043095, -0.05116421069003041, 0.002921699276338896, -0.09349483923995047, -0.0767472970869178, -0.03235792091907369, -0.06080908484607919, -0.016317260796379296, -0.031030663268760666]"
optimized,equal_per_property,full,9900,anomaly_ssim_p,3.0162732333016695e-05,0.00015977151353829822,0.0004854976060819748,6.184283677146407e-05,9,0,0.083984375,True,"[0.00019731270352252306, -0.0013433898226039576, 0.0001455587228575972, 0.0002076710614877797, 0.0001621033839408481, 0.0001424652726808029, 0.00025072745149579134, 0.00015743964313574832, 0.00027872857398159034, 0.00010301033283144356]"
optimized,equal_per_property,full,9900,anomaly_ssim_so,-0.0051144213388725655,-0.0028361815633644594,0.006947626240287984,0.007140298802623762,2,0,0.02734375,False,"[-0.004372430674851158, 0.004256383195553215, -0.006346660962965989, 0.000504525562413427, -0.016757675203105782, -0.001299932451877761, -0.0011457331473759824, -0.015920679497424595, -0.0011376272053946757, -0.008924383003696357]"
optimized,equal_per_property,full,9900,relative_frobenius_p,7.44134832775341e-06,1.6292755748254423e-05,2.7528083982793215e-05,6.011837731299648e-06,9,0,0.083984375,True,"[1.870289594364827e-05, -7.043358579544548e-05, 1.6993861460059643e-05, 1.55916500364492e-05, 1.2890201017270382e-05, 1.2158363346458065e-05, 1.9750049969450512e-05, 1.7303954150898354e-05, 1.9796144021787428e-05, 1.1659949126957737e-05]"
optimized,equal_per_property,full,9900,relative_frobenius_so,-0.00011686164334220998,-0.00010286122539404999,0.00012062670844168275,0.00017750810803317496,2,0,0.013671875,False,"[-2.0002606417800065e-05, 7.965708078790004e-05, -0.00014557730980579997, 8.37773315900004e-06, -0.0002791222746249, -0.0002722352794255, -0.00010047483098969993, -0.00023961356697179998, -9.437775933509988e-05, -0.00010524761979840004]"
optimized,equal_per_property,full,9900,ssim_p,1.052949784852153e-06,1.8601764884051963e-05,6.138000387569397e-05,2.878153551849616e-06,9,0,0.083984375,True,"[2.444647186272686e-05, -0.00017312674515135296, 1.8179763381254155e-05, 2.1036020767861707e-05, 1.7871928491230982e-05, 1.8352865951420938e-05, 2.0200100758760442e-05, 1.885066381668299e-05, 3.118018505576803e-05, 1.3538242914168386e-05]"
optimized,equal_per_property,full,9900,ssim_so,-5.2437750985734334e-06,-4.264741944981498e-06,5.4092683059703505e-06,8.625261925132577e-06,1,0,0.013671875,False,"[-8.754411846556565e-07, 2.3359297923741806e-06, -3.834221879994715e-06, -6.590583035981368e-07, -1.0964731322338217e-05, -1.4498023149678296e-05, -1.5280016336660651e-06, -1.0468215796977098e-05, -7.250725497232047e-06, -4.695262009968282e-06]"
optimized,equal_per_property,full,9900,rmse_p,0.0011853381585753598,0.0026124924685896,0.004402088029138277,0.0009483400009863753,9,0,0.083984375,True,"[0.0029851884760105996, -0.011268923856669801, 0.0027313658612725, 0.0024936190759067, 0.0020373645165239, 0.0019535001537881996, 0.0031603063965816008, 0.002735659553802201, 0.003149821049530401, 0.0018754803590072993]"
optimized,equal_per_property,full,9900,rmse_so,-3.1426536965559995e-05,-2.7682936583450007e-05,3.2434093922659135e-05,4.7671002786524996e-05,2,0,0.013671875,False,"[-5.382603388800008e-06, 2.1430393205199998e-05, -3.919311377290001e-05, 2.253512353299998e-06, -7.49789005759e-05, -7.332572558559997e-05, -2.7034448083900007e-05, -6.43354415659e-05, -2.5367617158100005e-05, -2.8331425083000006e-05]"
optimized,equal_per_property,full,9900,train_range_nrmse_p,2.8746040700759995e-05,6.30995416817e-05,0.00010636985541339158,2.3196674479575e-05,9,0,0.083984375,True,"[7.210124214910001e-05, -0.0002721782608632, 6.597071444659999e-05, 6.02283689168e-05, 4.920845485379999e-05, 4.71828793252e-05, 7.633086439819999e-05, 6.724006430039998e-05, 7.607761186390001e-05, 4.5298467616800003e-05]"
optimized,equal_per_property,full,9900,train_range_nrmse_so,-4.805273420747e-05,-4.2328583489250005e-05,4.959333878349622e-05,7.289132839592503e-05,2,0,0.013671875,False,"[-8.230267632399987e-06, 3.2768134452099975e-05, -5.992821547470001e-05, 3.445732193199983e-06, -0.0001146464589621, -0.00011211867238169999, -4.133701239950001e-05, -9.837208207420003e-05, -3.8788345216400004e-05, -4.3320154579e-05]"
optimized,equal_per_property,grid,30,anomaly_relative_frobenius_p,0.8311555432822173,0.5850083992901227,0.4881614569496627,0.6772585967747431,10,0,0.001953125,True,"[1.758344450244071, 1.0946174299654468, 0.555609743476439, 1.2438631313148396, 0.275544165810242, 0.6144070551038063, 1.3186977990568391, 0.5334504517614138, 0.38911387773921563, 0.5279073283498597]"
optimized,equal_per_property,grid,30,anomaly_relative_frobenius_so,0.25682161297609085,0.28179635047224094,0.23390324292675363,0.41313176064797774,8,0,0.013671875,True,"[0.3263305938728654, 0.5720947590583183, 0.23726210707161655, -0.003043048635546497, 0.10429522504609118, 0.012102966040217433, 0.41438853377507023, -0.0679349850764912, 0.4595808773278614, 0.5131391012809057]"
optimized,equal_per_property,grid,30,anomaly_ssim_p,0.3948613127454843,0.27507421876912636,0.40620360606361927,0.49617538364634384,9,0,0.01953125,True,"[-0.1978841157524413, 0.4827991221165518, 0.19052992487066855, 0.7885947230804556, 0.07268085115930878, 0.1848103603210659, 1.18048608136426, 0.7246076292786766, 0.35961851266758416, 0.16237003834871344]"
optimized,equal_per_property,grid,30,anomaly_ssim_so,0.05688275677155108,0.058954566093930794,0.038466223216283804,0.06980789646655841,10,0,0.001953125,True,"[0.09351240418302109, 0.10590799372067827, 0.05322902616872982, 0.008024688733600294, 0.03380999754357117, 0.018704582729210717, 0.06468010601913177, 0.006181066925312395, 0.08861811904837369, 0.09615958264388158]"
optimized,equal_per_property,grid,30,relative_frobenius_p,0.00510280184385919,0.0045386804840136,0.001642856255694072,0.0015220950589833991,10,0,0.001953125,True,"[0.008436344874350198, 0.0045424421357794995, 0.0043599749040363, 0.0042082921355742, 0.0034206645452446996, 0.0049235779776109, 0.006049884523027199, 0.007195751912465199, 0.0033561665982559997, 0.0045349188322477]"
optimized,equal_per_property,grid,30,relative_frobenius_so,0.0009065175586072799,0.00079239727379575,0.0009389973541390984,0.0014995194314206752,8,0,0.013671875,True,"[0.000909713689302, 0.0017171721255323, 0.0006750808582895, -8.725692498499742e-06, 0.0003113660677319999, 4.2931210178099926e-05, 0.0012867210473521003, -0.0002676926340457, 0.0026581798242188, 0.0017404290900121999]"
optimized,equal_per_property,grid,30,ssim_p,0.001314591737301285,0.0011358183167424762,0.0007790559128324397,0.0004799111121611688,10,0,0.001953125,True,"[0.003231336994033218, 0.0009345495178214591, 0.0009142383929153786, 0.00105044739432969, 0.00041257993889420863, 0.0012211892391552626, 0.0013556995637108438, 0.001844558267540819, 0.001413736527167142, 0.000767581537444828]"
optimized,equal_per_property,grid,30,ssim_so,1.1176821414371484e-05,7.901327581050221e-06,3.122400409842744e-05,4.3272269336397384e-05,6,0,0.322265625,False,"[2.757118993645946e-05, 1.3019144227244261e-05, 2.7835109348561815e-06, -9.745565706653636e-07, -1.9439276429999985e-05, -1.921543852345664e-05, 2.8965671756031597e-05, -2.7966022458247863e-05, 7.57605740190348e-05, 3.12634172524584e-05]"
optimized,equal_per_property,grid,30,rmse_p,0.8147959776244489,0.7280973439708746,0.26101040680698795,0.24384959261037864,10,0,0.001953125,True,"[1.3465336905279761, 0.7267617284180218, 0.700764016281897, 0.6730447080151108, 0.5406541417062176, 0.7910777184704534, 0.9680729307660969, 1.1376086236973708, 0.5340092588376174, 0.7294329595237273]"
optimized,equal_per_property,grid,30,rmse_so,0.00024387108320477,0.00021327421547219998,0.00025249914125263627,0.00040345300610509995,8,0,0.013671875,True,"[0.00024479949685439993, 0.0004619761794833, 0.00018174893409000003, -2.3471093507999906e-06, 8.364035248200003e-05, 1.1563387901800007e-05, 0.0003462140021578999, -7.187457719079997e-05, 0.0007144870634080999, 0.0004685031022118]"
optimized,equal_per_property,grid,30,train_range_nrmse_p,0.01972823905525039,0.01758573146306205,0.006372292131213725,0.0058896948569527215,10,0,0.001953125,True,"[0.032522821410729, 0.017553472347375303, 0.0169255622134381, 0.016256045425516903, 0.013058416747662501, 0.0191068961295231, 0.0233818605960922, 0.027961402178042303, 0.0128979229253757, 0.0176179905787488]"
optimized,equal_per_property,grid,30,train_range_nrmse_so,0.00037289098556928,0.00032610685678209996,0.0003860837143944198,0.0006168996631349751,8,0,0.013671875,True,"[0.00037431057610169997, 0.0007063844987820999, 0.00027790313746249996, -3.5888466461999865e-06, 0.00012789024865309992, 1.768099380459998e-05, 0.0005293783862605001, -0.00010989979448919996, 0.0010924861683049, 0.0007163644874588]"
optimized,equal_per_property,grid,100,anomaly_relative_frobenius_p,0.02393033002384016,0.012046515027207334,0.050202895072795746,0.07462421717804485,7,0,0.232421875,True,"[0.0615680448696853, 0.0716271788209468, 0.040567761922919596, 0.1226152944617887, -0.03320888892699331, 0.009231277609467375, -0.026582084377451493, 0.0045469312097389004, -0.0259239677966476, 0.014861752444947293]"
optimized,equal_per_property,grid,100,anomaly_relative_frobenius_so,0.0158575680186298,0.005541676402929907,0.05045987134611551,0.07616685942904489,5,0,0.556640625,False,"[-0.04870324082866101, 0.10716250074078904, 0.013737061655309635, 0.019205630417390485, -0.029112298076410414, 0.07171684539874879, 0.0646549512612627, -0.0026537088494498207, -0.010399615541521606, -0.02703244599115978]"
optimized,equal_per_property,grid,100,anomaly_ssim_p,0.018904662685762675,0.01657132416915813,0.032628953578737206,0.030852669676144834,7,0,0.10546875,True,"[0.0440022635785694, 0.032926138438635344, 0.01859657116131519, 0.09220534899500243, -0.01272057250588754, 0.019334081239785417, 0.00606621294934262, -0.003788131699410169, -0.022121362476727024, 0.014546077177001071]"
optimized,equal_per_property,grid,100,anomaly_ssim_so,0.022035265946995296,0.02067533035903868,0.019326805360084454,0.03519607687587056,10,0,0.001953125,True,"[0.000353814419539078, 0.05050968022700497, 0.036962318081086076, 0.005298803199540347, 0.020473796318536186, 0.03869971679412565, 0.043729358886171354, 0.020876864399541173, 0.002326119253480141, 0.0011221878909279948]"
optimized,equal_per_property,grid,100,relative_frobenius_p,8.309795533030001e-05,0.00010082159463270003,0.00026673989649193765,0.00037290890895190005,7,0,0.322265625,True,"[0.00029539676352260003, 0.00029723838323450003, 0.0003183429124014, 0.0004148374257537, -0.00041226229053149994, 7.397524941420001e-05, -0.00012195253603970008, 6.133388553760001e-05, -0.00022359817984099993, 0.00012766793985120005]"
optimized,equal_per_property,grid,100,relative_frobenius_so,4.8598533897319975e-05,1.4314632588350055e-05,0.000159005447902921,0.00024456026650849995,5,0,0.6953125,False,"[-0.0001357703069436, 0.0003216538104234999, 3.9086002763399994e-05, 5.5070570776899865e-05, -8.691272079500005e-05, 0.0002543914403204, 0.00020076059017729996, -1.0456737586699884e-05, -6.015056234019993e-05, -9.16867478228001e-05]"
optimized,equal_per_property,grid,100,ssim_p,-2.081080290720072e-05,-8.047265125449288e-05,0.00016276975197545537,0.00023476374439315717,4,0,0.845703125,False,"[0.00010450681585738586, -0.00010868265324159854, 0.00022984668065240133, 0.00011728607170358174, -9.206284408658227e-05, -0.00027683764322739, -0.00014921134639478417, -0.00012466909778763302, -6.888245842240348e-05, 0.00016059844587501537]"
optimized,equal_per_property,grid,100,ssim_so,-4.236120839273827e-06,-6.109703570233993e-06,8.541646114338657e-06,9.463117068342353e-06,2,0,0.130859375,False,"[-4.7653844181816396e-07, 4.002054347918005e-07, -7.588894339827235e-06, -2.055542978052216e-07, -1.4238734934779451e-05, -1.247285896754935e-05, 1.5118318327234093e-05, -1.0339515618129624e-05, -4.6305128006407514e-06, -7.927122754214366e-06]"
optimized,equal_per_property,grid,100,rmse_p,0.013408274939986864,0.01621042119014915,0.0424996155608577,0.05966587662611794,7,0,0.322265625,True,"[0.0471485815338751, 0.047556242808285305, 0.05116617933803119, 0.06634618631391279, -0.06516023769563431, 0.011885700154649098, -0.01951424833464971, 0.009696548458208394, -0.03557734540245841, 0.0205351422256492]"
optimized,equal_per_property,grid,100,rmse_so,1.3087107631000007e-05,3.857673403149988e-06,4.278763618428561e-05,6.576891345452499e-05,5,0,0.6953125,False,"[-3.65351244225e-05, 8.653552910990002e-05, 1.0522945885400013e-05, 1.4813340218799986e-05, -2.334682984379995e-05, 6.851954303510003e-05, 5.4018023210100044e-05, -2.807599079100037e-06, -1.6167754437599994e-05, -2.4680997366300023e-05]"
optimized,equal_per_property,grid,100,train_range_nrmse_p,0.00032426326783927,0.0003915302209432001,0.0010264538254124698,0.0014400766661028749,7,0,0.322265625,True,"[0.0011387794511062, 0.0011486256918032999, 0.0012358173814413002, 0.0016024591021739, -0.0015738148912002002, 0.00028707525566590026, -0.0004713275412393, 0.0002383324858224998, -0.0008592994434013998, 0.0004959851862205]"
optimized,equal_per_property,grid,100,train_range_nrmse_so,2.001083686777e-05,5.898574026950027e-06,6.542441857910333e-05,0.00010056393171175003,5,0,0.6953125,False,"[-5.5864017885099955e-05, 0.0001323171173576, 1.609010634130004e-05, 2.265033213930004e-05, -3.5698461154000047e-05, 0.00010476978080929992, 8.259623752279998e-05, -4.292958287399986e-06, -2.4721298677300024e-05, -3.773846948879994e-05]"
optimized,equal_per_property,grid,300,anomaly_relative_frobenius_p,0.02523805741036378,0.013752535368904101,0.03347208944497977,0.04211201171123572,8,0,0.037109375,True,"[0.0885450870862319, -0.0003806350369672043, 0.0009899799304985968, 0.0384955431493542, 0.013554860636962901, 0.05983502091060959, -0.024767469406393794, 0.0139502101008453, 0.048770105054895194, 0.0133878716776011]"
optimized,equal_per_property,grid,300,anomaly_relative_frobenius_so,-0.006479809487876622,-0.00877176594990961,0.031867688684102564,0.038120787514430626,3,0,0.556640625,False,"[-0.002409729702774699, 0.032101966308895696, -0.019372843030800724, 0.05083590232114543, -0.050791648778606424, -0.03114793362558399, -0.005351208479361491, -0.0404956884222038, 0.014025411950981503, -0.012192323420457729]"
optimized,equal_per_property,grid,300,anomaly_ssim_p,0.01016525914975459,0.004613918311155707,0.021707043883435168,0.01856652775007822,9,0,0.064453125,True,"[0.055787013886014813, 0.0016141901106888623, 0.000385668554915064, 0.012712847489916634, 0.0011260708558051835, 0.02218188872950022, -0.027713973726828156, 0.00497153280612006, 0.02633104897522187, 0.0042563038161913536]"
optimized,equal_per_property,grid,300,anomaly_ssim_so,0.012729570562752823,0.012207016223621303,0.010779414194548361,0.01511273126027185,9,0,0.005859375,True,"[0.004548008735223985, 0.009827123543232008, 0.014586908904010598, 0.0307811121655438, 0.007972021287610764, 0.023284585631934807, 0.01739121173624758, 0.00114255163701793, 0.021558586932707513, -0.003796404946000753]"
optimized,equal_per_property,grid,300,relative_frobenius_p,0.00018192262672878998,0.00014925638025959997,0.00020090570129557822,0.00032795294051495005,8,0,0.013671875,True,"[0.00042482966945710005, -1.5795588331e-06, 7.76856004259998e-06, 0.0001302398048561, 0.00016827295566309994, 0.0004794905735508, -0.00011362749671950005, 0.0001881753978856, 0.0004206496014218, 0.00011500675996339998]"
optimized,equal_per_property,grid,300,relative_frobenius_so,-2.1825475811299996e-05,-2.8984571711099976e-05,0.00010439386716138613,0.000155807507012,3,0,0.431640625,False,"[-6.717617469200062e-06, 9.635571878180004e-05, -5.512146740230001e-05, 0.00014576778246509986, -0.00015163489936209998, -0.00011048684104769993, -1.661607891619986e-05, -0.00015957017564700003, 8.112188499060009e-05, -4.135306450600009e-05]"
optimized,equal_per_property,grid,300,ssim_p,3.849267982206639e-05,4.3467354489512555e-05,8.755992355206343e-05,6.767432530316309e-05,9,0,0.083984375,True,"[0.00010663317639725278, -0.00018550257641281043, 2.756364184763882e-05, 7.041525156259443e-05, 3.692655399878397e-05, 0.00012508387062992732, 9.978539457389246e-06, 4.477828671323181e-05, 0.00010689363176086264, 4.21564222657933e-05]"
optimized,equal_per_property,grid,300,ssim_so,-4.174328972994523e-06,-1.5140326680707084e-06,6.568349278978515e-06,1.0159074869259266e-05,3,0,0.130859375,False,"[-1.0595736001928202e-06, 1.7712111766154948e-06, -4.61195142775761e-06, 1.7979149634639313e-06, -1.0357147065209737e-05, -1.4901495400510001e-05, -1.9684917359485965e-06, -1.4020536027836705e-05, 1.967506063627056e-06, -3.6072667619624355e-07]"
optimized,equal_per_property,grid,300,rmse_p,0.029026659648735083,0.023713035918982103,0.03212479369505979,0.052074328139251246,8,0,0.013671875,True,"[0.0678075008999489, -0.0002527193243867, 0.001248614374171897, 0.020829640292861308, 0.026596431545102897, 0.0770403780903844, -0.018182116261251005, 0.029749490811584504, 0.06693076023171769, 0.018498615827216902]"
optimized,equal_per_property,grid,300,rmse_so,-5.864916466490007e-06,-7.801298178900017e-06,2.806472822516706e-05,4.193101794349998e-05,3,0,0.431640625,False,"[-1.8076779494999968e-06, 2.592287993290001e-05, -1.4840100741800007e-05, 3.920983066139997e-05, -4.073275075729997e-05, -2.9759286910199995e-05, -4.470836311900011e-06, -4.284405862630002e-05, 2.1804596083699974e-05, -1.1131760045900022e-05]"
optimized,equal_per_property,grid,300,train_range_nrmse_p,0.00070234842247521,0.000572740836508,0.0007759520239341354,0.00126092010900545,8,0,0.013671875,True,"[0.0016377542259727999, -6.103928562599999e-06, 3.015779888749983e-05, 0.000503098196547, 0.000642383476469, 0.0018607558620135003, -0.0004391525620141999, 0.0007312158679591, 0.0016165783130513, 0.0004467969744287]"
optimized,equal_per_property,grid,300,train_range_nrmse_so,-8.967748257519998e-06,-1.1928571966899975e-05,4.291236185156105e-05,6.411460678889995e-05,3,0,0.431640625,False,"[-2.764029270500021e-06, 3.9637369547600013e-05, -2.2691250306500004e-05, 5.995377642639991e-05, -6.228239681089999e-05, -4.550342615419994e-05, -6.836130535599989e-06, -6.55106912923e-05, 3.334030921899999e-05, -1.702101339819996e-05]"
optimized,equal_per_property,wells,5,anomaly_relative_frobenius_p,0.10188795484598911,0.0793782924674023,0.0999048830115509,0.08775910531720242,9,0,0.005859375,True,"[0.009156356354249828, 0.3308761354063289, 0.06401863312073952, 0.07591731701006932, -0.02082468634838361, 0.08283926792473528, 0.14066241084484832, 0.0411837762312543, 0.17843118736728203, 0.11661915054876718]"
optimized,equal_per_property,wells,5,anomaly_relative_frobenius_so,1.1825850410388241,1.1040722830976064,0.33534076741206287,0.4845828923134623,10,0,0.001953125,True,"[1.7367798949687188, 1.5820569416136006, 1.1111019452401916, 1.5373212124521833, 1.0970426209550213, 0.9140017244702308, 0.9769339441913865, 0.9703334140540376, 0.6859765941920726, 1.2143021182507985]"
optimized,equal_per_property,wells,5,anomaly_ssim_p,0.10504296154767441,0.06751344804183262,0.13314238620786453,0.14071570908180475,10,0,0.001953125,True,"[0.012736874732710679, 0.4381508488643694, 0.010152893335483415, 0.09064768137484847, 0.006043746384399862, 0.09920382792606353, 0.1700890124522335, 0.010073994651046414, 0.16895152104677214, 0.04437921470881678]"
optimized,equal_per_property,wells,5,anomaly_ssim_so,0.11109639829257197,0.11135745219914667,0.012153315582352116,0.013230626869987161,10,0,0.001953125,True,"[0.11728603241042246, 0.13495071821399518, 0.11451814642358993, 0.10740080753497172, 0.09805400867938274, 0.10269671453741369, 0.09226451977285921, 0.11655536139589406, 0.1081967579747034, 0.11904091598248723]"
optimized,equal_per_property,wells,5,relative_frobenius_p,0.0006323183483062499,0.0006004289934253499,0.0005589689186443906,0.0005990835204304998,9,0,0.009765625,True,"[4.3931199024199556e-05, 0.0013730694012801998, 0.0005023663408972, 0.00025684678650260027, -0.00025852213581910007, 0.0006638361194709001, 0.0006453270362251997, 0.0005555309506255, 0.0015389962306371, 0.0010018015542187]"
optimized,equal_per_property,wells,5,relative_frobenius_so,0.00386203011207066,0.00389557991917095,0.000669033001866373,0.0010853813301697009,10,0,0.001953125,True,"[0.004841631386767801, 0.0047486260591085, 0.0031614136117128003, 0.0044081425497312, 0.0032751436786311, 0.0032421143714638995, 0.0030334851604413996, 0.0038235249072068, 0.0039676349311351, 0.004118584464508]"
optimized,equal_per_property,wells,5,ssim_p,-2.017073429970706e-05,0.0002872320777029258,0.0008534756198625217,0.0005039611592324023,7,0,0.431640625,True,"[0.0004366681837355557, 0.00021451529040061867, 0.0002475867793809705, 0.0004829954122246294, -0.002203594937038811, 0.0003268773760248811, -0.00019629499240336745, 0.0003314703989134582, -0.0005936458312257864, 0.0007517149769907805]"
optimized,equal_per_property,wells,5,ssim_so,0.0002255290090650841,0.00022363293332505751,6.063109823415328e-05,9.983886214104398e-05,10,0,0.001953125,True,"[0.0002588866033231829, 0.00028366355105380325, 0.00014277765709602708, 0.00025442297997557706, 0.00016410847763581593, 0.00019284288667453797, 0.00017951715638198085, 0.00017700155051281197, 0.00031091152980033954, 0.0002911576981967645]"
optimized,equal_per_property,wells,5,rmse_p,0.10114151679283653,0.09554422509116928,0.08917615591081715,0.0965236275304203,9,0,0.005859375,True,"[0.007011903902995775, 0.21968233419028393, 0.0807436424384253, 0.04107827233879113, -0.040860792283079095, 0.10665941825585051, 0.10326207597570108, 0.08782637420663747, 0.24487408846254938, 0.16113785044020978]"
optimized,equal_per_property,wells,5,rmse_so,0.00103882455430027,0.0010465283233872,0.0001799899639027876,0.0002915873063903501,10,0,0.001953125,True,"[0.0013028592857002, 0.0012775376981511, 0.0008511329377673, 0.0011857388510893001, 0.0008797817106575, 0.0008732534196920999, 0.0008162103511435001, 0.0010266036533412, 0.0010664529934332, 0.0011086746420273]"
optimized,equal_per_property,wells,5,train_range_nrmse_p,0.0024466130598478396,0.0023263910500219993,0.0021532827657519335,0.00233133432773915,9,0,0.005859375,True,"[0.00016935847947249956, 0.005305986305594199, 0.0019502022245409005, 0.0009921633038470993, -0.000986910509162501, 0.0025761443891888, 0.0024940883982948, 0.0021586937017491984, 0.0059144426190033995, 0.0038919616859499993]"
optimized,equal_per_property,wells,5,train_range_nrmse_so,0.0015884142834653402,0.00160019372861185,0.0002752135847772357,0.00044585145819887504,10,0,0.001953125,True,"[0.0019921364875185, 0.0019534185238579, 0.0013014244897090002, 0.0018130535322189998, 0.0013452298848299002, 0.0013352478040511999, 0.0012480261221222, 0.0015697279195746, 0.0016306595376491002, 0.001695218533122]"
optimized,equal_per_property,wells,10,anomaly_relative_frobenius_p,0.056445842331742636,0.05022333864644804,0.0452909002927558,0.06526702497882697,10,0,0.001953125,True,"[0.003154080250417912, 0.05049510699978138, 0.0173312588336115, 0.07537973107774526, 0.0499515702931147, 0.08700194767281769, 0.1323734005591204, 0.008961480049807402, 0.11648614990095421, 0.02332369768005589]"
optimized,equal_per_property,wells,10,anomaly_relative_frobenius_so,-0.008760545301486367,-0.011796174108314905,0.16408250575117192,0.10152760443383457,4,0,0.845703125,False,"[0.15644508992633654, -0.14039764512966002, 0.28972324855682874, 0.03610569691223886, -0.07978926023628918, -0.3244252189775627, 0.02837526521981404, -0.03005028106994012, -0.007278459828286121, -0.01631388838834369]"
optimized,equal_per_property,wells,10,anomaly_ssim_p,0.053229198940878686,0.04763525661138551,0.03800592045050112,0.06702079104543096,10,0,0.001953125,True,"[0.025730916449663965, 0.0884420382389337, 0.014744767374629597, 0.06953959677310706, 0.01591357926478798, 0.09679844324775233, 0.07418755458985948, 0.014117905050298085, 0.10912742108918183, 0.02368976733057282]"
optimized,equal_per_property,wells,10,anomaly_ssim_so,0.013790829865900545,0.010802083428412879,0.01965051599880964,0.03409602522105035,6,0,0.10546875,False,"[0.04277709184689993, 0.006023128119601484, 0.039715438777115586, -0.004278500748681746, -0.0008487408019136611, -0.003636768979754068, 0.015581038737224273, -0.009594776243439851, 0.03622733259553601, 0.01594305535641749]"
optimized,equal_per_property,wells,10,relative_frobenius_p,0.00038662616214873004,0.00023228626923849994,0.00032257696998397935,0.00046481584445935025,10,0,0.001953125,True,"[1.5132932998599986e-05, 0.0002095445362073, 0.00013600167105979992, 0.00025502800226969986, 0.0006201095384420002, 0.0006971939368417, 0.0006072989489145, 0.00012088205566980004, 0.0010047108258602001, 0.00020035917322369992]"
optimized,equal_per_property,wells,10,relative_frobenius_so,-5.741372358875005e-05,-4.8715170238249885e-05,0.0005199115347395446,0.00030793129287557547,4,0,0.76953125,False,"[0.00043612288459079964, -0.0004214108220530004, 0.0008243483197387001, 0.0001035301260123001, -0.0002382052313137004, -0.0011507895846937996, 8.810825591600013e-05, -0.00011841084360830019, -4.209804198000017e-05, -5.5332298496499604e-05]"
optimized,equal_per_property,wells,10,ssim_p,-8.437956738757135e-05,-0.00015979276760103023,0.00035841357798923853,0.00024192163331449024,2,0,0.275390625,False,"[-2.1685493245660048e-05, -0.0001258351508404143, -0.0005043272593591164, -0.0004467628706927851, -0.00029107718365584123, -0.00020053247417384235, 0.0002544203104379861, -0.00019375038436164616, 0.0007267758441620309, -4.102101214642495e-05]"
optimized,equal_per_property,wells,10,ssim_so,-1.8111882468474506e-06,7.798535982594945e-06,4.382115861387725e-05,3.148379276390889e-05,6,0,0.556640625,False,"[2.838524629678041e-05, -2.7722046327394168e-05, 2.5471245590269476e-05, 9.236976642568173e-06, -6.82673492902186e-06, -0.00011283354759605846, 6.360095322621717e-06, 2.4676411565560663e-05, 3.950528889840044e-05, -4.364817932200893e-06]"
optimized,equal_per_property,wells,10,rmse_p,0.06169958962746184,0.0371565880762043,0.05138155820296768,0.07335178545796246,10,0,0.001953125,True,"[0.002415383015101108, 0.03352578739859138, 0.0218590884880292, 0.04078738875381721, 0.09801159565214768, 0.1120190624371496, 0.09717700744355201, 0.019110785176187917, 0.15986241080598468, 0.03222738710405759]"
optimized,equal_per_property,wells,10,rmse_so,-1.544763753299999e-05,-1.3105128989749943e-05,0.00013998591070373966,8.275198297067501e-05,4,0,0.76953125,False,"[0.00011735853155779997, -0.00011337346947939996, 0.00022193553052450002, 2.7848394484899955e-05, -6.398760679110006e-05, -0.00030996159451530004, 2.3707012461400057e-05, -3.179291559329996e-05, -1.1315452068199955e-05, -1.4894805911299931e-05]"
optimized,equal_per_property,wells,10,train_range_nrmse_p,0.00149104424524755,0.0008974428837058,0.0012402709539951098,0.0017716650109680248,10,0,0.001953125,True,"[5.833873373629981e-05, 0.0008097481733196996, 0.0005279628427502002, 0.0009851375940919003, 0.0023672735736197, 0.0027055958479673993, 0.0023471157688424006, 0.00046972600164789987, 0.0038611559989212, 0.0007783879175787996]"
optimized,equal_per_property,wells,10,train_range_nrmse_so,-2.3620204202560014e-05,-2.0038392419399927e-05,0.00021404540268641668,0.00012653188759509994,4,0,0.76953125,False,"[0.0001794470173441, -0.00017335365971250013, 0.0003393504372169999, 4.2581576829699977e-05, -9.784022544619998e-05, -0.0004739466563586001, 3.624919824619997e-05, -4.861294530649992e-05, -1.73018876137999e-05, -2.2774897224999953e-05]"
optimized,equal_per_property,wells,15,anomaly_relative_frobenius_p,0.004313056008752098,0.0017940815991855513,0.03234790302514728,0.045565339147760106,6,0,0.625,False,"[0.015059668540817195, 0.0009000013796595097, 0.035136923219335696, -0.018719146181342516, -0.0056334798481885995, -0.0349047430040251, 0.048353034614288415, 0.002688161818711593, -0.04567635996171071, 0.0459264995099755]"
optimized,equal_per_property,wells,15,anomaly_relative_frobenius_so,0.1413261344608323,0.09874466695435219,0.2604105205133178,0.3851298417314156,5,0,0.232421875,False,"[0.5917400790212254, -0.06598261273732609, 0.32498822606826927, -0.11915520840305382, 0.2026478144835544, -0.005158480574850022, -0.09166831184568636, -0.11940287208095435, 0.22456714044646964, 0.47068557023067503]"
optimized,equal_per_property,wells,15,anomaly_ssim_p,0.021390683367022358,0.020071639128994456,0.013993882655117485,0.023550137308373215,10,0,0.001953125,True,"[0.016868380395072435, 0.008392298272104415, 0.0035147972084772494, 0.0383620678054174, 0.0171701135536958, 0.041242485811985974, 0.037745528357105984, 0.004628758188510607, 0.023009239373560586, 0.022973164704293114]"
optimized,equal_per_property,wells,15,anomaly_ssim_so,0.015505955230547274,0.018933095695145896,0.024704533836424746,0.030941865960788656,7,0,0.083984375,True,"[0.03367411699562184, 0.011278512942493935, 0.026587678447797858, 0.009413547952678014, 0.03339947288037526, -0.009164742662135628, -0.00022391731021398353, -0.03257367512495846, 0.050357716959749, 0.03231084122406491]"
optimized,equal_per_property,wells,15,relative_frobenius_p,1.9739170932919947e-05,1.9997817406199915e-05,0.00024172688734873515,0.0002527224582311749,6,0,0.76953125,False,"[7.22546469698e-05, 3.7348246768999314e-06, 0.0002757260923518, -6.333143388240008e-05, -6.993523062399996e-05, -0.00027971069430469996, 0.00022183268673349986, 3.62608101354999e-05, -0.0003939655776969001, 0.0003945255849696999]"
optimized,equal_per_property,wells,15,relative_frobenius_so,0.00047614387126290996,0.0002933464178529999,0.0008412614231663637,0.00146832352404205,5,0,0.232421875,False,"[0.0016495972504618002, -0.00019805023830109974, 0.0009246876093953003, -0.0003416677919547001, 0.000604990814319, -1.8297978613000115e-05, -0.0002846399854565004, -0.00047049792244720006, 0.0012988787640340997, 0.0015964381911913999]"
optimized,equal_per_property,wells,15,ssim_p,-0.0002500612933190816,-0.00021069786361904708,0.00019234304918606664,0.00020551724707798535,1,0,0.00390625,False,"[-0.00013933312599401226, -0.0002179701277259527, 0.00010039014808671531, -0.000352425939679768, -0.0003403179179698457, -0.0005254994737836638, -0.00015752737071517142, -0.00020342559951214145, -0.0005298838993273991, -0.0001346196265695765]"
optimized,equal_per_property,wells,15,ssim_so,2.0776351128604097e-05,1.1646497886153018e-05,5.01387748957735e-05,7.763321886403163e-05,6,0,0.431640625,False,"[7.025099986701644e-05, -2.3899955097550496e-05, 2.0479394475581003e-05, -3.189529531766322e-05, 2.4329832371994264e-05, -3.939864536040005e-05, -3.7501781904314413e-06, 2.8136012967250323e-06, 9.314330645315838e-05, 9.569045078761107e-05]"
optimized,equal_per_property,wells,15,rmse_p,0.0032325713592190677,0.003165090924634892,0.038710624651792154,0.0403280171487856,6,0,0.76953125,False,"[0.011532638588292482, 0.0005975480933831934, 0.044316522026605604, -0.010128785039714205, -0.011053633464477824, -0.044941483386378794, 0.03549658152456742, 0.00573263375588659, -0.0626849889581701, 0.06345868045219631]"
optimized,equal_per_property,wells,15,rmse_so,0.00012811989650177,7.879322966259999e-05,0.00022631962661444517,0.00039484061659592507,5,0,0.232421875,False,"[0.00044389853827030005, -5.328207410070006e-05, 0.00024894941888829996, -9.190464476049995e-05, 0.00016251496293930002, -4.928503614100039e-06, -7.658718938490005e-05, -0.0001263271190318, 0.00034912313508000004, 0.0004297424407318]"
optimized,equal_per_property,wells,15,train_range_nrmse_p,7.832063204920981e-05,7.766779246884967e-05,0.0009349954620797558,0.0009740423940411004,6,0,0.76953125,False,"[0.0002785477614410999, 1.4432576074499721e-05, 0.0010703775211293998, -0.0002446404937890001, -0.0002669783531105002, -0.0010854714207228005, 0.0008573487538676003, 0.00014090300886319962, -0.0015140302209746999, 0.0015327171877132996]"
optimized,equal_per_property,wells,15,train_range_nrmse_so,0.00019590167825462996,0.00012047875737850007,0.00034605393764981096,0.000603730892283075,5,0,0.232421875,False,"[0.0006787428884686001, -8.14709348212002e-05, 0.00038065601278460003, -0.00014052676156920004, 0.00024849344130440005, -7.535926547399922e-06, -0.00011710561234410007, -0.00019316043255660008, 0.0005338265948313999, 0.0006570975129957999]"
optimized,equal_per_property,wells,20,anomaly_relative_frobenius_p,0.04185658741779765,0.02717282699484865,0.03453307178774023,0.046216091242030126,10,0,0.001953125,True,"[0.0762101149791129, 0.031029509161930702, 0.021291624388347398, 0.0801739036556018, 0.00026448485680840433, 0.042519928611382804, 0.1074923999480455, 0.022411035415558805, 0.013856728333421608, 0.023316144827766595]"
optimized,equal_per_property,wells,20,anomaly_relative_frobenius_so,0.08220375971951074,0.08702796706433169,0.16298319616920692,0.13043753079566467,7,0,0.130859375,True,"[0.4280632966287693, -0.18785617832068413, 0.08340077943628843, 0.19472537633660358, 0.09065515469237495, -0.05519583721191745, -0.002237661113015821, 0.02470706952840024, 0.14698430607686153, 0.09879129114142693]"
optimized,equal_per_property,wells,20,anomaly_ssim_p,0.021968726165176766,0.016244705885422428,0.01821543284120936,0.027425421327255978,10,0,0.001953125,True,"[0.04304542404079803, 0.012622707668252242, 0.0025296091434678925, 0.032486062636031154, 0.002326464496807401, 0.053791126342960016, 0.03596809238660337, 0.006818791826281201, 0.019866704102592614, 0.010232279007973744]"
optimized,equal_per_property,wells,20,anomaly_ssim_so,0.008845261087668987,0.012547391296578447,0.008960649811235032,0.003812817368138738,8,0,0.013671875,True,"[0.014248249429916315, -0.003998327997951745, 0.01224185391519006, 0.013508333986256948, 0.012852928677966835, 0.013119501217954133, -0.010872133773159431, 0.00898572950555554, 0.016930430727457813, 0.011436045187503407]"
optimized,equal_per_property,wells,20,relative_frobenius_p,0.00023920253684017002,0.00023577107400079997,0.00014325193103073832,0.00019278299268895,10,0,0.001953125,True,"[0.00036564781876980004, 0.0001287662209747, 0.0001670794097643, 0.00027124785656729996, 3.283371904399938e-06, 0.0003407353193319, 0.0004931505969401999, 0.0003023040854485, 0.0001195163972663, 0.00020029429143429998]"
optimized,equal_per_property,wells,20,relative_frobenius_so,0.00027755965004720007,0.00025397223842545027,0.0005050577942021555,0.00048340967994769967,7,0,0.130859375,True,"[0.0011933145348383, -0.0005638600737266999, 0.0002372998809577003, 0.0005583590533903998, 0.00027064459589320024, -0.00019578870835660006, -6.948178861899794e-06, 9.735632552449998e-05, 0.0008501457222547001, 0.0003350733485584]"
optimized,equal_per_property,wells,20,ssim_p,9.122609993301722e-05,0.00012001866356137203,0.000201736338826627,0.0002442784193892322,7,0,0.193359375,True,"[0.00010551397352198677, -0.0002266939176516214, 1.9158572285737918e-05, 0.00019973673404483083, -8.18104463894409e-05, 0.0004273677092525574, 0.00031454953455045676, 0.0001516307085398516, -0.00013171522242494405, 0.0001345233536007573]"
optimized,equal_per_property,wells,20,ssim_so,8.112348772271183e-06,3.7477680706610172e-06,3.257309730581447e-05,2.373548344872245e-05,5,0,0.556640625,False,"[5.13135545425758e-05, -4.0518413762402616e-05, -3.416031153169463e-06, 2.338854524841505e-05, 9.843582642554694e-06, -2.9133461570851615e-05, 7.659623829536777e-06, -3.838894751306832e-06, 6.598907038557478e-05, -1.640876882147424e-07]"
optimized,equal_per_property,wells,20,rmse_p,0.038240182726701356,0.037799214701677894,0.02289743721720574,0.03084308702439824,10,0,0.001953125,True,"[0.05836142478462741, 0.020601772905442794, 0.026854108292246992, 0.0433814784101499, 0.0005189543129376917, 0.05474638976880922, 0.0789115464719908, 0.04779260579974069, 0.019016595527862196, 0.032216950993205894]"
optimized,equal_per_property,wells,20,rmse_so,7.464409776657999e-05,6.829437812754999e-05,0.00013587331996048614,0.00013006068270242496,7,0,0.130859375,True,"[0.00032111509495, -0.0001516970365115, 6.388716239569996e-05, 0.0001501920627551, 7.270159385940002e-05, -5.27350794945e-05, -1.8695247243999359e-06, 2.613984788509997e-05, 0.0002285090402945999, 9.019781625630005e-05]"
optimized,equal_per_property,wells,20,train_range_nrmse_p,0.0009256514801885999,0.0009129642413376501,0.0005540222737598008,0.0007500440366582749,10,0,0.001953125,True,"[0.0014096031973785, 0.0004975945166923001, 0.0006486076197210998, 0.0010477926284292, 1.2534300893300102e-05, 0.0013222892749419, 0.0019059501824619997, 0.0011746994916054002, 0.0004593077355162, 0.0007781358542461002]"
optimized,equal_per_property,wells,20,train_range_nrmse_so,0.00011413452885571996,0.00010442549249449999,0.00020775704739912698,0.00019886923664505016,7,0,0.130859375,True,"[0.0004910009118899001, -0.0002319522950789, 9.768664098210001e-05, 0.00022965111553800016, 0.00011116434400689997, -8.063455293010014e-05, -2.8585960577000562e-06, 3.9969124311099984e-05, 0.00034940165979169984, 0.0001379169361042]"
optimized,equal_per_property,wells,30,anomaly_relative_frobenius_p,0.05003262645336091,0.02549315262935485,0.040565536729816054,0.06651646868548433,10,0,0.001953125,True,"[0.10010303553126321, 0.115515040901085, 0.0194192209923394, 0.08748115890856809, 0.014516510972652701, 0.013321818500986599, 0.0799977848531464, 0.025170536988973896, 0.018985388614857997, 0.025815768269735802]"
optimized,equal_per_property,wells,30,anomaly_relative_frobenius_so,0.13157522220755105,0.12564126077555582,0.09921495829736388,0.12020433551242114,9,0,0.005859375,True,"[0.24082209899225981, 0.06467811181874561, 0.20262747987583696, 0.10250469500621473, 0.2661687966317833, 0.08574025980334488, -0.06633208844318317, 0.0780224699050232, 0.1487778265448969, 0.1927425719405882]"
optimized,equal_per_property,wells,30,anomaly_ssim_p,0.015087841991674978,0.010424489505635959,0.014621721048168066,0.012295858999905401,10,0,0.001953125,True,"[0.03307926648038806, 0.04672337243778313, 0.0009930363349127669, 0.01374316575357215, 0.006843271835531239, 0.016863995645745034, 0.017902005848291824, 0.004847768451822554, 0.007105813257699767, 0.0027767238710032505]"
optimized,equal_per_property,wells,30,anomaly_ssim_so,0.018705989606601404,0.01950603549998109,0.018366258014614573,0.023858468285818696,9,0,0.009765625,True,"[0.018629193007703826, 0.05159700369675946, 0.020382877992258353, 0.03344818445209252, 0.0007803457388466661, 0.03433405109578891, -0.011738918674420007, 0.013520290919972644, 0.00437431428251045, 0.02173255355450121]"
optimized,equal_per_property,wells,30,relative_frobenius_p,0.00027870277195704996,0.0002588685308093,0.00013514349735047737,0.00019227380555947494,10,0,0.001953125,True,"[0.00048028344537040003, 0.0004793641821709, 0.0001523863056339, 0.00029597008205929995, 0.00018021108978590001, 0.00010675497888299997, 0.0003670115782446, 0.00033952720271989995, 0.00016375187514330002, 0.00022176697955930002]"
optimized,equal_per_property,wells,30,relative_frobenius_so,0.00044504211382061,0.0004419883506662,0.000325794570754829,0.0003704619878228499,9,0,0.005859375,True,"[0.0006713411621622001, 0.0001941347110573999, 0.0005765351016896001, 0.0002939238097699002, 0.0007946282442321999, 0.00030413479655360016, -0.00020596828183720023, 0.0003074415996427999, 0.0008605193042675, 0.0006537306906680999]"
optimized,equal_per_property,wells,30,ssim_p,-8.719927422895512e-06,5.5062991592635946e-05,0.00028825144455375866,6.518833408059033e-05,9,0,0.083984375,True,"[0.00018546324794077584, -0.000816583880748567, 3.78867136756611e-05, 0.00013794735726346818, 3.725770646278992e-05, 4.3362735654861595e-05, 6.67632475304103e-05, 0.00011342715430373573, 7.013170647518496e-05, 3.7144737212724266e-05]"
optimized,equal_per_property,wells,30,ssim_so,1.1264472342231713e-05,1.1131956625776152e-05,1.5699772804072566e-05,2.4017884703742e-05,6,0,0.083984375,False,"[2.0729755851989218e-05, -6.950580934805828e-06, 1.1075702364360396e-05, 2.4811733021601334e-05, 1.1188210887191907e-05, -2.219515288781615e-06, -4.862688112838853e-06, -3.0891522657672255e-06, 4.067632094040263e-05, 2.128493695896516e-05]"
optimized,equal_per_property,wells,30,rmse_p,0.04449480275996192,0.04150308458040235,0.02157230065895371,0.03080279115859502,10,0,0.001953125,True,"[0.0766585351625814, 0.076695207371402, 0.0244925353729592, 0.0473353776409485, 0.028483316848353694, 0.017152462196023205, 0.058727397659244195, 0.053677374997438396, 0.026055028830812406, 0.03567079151985619]"
optimized,equal_per_property,wells,30,rmse_so,0.00011969389007384,0.00011888247599184997,8.760176846819312e-05,9.970912847377507e-05,9,0,0.005859375,True,"[0.00018065461765350005, 5.222866757849994e-05, 0.00015521791043379994, 7.906207128569997e-05, 0.0002134560998373, 8.19177612842e-05, -5.541924049440002e-05, 8.25470415499e-05, 0.000231297335534, 0.00017597663607590006]"
optimized,equal_per_property,wells,30,train_range_nrmse_p,0.0010769700381116699,0.0010024237917683,0.0005221663790963839,0.0007496977806536751,10,0,0.001953125,True,"[0.0018515332117112998, 0.0018524189553853, 0.0005915685189137, 0.0011432911365347, 0.0006879574076465, 0.0004142833325891, 0.0014184425383665, 0.0013193418535162, 0.0006293069794515, 0.0008615564470019]"
optimized,equal_per_property,wells,30,train_range_nrmse_so,0.00018301789638084,0.00018177720399225,0.00013394745023661702,0.00015246020437617496,9,0,0.005859375,True,"[0.0002762298733379999, 7.986022398529999e-05, 0.00023733588598969999, 0.00012088982955850002, 0.00032638496700020006, 0.0001252563212476999, -8.473876827009999e-05, 0.00012621852199480002, 0.0003536651015504, 0.00026907700741390006]"
optimized,equal_total,full,9900,anomaly_relative_frobenius_p,0.00639645582749148,0.005901092070556252,0.007909417058451957,0.005010889648807623,9,0,0.037109375,True,"[0.0228823244239741, 0.012383033754617807, 0.004038629144461202, 0.005754297484021301, -0.008163331940195601, 0.006047886657091203, 0.009322950692773994, 0.0019415377667439011, 0.0034109736575142977, 0.006346256633912601]"
optimized,equal_total,full,9900,anomaly_relative_frobenius_so,-0.009475552318279092,-0.004223003537170172,0.06275182850620076,0.07032134259807549,5,0,0.76953125,False,"[0.004419606554266486, -0.012865613628606831, -0.027480469786128225, 0.07331476365965645, -0.11864066099240933, -0.09017424223121301, 0.04304877786091971, -0.03929064302454971, 0.0067866379497655005, 0.06612632045550804]"
optimized,equal_total,full,9900,anomaly_ssim_p,0.0016191822454192152,0.0014157121138423379,0.0027987747775110147,0.0017704519792763884,9,0,0.064453125,True,"[0.004257620075075463, 0.006316217440762162, 0.0007148156822963658, 0.0008676482412978137, -0.004463672714961731, 0.001963775986386862, 0.002424445347378179, 0.0007431772485786414, 0.0025636723657104232, 0.0008041227816679708]"
optimized,equal_total,full,9900,anomaly_ssim_so,0.00018580854883955001,0.0014587498202109916,0.011372921988530514,0.0121033320845427,6,0,0.845703125,False,"[0.0056365946890151175, 0.001215616649175577, -0.0016843647905233627, 0.009223714520077975, -0.01882846387145143, -0.007466536807437585, 0.006230919478773189, -0.014031206405051622, 0.0017018829912464062, 0.019859929034571233]"
optimized,equal_total,full,9900,relative_frobenius_p,3.1235569140759994e-05,3.723172891514998e-05,5.3011966917561735e-05,2.3659375606575016e-05,9,0,0.064453125,True,"[0.0001097868966121, 5.1387099050199996e-05, 3.169188791830001e-05, 1.94681908629e-05, -0.00010134135867760001, 4.846500590869999e-05, 4.277156991199996e-05, 2.6189544037399985e-05, 2.9420168520799962e-05, 5.451668726280003e-05]"
optimized,equal_total,full,9900,relative_frobenius_so,-3.259331629299002e-05,-1.3148122266000049e-05,0.00020076910558065398,0.00024573052129165,5,0,0.76953125,False,"[1.2320562825699909e-05, -3.8616807357700006e-05, -7.819006312629999e-05, 0.00021022407457459993, -0.00035419335899610003, -0.00031986286113750003, 0.00013367109372410002, -0.00015482178604659996, 3.925338272819999e-05, 0.0002242825998817]"
optimized,equal_total,full,9900,ssim_p,-2.3141289129391394e-08,7.074241361570976e-05,0.00023489550683602768,3.9176293687520625e-05,8,0,0.193359375,True,"[0.00015102271304401338, 9.687383244993963e-05, 6.458653862195796e-05, -7.003006515082788e-05, -0.0006480509567730053, 0.00011843962274871167, 7.264879909174571e-05, 5.369296472856888e-05, 6.883602813967382e-05, 9.17491102079282e-05]"
optimized,equal_total,full,9900,ssim_so,-4.931538328289964e-06,-1.6495783683456722e-06,1.2842039561272769e-05,1.1291037880278854e-05,4,0,0.375,False,"[-1.1418869327872727e-07, -3.184968043412617e-06, -7.3587133302410734e-06, 8.473708057454843e-08, -1.5493568659152857e-05, -3.4382727093773546e-05, 9.999275031979948e-06, -9.109125584161326e-06, 3.4644414526052714e-06, 6.77945455596074e-06]"
optimized,equal_total,full,9900,rmse_p,0.00501560914962334,0.005968913673400947,0.008424329386549207,0.003837341265412476,9,0,0.064453125,True,"[0.0175231995927734, 0.008221607630392702, 0.005093729929640297, 0.003113605807956804, -0.016017538279612303, 0.007786935938506198, 0.006844097417161597, 0.004140422225511302, 0.004681127091500495, 0.008768904142402903]"
optimized,equal_total,full,9900,rmse_so,-8.755316315679992e-06,-3.536898592599989e-06,5.400222639432655e-05,6.605209453902498e-05,5,0,0.76953125,False,"[3.3154030946000077e-06, -1.0389200279799986e-05, -2.105075333589998e-05, 5.6547820276900006e-05, -9.51447844301e-05, -8.615406654970001e-05, 3.596646252599999e-05, -4.1569131895199984e-05, 1.0550841556600027e-05, 6.03742458798e-05]"
optimized,equal_total,full,9900,train_range_nrmse_p,0.00012131841915947,0.0001441671870788,0.00020345318380513556,9.136007647557492e-05,9,0,0.064453125,True,"[0.00042323775105610004, 0.00019857644747640001, 0.00012302892388800003, 7.520290531739995e-05, -0.00038687152098150013, 0.00018807782430269992, 0.00016530545026959996, 0.0001017678739620001, 0.00011306323894359998, 0.00021179529736040006]"
optimized,equal_total,full,9900,train_range_nrmse_so,-1.3387313030399998e-05,-5.408093426699983e-06,8.257208340776536e-05,0.00010099692963969998,5,0,0.76953125,False,"[5.069415821100007e-06, -1.5885602674499974e-05, -3.2187646256599974e-05, 8.64644227506e-05, -0.00014548109587949996, -0.0001317338421774, 5.499450563199997e-05, -6.356126506660003e-05, 1.6132760206399974e-05, 9.231521734050002e-05]"
optimized,equal_total,grid,30,anomaly_relative_frobenius_p,0.8172123995998983,0.5923050975304971,0.48881130009864376,0.6994031964383517,10,0,0.001953125,True,"[1.692262020291522, 1.0979111857508992, 0.5627974205002582, 1.2430015568689354, 0.26895461837550044, 0.621812774560736, 1.3473005512068774, 0.5020593975305208, 0.3128995929009988, 0.5231248780127361]"
optimized,equal_total,grid,30,anomaly_relative_frobenius_so,0.3782072193118692,0.3574314830044557,0.3198519774302473,0.44441644635269734,10,0,0.001953125,True,"[0.09504254109173232, 0.7186276343229241, 0.30965447499730697, 0.04072382662092122, 0.158258920328808, 0.007042131544226282, 0.4052084910116044, 0.5790681101745647, 0.4838479984911001, 0.9845980645355039]"
optimized,equal_total,grid,30,anomaly_ssim_p,0.36380182716738946,0.21835088217944196,0.4065423302109851,0.4121704528228898,9,0,0.01953125,True,"[-0.23865364249932952, 0.4561111082191202, 0.19237742000702818, 0.7924750061372502, 0.06999411073362904, 0.1713283149007505, 1.176718709639691, 0.6139879530874812, 0.24432434435185574, 0.15935494709641806]"
optimized,equal_total,grid,30,anomaly_ssim_so,0.07622004251284774,0.07179649098866053,0.038743744729196034,0.04853218308222715,10,0,0.001953125,True,"[0.0671247809338511, 0.13238449952037268, 0.05178012525735798, 0.03032389292713422, 0.04861901805852198, 0.027251580602796532, 0.07646820104346996, 0.09984605633238042, 0.09222774276469126, 0.13617452768790128]"
optimized,equal_total,grid,30,relative_frobenius_p,0.0049765004549204295,0.00452497318903425,0.0016241580088032586,0.0016234341690936514,10,0,0.001953125,True,"[0.0081192885836232, 0.0045561105597011, 0.0044163779671757, 0.004205377219235199, 0.0033388604859465004, 0.004982924036422601, 0.0061811074216111, 0.0067723157005913, 0.0026988067565302, 0.0044938358183674]"
optimized,equal_total,grid,30,relative_frobenius_so,0.0013595249257805301,0.0010696372892491498,0.0012031037645396456,0.0019337491704171,10,0,0.001953125,True,"[0.0002649506430613001, 0.0021569981594093002, 0.0008810585530679, 0.00011677223436560007, 0.0004724708890988, 2.4979598258899945e-05, 0.0012582160254304, 0.0022817737801805998, 0.0027985389537002, 0.0033394904212323004]"
optimized,equal_total,grid,30,ssim_p,0.0012330688704498606,0.001149397974576305,0.0007796431584642045,0.0004069185649631657,10,0,0.001953125,True,"[0.003164519636614571, 0.001237935044895666, 0.0009516907574725897, 0.0009120996267341086, 0.00012055429008717145, 0.0012611275141547473, 0.0013515121277909437, 0.001060860904256944, 0.0014933502750874572, 0.0007770385274044056]"
optimized,equal_total,grid,30,ssim_so,2.5102249668862432e-05,2.1988206631518015e-05,3.519347586932886e-05,3.241562947392529e-05,8,0,0.064453125,True,"[1.2258645753826514e-05, 4.223936999681044e-05, 6.454938608735361e-06, 1.133383064033655e-05, -1.891789401686772e-05, -2.337729022261481e-05, 3.3643054371812475e-05, 3.1717767509209516e-05, 8.745410878285842e-05, 6.821596526451756e-05]"
optimized,equal_total,grid,30,rmse_p,0.7947598076265912,0.7258867124067827,0.25852498110516126,0.26006490471788635,10,0,0.001953125,True,"[1.2959280095587487, 0.7289485889430709, 0.7098294898055132, 0.6725785167543701, 0.5277245770315795, 0.800612927421839, 0.9890705771727766, 1.0706656979165379, 0.4294148557909808, 0.7228248358704946]"
optimized,equal_total,grid,30,rmse_so,0.00036562181948696,0.00028787380632175005,0.0003235803928828799,0.0005193605332209749,10,0,0.001953125,True,"[7.129691998200002e-05, 0.0005803039509085001, 0.0002372033674554, 3.141036694110006e-05, 0.000126916950166, 6.728177079199998e-06, 0.00033854424518810005, 0.0006126486306958, 0.000752213924974, 0.0008989516614795]"
optimized,equal_total,grid,30,train_range_nrmse_p,0.01924145305127205,0.01753233809008545,0.006299671275591824,0.006281343167850124,10,0,0.001953125,True,"[0.0313005426544617, 0.0176062915785662, 0.0171445207109539, 0.0162447855103562, 0.0127461290375296, 0.0193371999830556, 0.023889016643455798, 0.0263160049546554, 0.0103716548380814, 0.0174583846016047]"
optimized,equal_total,grid,30,train_range_nrmse_so,0.00055905390185051,0.00044017333235355,0.0004947704747417319,0.0007941280226977999,10,0,0.001953125,True,"[0.00010901652795720007, 0.0008873135319711, 0.00036269571737839997, 4.8028009437800024e-05, 0.0001940623136245, 1.0287716563900005e-05, 0.0005176509473287, 0.0009367701521054, 0.0011501724114088001, 0.0013745416907293]"
optimized,equal_total,grid,100,anomaly_relative_frobenius_p,0.04915743983891164,0.021672571853584448,0.09207802102954853,0.04949888731774838,7,0,0.16015625,True,"[0.05353894280976548, 0.193655135921869, 0.03953146462855471, 0.018400476814285305, -0.034436230628570805, -0.0460288452093352, 0.2325735708304147, -0.003621236271195996, 0.02494466689288359, 0.013016452600445608]"
optimized,equal_total,grid,100,anomaly_relative_frobenius_so,0.014030549266698434,0.021793674896737142,0.10444007265388437,0.13890760684403808,6,0,0.921875,False,"[0.024378072817600682, 0.0996604025057169, -0.10924110815156629, 0.09859041331585339, -0.06509757474344868, -0.12484972155192409, -0.04018839038064537, 0.021864305413227092, 0.021723044380247192, 0.2134660490619235]"
optimized,equal_total,grid,100,anomaly_ssim_p,0.030222543069061768,0.011270163020737578,0.07256843740896575,0.03218139803100692,7,0,0.322265625,True,"[0.011789711999224739, 0.19849852205465923, 0.016686556766832505, -0.03803246284454187, 0.010750614042250417, -0.04059599375791845, 0.11114243055216222, -0.006615567959974866, 0.032698487828798584, 0.005903132009125178]"
optimized,equal_total,grid,100,anomaly_ssim_so,0.02494053658320957,0.02045283314008728,0.025013807434164904,0.02029097276032113,9,0,0.005859375,True,"[0.015110662282490805, 0.06451451543419773, 0.0014197262523071297, 0.035287366810263565, 0.0116140535539756, -0.011444418367945852, 0.017378364795414103, 0.02525461355491143, 0.023527301484760454, 0.06674318003172075]"
optimized,equal_total,grid,100,relative_frobenius_p,0.00019817301369957994,0.00016348384651115,0.00046399843237667605,0.0003179486853247999,7,0,0.275390625,True,"[0.00025687400764309995, 0.0008036298574648, 0.0003102108912306999, 6.225329774549987e-05, -0.00042749877442200017, -0.0003688541769254999, 0.0010669944604733998, -4.884711923649999e-05, 0.00021515156004439998, 0.0001118161329779]"
optimized,equal_total,grid,100,relative_frobenius_so,5.1279357323830065e-05,7.705676252675001e-05,0.0003401335284592749,0.00042039154091607495,6,0,0.845703125,False,"[6.795889498980006e-05, 0.0002991358730218001, -0.0003108232577113, 0.00028269992790900004, -0.0001943442363521999, -0.00044286248666689995, -0.00012478928239369994, 8.615463006369996e-05, 0.000125644388487, 0.0007240191218911003]"
optimized,equal_total,grid,100,ssim_p,-9.547631345816488e-05,0.0002229726785906161,0.0009776239723959712,0.00028022064351526654,8,0,0.431640625,True,"[-0.0027058414363615446, 0.0004492780948848196, 0.00021933668474682921, 0.0002534848127636602, -0.000672430236072552, 0.0004554337204060177, 0.000557680859935572, 0.00010937541533795336, 0.0001523102773431928, 0.00022660867243440297]"
optimized,equal_total,grid,100,ssim_so,-3.7615732294660196e-06,-2.3817998717201583e-06,1.4944204869007968e-05,1.396628988181714e-05,3,0,0.4921875,False,"[-1.5520650878952935e-06, 7.033731141192767e-06, -6.937779734150773e-06, -8.311667779592469e-07, -1.8685828919173808e-05, -3.389239859519222e-05, -3.211534655545023e-06, -9.552451049166244e-06, 1.432840392523449e-05, 1.5685357457995153e-05]"
optimized,equal_total,grid,100,rmse_p,0.03177899079267503,0.026109394604776695,0.07414851250576684,0.050947097406637706,7,0,0.275390625,True,"[0.04099992480915371, 0.1285756442815342, 0.04985914708636939, 0.00995635551294019, -0.06756844464240616, -0.059264283425063596, 0.1707352347850788, -0.0077224596904097165, 0.03423337958752401, 0.01798540962202938]"
optimized,equal_total,grid,100,rmse_so,1.3786192726080012e-05,2.0709817900000028e-05,9.155303898110903e-05,0.000113023450637325,6,0,0.845703125,False,"[1.8287405692500017e-05, 8.04774580895e-05, -8.368152508810001e-05, 7.60429781796e-05, -5.2205497374e-05, -0.00011928363303259995, -3.3576661369500024e-05, 2.313223010750004e-05, 3.3771714518999996e-05, 0.00019489745753690005]"
optimized,equal_total,grid,100,train_range_nrmse_p,0.0007672288304765999,0.0006306200757149,0.0017911037436098127,0.00123299361668715,7,0,0.275390625,True,"[0.0009902709763604995, 0.00310548688544, 0.0012042486148144999, 0.00024047580430169987, -0.0016319803013945004, -0.0014314099375504, 0.0041237672614465, -0.0001898111500821002, 0.0008268386438769998, 0.0004344015075528002]"
optimized,equal_total,grid,100,train_range_nrmse_so,2.1079772662369998e-05,3.166633906004999e-05,0.00013998913888802375,0.00017281846353722497,6,0,0.845703125,False,"[2.7962350609899973e-05, 0.00012305402620420004, -0.00012795320361049997, 0.00011627348641089991, -7.982479559330005e-05, -0.00018239059301040006, -5.134038109669997e-05, 3.537032751020001e-05, 5.163862703960005e-05, 0.00029800788215980005]"
optimized,equal_total,grid,300,anomaly_relative_frobenius_p,0.05153842445155017,0.05052958212492881,0.04225128920960449,0.05467893166805521,9,0,0.005859375,True,"[0.08555785120692459, 0.05566994383798202, 0.038718747899606706, 0.10534154777394009, -0.02314316460861259, 0.0453892204118756, 0.10713235565013479, 0.007155703838605899, 0.02320027938849771, 0.0703617591165469]"
optimized,equal_total,grid,300,anomaly_relative_frobenius_so,0.02726486296177578,0.02967865277419454,0.06435754096178833,0.07060173455594533,7,0,0.232421875,True,"[0.028648747012055886, 0.054405252708025986, -0.005828609093405268, 0.12023779929296319, -0.07865021951676338, -0.062419116102420125, 0.07435932314274407, 0.012562111192692682, 0.030708558536333197, 0.09862478244553158]"
optimized,equal_total,grid,300,anomaly_ssim_p,0.026004974793272507,0.02713917684489414,0.019931615090601363,0.0338076827866354,10,0,0.001953125,True,"[0.03432706242427086, 0.028940831565561487, 0.004943077210445179, 0.05733125152270513, 0.001986129813819404, 0.025337522124226797, 0.04898804167196402, 0.0037730335876919874, 0.04253892459141162, 0.011883873420628577]"
optimized,equal_total,grid,300,anomaly_ssim_so,0.02083407352700011,0.01819796228460635,0.014928092495026572,0.02503844265919211,10,0,0.001953125,True,"[0.015500786317958037, 0.03578772699230737, 0.007035177944479609, 0.04035797682584874, 0.006219788639654555, 0.0016617318762376376, 0.025829444288285597, 0.011933320795000424, 0.020895138251254664, 0.043119643338974445]"
optimized,equal_total,grid,300,relative_frobenius_p,0.00027707321191965,0.00033011473987444996,0.00024599623808456883,0.000190970826367675,9,0,0.013671875,True,"[0.0004104972375519, 0.00023101906809039991, 0.0003038333491089, 0.00035639613064, -0.00028730422365740005, 0.0003637285154596999, 0.0004914987958779001, 9.652380912170003e-05, 0.0002001059515181, 0.0006044334854853]"
optimized,equal_total,grid,300,relative_frobenius_so,9.076550619673999e-05,0.00012158223461345,0.00020362434392550715,0.00021763733446984995,7,0,0.232421875,True,"[7.986427821220004e-05, 0.00016330019101469995, -1.6584116519799928e-05, 0.0003447720325825, -0.00023480470526210015, -0.0002214108660321, 0.00023089371050640005, 4.9500042291300084e-05, 0.00017761589909209992, 0.00033450859608219995]"
optimized,equal_total,grid,300,ssim_p,-0.00024500356252304956,-0.0001474888911675576,0.00043083302677916654,0.0005753068384886095,4,0,0.193359375,False,"[8.286830456383232e-05, -0.0010655303927896709, -0.0002949502953787375, 4.5376226384230556e-05, -0.0007018283908357681, -0.0005366552705403649, -0.00039728040225761596, 0.00012595358909439636, -2.748695637766474e-08, 0.0002920384934855802]"
optimized,equal_total,grid,300,ssim_so,-4.012539754794098e-06,-1.0384284296338642e-06,1.4785466775663784e-05,1.278696919013167e-05,4,0,0.556640625,False,"[2.477557823343801e-07, -3.0046779653236655e-07, -6.4290280870071825e-06, -1.7763890627353618e-06, -1.6564880541025673e-05, -3.774861555283504e-05, 9.624562200993836e-06, -7.742316277981054e-06, 7.081381352413985e-06, 1.34826004344335e-05]"
optimized,equal_total,grid,300,rmse_p,0.044431435320748884,0.05291680103191734,0.03931736351389728,0.030630132990998628,9,0,0.013671875,True,"[0.0655198866884768, 0.0369615753386123, 0.04883410631672129, 0.056999495747113396, -0.04540995364950699, 0.05844073668801318, 0.07864723334510659, 0.015259880966532899, 0.0318394298169456, 0.09722196194947381]"
optimized,equal_total,grid,300,rmse_so,2.441918295286999e-05,3.271212317409997e-05,5.4780525070659234e-05,5.855564542510001e-05,7,0,0.232421875,True,"[2.149108598989999e-05, 4.393316035829995e-05, -4.464865894600003e-06, 9.273964922650003e-05, -6.30741443845e-05, -5.963632795350003e-05, 6.212584751920001e-05, 1.3290595848099976e-05, 4.774103730709997e-05, 9.004579151219999e-05]"
optimized,equal_total,grid,300,train_range_nrmse_p,0.00107380255869046,0.00127809966213775,0.0009490981179421963,0.0007398094470718249,9,0,0.013671875,True,"[0.0015825014915037, 0.0008927327420420001, 0.0011794907920455, 0.00137670853223, -0.0010967863806165996, 0.0014115188173794996, 0.0018995662288463998, 0.0003750742214905997, 0.0007690175871871, 0.0023482015547964]"
optimized,equal_total,grid,300,train_range_nrmse_so,3.733814226117e-05,5.001845930305e-05,8.376214069810895e-05,8.953448701774998e-05,7,0,0.232421875,True,"[3.2860936731099976e-05, 6.717598187500003e-05, -6.827001471399982e-06, 0.00014180352482520003, -9.644349610620005e-05, -9.118690422049995e-05, 9.499350315059999e-05, 2.03219804475e-05, 7.299841465250001e-05, 0.00013768448272789998]"
optimized,equal_total,wells,5,anomaly_relative_frobenius_p,0.07713723752440235,0.06475392621515545,0.13334552183326134,0.0836876762209618,8,0,0.130859375,True,"[-0.12643995321679247, 0.3753361700158934, 0.03759137123355999, 0.0326304312735044, -0.05278090359455101, 0.08899148819232869, 0.12103302092109108, 0.040516364237982216, 0.14736007900636, 0.1071343071746472]"
optimized,equal_total,wells,5,anomaly_relative_frobenius_so,1.1211648068850129,1.036788096336324,0.3439927993497495,0.3719364905935175,10,0,0.001953125,True,"[1.7067414250764608, 1.5676194751606707, 0.9573397389828764, 1.381370738105509, 1.0806803924626558, 0.7918458493941529, 0.9592021720663588, 0.9928958002099924, 0.5990973403189205, 1.1748551370725313]"
optimized,equal_total,wells,5,anomaly_ssim_p,0.1040409942782661,0.06534997324726016,0.1356184254954813,0.14033966391243594,8,0,0.009765625,True,"[0.010291225110445335, 0.43813190933221147, -0.0002205182061134625, 0.08710993406690504, -0.002434043689698351, 0.10491163915137891, 0.18365798545148493, 0.009896192634414214, 0.1654756065040176, 0.04359001242761529]"
optimized,equal_total,wells,5,anomaly_ssim_so,0.1038325865893904,0.10300747354955342,0.01620212311087691,0.020581744094817833,10,0,0.001953125,True,"[0.10685678779353514, 0.1351073598237874, 0.0901710442054725, 0.09029012664067737, 0.09929133638849075, 0.090492226749601, 0.08449390812083934, 0.12262186704176126, 0.10672361071061609, 0.1122775984191231]"
optimized,equal_total,wells,5,relative_frobenius_p,0.0004707338010028199,0.0005509000286013502,0.0007214724322223956,0.0007119825588679247,8,0,0.10546875,True,"[-0.0006066451036288003, 0.0015575696011127997, 0.00029498661085589984, 0.0001103967018972001, -0.0006552334906492004, 0.0007131372073592001, 0.0005552718754589002, 0.0005465281817438002, 0.0012710031776583999, 0.0009203232482199997]"
optimized,equal_total,wells,5,relative_frobenius_so,0.00365239484981824,0.0036887811989093494,0.0007339858242014321,0.0009384416429519997,10,0,0.001953125,True,"[0.004757892970021899, 0.0047052912538796, 0.0027239146640138, 0.0039609673490965, 0.0032262953948985996, 0.0028088074010942004, 0.0029784260974112, 0.003912430271264, 0.003465132126554699, 0.0039847909699479]"
optimized,equal_total,wells,5,ssim_p,8.32680609026193e-05,0.00033567880946061557,0.0009541316957834089,0.0008064411351376699,7,0,0.4921875,True,"[-0.0008103033516729807, 0.0003243533983128266, 0.0003470042206084045, -0.00033450682691915645, -0.0021398259032552325, 0.0010236130548426647, 0.0005441028176234042, 0.0003170705795307871, 0.0008961020127219443, 0.0006650706072335311]"
optimized,equal_total,wells,5,ssim_so,0.0002044153578837582,0.00019396452082981464,6.970244001284019e-05,9.929457190835378e-05,10,0,0.001953125,True,"[0.0002470309557276451, 0.00027885109612957315, 0.00011623344458555618, 0.0002115772279074335, 9.416938347517334e-05, 0.00017014073314147726, 0.00017635181375219577, 0.00017598375705851765, 0.00028503903096743777, 0.00028877613609257224]"
optimized,equal_total,wells,5,rmse_p,0.07539799237881764,0.08762748790106165,0.11509114230196318,0.11457423327772136,8,0,0.10546875,True,"[-0.0968272495252902, 0.2492011877310978, 0.04741220000633484, 0.017656073675620665, -0.10356312225838438, 0.11458068858044507, 0.0888518896189534, 0.08640308618316989, 0.2022329479216834, 0.14803222185454573]"
optimized,equal_total,wells,5,rmse_so,0.00098241248185967,0.00099093033671255,0.00019737109496322563,0.00025314592786775006,10,0,0.001953125,True,"[0.0012803256880114001, 0.0012658792001702, 0.000733347095622, 0.0010654539459043, 0.0008666598965198, 0.0007565435352468002, 0.0008013957815007999, 0.0010504744463287002, 0.0009313862270964, 0.0010726590021963]"
optimized,equal_total,wells,5,train_range_nrmse_p,0.0018247691378775097,0.0021348748978424507,0.0027802112705299056,0.0027673106653251494,8,0,0.10546875,True,"[-0.002338668067613202, 0.0060189550257314, 0.0011451474708147006, 0.00042644705810650045, -0.0025013595676363996, 0.0027674667912385995, 0.0021460392401693, 0.0021237105555156014, 0.0048845313673831995, 0.0035754215050653997]"
optimized,equal_total,wells,5,train_range_nrmse_so,0.00150215742589152,0.00151518164856395,0.0003017901965110388,0.00038707268321844994,10,0,0.001953125,True,"[0.0019576814986769, 0.0019355921020239, 0.0011213240932762, 0.0016291319444108998, 0.0013251659799917, 0.0011567926003241, 0.0012253739101327, 0.0016062275463712, 0.0014241357507566998, 0.0016401488329509]"
optimized,equal_total,wells,10,anomaly_relative_frobenius_p,0.042703978264027304,0.013209470725561098,0.09301567682068859,0.12314542797707373,6,0,0.322265625,False,"[0.013656522301245588, -0.0723140326163575, 0.21158198061164182, -0.033141478816038905, 0.0641121505750917, -0.005790555253375906, 0.16584539712408872, 0.012762419149876608, 0.10775152321057019, -0.03742414364646929]"
optimized,equal_total,wells,10,anomaly_relative_frobenius_so,0.0070633169715833884,0.043095443995543936,0.15943637165263888,0.16094317777302114,6,0,0.921875,False,"[0.21825605039587692, 0.2163945845887979, 0.03715486996591921, -0.2941979864488362, -0.1456238772127123, -0.07990556530667303, 0.09216045881571111, -0.07510801091617525, 0.04903601802516866, 0.05246662780875688]"
optimized,equal_total,wells,10,anomaly_ssim_p,0.04991011596752313,0.05295641013865343,0.03352708481304903,0.05539851323814818,10,0,0.001953125,True,"[0.015083093927870217, 0.05434838187151192, 0.05156443840579494, 0.06261953566010581, 0.023017136567271446, 0.09770481569406697, 0.07574697854778967, 0.014959895498894205, 0.09569823276543732, 0.008358650736488782]"
optimized,equal_total,wells,10,anomaly_ssim_so,0.0116503535017073,0.016919255179104697,0.02403756269527533,0.032256760302394355,7,0,0.16015625,True,"[0.048754626446010474, 0.02295303722512676, 0.01563810356394535, -0.013465846935658554, -0.028524238112032974, 0.00743165578179783, 0.018200406794264046, -0.014026019191816674, 0.03517243645901247, 0.024369372986424276]"
optimized,equal_total,wells,10,relative_frobenius_p,0.0003604031312235799,0.00011883785189534994,0.0006477257502849052,0.0008828367209953003,6,0,0.232421875,False,"[6.552250436579993e-05, -0.0003000886883146, 0.0016603238810049999, -0.00011212570028930032, 0.0007959020280714, -4.640286937929996e-05, 0.0007608608295198, 0.00017215319942489996, 0.0009293733372132999, -0.00032148720938119995]"
optimized,equal_total,wells,10,relative_frobenius_so,2.5367705728949898e-05,0.0001418346041386501,0.0004783519254994632,0.000578358829696775,6,0,0.921875,False,"[0.0006084336576037998, 0.0006495195820070999, 0.00010571659257270017, -0.0008435886082919998, -0.00043474985547580034, -0.00028343817599560004, 0.0002861681548268001, -0.0002959573959933001, 0.0002836204903311993, 0.00017795261570460004]"
optimized,equal_total,wells,10,ssim_p,3.67780195015599e-05,-0.0001795617507099334,0.000678061178176808,0.0007455062024608605,4,0,0.76953125,False,"[0.0002015929566596686, -0.000653374596142009, 0.0016090950852013508, -0.00030193872119721465, -6.365321186341255e-05, -0.0005412064246529402, 0.000521610324024202, -0.00029547028955645427, 0.0003586447249356306, -0.00046751965239322235]"
optimized,equal_total,wells,10,ssim_so,7.140928736037999e-06,1.4535915822178058e-05,3.5516463986472267e-05,3.748553887331085e-05,7,0,0.6953125,True,"[3.570368749938879e-05, 1.2816573158547229e-05, 1.6255258485808888e-05, -4.587365272901156e-05, -2.4804487935070618e-05, -4.1875752113451625e-05, 1.9411543498493167e-05, 2.1735315493986995e-05, 6.895200370926613e-05, 9.088798292422595e-06]"
optimized,equal_total,wells,10,rmse_p,0.057484275094002446,0.01883729206389992,0.10375723209329236,0.1400980547350485,6,0,0.232421875,False,"[0.01045811437657812, -0.04801227341574482, 0.26685824042353223, -0.017932597543389828, 0.1257965293519836, -0.007455609763048099, 0.12174922849102562, 0.027216469751221717, 0.14787524768485502, -0.05171059841698916]"
optimized,equal_total,wells,10,rmse_so,6.855890379980011e-06,3.818217623545e-05,0.0001286633013898172,0.00015549070511622503,6,0,1.0,False,"[0.00016372651637799993, 0.00017474228152990006, 2.8461595051600033e-05, -0.0002269154810452999, -0.0001167841808144, -7.634319092439997e-05, 7.699836913110003e-05, -7.946357126830002e-05, 7.623380834229998e-05, 4.790275741929997e-05]"
optimized,equal_total,wells,10,train_range_nrmse_p,0.0013895776024689503,0.0004607756300633002,0.002505675720831901,0.0033837876067934996,6,0,0.232421875,False,"[0.00025259478359510035, -0.0011596401967566995, 0.006445430480894101, -0.0004331259376848997, 0.0030383629366153003, -0.00018007530486409927, 0.0029406084994092994, 0.0006689564765315001, 0.0035716301087395, -0.0012489658217896002]"
optimized,equal_total,wells,10,train_range_nrmse_so,1.0482996537149994e-05,5.8382441823399966e-05,0.00019673257128877047,0.00023775300259354994,6,0,1.0,False,"[0.0002503459666218, 0.0002671896180723001, 4.351919091920005e-05, -0.00034696502863699997, -0.0001785688065617998, -0.00011673252659240014, 0.00011773432657620009, -0.00012150374295189989, 0.00011656527519749967, 7.324569272759989e-05]"
optimized,equal_total,wells,15,anomaly_relative_frobenius_p,0.005229674614039508,0.009781138803534359,0.09893545757258373,0.09723194173136487,6,0,0.921875,False,"[-0.07769981521867347, 0.1714468046370678, -0.07363430631097552, 0.1537019296708288, 0.020074179933076794, -0.13924175844084422, -0.0534220913177294, 0.004276408723896008, 0.01528586888317271, 0.031509525580575584]"
optimized,equal_total,wells,15,anomaly_relative_frobenius_so,0.16887063250169573,0.06191537560719029,0.2760648584298893,0.32844057723851766,7,0,0.10546875,True,"[0.7453141864888386, 0.059638967291149036, 0.3180243230747499, 0.24836340136445478, 0.06419178392323155, 0.04535209758755565, -0.05233595266552382, -0.15102926825766838, -0.05222601198430721, 0.4634127981944771]"
optimized,equal_total,wells,15,anomaly_ssim_p,0.028711271407052652,0.023340811132633976,0.027644154038402587,0.04529645502199278,9,0,0.009765625,True,"[0.003440395949342645, 0.06160424086493721, -0.006682634798559572, 0.0686842488192757, 0.012852587012689543, 0.02302336316569198, 0.023658259099575973, 0.006028501656052732, 0.06719256282751307, 0.027311189474007236]"
optimized,equal_total,wells,15,anomaly_ssim_so,0.018735219800879766,0.02798161212136041,0.026897954542194298,0.032072235710128155,8,0,0.083984375,True,"[0.03864865206370094, 0.036248482222604794, 0.02842749011091872, 0.05366417215579011, 0.03415863685239373, -0.009098164976550693, 0.0002295750376021255, -0.03638879515635329, 0.013926415566889117, 0.027535734131802103]"
optimized,equal_total,wells,15,relative_frobenius_p,-3.706336847442998e-05,9.476387037434995e-05,0.0005474102059347258,0.000606178658506975,6,0,1.0,False,"[-0.0003727952380246, 0.0007114697501691002, -0.0005778223498804, 0.0005200110893010001, 0.0002492051877419, -0.0011158199596313998, -0.0002450883619295001, 5.768478806580002e-05, 0.00013184295268289987, 0.00027067845676089994]"
optimized,equal_total,wells,15,relative_frobenius_so,0.00047383441332320993,0.00018532475929390006,0.0008455519408718599,0.0009383591004633501,7,0,0.16015625,True,"[0.0020777166806001997, 0.00017900945709839987, 0.0009048732459980002, 0.0007121616930038, 0.00019164006148940024, 0.0001608713456747999, -0.00016250877217679994, -0.0005951193275801001, -0.00030207116571790045, 0.0015717709148423001]"
optimized,equal_total,wells,15,ssim_p,-0.0008414393489828087,-0.0006907234944685259,0.001186716250817254,0.0006860220404077133,2,0,0.048828125,False,"[-0.0011082928984558205, 0.0009997191228193758, -0.0007465849624802567, 0.00013135704968836315, -0.0004417182864659974, -0.0031542099766344034, -0.002393628767029976, -0.0003013112480207969, -0.000634862026456795, -0.00076486149679178]"
optimized,equal_total,wells,15,ssim_so,2.397298432530448e-05,1.0644408317883602e-05,4.0278381169879734e-05,1.7049569223742678e-05,8,0,0.083984375,True,"[9.035282582203763e-05, 1.078641958562887e-05, 2.1329629361965807e-05, 1.0502397050138335e-05, -3.067521817556873e-06, -2.4343391648584678e-05, 8.321562188773335e-06, 2.8615965022016354e-06, 2.111574050445153e-05, 0.00010187058570398921]"
optimized,equal_total,wells,15,rmse_p,-0.006085035495403385,0.015048777647618403,0.08776178249010566,0.0969317651714587,6,0,1.0,False,"[-0.05950223173009109, 0.11383061575560283, -0.09287143149029181, 0.08316692389403871, 0.039388199311931715, -0.1792802534869764, -0.0392178409235209, 0.009119646307722301, 0.020977908987514504, 0.0435381084200363]"
optimized,equal_total,wells,15,rmse_so,0.00012756460984071004,4.981928238865e-05,0.0002275015931884867,0.00025256370596370007,7,0,0.16015625,True,"[0.0005591033794462, 4.8159473271299955e-05, 0.00024361488839040005, 0.00019156317612810001, 5.147909150600004e-05, 4.333019648460003e-05, -4.372572634670001e-05, -0.0001597875496289, -8.119313003879984e-05, 0.00042310229919490005]"
optimized,equal_total,wells,15,train_range_nrmse_p,-0.00014658339925463994,0.0003654160383415499,0.002119785229574075,0.0023411924334861,6,0,1.0,False,"[-0.0014371571017571996, 0.0027493502860973006, -0.0022431248680264, 0.0020087302917946, 0.0009513429785852003, -0.004330155054895801, -0.0009472283132922997, 0.00022415274710470019, 0.0005066793295783996, 0.0010515757122651005]"
optimized,equal_total,wells,15,train_range_nrmse_so,0.00019505261739998,7.617615449160002e-05,0.00034786122318326493,0.00038618243704102506,7,0,0.16015625,True,"[0.0008548968063660999, 7.363822400179997e-05, 0.00037249925098730005, 0.0002929096004598, 7.871408498140008e-05, 6.625402019669996e-05, -6.685880497970002e-05, -0.00024432309103580006, -0.00012414832412159993, 0.0006469444071438]"
optimized,equal_total,wells,20,anomaly_relative_frobenius_p,0.019272374480539062,0.022463978112731216,0.054430229936062675,0.04238165925378784,7,0,0.193359375,True,"[0.09091602295276731, -0.00047174528641169555, 0.0247896583783543, 0.020138297847108133, -0.019986156405046196, 0.0144136370052797, 0.05008429518915239, 0.0322721525937388, 0.08178825105218561, -0.10122066852173771]"
optimized,equal_total,wells,20,anomaly_relative_frobenius_so,0.1226326617686326,0.07621421899171493,0.18933416024309335,0.1202203219212361,9,0,0.02734375,True,"[0.6092374352621439, 0.024710776963209446, 0.049390218942802266, 0.18549721441348965, 0.09413050116823096, -0.09675632376825838, 0.0582979368151989, 0.010572515991077003, 0.15657874780947134, 0.134667594088961]"
optimized,equal_total,wells,20,anomaly_ssim_p,0.025780846897535015,0.01646646752506853,0.04510977418244627,0.02419705464278038,8,0,0.10546875,True,"[0.047746465781348446, 0.010380430668565088, 0.00845340698957553, 0.036183507035995044, -0.011571839749525581, 0.023325768357581045, 0.02255250438157197, 0.009727849925718068, 0.1384191926274113, -0.027408817042890776]"
optimized,equal_total,wells,20,anomaly_ssim_so,0.01984384600299246,0.016696946804624857,0.018374100991760116,0.016067678059332346,9,0,0.005859375,True,"[0.02507118114200879, 0.015446281387828664, 0.01738666608166972, 0.060851185855892775, 0.03406127241742185, 0.006665366923931382, -0.005340079689468591, 0.003789807412134194, 0.02449955097092582, 0.016007227527579992]"
optimized,equal_total,wells,20,relative_frobenius_p,0.00010653112667977997,0.00015501672981175005,0.0004333572224059497,0.00036836993113745003,7,0,0.322265625,True,"[0.0004362051611261, -1.957648040100011e-06, 0.00019452914510280004, 6.813276985250004e-05, -0.0002481124447306, 0.00011550431452070006, 0.00022977531510879994, 0.00043532141172440003, 0.0007054361512521, -0.0008695229091189001]"
optimized,equal_total,wells,20,relative_frobenius_so,0.00039678595182416005,0.0002310206870084,0.0005655213747262362,0.0004223521038897746,9,0,0.02734375,True,"[0.0016983747319416, 7.417068017070028e-05, 0.00014052977867620026, 0.0005318980555848998, 0.00028101999865699995, -0.00034321058639239996, 0.00018102137535980006, 4.1660193948000026e-05, 0.0009056392223031002, 0.0004567560679927]"
optimized,equal_total,wells,20,ssim_p,-0.0007611524761553135,-0.0002957479025984533,0.0014663002367679416,0.000872042056725475,4,0,0.193359375,False,"[0.00023167592896800038, -0.0005783398926672012, -0.0006539286976312564, -0.0005009989600063269, -0.0035775714757805277, 0.0002974098797700053, 0.00023878877079097638, -9.049684519057966e-05, 0.0003398988050044016, -0.0033179622748106263]"
optimized,equal_total,wells,20,ssim_so,1.5480840572912325e-05,5.00509253364978e-06,3.820350957264605e-05,2.674281422965219e-05,6,0,0.556640625,False,"[6.991400650480095e-05, 7.68275820961506e-06, 2.481310795943159e-06, -8.23333082544675e-06, -1.3954770228585822e-05, -2.6470716765980562e-05, 2.392303504761273e-05, -2.8194010898152655e-06, 9.475663980962334e-05, 7.5288742713564005e-06]"
optimized,equal_total,wells,20,rmse_p,0.016878768515004024,0.024912120397357587,0.06930227902829272,0.05831905231225779,7,0,0.322265625,True,"[0.06962315483619999, -0.00031321118259219904, 0.031266011389176396, 0.010896677016305506, -0.039215485493595575, 0.01855822940553878, 0.03676752206896429, 0.0688219102161986, 0.11224396204977846, -0.139861085155934]"
optimized,equal_total,wells,20,rmse_so,0.00010672041001728001,6.20977645093e-05,0.00015216715745243546,0.00011361979215714996,9,0,0.02734375,True,"[0.00045702431956220005, 1.9954369713700063e-05, 3.783419003620004e-05, 0.0001430743634559, 7.548867451550006e-05, -9.2442703712e-05, 4.870685450309993e-05, 1.1185622781100001e-05, 0.00024342503187890004, 0.00012295337743820002]"
optimized,equal_total,wells,20,train_range_nrmse_p,0.00041060543922692,0.00060170259615795,0.0016763237123338154,0.0014230941182059496,7,0,0.322265625,True,"[0.0016816077063035997, -7.564988107599917e-06, 0.0007551683714317999, 0.0002631873848123003, -0.0009471714226051997, 0.00044823682088410014, 0.0008880457744025001, 0.0016915809797238002, 0.0027110278471727, -0.0033780640817487996]"
optimized,equal_total,wells,20,train_range_nrmse_so,0.00016318080171191,9.495056283519989e-05,0.00023267113332201618,0.00017373029930772493,9,0,0.02734375,True,"[0.0006988128592826999, 3.0511221302600153e-05, 5.785035365980004e-05, 0.00021876780017410008, 0.00011542592860729994, -0.0001413494804011, 7.447519706309984e-05, 1.7103372192499994e-05, 0.0003722089509618999, 0.0001880018142762]"
optimized,equal_total,wells,30,anomaly_relative_frobenius_p,0.07026554730721234,0.03280999709925841,0.12581783802234467,0.11915700568541689,8,0,0.10546875,True,"[0.13958010404483628, 0.13184130843887568, 0.020900873344524007, -0.09278449651328541, 0.02413129571597271, -0.08170131085009939, 0.3245241961125743, 0.017684241495731, 0.1769905628004501, 0.041488698482544106]"
optimized,equal_total,wells,30,anomaly_relative_frobenius_so,0.010568336703991993,0.06411134408536329,0.21330185801603005,0.30587232449422463,6,0,0.845703125,False,"[0.14996730916491696, 0.28234630560870033, 0.21069290271645863, -0.18000235587901559, -0.4003985675872863, 0.07719009308742919, -0.09952404065520026, 0.05103259508329738, -0.15514342860915376, 0.16952255410977335]"
optimized,equal_total,wells,30,anomaly_ssim_p,0.04405340982420736,0.009601134741161865,0.07408951290385575,0.12730760359294546,6,0,0.193359375,False,"[0.10039229339890132, 0.13360675619932216, 0.006561621143727159, -0.030390204273726296, -0.002055889130990418, -0.05093572435262317, 0.13445603229289171, -0.0018501849819427818, 0.1381087496079173, 0.012640648338596572]"
optimized,equal_total,wells,30,anomaly_ssim_so,0.011946041207363789,0.019538753866226333,0.026172222347245182,0.03799922150762944,7,0,0.275390625,True,"[0.0157059174405616, 0.04331589977839023, 0.024911051695387987, 0.023371590291891065, -0.03682364362647539, 0.03495923802773604, -0.016286138019562357, 0.014838655907075782, -0.015920161417717793, 0.03138800199635072]"
optimized,equal_total,wells,30,relative_frobenius_p,0.00043221204350927004,0.00032798716583295,0.0006875547182872073,0.00045640047362427503,8,0,0.10546875,True,"[0.0006696901139913, 0.0005471149081812001, 0.000164013112305, -0.00031391256573969995, 0.0002995710957759, -0.0006547170503690001, 0.0014888429424949003, 0.00023854401874299992, 0.0015265706238201, 0.00035640323588999995]"
optimized,equal_total,wells,30,relative_frobenius_so,-2.977992001499535e-07,0.00023744800168704993,0.0006907633657439963,0.0010001119025354502,6,0,1.0,False,"[0.0004180647375901002, 0.0008474770972143001, 0.0005994836147957003, -0.0005161419991964, -0.0011953617959026002, 0.00027380594963149997, -0.0003090328698576001, 0.0002010900537425999, -0.0008973374483873999, 0.0005749746683683002]"
optimized,equal_total,wells,30,ssim_p,-0.0006896672724884146,0.0002272608006257948,0.0024595068261813306,0.0002169701434575344,8,0,0.431640625,True,"[0.0002737563239776364, 0.0003077798673080112, 0.00014811884169374512, -0.007337675734354399, -0.0020909197311388406, 0.0003940410313623133, 0.00041675818389186325, 0.0001807652772739532, 0.0006330373526179933, 0.00017766586248357807]"
optimized,equal_total,wells,30,ssim_so,-1.9159636069521202e-05,-2.29487043507115e-06,5.334068132806418e-05,3.6018626224487704e-05,5,0,0.6953125,False,"[8.56048239683549e-06, 3.065877272567796e-05, 1.8381108937592927e-05, -0.00011958738914885636, -0.00011201002161720375, 8.254069036039979e-07, -9.385402078176952e-06, -5.415147773746298e-06, -2.3661764536719865e-05, 2.0037593495780825e-05]"
optimized,equal_total,wells,30,rmse_p,0.06889093174606244,0.0523377858815453,0.10985647008448332,0.07285209171771515,8,0,0.10546875,True,"[0.1068899285334472, 0.0875348907982905, 0.026361272675069602, -0.0502049725503978, 0.0473487977334385, -0.10519424548668638, 0.2382373655737557, 0.0377124915025627, 0.2428970146514922, 0.0573267740296521]"
optimized,equal_total,wells,30,rmse_so,1.2906383160013295e-08,6.387039389465e-05,0.00018573251021493132,0.000269121874817975,6,0,1.0,False,"[0.00011249917267170003, 0.0002279994100471, 0.00016139623373350007, -0.00013883616834559998, -0.00032110269009419997, 7.374878071920001e-05, -8.315050639129997e-05, 5.399200707009998e-05, -0.0002411936139696, 0.00015477643839069996]"
optimized,equal_total,wells,30,train_range_nrmse_p,0.0016655293410731398,0.0012641142774460002,0.0026528608145097127,0.0017555784294052252,8,0,0.10546875,True,"[0.0025817119027566, 0.0021142297743209, 0.0006367041547804, -0.0012126004478558, 0.0011436152719607002, -0.0025407560787124002, 0.0057541458846676, 0.0009269393006286, 0.005866690365253499, 0.0013846132829313002]"
optimized,equal_total,wells,30,train_range_nrmse_so,1.9734500190005283e-08,9.766100111215006e-05,0.0002839942229976128,0.000411500698731525,6,0,1.0,False,"[0.00017201681651650002, 0.0003486224098587001, 0.0002467828488445001, -0.0002122873895778999, -0.0004909819442500001, 0.0001127655446703001, -0.00012714124967750002, 8.255645755400002e-05, -0.00036879700226950026, 0.0002366608533328]"
current,equal_per_property,full,9900,anomaly_relative_frobenius_p,-0.2099947038611502,-0.18778005330858671,0.09642891755205099,0.11605418539111839,0,0,0.001953125,False,"[-0.2158081387136375, -0.364001122034961, -0.15975196790353596, -0.3629419464705044, -0.10204055938012989, -0.1490338995770033, -0.2695551817595017, -0.1099202470037078, -0.22631675579213348, -0.14057721997638728]"
current,equal_per_property,full,9900,anomaly_relative_frobenius_so,-4.4494738558302425,-4.771410867726427,0.8578964570815826,0.8491901744386547,0,0,0.001953125,False,"[-5.251262333579003, -4.875505776947049, -5.198795971716676, -4.979569888418875, -4.96795264627371, -4.073013740218109, -4.667315958505806, -3.7300221746748883, -2.460439674846916, -4.290860393121389]"
current,equal_per_property,full,9900,anomaly_ssim_p,-0.11374017350102102,-0.09150119795218992,0.04411374252679348,0.05274713232859976,0,0,0.001953125,False,"[-0.0789748298567371, -0.16616944549977752, -0.0883069141559859, -0.15010489911491753, -0.08457418889293, -0.09414668084613997, -0.08885571505823986, -0.10270331280442235, -0.20518281351357515, -0.07838293526748474]"
current,equal_per_property,full,9900,anomaly_ssim_so,-0.5025926090811565,-0.50775971658137,0.01551594295465527,0.025557802030811205,0,0,0.001953125,False,"[-0.5033458091047416, -0.5121736240579984, -0.5143257026890815, -0.4801023877579136, -0.5242868019320566, -0.4880959179921086, -0.48873735364555004, -0.516469825453403, -0.48610946050083575, -0.5122792076778759]"
current,equal_per_property,full,9900,relative_frobenius_p,-0.0013367530160225698,-0.00124513080203835,0.0002563645943859325,0.00021604208655917482,0,0,0.001953125,False,"[-0.0010354239094776, -0.0015105314322054, -0.0012536039533283998, -0.0012279210634592002, -0.0012667534535604, -0.0011942897136018, -0.0012366576507482998, -0.0014827222003165998, -0.0019520165685899, -0.0012076102149380999]"
current,equal_per_property,full,9900,relative_frobenius_so,-0.01455976175515658,-0.014593761025489201,0.0002008345130834664,0.00022427809355524998,0,0,0.001953125,False,"[-0.0146389744653657, -0.0146340837518346, -0.0147921119388823, -0.0142785084383804, -0.0148314736313689, -0.0144476493083043, -0.0144925189501297, -0.014697868261299301, -0.0142309905068568, -0.0145534382991438]"
current,equal_per_property,full,9900,ssim_p,-0.015922979572817908,-0.014595419710449975,0.0036070726788439977,0.0030103302293053302,0,0,0.001953125,False,"[-0.01332130548253263, -0.017074807888103227, -0.015127891567681129, -0.014341441353207585, -0.014075291857737149, -0.014849398067692365, -0.013109135263187133, -0.019294209438689647, -0.024624413990337435, -0.01341190081901078]"
current,equal_per_property,full,9900,ssim_so,-0.009203272723255352,-0.009281021572797588,0.0002306094992282872,0.00011936675439144784,0,0,0.001953125,False,"[-0.009237308786672394, -0.009108933524007212, -0.009196790747879602, -0.009322058874159822, -0.009326926418081416, -0.009324368793632742, -0.009363382827143774, -0.009327749072771896, -0.008585223916769302, -0.009239984271435353]"
current,equal_per_property,full,9900,rmse_p,-0.21340450469125702,-0.19905049933703475,0.04038664017918178,0.031401919919546634,0,0,0.001953125,False,"[-0.16526507615030223, -0.24167538114624948, -0.2014875224047721, -0.19638507665265528, -0.2002170900213479, -0.19188809157181852, -0.1978839086527216, -0.23441018842044248, -0.31059093478050803, -0.19424177711175256]"
current,equal_per_property,full,9900,rmse_so,-0.00391635319751539,-0.00392733409220945,5.3490891991631095e-05,5.112922413222582e-05,0,0,0.001953125,False,"[-0.0039392763082823, -0.0039370532524893006, -0.0039824126914866, -0.0038407519720580997, -0.0039840875770159, -0.0038914293943589995, -0.0038994566828601, -0.0039463284847279, -0.0038251206799451002, -0.0039176149319296]"
current,equal_per_property,full,9900,train_range_nrmse_p,-0.00516434674175993,-0.00480766570282875,0.0009817218656231407,0.0008333647713771241,0,0,0.001953125,False,"[-0.0039916465476325, -0.005837184257385599, -0.004866530695722299, -0.0047432877622262, -0.0048358423617213, -0.0046346721043339, -0.0047794890439362, -0.0057615927099356, -0.0075017012754409, -0.0046915206592648]"
current,equal_per_property,full,9900,train_range_nrmse_so,-0.005988298343813021,-0.006005088676603151,8.179022773678173e-05,7.817912040867462e-05,0,0,0.001953125,False,"[-0.0060233489174762, -0.0060199497548748, -0.0060893065875515, -0.0058727003192316, -0.0060918675706231, -0.0059501886122246, -0.0059624627346063, -0.0060341320451461995, -0.0058487992980644, -0.0059902275983315005]"
current,equal_per_property,grid,30,anomaly_relative_frobenius_p,0.5413429952203066,0.42738465018379884,0.4559146269462736,0.40156995798927875,10,0,0.001953125,True,"[1.6869057476158598, 0.49444457020145616, 0.32840136344876125, 0.8087317167813937, 0.21357283776431768, 0.4285271481887961, 0.6936517128324577, 0.42624215217880157, 0.1372177402773993, 0.1957349629138227]"
current,equal_per_property,grid,30,anomaly_relative_frobenius_so,-4.048596944734727,-4.144227775619572,0.8069193401161621,0.8005437204701291,0,0,0.001953125,False,"[-4.906330236285145, -4.4962940142907915, -4.842776647140209, -3.841047533773216, -4.447408017465928, -3.793261501068967, -4.596503302368612, -3.6077130381561697, -2.1911793106491833, -3.763455846149048]"
current,equal_per_property,grid,30,anomaly_ssim_p,0.08051473280902147,0.01943126158823394,0.3087171545174123,0.2929425853387704,6,0,0.556640625,False,"[0.29994786404155643, -0.11488980922468228, 0.018079322129054165, 0.594685272079539, -0.020879948838542495, -0.03297465974659741, -0.5217490319462894, 0.41002229739668533, 0.15212282115207754, 0.020783201047413713]"
current,equal_per_property,grid,30,anomaly_ssim_so,-0.37366635040453694,-0.3798901922708645,0.03160002202432752,0.05181740005642349,0,0,0.001953125,False,"[-0.3711648614072297, -0.3380080607105743, -0.39841139885361077, -0.3322220871974112, -0.3886155231344993, -0.3927361301432384, -0.3577868959536444, -0.4255988223530725, -0.3954481827226077, -0.3366715415694811]"
current,equal_per_property,grid,30,relative_frobenius_p,0.0033340846452271805,0.0026937378278637505,0.002079470966312479,0.0011879537540325745,10,0,0.001953125,True,"[0.0080935897715806, 0.0020518455014565005, 0.0025770277067659, 0.0027361365071758006, 0.0026513391485517004, 0.0034340211625244, 0.0031823157396924998, 0.0057496113680033005, 0.0011835239577752, 0.0016814355887459]"
current,equal_per_property,grid,30,relative_frobenius_so,-0.0132625822904718,-0.013475591041235802,0.0009493403309661035,0.0008608755142390772,0,0,0.001953125,False,"[-0.0136774052570857, -0.0134958599555196, -0.013779131677646701, -0.011013888920558, -0.013277424209842199, -0.013455322126952001, -0.0142726380228256, -0.0142159184252069, -0.012673609634672203, -0.012764624674409098]"
current,equal_per_property,grid,30,ssim_p,-0.015620408468695057,-0.014321715859468953,0.005064115920030965,0.0032773899957372343,0,0,0.001953125,False,"[-0.0121007468943094, -0.015747325751148455, -0.013888741772901336, -0.01590991629331362, -0.013106242618097785, -0.01475468994603657, -0.012328490463188624, -0.01668764449834048, -0.029259862439600104, -0.012420424010014197]"
current,equal_per_property,grid,30,ssim_so,-0.009495986738382733,-0.009554114445256445,0.00030475331681131346,0.00020003579314964437,0,0,0.001953125,False,"[-0.009523111344372448, -0.009622695336605647, -0.0093950626848196, -0.009403561933987392, -0.009605904878841831, -0.009463161914098017, -0.009941916516748805, -0.009665977825547012, -0.00875335740266614, -0.009585117546140443]"
current,equal_per_property,grid,30,rmse_p,0.5319680597339189,0.42832832943575766,0.330644439573597,0.19135528896951792,10,0,0.001953125,True,"[1.2918261957119612, 0.3282821747666299, 0.4141969450767271, 0.4375984692209024, 0.4190581896506129, 0.5517486752077866, 0.5092185996313289, 0.9089817929684725, 0.18831387924440957, 0.2704556758603569]"
current,equal_per_property,grid,30,rmse_so,-0.0035674261303802494,-0.0036274912526082,0.000255152326482505,0.00023367650136150043,0,0,0.001953125,False,"[-0.0036805227453252, -0.0036308333500113, -0.0037096926454757003, -0.0029626074582102, -0.0035666328352782, -0.0036241491552050998, -0.0038402940104247003, -0.0038169265651727996, -0.0034065152583566006, -0.0034360872803427]"
current,equal_per_property,grid,30,train_range_nrmse_p,0.0128873552493429,0.010345411972523949,0.00803590849608631,0.004621801482294326,10,0,0.001953125,True,"[0.031201471565384897, 0.007928997705266798, 0.010004104091572, 0.010569313611826099, 0.010121510333221798, 0.0133263829591617, 0.0122991542590646, 0.0223419592259269, 0.0045483441720838985, 0.006532314569920299]"
current,equal_per_property,grid,30,train_range_nrmse_so,-0.005454771546597069,-0.00554661409853715,0.00039014056624529775,0.0003573029641399002,0,0,0.001953125,False,"[-0.0056277018819907, -0.0055517243312803, -0.0056723041065476, -0.004529973789550799, -0.005453558559027599, -0.005541503865794, -0.005872000073172999, -0.005836270090037, -0.0052087308398875995, -0.0052539479286821]"
current,equal_per_property,grid,100,anomaly_relative_frobenius_p,-0.406768661310985,-0.3315846205735774,0.2901801857889588,0.35408246328998594,0,0,0.001953125,False,"[-0.5840237456722346, -1.0553697931523558, -0.2439205607436675, -0.40183792318474987, -0.10358333650970153, -0.13223868723317478, -0.6031363262623488, -0.26133131796240494, -0.48872848601363633, -0.19351643637557628]"
current,equal_per_property,grid,100,anomaly_relative_frobenius_so,-4.495117520248083,-4.7917724258868555,0.8788954758055855,0.7996216877908333,0,0,0.001953125,False,"[-5.340466412515223, -4.890890953986753, -5.320038520323779, -5.021911601896662, -4.995915364153901, -4.1805236038456846, -4.692653897786958, -3.716248918770296, -2.4709333220580834, -4.321592607143501]"
current,equal_per_property,grid,100,anomaly_ssim_p,-0.28360264868389584,-0.19332182875358528,0.21418423952173912,0.2543354017447511,0,0,0.001953125,False,"[-0.6708287817306302, -0.6241063365703958, -0.12470476014222898, -0.1798933571113035, -0.09322860914545916, -0.1178567840203002, -0.274879246208131, -0.20675030039586706, -0.41508873817805075, -0.12868957333659203]"
current,equal_per_property,grid,100,anomaly_ssim_so,-0.4683107285426491,-0.46822018870403237,0.015677071891455185,0.020044050206986574,0,0,0.001953125,False,"[-0.47064569498614656, -0.45775788496792813, -0.49725678940728996, -0.44853592481831817, -0.4817292927320276, -0.4754107736842503, -0.4593238285428905, -0.47912097019679034, -0.4657946824219181, -0.44753144366893144]"
current,equal_per_property,grid,100,relative_frobenius_p,-0.00249707717785294,-0.0023405713251875996,0.0012284899133365584,0.001909127280841225,0,0,0.001953125,False,"[-0.0028020822271864, -0.0043795723382511, -0.0019140908450715997, -0.0013595156326615997, -0.0012859058207057, -0.0010597005402866, -0.0027670518053035994, -0.0035251171403189, -0.0042153578019505, -0.0016623776267933998]"
current,equal_per_property,grid,100,relative_frobenius_so,-0.014701302423535933,-0.014668968409695851,0.0002511764466495479,0.0002836920771191499,0,0,0.001953125,False,"[-0.0148876491936122, -0.014680263159599902, -0.015137082843781898, -0.0143999198306763, -0.014914954361245101, -0.0148290044683759, -0.0145711959817372, -0.014643595795524302, -0.0142916849410147, -0.0146576736597918]"
current,equal_per_property,grid,100,ssim_p,-0.025359366350659295,-0.019825075302478568,0.011211677990007017,0.012167035277337673,0,0,0.001953125,False,"[-0.018574208220092814, -0.03169142706944894, -0.017693214362506038, -0.015058821483919016, -0.01688563293419998, -0.021074492124059985, -0.025247711208614798, -0.04128901665323137, -0.04750348096962287, -0.01857565848089715]"
current,equal_per_property,grid,100,ssim_so,-0.009536387443937833,-0.009585429510583221,0.00028005023306086835,2.8408028553167375e-05,0,0,0.001953125,False,"[-0.009547906854515231, -0.009576649123056558, -0.009608662346541785, -0.009584477562174176, -0.009660310468400768, -0.009838614800846801, -0.009602070005931163, -0.009585168157088764, -0.008774324256745403, -0.009585690864077678]"
current,equal_per_property,grid,100,rmse_p,-0.3984710767595231,-0.3752077209994731,0.1953430114727432,0.2998658648295756,0,0,0.001953125,False,"[-0.44724322899693936, -0.7007036010890013, -0.3076453460498274, -0.2174313884465658, -0.20324422304875134, -0.1702634729223177, -0.4427700959491187, -0.5573015450162102, -0.6707176266889288, -0.26739023938757034]"
current,equal_per_property,grid,100,rmse_so,-0.00395445181283453,-0.0039475754557466,6.885261054931824e-05,7.977297329209935e-05,0,0,0.001953125,False,"[-0.0040061934593278, -0.003949477042774, -0.0040752876315588, -0.0038734102182891, -0.0040065124922392, -0.003994146220323299, -0.0039206260653356, -0.003931756509131501, -0.0038414346206468, -0.0039456738687192]"
current,equal_per_property,grid,100,train_range_nrmse_p,-0.00964801764508275,-0.009062392924376049,0.0047401186883456676,0.007420762697215351,0,0,0.001953125,False,"[-0.010802263445871799, -0.0169240905299122, -0.007430561962739799, -0.005251619224441199, -0.0049089566904079, -0.004112372799563399, -0.010694223886012297, -0.013697973371541501, -0.0161998394420261, -0.0064582750983113]"
current,equal_per_property,grid,100,train_range_nrmse_so,-0.006046553016849651,-0.006036038725700649,0.00010527905756337596,0.00012197683399677462,0,0,0.001953125,False,"[-0.0061256685614329, -0.006038946346610299, -0.0062313169787924, -0.0059226363980155, -0.0061261563785828, -0.0061072477352868, -0.005994831770703, -0.0060118507714894, -0.0058737441227924, -0.006033131104790999]"
current,equal_per_property,grid,300,anomaly_relative_frobenius_p,-0.16400527189888367,-0.1535070635546649,0.08007783836396604,0.12339573919757155,0,0,0.001953125,False,"[-0.15160962059007338, -0.28665398574935896, -0.1554045065192564, -0.2740377055359874, -0.07878112195467452, -0.06433353321062452, -0.23268872548241723, -0.10951798242098089, -0.1915278438351014, -0.09549769369036201]"
current,equal_per_property,grid,300,anomaly_relative_frobenius_so,-4.427130148397963,-4.75341307026523,0.853790607902814,0.8159305432550248,0,0,0.001953125,False,"[-5.24483792428483, -4.873019106958604, -5.1969883192503445, -4.914690413217537, -4.929538881500673, -4.057182102933471, -4.633807033571857, -3.692066360076699, -2.461132766286577, -4.268038575899043]"
current,equal_per_property,grid,300,anomaly_ssim_p,-0.10412637018871482,-0.09634472230976171,0.05232519955930557,0.0291089457670084,0,0,0.001953125,False,"[-0.05678163739187336, -0.16779663163278125, -0.09787584540149541, -0.09882496142253261, -0.07380528260297436, -0.05285766881068599, -0.09481359921802801, -0.10389973300843625, -0.22118064413939642, -0.07342769825894446]"
current,equal_per_property,grid,300,anomaly_ssim_so,-0.47753170590526056,-0.4788172990706382,0.018496153537180884,0.014610284032745335,0,0,0.001953125,False,"[-0.478562161014701, -0.4892098575947111, -0.5007962896080506, -0.4334720284047742, -0.48792864404484154, -0.47325460664178653, -0.4649876046345826, -0.49068016920994934, -0.4773532607726336, -0.47907243712657543]"
current,equal_per_property,grid,300,relative_frobenius_p,-0.0010574269263264502,-0.0010227642789389,0.00034247778832503426,0.00036495112529104996,0,0,0.001953125,False,"[-0.0007274064222114001, -0.001189556376147, -0.0012194886003234, -0.0009271363480632998, -0.0009780057941439, -0.0005155395998573001, -0.0010675227637339001, -0.0014772960241255001, -0.0016519568920289, -0.0008203604426299]"
current,equal_per_property,grid,300,relative_frobenius_so,-0.014488321795527389,-0.0145121695653177,0.00021656426586135966,0.00023600561983069812,0,0,0.001953125,False,"[-0.0146210651023138, -0.0146266198827431, -0.0147869686330527, -0.0140924718619494, -0.0147167920351704, -0.0143914918882577, -0.0143884701276542, -0.0145483062649921, -0.0142349992934972, -0.0144760328656433]"
current,equal_per_property,grid,300,ssim_p,-0.016080583294909946,-0.015201988545231915,0.0036218466135686266,0.00339257642795171,0,0,0.001953125,False,"[-0.012500745094017218, -0.017529440095431226, -0.015342302728745927, -0.01533728466523987, -0.014223973634893028, -0.01506669242522396, -0.013144472273040386, -0.020117025828417345, -0.024165114981310576, -0.013378781222779912]"
current,equal_per_property,grid,300,ssim_so,-0.009396976033209858,-0.009462408649074772,0.0002388008557847446,9.917202209619447e-05,0,0,0.001953125,False,"[-0.009408213940294008, -0.009359795243445324, -0.009428140899423454, -0.009523168088608203, -0.009479966542865648, -0.009577904940163195, -0.00952608516852338, -0.009478919152299814, -0.00874166821062583, -0.00944589814584973]"
current,equal_per_property,grid,300,rmse_p,-0.16872919741865244,-0.1626993824984218,0.054153663998481684,0.05854859550071784,0,0,0.001953125,False,"[-0.1161020879068152, -0.1903214222960941, -0.1960042771304611, -0.14827968034765648, -0.15457899370799946, -0.0828324223340916, -0.17081977128884418, -0.2335523399420932, -0.2628475821201523, -0.1319533971123165]"
current,equal_per_property,grid,300,rmse_so,-0.0038971434104585903,-0.0039014749428515,5.826540690268104e-05,6.222682891135001e-05,0,0,0.001953125,False,"[-0.003934456986427999, -0.0039350452244788, -0.0039810279827649, -0.0037907103062296997, -0.0039532813648968, -0.0038763035679759998, -0.003871460592081, -0.0039061715887912995, -0.0038261981940277, -0.0038967782969117]"
current,equal_per_property,grid,300,train_range_nrmse_p,-0.00408526770778936,-0.003929677361847001,0.0013215181177515074,0.0014141265478297754,0,0,0.001953125,False,"[-0.0028042131414667, -0.0045968323492483, -0.0047340938027518, -0.003581398368796799, -0.0037335456525000007, -0.002000651077310501, -0.004125809071194001, -0.0057405075618352005, -0.006348556320327699, -0.003187069732462599]"
current,equal_per_property,grid,300,train_range_nrmse_so,-0.00595892562633441,-0.005965548754266499,8.909069791721346e-05,9.51479087092505e-05,0,0,0.001953125,False,"[-0.0060159799352565, -0.006016879380420901, -0.0060871892992157995, -0.005796184129427301, -0.0060447633438826, -0.005927060473236601, -0.0059196553228152, -0.0059727301589264994, -0.0058504468705562, -0.0059583673496065]"
current,equal_per_property,wells,5,anomaly_relative_frobenius_p,-0.08161660667524775,-0.06154025934329288,0.05988248481024285,0.07592973371810716,0,0,0.001953125,False,"[-0.002938746069637621, -0.15921125855825513, -0.07074477899984338, -0.12750211385775223, -0.05233573968674238, -0.05174009358635462, -0.18389934824430976, -0.020816661311329115, -0.1034711665500716, -0.043506159888181684]"
current,equal_per_property,wells,5,anomaly_relative_frobenius_so,-1.5128349755366104,-1.742802158372348,1.0676626073366087,0.6270789598752335,1,0,0.005859375,False,"[-2.812997956242283, -2.5682628420219022, -1.5083955995032063, 0.7740240104882794, -1.341217038390413, -2.0459363850721735, -1.626576250418827, -1.9025533989588594, -0.23740622892085028, -1.8590280663258691]"
current,equal_per_property,wells,5,anomaly_ssim_p,-0.07653280276154703,-0.08304608159820936,0.04645071872521195,0.06398366309057274,1,0,0.00390625,False,"[0.005928356672695756, -0.01850093255491897, -0.0832223091965657, -0.12561669181414614, -0.08286985399985303, -0.046376702879804554, -0.13425796502717857, -0.09065026739390036, -0.12354403875740072, -0.0662176226643979]"
current,equal_per_property,wells,5,anomaly_ssim_so,-0.2771324656334394,-0.2769956181330103,0.028999773971104474,0.03449932783595677,0,0,0.001953125,False,"[-0.27551578684934663, -0.29255205127373485, -0.2597444967852649, -0.25041884751858173, -0.2625699425607618, -0.27847544941667407, -0.295749564328883, -0.31349427971315585, -0.22468903955896158, -0.31811519832902946]"
current,equal_per_property,wells,5,relative_frobenius_p,-0.0005116315809845201,-0.0004932592042677501,0.000265446565085494,0.00027399194412684963,0,0,0.001953125,False,"[-1.4099783087499849e-05, -0.0006606946953040998, -0.0005551476817181001, -0.00043137072681740003, -0.0006497071301407998, -0.0004146215171605002, -0.0008436882366330001, -0.00028079745728499996, -0.0008924546075704002, -0.00037373397412840013]"
current,equal_per_property,wells,5,relative_frobenius_so,-0.00491103689662705,-0.005678007540144701,0.003251292777876959,0.003360928412643101,1,0,0.005859375,False,"[-0.007841810718393601, -0.007708774278267301, -0.004291831546642002, 0.0022194503969046007, -0.004004109248857298, -0.007257272693865198, -0.005050694519634, -0.007496866749973701, -0.0013731390468866012, -0.006305320560655402]"
current,equal_per_property,wells,5,ssim_p,-0.0159805063902419,-0.01460277905801699,0.003585835972210039,0.001757208002036048,0,0,0.001953125,False,"[-0.014494184586616221, -0.015831491775847417, -0.014653108161406414, -0.015685015109766942, -0.01373894577199819, -0.01349767203566754, -0.013885491280849593, -0.018002712968487655, -0.025463992257151458, -0.014552449954627567]"
current,equal_per_property,wells,5,ssim_so,-0.008853333480827574,-0.008834862516026387,0.000494818029571719,0.00041278309657027945,0,0,0.001953125,False,"[-0.009067175334774635, -0.008770556756460768, -0.00886825393827162, -0.008144531710975955, -0.008755926862894281, -0.00958030679809152, -0.008801471093781155, -0.009207431465550031, -0.007992721969442562, -0.009344958878033216]"
current,equal_per_property,wells,5,rmse_p,-0.08169930457829588,-0.07910870761616964,0.04230836503774903,0.04321237350128791,0,0,0.001953125,False,"[-0.0022504808941870014, -0.10570693128562625, -0.08922700878626283, -0.06899040644607646, -0.10268965172132122, -0.06661778188863049, -0.13500286505988968, -0.04439252670264304, -0.14200100310351593, -0.06011438989480594]"
current,equal_per_property,wells,5,rmse_so,-0.00132111554803385,-0.00152814645610445,0.0008746801522713582,0.0009027767121384997,1,0,0.005859375,False,"[-0.0021101928451401, -0.0020739156177887, -0.0011554701919299004, 0.0005970062297181999, -0.0010755992500735998, -0.0019547238226188994, -0.0013589745554547002, -0.0020128836560286, -0.0003690834142680002, -0.0016973183567541997]"
current,equal_per_property,wells,5,train_range_nrmse_p,-0.0019751746604068096,-0.0019107130088319496,0.0010200362913225416,0.0010437082384214254,0,0,0.001953125,False,"[-5.4355853644600174e-05, -0.0025531389762186996, -0.002155101080023699, -0.0016663249376402001, -0.0024802626381766005, -0.0016090189487151987, -0.0032607235163629004, -0.0010911285893717999, -0.0034297495091038, -0.0014519425548105997]"
current,equal_per_property,wells,5,train_range_nrmse_so,-0.00202005121838754,-0.0023366117483989003,0.001337429348950343,0.001380390382961775,1,0,0.005859375,False,"[-0.0032265895547150996, -0.0031711198742471, -0.0017667712506239993, 0.0009128521449330001, -0.0016446446178319, -0.0029888697058853995, -0.0020779395190598004, -0.0030777989766938, -0.0005643468520132996, -0.0025952839777380003]"
current,equal_per_property,wells,10,anomaly_relative_frobenius_p,-0.13470972649604104,-0.10930270368882328,0.08772596859542152,0.10162609916434528,0,0,0.001953125,False,"[-0.12855890304284606, -0.2008290252847117, -0.09004650433480049, -0.33207831990170145, -0.04243027861742918, -0.05819390238617528, -0.18404754131155432, -0.07378318307065199, -0.156420464472607, -0.0807091425379329]"
current,equal_per_property,wells,10,anomaly_relative_frobenius_so,-3.8650934831787813,-4.091136196009559,0.7670151298402894,0.8828931513832257,0,0,0.001953125,False,"[-4.589864105657166, -3.9931210304114146, -4.51695692231707, -4.338255672279903, -4.4473293341690825, -3.5539662126934033, -4.189151361607704, -3.432625374908705, -2.0580965322230815, -3.5315682855202812]"
current,equal_per_property,wells,10,anomaly_ssim_p,-0.070410267057445,-0.07028967847706241,0.08666712062246991,0.0412020767466581,1,0,0.048828125,False,"[0.1416665492467154, -0.05607252697448384, -0.08764561187353515, -0.1591440305530034, -0.07455662708861155, -0.058625123576761196, -0.06602272986551327, -0.10256129983137119, -0.1838425764564675, -0.05729869360141837]"
current,equal_per_property,wells,10,anomaly_ssim_so,-0.3798726036842376,-0.3769192912013384,0.02756144348453908,0.037837758450416537,0,0,0.001953125,False,"[-0.3833198058569422, -0.36047029156492394, -0.38952674867645176, -0.3705187765457346, -0.40135664690800277, -0.41601928749038625, -0.3546522462958119, -0.42283724049014915, -0.33919021210995176, -0.36083478090402216]"
current,equal_per_property,wells,10,relative_frobenius_p,-0.00081555100674912,-0.00077000601592885,0.0002758170302513299,0.0003216030395924253,0,0,0.001953125,False,"[-0.0006168115937619997, -0.0008334000551860001, -0.0007066119766716999, -0.0011235018924950998, -0.0005267386057139002, -0.0004663393980256997, -0.0008443681126018999, -0.0009952667186527001, -0.0013491503854779004, -0.0006933213289042998]"
current,equal_per_property,wells,10,relative_frobenius_so,-0.012637187252524721,-0.0127008465949941,0.0005622161072640522,0.0008697761062342255,0,0,0.001953125,False,"[-0.0127951907891868, -0.011985560116974, -0.0128520782084012, -0.012439592497449302, -0.0132771893063869, -0.012606502400801398, -0.013007766354969, -0.0135259988247117, -0.011903869260311702, -0.011978124766055198]"
current,equal_per_property,wells,10,ssim_p,-0.015849264169294906,-0.0143224060485036,0.0036199752014748083,0.0014089533641081786,0,0,0.001953125,False,"[-0.013966553812490567, -0.015127659496525614, -0.014128661526665143, -0.01547144482264351, -0.014516150570342057, -0.014006519070551726, -0.013871019767958792, -0.01958908578032459, -0.024780927428992627, -0.013034619416454452]"
current,equal_per_property,wells,10,ssim_so,-0.009401280055711636,-0.009410017866926024,0.00021153743797259353,0.00028655817921133253,0,0,0.001953125,False,"[-0.00934623910315957, -0.009132712430042988, -0.009385441202838463, -0.009573342403170204, -0.00953046995610396, -0.009434594531013585, -0.009569864597629985, -0.009733331224136998, -0.009057607799357603, -0.009249197309663004]"
current,equal_per_property,wells,10,rmse_p,-0.1301870565072742,-0.12345501913585488,0.04377582949742798,0.050070240996105006,0,0,0.001953125,False,"[-0.0984499334817378, -0.13333868576990493, -0.11357135250180483, -0.17968500732080728, -0.08325382539240517, -0.07492736150428791, -0.13511165548710424, -0.1573461697667778, -0.21466717349010778, -0.11151940035780411]"
current,equal_per_property,wells,10,rmse_so,-0.00339915724589522,-0.0034193226784401,0.00014966618694520098,0.00023508501614380017,0,0,0.001953125,False,"[-0.0034431231542241, -0.0032245126679368, -0.0034601062769526996, -0.0033461050656912, -0.0035665697346071, -0.0033955222026561, -0.0034999589523747, -0.003631685459238, -0.0031996182175121, -0.0032243707277594]"
current,equal_per_property,wells,10,train_range_nrmse_p,-0.0031511122026620596,-0.00298180946317215,0.0010621407413312952,0.0012596314050613007,0,0,0.001953125,False,"[-0.002377860744998699, -0.0032205286023966, -0.0027430903239477004, -0.0043399310721951995, -0.002010829223244701, -0.0018097201831063, -0.0032633511310007, -0.003867428078844999, -0.0051848551545913, -0.002693527512294399]"
current,equal_per_property,wells,10,train_range_nrmse_so,-0.00519748007377583,-0.00522831402061885,0.00022884702533401474,0.00035945665312377573,0,0,0.001953125,False,"[-0.0052647061289224995, -0.0049304398493118995, -0.0052906741661703, -0.0051163606581283005, -0.005453462074971, -0.0051919219123152, -0.005351610884129601, -0.0055530272485643, -0.0048923749995066, -0.0049302228157386005]"
current,equal_per_property,wells,15,anomaly_relative_frobenius_p,-0.19931735889825505,-0.17086204825145285,0.09907916128076612,0.07449703380191869,0,0,0.001953125,False,"[-0.14941656061523645, -0.35259619351226545, -0.1827899946242528, -0.3776334896331919, -0.07623421998636581, -0.1579402069181426, -0.21025264480773675, -0.09606771728544239, -0.2313084597212633, -0.1589341018786529]"
current,equal_per_property,wells,15,anomaly_relative_frobenius_so,-3.7939031831858956,-4.010101681707491,0.8201091693615095,0.9813836655797106,0,0,0.001953125,False,"[-4.689373914585512, -3.9459122056347775, -4.500772873123965, -4.303307117225326, -4.369128287706894, -3.477794677257002, -4.0742911577802055, -3.3284167617789344, -1.9142472898429532, -3.335787546923388]"
current,equal_per_property,wells,15,anomaly_ssim_p,-0.13273732687133516,-0.13094157484116842,0.11622895639481332,0.05837064742405426,1,0,0.037109375,False,"[0.14149577623237586, -0.28796424868896364, -0.13854551142042182, -0.19479533814228955, -0.08159845017597145, -0.12613076479206387, -0.12139378568642145, -0.12526757909180908, -0.2574209820575136, -0.13575238489027297]"
current,equal_per_property,wells,15,anomaly_ssim_so,-0.38662225418154567,-0.3796545729747294,0.028821299120861926,0.03952330474559984,0,0,0.001953125,False,"[-0.3790862388151575, -0.36421764566934994, -0.4019334740304614, -0.3788469936231827, -0.40921989186105684, -0.41436013353874757, -0.3534413765952118, -0.4379031830290745, -0.3469906975189126, -0.3802229071343012]"
current,equal_per_property,wells,15,relative_frobenius_p,-0.0012724979235924302,-0.00128674527745335,0.0003502032433241653,0.00037725787686095015,0,0,0.001953125,False,"[-0.0007168843596683002, -0.0014632032731071998, -0.0014343877130089, -0.0012776261346961, -0.0009463880052584001, -0.0012656607994680998, -0.0009645911464003, -0.0012958644202106, -0.0019950707770203, -0.0013653026070861]"
current,equal_per_property,wells,15,relative_frobenius_so,-0.012359433214538109,-0.012495246713428651,0.0007341037868576813,0.00101732898820555,0,0,0.001953125,False,"[-0.0130725948607071, -0.0118438603780723, -0.0128060298024643, -0.0123393803808533, -0.0130437255757253, -0.0123363094426011, -0.012651113046004001, -0.0131153727223059, -0.0110718565011054, -0.0113140894355424]"
current,equal_per_property,wells,15,ssim_p,-0.01608835580431296,-0.014203666461069964,0.004549466007489995,0.0023253278958007273,0,0,0.001953125,False,"[-0.013119489929600436, -0.015317547296626821, -0.014382399552944403, -0.013323440709400391, -0.013836249530569278, -0.01611261099702943, -0.014024933369195525, -0.019355594378829832, -0.027905352554285834, -0.013505939724647642]"
current,equal_per_property,wells,15,ssim_so,-0.009231914441574673,-0.009316245991629002,0.00025668528369235854,0.00021812249954791807,0,0,0.001953125,False,"[-0.009340075332062159, -0.009028802885456821, -0.009246642463348609, -0.009390432100115587, -0.009317781805999625, -0.009314710177258378, -0.00948739962850298, -0.00944627155238098, -0.00861628208033205, -0.009130746390289546]"
current,equal_per_property,wells,15,rmse_p,-0.2032607552796347,-0.2046017812943922,0.05594619929247647,0.06120907469794176,0,0,0.001953125,False,"[-0.11442265067194551, -0.23410317798308602, -0.23054428449646108, -0.2043345568882904, -0.14958163477776532, -0.2033553773604473, -0.1543491573322751, -0.204869005700494, -0.3174414129259261, -0.2196062946596565]"
current,equal_per_property,wells,15,rmse_so,-0.00332446547978218,-0.0033633709667601503,0.0001966804897549482,0.0002702387220147001,0,0,0.001953125,False,"[-0.0035177712307917003, -0.0031863907446665002, -0.0034477088750818, -0.0033191491769791, -0.0035038558079852, -0.0033227465699388, -0.0034039953635815003, -0.0035214337237014, -0.0029759831016229997, -0.0030456202034727996]"
current,equal_per_property,wells,15,train_range_nrmse_p,-0.00491808608482693,-0.004985394193307551,0.0013518291854438262,0.0014783855495981253,0,0,0.001953125,False,"[-0.0027636497024347007, -0.0056542928727188, -0.0055683390407246, -0.004935291518114701, -0.003612844467556201, -0.0049116413999355, -0.0037279944156805994, -0.0050354968685004005, -0.0076671608394078, -0.005304149723196]"
current,equal_per_property,wells,15,train_range_nrmse_so,-0.00508327265765331,-0.00514276107748825,0.00030073422688410426,0.0004132084135061243,0,0,0.001953125,False,"[-0.0053788467415622, -0.0048721495372616, -0.005271717923628599, -0.0050751437669058, -0.0053575693696954994, -0.0050806443592213, -0.0052048777957552006, -0.0053844468749311, -0.0045504258119443, -0.004656904395627499]"
current,equal_per_property,wells,20,anomaly_relative_frobenius_p,-0.17144940781202414,-0.13911188855694495,0.09391872768679525,0.06732103173157847,0,0,0.001953125,False,"[-0.13343667105393053, -0.3049560016649684, -0.1447871060599594, -0.3690159803458478, -0.07930574836300901, -0.09613506006780931, -0.1698714566570939, -0.10383728147870729, -0.18101832178356442, -0.1321304506453514]"
current,equal_per_property,wells,20,anomaly_relative_frobenius_so,-3.8080990102042316,-3.981658290282359,0.8129945222648682,0.938145009575333,0,0,0.001953125,False,"[-4.681638872678084, -3.937598662992648, -4.569613404844355, -4.274879030850244, -4.391306410397544, -3.543127900780724, -4.02571791757207, -3.3391785167770927, -1.9335659441626165, -3.38436344098694]"
current,equal_per_property,wells,20,anomaly_ssim_p,-0.09295783612985727,-0.10173506757903478,0.10567805905645779,0.056733419828636666,1,0,0.048828125,False,"[0.17191860898508082, -0.14450526953471832, -0.10920253660397905, -0.2081568139464821, -0.07840963615598706, -0.08982352526411463, -0.05639482194135237, -0.11847030444246753, -0.20226646384046187, -0.0942675985540905]"
current,equal_per_property,wells,20,anomaly_ssim_so,-0.39474952911488803,-0.38818994566027526,0.02343051147741582,0.026248680450668083,0,0,0.001953125,False,"[-0.3838331420922953, -0.38407368665013425, -0.4048283469880721, -0.3761887679227826, -0.423441159425128, -0.40290912669909923, -0.36651952662188075, -0.44048721081400405, -0.3729081192650677, -0.39230620467041627]"
current,equal_per_property,wells,20,relative_frobenius_p,-0.00109216247716144,-0.0011356105979453,0.0002964197826588753,0.00043061903685112516,0,0,0.001953125,False,"[-0.0006402145926185999, -0.0012655060604740002, -0.0011361718477066998, -0.0012484710004620999, -0.0009845186192265999, -0.0007703825349891999, -0.0007793314717509999, -0.0014006686362687, -0.0015613106599335997, -0.0011350493481839]"
current,equal_per_property,wells,20,relative_frobenius_so,-0.012412820558354801,-0.01253417251407465,0.0007139143887829997,0.0011101028183324747,0,0,0.001953125,False,"[-0.013051031839517398, -0.0118189068481484, -0.0130019014728818, -0.0122578651736589, -0.0131099368030256, -0.012568057126713099, -0.012500287901436202, -0.013157778598146902, -0.0111835940856676, -0.011478845734352101]"
current,equal_per_property,wells,20,ssim_p,-0.015724644673374356,-0.014238138082648955,0.004062816889102795,0.002421269606076526,0,0,0.001953125,False,"[-0.013532680755605986, -0.015961249587044368, -0.014814204779136975, -0.013424443049083412, -0.013662071386160934, -0.015607339566029221, -0.012313433135150653, -0.01896583427466081, -0.025921686169297575, -0.013043504031573616]"
current,equal_per_property,wells,20,ssim_so,-0.009204568902925214,-0.009299440850716711,0.00026059419559852604,0.00010938689463421691,0,0,0.001953125,False,"[-0.009316423970176402, -0.008968520884986786, -0.009254157052327572, -0.009305111365051189, -0.00931097057837682, -0.009293770336382234, -0.00936751068003805, -0.009475977032707528, -0.008563734509858367, -0.009189512619347195]"
current,equal_per_property,wells,20,rmse_p,-0.17434675802070956,-0.1825917794002563,0.04696735091231093,0.06934188456296078,0,0,0.001953125,False,"[-0.10218531022239491, -0.2024728866856045, -0.1826130573477113, -0.19967168934595297, -0.1556083801937576, -0.12377837030307809, -0.12470481031905523, -0.22143797325773149, -0.2484246010790081, -0.18257050145280132]"
current,equal_per_property,wells,20,rmse_so,-0.00333883403787662,-0.0033742902010031,0.00019138543399300006,0.0003000234744400996,0,0,0.001953125,False,"[-0.0035119687274326, -0.0031796774185837004, -0.0035004425096970995, -0.0032972225384834005, -0.0035216417229052, -0.0033851670876842003, -0.003363413314322, -0.0035328195595773996, -0.0030060168329525, -0.0030899706671280998]"
current,equal_per_property,wells,20,train_range_nrmse_p,-0.004220432390987171,-0.004410139949042151,0.0011452545223333548,0.0016748141868178747,0,0,0.001953125,False,"[-0.0024680812805060997, -0.004890326607133501, -0.004410655500726301, -0.0048226693019695005, -0.003758408419079401, -0.0029896183513236996, -0.003011994652339701, -0.0054427472671807, -0.006000198132254801, -0.004409624397358]"
current,equal_per_property,wells,20,train_range_nrmse_so,-0.00510524289585723,-0.005159457128389401,0.0002926378239167298,0.00045875077769662494,0,0,0.001953125,False,"[-0.0053699744260426, -0.0048618845286079, -0.0053523502672666, -0.0050416168487842, -0.0053847649160334, -0.005176088427767501, -0.0051428258290113, -0.005401856382879201, -0.004596348877232, -0.0047247184549476]"
current,equal_per_property,wells,30,anomaly_relative_frobenius_p,-0.1708297250778152,-0.13733884600468393,0.09557968615066559,0.0621612546107351,0,0,0.001953125,False,"[-0.11992571938856733, -0.30172947011042633, -0.15426957242255612, -0.3776281092403211, -0.0748719214508598, -0.1156601089699745, -0.18709383077295838, -0.1024408264131204, -0.14026194998200497, -0.13441574202736292]"
current,equal_per_property,wells,30,anomaly_relative_frobenius_so,-3.9798296029407525,-4.255335869043704,0.8255240176830446,0.8969916418389152,0,0,0.001953125,False,"[-4.7180448802079, -4.361911452540336, -4.644618030179228, -4.522372366156885, -4.559232963610062, -3.6197168042680996, -4.148760285547072, -3.4644750693913444, -2.006209900679481, -3.7529542768271096]"
current,equal_per_property,wells,30,anomaly_ssim_p,-0.09114743299705477,-0.09292868944599825,0.1086477468713354,0.04060403365237844,1,0,0.064453125,False,"[0.17556314714493526, -0.16568378553586616, -0.09429728649423841, -0.255480384779735, -0.07159980383694498, -0.08630767805334294, -0.08679547757668693, -0.09890212948825106, -0.13641083895265949, -0.09156009239775809]"
current,equal_per_property,wells,30,anomaly_ssim_so,-0.4055198608948679,-0.39780577401526296,0.02021210249547274,0.029708079804662224,0,0,0.001953125,False,"[-0.3883305747235662, -0.39720118340574617, -0.42268730992358244, -0.3828818892590597, -0.43313150608714646, -0.3984103646247798, -0.38930149129773445, -0.44045648246591473, -0.392061471910022, -0.410736335251127]"
current,equal_per_property,wells,30,relative_frobenius_p,-0.00107766582465527,-0.00118223078800125,0.00024699716030710835,0.00031422852722682486,0,0,0.001953125,False,"[-0.0005753905202852, -0.0012521166035875, -0.0012105825574804, -0.0012776079315157, -0.0009294761382017001, -0.0009268473737113001, -0.0008583437933670998, -0.0013818317524013001, -0.0012097807312114002, -0.0011546808447911]"
current,equal_per_property,wells,30,relative_frobenius_so,-0.012974548398812472,-0.0130300178710665,0.0005708967053713919,0.0003492292824093749,0,0,0.001953125,False,"[-0.013152521077868101, -0.0130925037185645, -0.0132153118124919, -0.0129675320235685, -0.013611269730956402, -0.0128397305580022, -0.0128823477116997, -0.0136515001198104, -0.0116037610445004, -0.0127290061906626]"
current,equal_per_property,wells,30,ssim_p,-0.015482954332895949,-0.013787190283818196,0.004161603491436774,0.002426627886739363,0,0,0.001953125,False,"[-0.012428631874468632, -0.015522140621616831, -0.014071677898851664, -0.013242857501882144, -0.01308573243198996, -0.015561475241064215, -0.012570169269050968, -0.01888167451284739, -0.02596248130840295, -0.013502702668784727]"
current,equal_per_property,wells,30,ssim_so,-0.009202940982029261,-0.009297354310660089,0.0002622454413543987,0.00012259831064739823,0,0,0.001953125,False,"[-0.00929034262270878, -0.009084374624082847, -0.009183384453387178, -0.00930711414025509, -0.009348746317523027, -0.009304365998611397, -0.009324842069505013, -0.009437342699505136, -0.008507803148695148, -0.009241093746019002]"
current,equal_per_property,wells,30,rmse_p,-0.17209280233235846,-0.18910992968682527,0.039318183103830034,0.05148029040117505,0,0,0.001953125,False,"[-0.0918386733015224, -0.20033065910436768, -0.19457283899396868, -0.20433164559937309, -0.14690862465143628, -0.14891778074806258, -0.1373479755666349, -0.2184599659845683, -0.19249166950351804, -0.18572818987013254]"
current,equal_per_property,wells,30,rmse_so,-0.0034899308958961303,-0.0035052158964533997,0.00015267302455228995,9.293389747955022e-05,0,0,0.001953125,False,"[-0.0035392789842491994, -0.0035223171619433997, -0.0035578980000604003, -0.0034881146309633996, -0.0036563117051175, -0.0034583414812222003, -0.0034662129508456, -0.0036653821373490002, -0.0031189527050189004, -0.0034264992021917]"
current,equal_per_property,wells,30,train_range_nrmse_p,-0.00416586573596603,-0.0045675711743897,0.0009622225701617878,0.0012434040594428994,0,0,0.001953125,False,"[-0.0022181790113343005, -0.0048385853952085, -0.0046995202592037, -0.0049352212017681, -0.0035482832675067, -0.0035968104045374996, -0.0033173649585607, -0.0053695505127614, -0.004649250319062799, -0.004485892029716601]"
current,equal_per_property,wells,30,train_range_nrmse_so,-0.005336277488244731,-0.0053596490124423,0.0002334446292156056,0.00014210054004177523,0,0,0.001953125,False,"[-0.0054117331636783, -0.005385797695833701, -0.0054402025626122, -0.0053335003290509, -0.0055906820003134, -0.0052879757059402, -0.0053000115735272, -0.0056045511412132, -0.0047690334287890995, -0.0052392872814891]"
current,equal_total,full,9900,anomaly_relative_frobenius_p,-0.20528602731068074,-0.18531733427541197,0.09349109278973848,0.11401956858461013,0,0,0.001953125,False,"[-0.2129470897747827, -0.35786575492710593, -0.15768757877604128, -0.3489410042544935, -0.1002561613496821, -0.14397282061685168, -0.2622956138582375, -0.1085471614557606, -0.2235513794155336, -0.13679570867831803]"
current,equal_total,full,9900,anomaly_relative_frobenius_so,-4.378845862859596,-4.686663948444408,0.8442418467984428,0.8221133400674825,0,0,0.001953125,False,"[-5.2056564010525115, -4.820464726790173, -5.131816847970545, -4.843654626507853, -4.9052104686420845, -4.033042839876631, -4.552863170098642, -3.700445616601466, -2.4235997785217664, -4.171704152534282]"
current,equal_total,full,9900,anomaly_ssim_p,-0.11036310590909029,-0.08915825859049953,0.043398508082607895,0.049321079664855105,0,0,0.001953125,False,"[-0.07425734658731686, -0.15983505804833442, -0.08758421629159252, -0.14340482498160845, -0.08348617579138184, -0.09073230088940654, -0.0835947177608839, -0.10112308884962451, -0.20283694688584952, -0.07677638300490452]"
current,equal_total,full,9900,anomaly_ssim_so,-0.48583033907763495,-0.4803469003570759,0.01998734426822792,0.024528712891562388,0,0,0.001953125,False,"[-0.48080778368601856, -0.49900130340343857, -0.502132737511976, -0.4505185255022588, -0.5117844448727892, -0.4797343500550017, -0.4667736139562144, -0.5118145099878142, -0.4798860170281332, -0.47585010477270506]"
current,equal_total,full,9900,relative_frobenius_p,-0.00130939020249897,-0.0012203783554669,0.0002581899280133547,0.00023281845675545017,0,0,0.001953125,False,"[-0.0010216969087484002, -0.0014850708929281002, -0.0012374043007957, -0.0011805524635425998, -0.0012446015525777998, -0.0011537325346043003, -0.0012033524101381001, -0.0014642005495710002, -0.0019281647751749, -0.0011751256369088]"
current,equal_total,full,9900,relative_frobenius_so,-0.01433067188127829,-0.0143873705678257,0.0002688346327032088,0.0004237815314586998,0,0,0.001953125,False,"[-0.0145118385427409, -0.0144688751817631, -0.0146015365246112, -0.013888782566952201, -0.0146441612676296, -0.0143058659538883, -0.0141371307099436, -0.014581324087075, -0.0140179114298787, -0.0141492925483003]"
current,equal_total,full,9900,ssim_p,-0.015822280851397308,-0.014421917750344293,0.0036227217373846605,0.0030035283230664123,0,0,0.001953125,False,"[-0.013287786884449981, -0.016962024885887272, -0.015067192813941976, -0.014162620307290208, -0.01400615421828677, -0.014681215193398378, -0.012995170777253207, -0.01914500706511102, -0.02460463638133714, -0.013310999987017125]"
current,equal_total,full,9900,ssim_so,-0.009200121807196138,-0.009271821327376917,0.00022480008891813202,6.884836285897533e-05,0,0,0.001953125,False,"[-0.009241930994399183, -0.009113642499280261, -0.009217208512524389, -0.00927236061092962, -0.00928419591965346, -0.009341081508211668, -0.009372296979821004, -0.009294918021251597, -0.008592300982065981, -0.009271282043824214]"
current,equal_total,full,9900,rmse_p,-0.20903057043193404,-0.19463521586995092,0.04066897530826503,0.03447133482915854,0,0,0.001953125,False,"[-0.1630740954321145, -0.2376018574824388, -0.19888380705755682, -0.18880927524132932, -0.1967158647902594, -0.1853717165342317, -0.1925545669496424, -0.23148201776230273, -0.306795807765622, -0.18901669530384288]"
current,equal_total,full,9900,rmse_so,-0.0038547249479355104,-0.0038729235819453998,7.153097067270149e-05,0.00010746271595517536,0,0,0.001953125,False,"[-0.0039050646543778, -0.0038926066749538, -0.0039311049437076, -0.0037359202653215, -0.0039337710083496, -0.0038532404889369994, -0.003803833482161, -0.0039150367636229, -0.0037678475629811, -0.0038088236349428]"
current,equal_total,full,9900,train_range_nrmse_p,-0.00505857835270869,-0.0047010233835999005,0.0009888013423972229,0.000906564529616875,0,0,0.001953125,False,"[-0.003938727801437501, -0.0057387964609551, -0.004803643125768, -0.004560309469089601, -0.0047512772864392, -0.0044772821310391005, -0.0046507694807606005, -0.0056896208949259, -0.0074100375918624995, -0.0045653192848094]"
current,equal_total,full,9900,train_range_nrmse_so,-0.00589406569259927,-0.00592189230690215,0.00010937440307537797,0.00016431582431962553,0,0,0.001953125,False,"[-0.005971037601289001, -0.0059519887326632, -0.0060108544956297, -0.0057124074385413995, -0.0060149310407407, -0.0058917958811411, -0.0058162501165155995, -0.0059862854510783995, -0.0057612258606946996, -0.005823880307698899]"
current,equal_total,grid,30,anomaly_relative_frobenius_p,0.50507569953452,0.38319019294343215,0.3735043902613552,0.3903860643462957,10,0,0.001953125,True,"[1.4202702638311948, 0.3239700046778271, 0.23046186488590115, 0.7305207261084607, 0.23647946389854874, 0.49739682366451454, 0.6907142725872671, 0.4424103812090372, 0.29855699234548694, 0.17997620213696097]"
current,equal_total,grid,30,anomaly_relative_frobenius_so,-3.983905225883274,-4.0129394231722975,0.8181171024893628,0.880492836413088,0,0,0.001953125,False,"[-4.793025446877673, -4.589835241281843, -4.822602444994913, -3.69574666863435, -4.277146309278066, -3.7238762383754676, -4.563581866085338, -3.4923592166460926, -2.1321462895924657, -3.7487325370665285]"
current,equal_total,grid,30,anomaly_ssim_p,0.10414904243296985,0.09021840620973176,0.33717228432306784,0.3648446178865111,7,0,0.375,True,"[0.31096030250346385, -0.16174500496874744, 0.01966616892203632, 0.50112298743085, -0.026302433042385998, 0.1607706434974272, -0.6142857210467706, 0.47079503502411607, 0.3625048289812829, 0.018003617028426233]"
current,equal_total,grid,30,anomaly_ssim_so,-0.364981145143561,-0.35919354999249686,0.025742238484219575,0.035573649051177436,0,0,0.001953125,False,"[-0.3595267086443173, -0.3363956675963919, -0.38880587130704464, -0.32967649314302744, -0.35886039134067643, -0.3859276841431328, -0.3484995858156246, -0.41085079042110145, -0.3806392801232394, -0.35062897890105404]"
current,equal_total,grid,30,relative_frobenius_p,0.0032618044868397804,0.00275540328494095,0.0018381718082564503,0.0018074025142776496,10,0,0.001953125,True,"[0.0068143018046328005, 0.0013444103480279002, 0.0018084779092477007, 0.0024715296636427997, 0.0029357069327076, 0.0039859113380696, 0.0031688394342877, 0.005967705784422501, 0.0025750996371743003, 0.0015460620161849002]"
current,equal_total,grid,30,relative_frobenius_so,-0.013041411873252978,-0.01328537301612615,0.001031980377465889,0.0010231687818937994,0,0,0.001953125,False,"[-0.013361544838471101, -0.0137766288054939, -0.013721730106583998, -0.010597250601289798, -0.012769119840774997, -0.0132092011937812, -0.014170413415911798, -0.0137613754781157, -0.012332167261247, -0.0127146871908603]"
current,equal_total,grid,30,ssim_p,-0.015495128366978328,-0.014096479027679298,0.004942547279314465,0.0028772963411033414,0,0,0.001953125,False,"[-0.012353820990494535, -0.01563453453613739, -0.014009658706397587, -0.015202939190051556, -0.01302213257147078, -0.01418329934896101, -0.012225673063608666, -0.016949179290242422, -0.02884497101822614, -0.012525074954193194]"
current,equal_total,grid,30,ssim_so,-0.009464703080822767,-0.009519031175158232,0.00030190126070079264,0.0001925998292280906,0,0,0.001953125,False,"[-0.009476426628182821, -0.00962855484910874, -0.009411421912583373, -0.009378363350018737, -0.009561635722133643, -0.009434475382588792, -0.00986346698622087, -0.00962537549862641, -0.008704296537392242, -0.009563013941372045]"
current,equal_total,grid,30,rmse_p,0.520204611704138,0.4368677429926398,0.29178038737868756,0.29025906179481675,10,0,0.001953125,True,"[1.0876377262932189, 0.21509706871987644, 0.2906705361694376, 0.39527910782509224, 0.46400402349024805, 0.6404215921194054, 0.507062187154456, 0.9434613153195689, 0.40973146249503156, 0.24868109745504496]"
current,equal_total,grid,30,rmse_so,-0.00350796748016208,-0.0035766917508518997,0.00027788218427524125,0.00027021608753054985,0,0,0.001953125,False,"[-0.0035955262541627997, -0.003706369470532, -0.0036942386828464004, -0.0028505366173887997, -0.0034300901576941, -0.003557857247541, -0.0038127887556133, -0.0036948833036774004, -0.0033147396168109, -0.0034226446953541005]"
current,equal_total,grid,30,train_range_nrmse_p,0.01260470173697138,0.010551664384934099,0.007113007250211336,0.007010621769045776,10,0,0.001953125,True,"[0.0262697084971828, 0.005195238411899599, 0.0070205691634289, 0.0095471742902675, 0.011207086830420099, 0.0154680994724367, 0.012247070439427202, 0.0231894350372761, 0.0098962419394481, 0.006006393287926801]"
current,equal_total,grid,30,train_range_nrmse_so,-0.00536385632044927,-0.0054689391400001,0.0004248956465229694,0.00041317380425680023,0,0,0.001953125,False,"[-0.005497738030012, -0.0056672228071837, -0.0056486742309589996, -0.0043586119136847, -0.0052447780306129, -0.0054401402499882, -0.0058299431739286, -0.0056496598881916, -0.0050684013306341, -0.0052333935492979]"
current,equal_total,grid,100,anomaly_relative_frobenius_p,-0.2809811809403758,-0.23002867043808697,0.2051235578936713,0.24372526963054877,0,0,0.001953125,False,"[-0.3116085917009003, -0.7317639766956285, -0.21027588519340978, -0.14330691622798575, -0.06598155928662108, -0.06326253708955659, -0.4223646044041147, -0.24978145568276416, -0.4375857054156851, -0.17388057770709217]"
current,equal_total,grid,100,anomaly_relative_frobenius_so,-4.428052561735577,-4.689056324398605,0.8640257860002891,0.7995903557865098,0,0,0.001953125,False,"[-5.311515955287712, -4.776434284236289, -5.260561737235184, -4.892372472093866, -4.964207779542056, -4.143168932121898, -4.60167836456092, -3.7339770090048443, -2.4394814920647003, -4.157127591208301]"
current,equal_total,grid,100,anomaly_ssim_p,-0.2180693205248446,-0.14804728123772948,0.19393048218847347,0.25594538911085063,1,0,0.00390625,False,"[-0.3767122490483084, -0.5345662613275777, -0.10781958894110377, 0.04109487209831242, -0.08165581417108092, -0.07402361583113493, -0.24643184075282398, -0.178217192492775, -0.5044841447992694, -0.11787736998268394]"
current,equal_total,grid,100,anomaly_ssim_so,-0.4543893826945779,-0.4564295852287545,0.025354514603781558,0.04249474570769074,0,0,0.001953125,False,"[-0.4625454227376307, -0.42580182882511564, -0.4904986576509098, -0.42278342940153546, -0.4741720319861909, -0.47351752530142466, -0.4486491519538874, -0.4770087202333334, -0.45031374771987825, -0.41860331113587274]"
current,equal_total,grid,100,relative_frobenius_p,-0.0018567695131726097,-0.0015725693679858,0.0011761298042467004,0.0017741765342588253,0,0,0.001953125,False,"[-0.0014950640331219001, -0.0030366732980789003, -0.0016500747028497, -0.00048484222528420023, -0.0008191092699351, -0.000506957125304, -0.0019377124046817001, -0.0033693202086395, -0.0037742435117532995, -0.0014936983520778]"
current,equal_total,grid,100,relative_frobenius_so,-0.014486856700737622,-0.014516608414548,0.00035026567695865406,0.0006290665726184242,0,0,0.001953125,False,"[-0.014806943836082399, -0.014336715522141599, -0.0149678538072901, -0.014028476995364098, -0.0148202935948149, -0.014696501306954402, -0.0142887071485409, -0.0147134519847344, -0.014109770017989, -0.0140998527934644]"
current,equal_total,grid,100,ssim_p,-0.02377654232652323,-0.0191431160156193,0.010749223709230704,0.008244253196859896,0,0,0.001953125,False,"[-0.01699783676566946, -0.02600406935042432, -0.017191567075561576, -0.013611680733738862, -0.016926174266169935, -0.020581272974555254, -0.023149882108736586, -0.03931961728673761, -0.04627836364695537, -0.017704959056683345]"
current,equal_total,grid,100,ssim_so,-0.009512715289905715,-0.00956469704294638,0.00028368267229335163,5.375027112861086e-05,0,0,0.001953125,False,"[-0.009547013949519734, -0.009550343813146012, -0.009606249814715029, -0.00958689158912962, -0.009610636073989043, -0.009816370127775031, -0.009542242724068228, -0.009549598100201062, -0.008738756433766648, -0.009579050272746747]"
current,equal_total,grid,100,rmse_p,-0.2961671597034933,-0.25273471381626184,0.18673407535422631,0.285146469373758,0,0,0.001953125,False,"[-0.23862870948010023, -0.48584833197306865, -0.26521092469216867, -0.07754226261795771, -0.12946455679672392, -0.08145346491342509, -0.31006326144609775, -0.5326709108336888, -0.6005306713413471, -0.24025850294035497]"
current,equal_total,grid,100,rmse_so,-0.0038967475388497095,-0.0039037820056848,9.415295286670718e-05,0.00016763679644889997,0,0,0.001953125,False,"[-0.0039844760430143, -0.0038570513490047004, -0.0040297268715079, -0.0037734964346898, -0.0039810843525318, -0.003958456906013499, -0.0038446176797519997, -0.0039505126623649, -0.0037925380569311003, -0.0037955150326871006]"
current,equal_total,grid,100,train_range_nrmse_p,-0.00717602204187656,-0.00610430262414905,0.004542583206437448,0.006887141231279826,0,0,0.001953125,False,"[-0.005763598012056399, -0.011734692302622602, -0.0064056428430467, -0.0018728778764671994, -0.0031269567849194005, -0.0019673451257099014, -0.0074889563840661, -0.0130925744198007, -0.014504614264825199, -0.0058029624052514]"
current,equal_total,grid,100,train_range_nrmse_so,-0.00595832031900376,-0.0059690763678007,0.00014396453621051927,0.0002563249788537503,0,0,0.001953125,False,"[-0.0060924615544079, -0.0058976228752556, -0.006161652316236299, -0.0057698632657987, -0.0060872754913858, -0.0060526770030279, -0.0058786111780876, -0.0060405298603458, -0.0057989788509311005, -0.0058035307945609]"
current,equal_total,grid,300,anomaly_relative_frobenius_p,-0.1380092557686237,-0.1435947349717106,0.0857038654665804,0.10412691358247415,0,0,0.001953125,False,"[-0.1326885923985051, -0.31085294725364215, -0.1545008775449161, -0.17311176140672868, -0.06841931149350909, -0.005129455995855181, -0.18256206885251952, -0.09903237915386341, -0.19189016665581807, -0.06190499693087939]"
current,equal_total,grid,300,anomaly_relative_frobenius_so,-4.382488586250808,-4.683839080597272,0.8489473964482656,0.803185660276517,0,0,0.001953125,False,"[-5.211762682921719, -4.806825067420969, -5.1713061808335645, -4.844881794839434, -4.900567479858305, -4.048196536150489, -4.5608530937735745, -3.6616009748786076, -2.429640066974606, -4.189251984856809]"
current,equal_total,grid,300,anomaly_ssim_p,-0.07524017126549001,-0.06992266704648503,0.06353028413899423,0.0698868902360934,0,0,0.001953125,False,"[-0.010561483834513608, -0.16802568464761625, -0.09491051890441526, -0.007097025960274617, -0.07199434371924407, -0.006012461968337934, -0.0546878514534046, -0.08118830718807324, -0.1900730446052945, -0.067850990373726]"
current,equal_total,grid,300,anomaly_ssim_so,-0.46500795212064394,-0.4650345982680999,0.02237211646820354,0.025834991985942746,0,0,0.001953125,False,"[-0.469588439012965, -0.45955146727935053, -0.49845497528990745, -0.41944402063031766, -0.4809570798826287, -0.4751822582741003, -0.45172068756628825, -0.4859666761732244, -0.46048075752323486, -0.4487331595744223]"
current,equal_total,grid,300,relative_frobenius_p,-0.0008975433517873701,-0.0008434625771036,0.0004781492555426574,0.0006721665031823002,0,0,0.001953125,False,"[-0.0006366253928293002, -0.0012899771984087002, -0.0012123976525907998, -0.0005856792807527999, -0.0008493720502036999, -4.110512138250002e-05, -0.0008375531040035003, -0.0013358549596113, -0.0016550819816702998, -0.0005317867764208001]"
current,equal_total,grid,300,relative_frobenius_so,-0.01434047694341389,-0.014393776820821848,0.00025979728645895967,0.0003300530032465752,0,0,0.001953125,False,"[-0.0145288610601249, -0.0144279350359224, -0.0147138953544786, -0.013892301371541802, -0.014630299950781299, -0.014359618605721299, -0.0141619402838612, -0.0144282597351855, -0.014052847985531601, -0.0142088100509903]"
current,equal_total,grid,300,ssim_p,-0.016141007231665394,-0.014666353156978729,0.00411886807078429,0.0035138821116558194,0,0,0.001953125,False,"[-0.012780624802040008, -0.017454290599419053, -0.015218431219170991, -0.014390454377324224, -0.014166338265029443, -0.014942251936633233, -0.013119812101925143, -0.020418555265993454, -0.025822241361268983, -0.013097072387849407]"
current,equal_total,grid,300,ssim_so,-0.009349736302796252,-0.009405883799342596,0.00023535515057861604,0.00010091506932033423,0,0,0.001953125,False,"[-0.009351986379614985, -0.0093027517950518, -0.009388180934684853, -0.009471874100675626, -0.009423195483322155, -0.009551304758047552, -0.009477351497960584, -0.009388572115363036, -0.008709967914457661, -0.009432178048784268]"
current,equal_total,grid,300,rmse_p,-0.14314808595075318,-0.1341344502926028,0.07604831746567706,0.10785204387188092,0,0,0.001953125,False,"[-0.10161243434898148, -0.20638811245406952, -0.19486457309049018, -0.0936694335387312, -0.1342477494411118, -0.006604413657831598, -0.13402115114409377, -0.2111912890479469, -0.26334482406401505, -0.08553687872026039]"
current,equal_total,grid,300,rmse_so,-0.0038573757012216395,-0.0038708290477029,6.991416959831878e-05,8.853915315300016e-05,0,0,0.001953125,False,"[-0.0039096453304078, -0.0038815924196663, -0.0039613547979483995, -0.0037368667826502997, -0.0039300475280246, -0.0038677185984829997, -0.0038105089165105994, -0.0038739394969228, -0.0037772380928567002, -0.0038248450487459]"
current,equal_total,grid,300,train_range_nrmse_p,-0.00346645442237516,-0.0032397486988848,0.0018459390225054825,0.0026049507369470238,0,0,0.001953125,False,"[-0.0024542446124356, -0.0049848910352990996, -0.0047065665165538, -0.002262397354075801, -0.0032424852126452, -0.00015951636964390073, -0.0032370121851244002, -0.005190892936778301, -0.0063605662024806995, -0.0020659717987148]"
current,equal_total,grid,300,train_range_nrmse_so,-0.00589811882588751,-0.005918689660127799,0.00010690223401715202,0.0001353807579267995,0,0,0.001953125,False,"[-0.0059780416822033, -0.0059351473898707, -0.006057108023571499, -0.0057138547104974, -0.0060092376545881005, -0.0059139336289495996, -0.0058264571868292, -0.005923445691306, -0.0057755844467734995, -0.0058483778442858]"
current,equal_total,wells,5,anomaly_relative_frobenius_p,-0.08026737897527172,-0.059643473219192,0.06011848662569254,0.07590023917466007,0,0,0.001953125,False,"[-0.024923050357226417, -0.15048249608898823, -0.0719247318368112, -0.10215733374765323, -0.047362214601572805, -0.042252909629469426, -0.19906632739341046, -0.017370616263866573, -0.11418314368026883, -0.03295096615345]"
current,equal_total,wells,5,anomaly_relative_frobenius_so,-1.1724477142625145,-1.5740196439586709,1.139260483797853,0.8871019398514104,1,0,0.013671875,False,"[-2.288747203758013, -2.4784349351838437, -0.7846683180142708, 1.4623722727524537, -0.8120802085593128, -1.6022652141411244, -1.6444112150025134, -1.6900272356684178, -0.3404410112738856, -1.5457740737762173]"
current,equal_total,wells,5,anomaly_ssim_p,-0.07511564672079958,-0.0830514516955223,0.04699553204316879,0.056661249124708324,1,0,0.00390625,False,"[0.009686740850077924, -0.015979568360235286, -0.08310682669012592, -0.11478239864470852, -0.08299607670091869, -0.047939275942343484, -0.12845199841901267, -0.08945363308182641, -0.13479542552881452, -0.06333800469008821]"
current,equal_total,wells,5,anomaly_ssim_so,-0.27375468634153804,-0.2747928509026102,0.026074768791462876,0.027741807191531187,0,0,0.001953125,False,"[-0.2739436719670274, -0.2868506143771249, -0.2588746529846591, -0.25001673595397494, -0.26068839963188156, -0.2756420298381929, -0.28714299099161955, -0.30230279461108056, -0.22643668969190112, -0.31564828336791895]"
current,equal_total,wells,5,relative_frobenius_p,-0.00049961329780354,-0.0004550150768276998,0.0002878085080897083,0.00031840063491474983,0,0,0.001953125,False,"[-0.00011957807704009995, -0.0006244720869769999, -0.0005644069951435998, -0.0003456231585117998, -0.0005879647199042996, -0.0003385955509682, -0.000913270875264, -0.00023431350519759978, -0.0009848470456261006, -0.00028306096340269997]"
current,equal_total,wells,5,relative_frobenius_so,-0.0038944221811829604,-0.0051744608606438,0.0034466887843143616,0.003925577759713798,1,0,0.013671875,False,"[-0.0063803538549664, -0.007439151151547701, -0.002232613408586801, 0.0041932326093287, -0.0024244084147698013, -0.0056834981144862, -0.005106074006367299, -0.0066594235917719, -0.0019690841637419014, -0.0052428477149203]"
current,equal_total,wells,5,ssim_p,-0.015824376709015386,-0.014466855649816424,0.003480041501425135,0.0014797720376623913,0,0,0.001953125,False,"[-0.014327876094066383, -0.015383621487545351, -0.014550605344987644, -0.0156033906806754, -0.013822958735933422, -0.013267282714778617, -0.0139822764282852, -0.01790283318134922, -0.025019816467887424, -0.014383105954645203]"
current,equal_total,wells,5,ssim_so,-0.008639331857698851,-0.008731601853258886,0.00045795745533425543,0.0004681105030546473,0,0,0.001953125,False,"[-0.008802113164117609, -0.00866837252342778, -0.008528912018323842, -0.007778528725129075, -0.00846110771100006, -0.009216833818056158, -0.00879483118308999, -0.009114194459230784, -0.008034236974804876, -0.008994187999808334]"
current,equal_total,wells,5,rmse_p,-0.07977352696474774,-0.07299588455202768,0.04588113654628685,0.050418387539533524,0,0,0.001953125,False,"[-0.019085979980812184, -0.09991154531290747, -0.09071522690836253, -0.055276542195692835, -0.0929309368950797, -0.05440259038492257, -0.14613713855775984, -0.03704367068293435, -0.1567018279654241, -0.04552981076358181]"
current,equal_total,wells,5,rmse_so,-0.00104760200033942,-0.0013925942330365497,0.0009271376925736388,0.0010567788965561253,1,0,0.013671875,False,"[-0.0017169219632693997, -0.0020013780660022, -0.0006010763040650994, 0.0011279305876436994, -0.0006512539270857, -0.0015308325356973, -0.0013738753404996997, -0.0017880329681057, -0.0005292663607394006, -0.0014113131255733997]"
current,equal_total,wells,5,train_range_nrmse_p,-0.00192834822371821,-0.0017630700375561,0.0011065435604162264,0.0012177550590080498,0,0,0.001953125,False,"[-0.0004609835778571006, -0.0024131630481578, -0.0021910460312875996, -0.0013350940438246004, -0.0022445604483801, -0.0013139854901633007, -0.0035296495677917, -0.0009105002832608001, -0.0037848184575730998, -0.0010996812888860001]"
current,equal_total,wells,5,train_range_nrmse_so,-0.00160183543394087,-0.00212934567407935,0.0014176395306857506,0.001615867363556275,1,0,0.013671875,False,"[-0.0026252588647074993, -0.0030602063587084997, -0.000919075490540799, 0.0017246618293282993, -0.0009957995656376013, -0.0023407188973626003, -0.0021007235586768007, -0.0027339911191828995, -0.0008092745244384003, -0.0021579677894818993]"
current,equal_total,wells,10,anomaly_relative_frobenius_p,-0.1227611082278681,-0.10546571488534143,0.07751668951315445,0.08590946580973266,0,0,0.001953125,False,"[-0.12511225705272966, -0.19158610041646795, -0.0858191727179532, -0.29118713568973353, -0.0408036053357472, -0.04928003201187697, -0.15677861845862667, -0.0679615076809987, -0.14813459191029693, -0.07094806100425019]"
current,equal_total,wells,10,anomaly_relative_frobenius_so,-3.8095745603878592,-4.027921713755039,0.7778686830646137,0.8850579909560863,0,0,0.001953125,False,"[-4.509554920614429, -3.937393239282475, -4.461217104967923, -4.359594657792735, -4.3721539889740715, -3.519969253021224, -4.1184501882276034, -3.3860522913288933, -1.9594081570461146, -3.471951802623127]"
current,equal_total,wells,10,anomaly_ssim_p,-0.06837681570537499,-0.06822684816596941,0.0722686679921523,0.05044806504725721,1,0,0.037109375,False,"[0.09543417577758018, -0.04553344318561481, -0.08491651346566542, -0.12650408599631024, -0.07514428760709324, -0.05307733532397685, -0.06130940872484558, -0.10218447053472823, -0.18642325579159325, -0.04410953220150249]"
current,equal_total,wells,10,anomaly_ssim_so,-0.36866401582895464,-0.3627339611933331,0.027136766217800184,0.03220331389219483,0,0,0.001953125,False,"[-0.3745842165380011, -0.3532320032186188, -0.3697107159491101, -0.3538384589949776, -0.3892545025605374, -0.405267596772176, -0.3468547850153762, -0.4122397669557752, -0.32590090584741777, -0.3557572064375561]"
current,equal_total,wells,10,relative_frobenius_p,-0.0007478523271955299,-0.0006963519115539499,0.0002577394113283789,0.00028374050077845006,0,0,0.001953125,False,"[-0.0006002749622571, -0.0007950437763347001, -0.0006734393047074, -0.0009851570500430998, -0.0005065447336898999, -0.0003949077054601997, -0.0007192645184004999, -0.0009167377162299, -0.0012776834696931996, -0.0006094700351392999]"
current,equal_total,wells,10,relative_frobenius_so,-0.01243622310178219,-0.012536046348656252,0.0006192466164314817,0.0007793490887000008,0,0,0.001953125,False,"[-0.0125713124082389, -0.0118182902582156, -0.0126934819445417, -0.012500780289073601, -0.013052758594305701, -0.0124859095960086, -0.012788231593637902, -0.013342481136364999, -0.011333063422380399, -0.011775921775054498]"
current,equal_total,wells,10,ssim_p,-0.01573453846542223,-0.014436021667446286,0.0035329880373848946,0.0015490804861601482,0,0,0.001953125,False,"[-0.014096672923729958, -0.014854841322684997, -0.014238954216873823, -0.015521229927458635, -0.01463308911801875, -0.013551174145591816, -0.013708512078896784, -0.01945385395667021, -0.024377483922466414, -0.012909573041830935]"
current,equal_total,wells,10,ssim_so,-0.009334832819783501,-0.00935071082460276,0.0002184853531536015,0.0002606436990374439,0,0,0.001953125,False,"[-0.009287819868999847, -0.009071466408716033, -0.009310727344396641, -0.009507467922132862, -0.009416209781714202, -0.009390694304808878, -0.009503546294877263, -0.009698842748420367, -0.008962735523370124, -0.00919881800039879]"
current,equal_total,wells,10,rmse_p,-0.11936758792714622,-0.11166640569979597,0.04088102768834916,0.044132958936909175,0,0,0.001953125,False,"[-0.09581050470293945, -0.1272019261413881, -0.10823962116203051, -0.1575591042005467, -0.08006207700478085, -0.0634503379579846, -0.11509319023756143, -0.14493116832518477, -0.20329586827855833, -0.09803208126048735]"
current,equal_total,wells,10,rmse_so,-0.0033451118767446803,-0.0033729597423018,0.00016539547537779815,0.0002097444804046002,0,0,0.001953125,False,"[-0.0033828785787525994, -0.0031795115354686, -0.0034174081296816997, -0.0033625638668579993, -0.0035062822922311, -0.0033630409058510004, -0.0034408894217335005, -0.0035824115735221002, -0.0030461924096703, -0.0031699400536779]"
current,equal_total,wells,10,train_range_nrmse_p,-0.00288926060722123,-0.0026970790950684997,0.0009918730178068349,0.0011122606407572761,0,0,0.001953125,False,"[-0.0023141106350659992, -0.0030723074781551993, -0.0026143129489685, -0.0038055242461401996, -0.0019337389405961, -0.001532515691492901, -0.0027798452411684996, -0.003562278450828701, -0.004910204077382, -0.0023677683624142003]"
current,equal_total,wells,10,train_range_nrmse_so,-0.005114842022953359,-0.0051574227910261,0.00025289788773582834,0.00032070971674055034,0,0,0.001953125,False,"[-0.0051725891840696, -0.0048616308850948, -0.0052253865805795, -0.0051415269816947, -0.0053612795844943, -0.0051422563979825996, -0.0052612906411206, -0.005477685032644401, -0.0046577793272927995, -0.0048469956145603]"
current,equal_total,wells,15,anomaly_relative_frobenius_p,-0.17466552930962614,-0.1444501745252567,0.08957834663245533,0.07389749396570708,0,0,0.001953125,False,"[-0.1274550407669856, -0.3163752119692622, -0.1558448087526962, -0.33704408509191913, -0.0724726298152851, -0.13305554029781722, -0.18253545622501166, -0.0873307573037504, -0.2073558081709008, -0.12718595470263339]"
current,equal_total,wells,15,anomaly_relative_frobenius_so,-3.7499208345815247,-3.947187772106519,0.8191056347315011,0.9738049137193685,0,0,0.001953125,False,"[-4.641071433509838, -3.8998185236998895, -4.452203281150816, -4.30753194784508, -4.308830529153872, -3.4425187625010687, -3.994557020513149, -3.2825437568210356, -1.8713713846444462, -3.2987617059760517]"
current,equal_total,wells,15,anomaly_ssim_p,-0.10880063480303367,-0.11365113602270338,0.1057111061834499,0.051992629008281804,1,0,0.037109375,False,"[0.15286554440599587, -0.21210147708066107, -0.11981947566884998, -0.15780520679578747, -0.08094683151104665, -0.10748279637655678, -0.09410496753171183, -0.12175613386500628, -0.24196866798260663, -0.10488633562410599]"
current,equal_total,wells,15,anomaly_ssim_so,-0.37759376046662474,-0.37181397347398754,0.029146271016587677,0.038995077202077066,0,0,0.001953125,False,"[-0.3689400815231789, -0.3588730645449727, -0.3920599101647589, -0.3641886574636685, -0.4015760832473787, -0.40603463986094135, -0.3432540427933672, -0.4289739149535965, -0.33734934468958877, -0.37468786542479615]"
current,equal_total,wells,15,relative_frobenius_p,-0.0011150083881727,-0.0011164382945763503,0.0003142491377222211,0.00027038081565780006,0,0,0.001953125,False,"[-0.0006115153829702, -0.0013128934860929002, -0.0012229437353539002, -0.0011403022864218, -0.0008996908157384001, -0.0010662464282718998, -0.0008374310113425998, -0.0011780109320565998, -0.0017884755007477999, -0.0010925743027309003]"
current,equal_total,wells,15,relative_frobenius_so,-0.01220881870803774,-0.0123775123474108,0.0007430196733033471,0.0009828160354140268,0,0,0.001953125,False,"[-0.012937941754051299, -0.0117055077983144, -0.0126678349501943, -0.0123514947363111, -0.012863710853427001, -0.012211179973876, -0.0124035299585105, -0.012934613640443298, -0.010823865621227101, -0.0111885077940224]"
current,equal_total,wells,15,ssim_p,-0.015844993035237752,-0.01409158243096259,0.00431654069051448,0.0018441138689070102,0,0,0.001953125,False,"[-0.01358104885651501, -0.0151884080991328, -0.014359618512851724, -0.013288586214754483, -0.013823546349073457, -0.015392885647652066, -0.013469853569981982, -0.019113810284553612, -0.02705485549185127, -0.013177317326011129]"
current,equal_total,wells,15,ssim_so,-0.009204161362669138,-0.009278478263977485,0.0002524044016904847,0.00020425993339820425,0,0,0.001953125,False,"[-0.009302490973397193, -0.00899706638000941, -0.009214308889550438, -0.009356819755132584, -0.009273732411835378, -0.009283224116119593, -0.00944778088654119, -0.009447732839126366, -0.008604590169762005, -0.00911386720521723]"
current,equal_total,wells,15,rmse_p,-0.17806533867933003,-0.17905520830658794,0.05005172512999238,0.04449948716639651,0,0,0.001953125,False,"[-0.0976045998248753, -0.2100545721135255, -0.1965596092949992, -0.18237194441089433, -0.1422008967410296, -0.1713152093132575, -0.1340016144736561, -0.1862370203169348, -0.28456944810184637, -0.1757384722022816]"
current,equal_total,wells,15,rmse_so,-0.00328395807364322,-0.0033298933773741506,0.00019919663708754806,0.00026011267379804975,0,0,0.001953125,False,"[-0.0034815367394931004, -0.0031491693180733, -0.0034105033066106, -0.0033224077970803, -0.0034554995598729, -0.0032890433368172, -0.0033373789576680007, -0.0034729005146028995, -0.0029093261080284, -0.0030118150981855]"
current,equal_total,wells,15,train_range_nrmse_p,-0.00430874732647756,-0.0043247195397931,0.0012105980673309694,0.0010946378948824753,0,0,0.001953125,False,"[-0.0023574434054639, -0.0050734470168932, -0.004747506747597201, -0.004404828650130001, -0.0034345775391187005, -0.0041377753832895995, -0.0032365403160223, -0.0045775393373839995, -0.006873204439420499, -0.0042446104294562]"
current,equal_total,wells,15,train_range_nrmse_so,-0.00502133482394419,-0.0050915721823697,0.000304581540991071,0.0003977251833921251,0,0,0.001953125,False,"[-0.005323442406639199, -0.0048152361293075, -0.005214828763529701, -0.005080126358713, -0.0052836302671991, -0.005029110443636, -0.005103018006026401, -0.005310237190307, -0.004448503961637399, -0.0046052147124466]"
current,equal_total,wells,20,anomaly_relative_frobenius_p,-0.16237971004804796,-0.12998362828426863,0.08648837722690651,0.06820589146187628,0,0,0.001953125,False,"[-0.12723956419161603, -0.2919997083436784, -0.13272769237692122, -0.3388283810206281, -0.07873887246270109, -0.09727158717032258, -0.17459263186553892, -0.0980700939085663, -0.16379226055854718, -0.12053630858195993]"
current,equal_total,wells,20,anomaly_relative_frobenius_so,-3.757054659352577,-3.925744626257917,0.8136397406919921,0.927241942694399,0,0,0.001953125,False,"[-4.623310304066311, -3.8886517999713965, -4.487650818877893, -4.272495362206791, -4.328228055899125, -3.49572225901662, -3.9628374525444374, -3.2945663765024316, -1.8662543310707767, -3.350829833369983]"
current,equal_total,wells,20,anomaly_ssim_p,-0.08502964870504899,-0.0936450321909228,0.09159006649271481,0.033637102145167075,1,0,0.048828125,False,"[0.1457503512667102, -0.11020340112027172, -0.09945442883330091, -0.17884362281236044, -0.07876106100075853, -0.08783563554854468, -0.05581393198440099, -0.1141580058477264, -0.1891309240893294, -0.08184582708050703]"
current,equal_total,wells,20,anomaly_ssim_so,-0.38440528413153585,-0.38093002538056214,0.024756502778336142,0.032388241224791336,0,0,0.001953125,False,"[-0.37494967962184333, -0.37271436049706386, -0.39492160537385823, -0.36167520160234234, -0.41331683776661776, -0.397457108276466, -0.35483857053299345, -0.4297286744770033, -0.3575404320278889, -0.38691037113928095]"
current,equal_total,wells,20,relative_frobenius_p,-0.0010339121792752397,-0.0010384953659731,0.0002522759741164588,0.000350276101261725,0,0,0.001953125,False,"[-0.0006104815498655998, -0.0012117400495418, -0.0010415393441684001, -0.0011463389944288, -0.0009774812998624, -0.0007794901449465997, -0.0008009911460483, -0.0013228746240032, -0.0014127332521095002, -0.0010354513877778]"
current,equal_total,wells,20,relative_frobenius_so,-0.01223480683813631,-0.012352469402235451,0.0007395935920648505,0.0010417448595626995,0,0,0.001953125,False,"[-0.0128884289504846, -0.0116719902972072, -0.012768693677651499, -0.0122510301992329, -0.0129216208068667, -0.012399901522257301, -0.012305037282213601, -0.0129819878575278, -0.0107942689838559, -0.011365108804065601]"
current,equal_total,wells,20,ssim_p,-0.01567774211617856,-0.014321864815158902,0.003911812853318811,0.0021981216454273478,0,0,0.001953125,False,"[-0.013862434159701342, -0.015831926209912472, -0.014781295470616462, -0.013465081145652702, -0.0137204792778296, -0.01541243066675968, -0.012296256750855217, -0.018912255507797515, -0.02546920297794042, -0.013026058994720202]"
current,equal_total,wells,20,ssim_so,-0.009180755968858045,-0.009269865837514213,0.0002576229328165478,0.00010310394584731042,0,0,0.001953125,False,"[-0.009289405978826992, -0.00894931466850446, -0.009219011789844633, -0.009273249934210415, -0.009274091069601642, -0.009266481740818011, -0.009333671831574075, -0.009478679306157423, -0.008553359558093221, -0.009170293810949581]"
current,equal_total,wells,20,rmse_p,-0.16504328034805776,-0.1669767282784432,0.03987786048381802,0.056485316793782214,0,0,0.001953125,False,"[-0.09743958865871016, -0.1938706683485834, -0.1674030952011618, -0.18333741312052731, -0.154496094609943, -0.1252417019164888, -0.1281706854604019, -0.20913916969948254, -0.22478402510955386, -0.1665503613557246]"
current,equal_total,wells,20,rmse_so,-0.0032909559670145903,-0.0033253763702488,0.00019839319943409621,0.00028161407257145006,0,0,0.001953125,False,"[-0.0034682130866300004, -0.0031401520000788, -0.0034376570408393998, -0.0032953840102072, -0.0034710555546324, -0.0033398748987584007, -0.0033108778417392, -0.0034856203334908, -0.0029013708845596004, -0.0030593540192101]"
current,equal_total,wells,20,train_range_nrmse_p,-0.003995201449986481,-0.0040329895629543,0.0009744649901429068,0.0013642895705730995,0,0,0.001953125,False,"[-0.0023534578916028, -0.004682557271186701, -0.0040432890912161, -0.0044281476109861995, -0.0037315433910043005, -0.0030249621923746006, -0.003095705917083201, -0.0051404536791774, -0.005429207420541, -0.0040226900346925]"
current,equal_total,wells,20,train_range_nrmse_so,-0.00503203495010047,-0.0050846654543694495,0.00030335304495744366,0.00043060188888067487,0,0,0.001953125,False,"[-0.0053030698803758, -0.0048014482027114, -0.0052563481703632, -0.0050388056478337, -0.0053074161549769, -0.005106834423786399, -0.0050624964849525, -0.0053296864244640006, -0.0044363400302654, -0.0046779040812754]"
current,equal_total,wells,30,anomaly_relative_frobenius_p,-0.16775568887024678,-0.135819667840713,0.09028573757495725,0.06095565204294991,0,0,0.001953125,False,"[-0.13349444507034502, -0.29965451547408983, -0.1421397051667313, -0.35470313775387824, -0.07735769975254378, -0.11789932614622659, -0.1933853859305798, -0.09600250644900109, -0.13814489061108098, -0.12477527634799132]"
current,equal_total,wells,30,anomaly_relative_frobenius_so,-3.917705031470402,-4.184543101470896,0.825654718827817,0.8751659393695466,0,0,0.001953125,False,"[-4.6463782319837925, -4.293148070700983, -4.58273471216971, -4.470623469093736, -4.497281429041127, -3.591744781867293, -4.075938132240809, -3.395314016025753, -1.9373178184437656, -3.6865696531370515]"
current,equal_total,wells,30,anomaly_ssim_p,-0.09168105823068323,-0.09142939356875385,0.09786444232533562,0.0561331442433369,1,0,0.037109375,False,"[0.1471757559369803, -0.16217977034451525, -0.08959461523090695, -0.23416700481823371, -0.0743515055363646, -0.08020319104301044, -0.09326417190660075, -0.10031516841323662, -0.14868447316002165, -0.08122643779092265]"
current,equal_total,wells,30,anomaly_ssim_so,-0.39516922937524157,-0.3896181419414129,0.021093240534186354,0.03550759759512073,0,0,0.001953125,False,"[-0.37974881747760825, -0.3849225666409249, -0.41505135587367364, -0.37586099363596803, -0.4193394573750012, -0.39431371724190095, -0.374646081871161, -0.43110630871992456, -0.3724948737712786, -0.40420812114497445]"
current,equal_total,wells,30,relative_frobenius_p,-0.00105501479217477,-0.0010936314385759,0.00019939203190374422,0.00024923820638704975,0,0,0.001953125,False,"[-0.0006404917860473999, -0.0012435059592547002, -0.0011153971914108001, -0.0012000471655552998, -0.0009603351247416999, -0.0009447914391065002, -0.0008872080124482, -0.0012949847864985999, -0.0011915207709435002, -0.001071865685741]"
current,equal_total,wells,30,relative_frobenius_so,-0.012760839661819682,-0.0128526265804688,0.0006196321664323978,0.00034031288268337664,0,0,0.001953125,False,"[-0.012952735546937301, -0.0128861068574112, -0.0130392354724842, -0.012819146303526398, -0.0134263177765389, -0.012740509196163801, -0.012656227079164199, -0.0133789762570619, -0.011205294632860002, -0.012503847496048898]"
current,equal_total,wells,30,ssim_p,-0.015530806489368531,-0.013707396684526807,0.004226657028329727,0.002280886101582197,0,0,0.001953125,False,"[-0.012756760592521288, -0.01556903390332487, -0.014058906208687993, -0.013314539296502614, -0.01317830431892475, -0.015265894949631043, -0.012614459998462335, -0.01890250585223041, -0.026291772613034392, -0.01335588716036562]"
current,equal_total,wells,30,ssim_so,-0.009187378518423727,-0.00928020341522462,0.0002597418485010985,0.00011570778075165045,0,0,0.001953125,False,"[-0.009271365630426631, -0.00906280376377866, -0.009173416432871617, -0.009289041200022607, -0.00932059281664055, -0.009300618817958406, -0.009300989475241828, -0.009432295060447182, -0.008502155164787362, -0.009220506822062435]"
current,equal_total,wells,30,rmse_p,-0.16846610638998177,-0.17584077408457222,0.031655783793269325,0.03955215210668378,0,0,0.001953125,False,"[-0.10222955335094042, -0.19895301100868507, -0.1792740171231126, -0.19192712105651802, -0.15178605085357327, -0.15180087722333038, -0.14196668672613738, -0.20472994047025722, -0.18958627504123127, -0.1724075310460318]"
current,equal_total,wells,30,rmse_so,-0.00343245679139728,-0.0034574950877535003,0.00016608732525496436,9.231708363167555e-05,0,0,0.001953125,False,"[-0.0034855176766798003, -0.0034667895698312, -0.0035104937717789003, -0.0034482006056758005, -0.0036066291986954005, -0.0034316165160899995, -0.0034053713804666, -0.0035922103914049998, -0.0030118496814666, -0.0033658891218835]"
current,equal_total,wells,30,train_range_nrmse_p,-0.004077685089346839,-0.00424708292210585,0.0007760971281162852,0.0009553029296068983,0,0,0.001953125,False,"[-0.002469149884565901, -0.004805311067727599, -0.0043300076196401, -0.0046356147832803994, -0.0036660877178758006, -0.0036664458191095007, -0.0034289206658146, -0.005032078769559601, -0.004579076341323299, -0.0041641582245716]"
current,equal_total,wells,30,train_range_nrmse_so,-0.005248396730962471,-0.0052866815283339,0.00025395576052327195,0.00014115740106587435,0,0,0.001953125,False,"[-0.0053295294571068, -0.005300893252564399, -0.0053677191456701, -0.0052724698041034, -0.0055147149830605995, -0.005247111908328501, -0.0052069817938417, -0.0054926679113432, -0.004605267591999199, -0.0051466114616068]"
